matchup,round,opening_index,engine_a,engine_b,engine_a_family,engine_b_family,engine_a_rating,engine_b_rating,engine_a_color,white,black,result,engine_a_score,termination,plies,config_hash,opening_suite,source_pgn
maia2-1100__vs__maia2-1300,1,1,MAIA2 1100,MAIA2 1300,maia2,maia2,1100,1300,White,MAIA2 1100,MAIA2 1300,0-1,0.0,checkmate,44,d31e41e2b8428d226fa6c3501db2c5191b8533cad5e937ee561da25ccbbc228e,maia-relative-strength-100.pgn,maia2-1100__vs__maia2-1300.pgn
maia2-1100__vs__maia2-1300,2,1,MAIA2 1100,MAIA2 1300,maia2,maia2,1100,1300,Black,MAIA2 1300,MAIA2 1100,1/2-1/2,0.5,threefold repetition,92,d31e41e2b8428d226fa6c3501db2c5191b8533cad5e937ee561da25ccbbc228e,maia-relative-strength-100.pgn,maia2-1100__vs__maia2-1300.pgn
maia2-1100__vs__maia2-1300,3,2,MAIA2 1100,MAIA2 1300,maia2,maia2,1100,1300,White,MAIA2 1100,MAIA2 1300,1/2-1/2,0.5,threefold repetition,62,d31e41e2b8428d226fa6c3501db2c5191b8533cad5e937ee561da25ccbbc228e,maia-relative-strength-100.pgn,maia2-1100__vs__maia2-1300.pgn
maia2-1100__vs__maia2-1300,4,2,MAIA2 1100,MAIA2 1300,maia2,maia2,1100,1300,Black,MAIA2 1300,MAIA2 1100,1/2-1/2,0.5,threefold repetition,62,d31e41e2b8428d226fa6c3501db2c5191b8533cad5e937ee561da25ccbbc228e,maia-relative-strength-100.pgn,maia2-1100__vs__maia2-1300.pgn
maia2-1100__vs__maia2-1300,5,3,MAIA2 1100,MAIA2 1300,maia2,maia2,1100,1300,White,MAIA2 1100,MAIA2 1300,1/2-1/2,0.5,threefold repetition,63,d31e41e2b8428d226fa6c3501db2c5191b8533cad5e937ee561da25ccbbc228e,maia-relative-strength-100.pgn,maia2-1100__vs__maia2-1300.pgn
maia2-1100__vs__maia2-1300,6,3,MAIA2 1100,MAIA2 1300,maia2,maia2,1100,1300,Black,MAIA2 1300,MAIA2 1100,1-0,0.0,checkmate,123,d31e41e2b8428d226fa6c3501db2c5191b8533cad5e937ee561da25ccbbc228e,maia-relative-strength-100.pgn,maia2-1100__vs__maia2-1300.pgn
maia2-1100__vs__maia2-1300,7,4,MAIA2 1100,MAIA2 1300,maia2,maia2,1100,1300,White,MAIA2 1100,MAIA2 1300,0-1,0.0,checkmate,58,d31e41e2b8428d226fa6c3501db2c5191b8533cad5e937ee561da25ccbbc228e,maia-relative-strength-100.pgn,maia2-1100__vs__maia2-1300.pgn
maia2-1100__vs__maia2-1300,8,4,MAIA2 1100,MAIA2 1300,maia2,maia2,1100,1300,Black,MAIA2 1300,MAIA2 1100,0-1,1.0,checkmate,102,d31e41e2b8428d226fa6c3501db2c5191b8533cad5e937ee561da25ccbbc228e,maia-relative-strength-100.pgn,maia2-1100__vs__maia2-1300.pgn
maia2-1100__vs__maia2-1300,9,5,MAIA2 1100,MAIA2 1300,maia2,maia2,1100,1300,White,MAIA2 1100,MAIA2 1300,1/2-1/2,0.5,threefold repetition,104,d31e41e2b8428d226fa6c3501db2c5191b8533cad5e937ee561da25ccbbc228e,maia-relative-strength-100.pgn,maia2-1100__vs__maia2-1300.pgn
maia2-1100__vs__maia2-1300,10,5,MAIA2 1100,MAIA2 1300,maia2,maia2,1100,1300,Black,MAIA2 1300,MAIA2 1100,1-0,0.0,checkmate,101,d31e41e2b8428d226fa6c3501db2c5191b8533cad5e937ee561da25ccbbc228e,maia-relative-strength-100.pgn,maia2-1100__vs__maia2-1300.pgn
maia2-1100__vs__maia2-1300,11,6,MAIA2 1100,MAIA2 1300,maia2,maia2,1100,1300,White,MAIA2 1100,MAIA2 1300,0-1,0.0,checkmate,124,d31e41e2b8428d226fa6c3501db2c5191b8533cad5e937ee561da25ccbbc228e,maia-relative-strength-100.pgn,maia2-1100__vs__maia2-1300.pgn
maia2-1100__vs__maia2-1300,12,6,MAIA2 1100,MAIA2 1300,maia2,maia2,1100,1300,Black,MAIA2 1300,MAIA2 1100,1-0,0.0,checkmate,37,d31e41e2b8428d226fa6c3501db2c5191b8533cad5e937ee561da25ccbbc228e,maia-relative-strength-100.pgn,maia2-1100__vs__maia2-1300.pgn
maia2-1100__vs__maia2-1300,13,7,MAIA2 1100,MAIA2 1300,maia2,maia2,1100,1300,White,MAIA2 1100,MAIA2 1300,0-1,0.0,checkmate,158,d31e41e2b8428d226fa6c3501db2c5191b8533cad5e937ee561da25ccbbc228e,maia-relative-strength-100.pgn,maia2-1100__vs__maia2-1300.pgn
maia2-1100__vs__maia2-1300,14,7,MAIA2 1100,MAIA2 1300,maia2,maia2,1100,1300,Black,MAIA2 1300,MAIA2 1100,1-0,0.0,checkmate,37,d31e41e2b8428d226fa6c3501db2c5191b8533cad5e937ee561da25ccbbc228e,maia-relative-strength-100.pgn,maia2-1100__vs__maia2-1300.pgn
maia2-1100__vs__maia2-1300,15,8,MAIA2 1100,MAIA2 1300,maia2,maia2,1100,1300,White,MAIA2 1100,MAIA2 1300,1-0,1.0,checkmate,67,d31e41e2b8428d226fa6c3501db2c5191b8533cad5e937ee561da25ccbbc228e,maia-relative-strength-100.pgn,maia2-1100__vs__maia2-1300.pgn
maia2-1100__vs__maia2-1300,16,8,MAIA2 1100,MAIA2 1300,maia2,maia2,1100,1300,Black,MAIA2 1300,MAIA2 1100,1-0,0.0,checkmate,43,d31e41e2b8428d226fa6c3501db2c5191b8533cad5e937ee561da25ccbbc228e,maia-relative-strength-100.pgn,maia2-1100__vs__maia2-1300.pgn
maia2-1100__vs__maia2-1300,17,9,MAIA2 1100,MAIA2 1300,maia2,maia2,1100,1300,White,MAIA2 1100,MAIA2 1300,1/2-1/2,0.5,threefold repetition,93,d31e41e2b8428d226fa6c3501db2c5191b8533cad5e937ee561da25ccbbc228e,maia-relative-strength-100.pgn,maia2-1100__vs__maia2-1300.pgn
maia2-1100__vs__maia2-1300,18,9,MAIA2 1100,MAIA2 1300,maia2,maia2,1100,1300,Black,MAIA2 1300,MAIA2 1100,1/2-1/2,0.5,threefold repetition,88,d31e41e2b8428d226fa6c3501db2c5191b8533cad5e937ee561da25ccbbc228e,maia-relative-strength-100.pgn,maia2-1100__vs__maia2-1300.pgn
maia2-1100__vs__maia2-1300,19,10,MAIA2 1100,MAIA2 1300,maia2,maia2,1100,1300,White,MAIA2 1100,MAIA2 1300,1/2-1/2,0.5,threefold repetition,58,d31e41e2b8428d226fa6c3501db2c5191b8533cad5e937ee561da25ccbbc228e,maia-relative-strength-100.pgn,maia2-1100__vs__maia2-1300.pgn
maia2-1100__vs__maia2-1300,20,10,MAIA2 1100,MAIA2 1300,maia2,maia2,1100,1300,Black,MAIA2 1300,MAIA2 1100,1/2-1/2,0.5,threefold repetition,126,d31e41e2b8428d226fa6c3501db2c5191b8533cad5e937ee561da25ccbbc228e,maia-relative-strength-100.pgn,maia2-1100__vs__maia2-1300.pgn
maia2-1100__vs__maia2-1300,21,11,MAIA2 1100,MAIA2 1300,maia2,maia2,1100,1300,White,MAIA2 1100,MAIA2 1300,0-1,0.0,checkmate,70,d31e41e2b8428d226fa6c3501db2c5191b8533cad5e937ee561da25ccbbc228e,maia-relative-strength-100.pgn,maia2-1100__vs__maia2-1300.pgn
maia2-1100__vs__maia2-1300,22,11,MAIA2 1100,MAIA2 1300,maia2,maia2,1100,1300,Black,MAIA2 1300,MAIA2 1100,1/2-1/2,0.5,threefold repetition,123,d31e41e2b8428d226fa6c3501db2c5191b8533cad5e937ee561da25ccbbc228e,maia-relative-strength-100.pgn,maia2-1100__vs__maia2-1300.pgn
maia2-1100__vs__maia2-1300,23,12,MAIA2 1100,MAIA2 1300,maia2,maia2,1100,1300,White,MAIA2 1100,MAIA2 1300,1/2-1/2,0.5,threefold repetition,71,d31e41e2b8428d226fa6c3501db2c5191b8533cad5e937ee561da25ccbbc228e,maia-relative-strength-100.pgn,maia2-1100__vs__maia2-1300.pgn
maia2-1100__vs__maia2-1300,24,12,MAIA2 1100,MAIA2 1300,maia2,maia2,1100,1300,Black,MAIA2 1300,MAIA2 1100,1/2-1/2,0.5,threefold repetition,116,d31e41e2b8428d226fa6c3501db2c5191b8533cad5e937ee561da25ccbbc228e,maia-relative-strength-100.pgn,maia2-1100__vs__maia2-1300.pgn
maia2-1100__vs__maia2-1300,25,13,MAIA2 1100,MAIA2 1300,maia2,maia2,1100,1300,White,MAIA2 1100,MAIA2 1300,1/2-1/2,0.5,threefold repetition,103,d31e41e2b8428d226fa6c3501db2c5191b8533cad5e937ee561da25ccbbc228e,maia-relative-strength-100.pgn,maia2-1100__vs__maia2-1300.pgn
maia2-1100__vs__maia2-1300,26,13,MAIA2 1100,MAIA2 1300,maia2,maia2,1100,1300,Black,MAIA2 1300,MAIA2 1100,1-0,0.0,checkmate,137,d31e41e2b8428d226fa6c3501db2c5191b8533cad5e937ee561da25ccbbc228e,maia-relative-strength-100.pgn,maia2-1100__vs__maia2-1300.pgn
maia2-1100__vs__maia2-1300,27,14,MAIA2 1100,MAIA2 1300,maia2,maia2,1100,1300,White,MAIA2 1100,MAIA2 1300,0-1,0.0,checkmate,164,d31e41e2b8428d226fa6c3501db2c5191b8533cad5e937ee561da25ccbbc228e,maia-relative-strength-100.pgn,maia2-1100__vs__maia2-1300.pgn
maia2-1100__vs__maia2-1300,28,14,MAIA2 1100,MAIA2 1300,maia2,maia2,1100,1300,Black,MAIA2 1300,MAIA2 1100,1/2-1/2,0.5,threefold repetition,102,d31e41e2b8428d226fa6c3501db2c5191b8533cad5e937ee561da25ccbbc228e,maia-relative-strength-100.pgn,maia2-1100__vs__maia2-1300.pgn
maia2-1100__vs__maia2-1300,29,15,MAIA2 1100,MAIA2 1300,maia2,maia2,1100,1300,White,MAIA2 1100,MAIA2 1300,1/2-1/2,0.5,threefold repetition,59,d31e41e2b8428d226fa6c3501db2c5191b8533cad5e937ee561da25ccbbc228e,maia-relative-strength-100.pgn,maia2-1100__vs__maia2-1300.pgn
maia2-1100__vs__maia2-1300,30,15,MAIA2 1100,MAIA2 1300,maia2,maia2,1100,1300,Black,MAIA2 1300,MAIA2 1100,0-1,1.0,checkmate,88,d31e41e2b8428d226fa6c3501db2c5191b8533cad5e937ee561da25ccbbc228e,maia-relative-strength-100.pgn,maia2-1100__vs__maia2-1300.pgn
maia2-1100__vs__maia2-1300,31,16,MAIA2 1100,MAIA2 1300,maia2,maia2,1100,1300,White,MAIA2 1100,MAIA2 1300,1/2-1/2,0.5,threefold repetition,86,d31e41e2b8428d226fa6c3501db2c5191b8533cad5e937ee561da25ccbbc228e,maia-relative-strength-100.pgn,maia2-1100__vs__maia2-1300.pgn
maia2-1100__vs__maia2-1300,32,16,MAIA2 1100,MAIA2 1300,maia2,maia2,1100,1300,Black,MAIA2 1300,MAIA2 1100,1/2-1/2,0.5,threefold repetition,61,d31e41e2b8428d226fa6c3501db2c5191b8533cad5e937ee561da25ccbbc228e,maia-relative-strength-100.pgn,maia2-1100__vs__maia2-1300.pgn
maia2-1100__vs__maia2-1300,33,17,MAIA2 1100,MAIA2 1300,maia2,maia2,1100,1300,White,MAIA2 1100,MAIA2 1300,1-0,1.0,checkmate,91,d31e41e2b8428d226fa6c3501db2c5191b8533cad5e937ee561da25ccbbc228e,maia-relative-strength-100.pgn,maia2-1100__vs__maia2-1300.pgn
maia2-1100__vs__maia2-1300,34,17,MAIA2 1100,MAIA2 1300,maia2,maia2,1100,1300,Black,MAIA2 1300,MAIA2 1100,0-1,1.0,checkmate,130,d31e41e2b8428d226fa6c3501db2c5191b8533cad5e937ee561da25ccbbc228e,maia-relative-strength-100.pgn,maia2-1100__vs__maia2-1300.pgn
maia2-1100__vs__maia2-1300,35,18,MAIA2 1100,MAIA2 1300,maia2,maia2,1100,1300,White,MAIA2 1100,MAIA2 1300,1/2-1/2,0.5,stalemate,100,d31e41e2b8428d226fa6c3501db2c5191b8533cad5e937ee561da25ccbbc228e,maia-relative-strength-100.pgn,maia2-1100__vs__maia2-1300.pgn
maia2-1100__vs__maia2-1300,36,18,MAIA2 1100,MAIA2 1300,maia2,maia2,1100,1300,Black,MAIA2 1300,MAIA2 1100,0-1,1.0,checkmate,60,d31e41e2b8428d226fa6c3501db2c5191b8533cad5e937ee561da25ccbbc228e,maia-relative-strength-100.pgn,maia2-1100__vs__maia2-1300.pgn
maia2-1100__vs__maia2-1300,37,19,MAIA2 1100,MAIA2 1300,maia2,maia2,1100,1300,White,MAIA2 1100,MAIA2 1300,0-1,0.0,checkmate,72,d31e41e2b8428d226fa6c3501db2c5191b8533cad5e937ee561da25ccbbc228e,maia-relative-strength-100.pgn,maia2-1100__vs__maia2-1300.pgn
maia2-1100__vs__maia2-1300,38,19,MAIA2 1100,MAIA2 1300,maia2,maia2,1100,1300,Black,MAIA2 1300,MAIA2 1100,1/2-1/2,0.5,stalemate,97,d31e41e2b8428d226fa6c3501db2c5191b8533cad5e937ee561da25ccbbc228e,maia-relative-strength-100.pgn,maia2-1100__vs__maia2-1300.pgn
maia2-1100__vs__maia2-1300,39,20,MAIA2 1100,MAIA2 1300,maia2,maia2,1100,1300,White,MAIA2 1100,MAIA2 1300,0-1,0.0,checkmate,124,d31e41e2b8428d226fa6c3501db2c5191b8533cad5e937ee561da25ccbbc228e,maia-relative-strength-100.pgn,maia2-1100__vs__maia2-1300.pgn
maia2-1100__vs__maia2-1300,40,20,MAIA2 1100,MAIA2 1300,maia2,maia2,1100,1300,Black,MAIA2 1300,MAIA2 1100,1-0,0.0,checkmate,107,d31e41e2b8428d226fa6c3501db2c5191b8533cad5e937ee561da25ccbbc228e,maia-relative-strength-100.pgn,maia2-1100__vs__maia2-1300.pgn
maia2-1100__vs__maia2-1300,41,21,MAIA2 1100,MAIA2 1300,maia2,maia2,1100,1300,White,MAIA2 1100,MAIA2 1300,1/2-1/2,0.5,threefold repetition,63,d31e41e2b8428d226fa6c3501db2c5191b8533cad5e937ee561da25ccbbc228e,maia-relative-strength-100.pgn,maia2-1100__vs__maia2-1300.pgn
maia2-1100__vs__maia2-1300,42,21,MAIA2 1100,MAIA2 1300,maia2,maia2,1100,1300,Black,MAIA2 1300,MAIA2 1100,1/2-1/2,0.5,threefold repetition,44,d31e41e2b8428d226fa6c3501db2c5191b8533cad5e937ee561da25ccbbc228e,maia-relative-strength-100.pgn,maia2-1100__vs__maia2-1300.pgn
maia2-1100__vs__maia2-1300,43,22,MAIA2 1100,MAIA2 1300,maia2,maia2,1100,1300,White,MAIA2 1100,MAIA2 1300,1/2-1/2,0.5,threefold repetition,45,d31e41e2b8428d226fa6c3501db2c5191b8533cad5e937ee561da25ccbbc228e,maia-relative-strength-100.pgn,maia2-1100__vs__maia2-1300.pgn
maia2-1100__vs__maia2-1300,44,22,MAIA2 1100,MAIA2 1300,maia2,maia2,1100,1300,Black,MAIA2 1300,MAIA2 1100,1/2-1/2,0.5,threefold repetition,76,d31e41e2b8428d226fa6c3501db2c5191b8533cad5e937ee561da25ccbbc228e,maia-relative-strength-100.pgn,maia2-1100__vs__maia2-1300.pgn
maia2-1100__vs__maia2-1300,45,23,MAIA2 1100,MAIA2 1300,maia2,maia2,1100,1300,White,MAIA2 1100,MAIA2 1300,0-1,0.0,checkmate,48,d31e41e2b8428d226fa6c3501db2c5191b8533cad5e937ee561da25ccbbc228e,maia-relative-strength-100.pgn,maia2-1100__vs__maia2-1300.pgn
maia2-1100__vs__maia2-1300,46,23,MAIA2 1100,MAIA2 1300,maia2,maia2,1100,1300,Black,MAIA2 1300,MAIA2 1100,1/2-1/2,0.5,threefold repetition,87,d31e41e2b8428d226fa6c3501db2c5191b8533cad5e937ee561da25ccbbc228e,maia-relative-strength-100.pgn,maia2-1100__vs__maia2-1300.pgn
maia2-1100__vs__maia2-1300,47,24,MAIA2 1100,MAIA2 1300,maia2,maia2,1100,1300,White,MAIA2 1100,MAIA2 1300,1/2-1/2,0.5,threefold repetition,54,d31e41e2b8428d226fa6c3501db2c5191b8533cad5e937ee561da25ccbbc228e,maia-relative-strength-100.pgn,maia2-1100__vs__maia2-1300.pgn
maia2-1100__vs__maia2-1300,48,24,MAIA2 1100,MAIA2 1300,maia2,maia2,1100,1300,Black,MAIA2 1300,MAIA2 1100,1/2-1/2,0.5,threefold repetition,54,d31e41e2b8428d226fa6c3501db2c5191b8533cad5e937ee561da25ccbbc228e,maia-relative-strength-100.pgn,maia2-1100__vs__maia2-1300.pgn
maia2-1100__vs__maia2-1300,49,25,MAIA2 1100,MAIA2 1300,maia2,maia2,1100,1300,White,MAIA2 1100,MAIA2 1300,0-1,0.0,checkmate,44,d31e41e2b8428d226fa6c3501db2c5191b8533cad5e937ee561da25ccbbc228e,maia-relative-strength-100.pgn,maia2-1100__vs__maia2-1300.pgn
maia2-1100__vs__maia2-1300,50,25,MAIA2 1100,MAIA2 1300,maia2,maia2,1100,1300,Black,MAIA2 1300,MAIA2 1100,1-0,0.0,checkmate,61,d31e41e2b8428d226fa6c3501db2c5191b8533cad5e937ee561da25ccbbc228e,maia-relative-strength-100.pgn,maia2-1100__vs__maia2-1300.pgn
maia2-1100__vs__maia2-1300,51,26,MAIA2 1100,MAIA2 1300,maia2,maia2,1100,1300,White,MAIA2 1100,MAIA2 1300,1/2-1/2,0.5,threefold repetition,47,d31e41e2b8428d226fa6c3501db2c5191b8533cad5e937ee561da25ccbbc228e,maia-relative-strength-100.pgn,maia2-1100__vs__maia2-1300.pgn
maia2-1100__vs__maia2-1300,52,26,MAIA2 1100,MAIA2 1300,maia2,maia2,1100,1300,Black,MAIA2 1300,MAIA2 1100,0-1,1.0,checkmate,54,d31e41e2b8428d226fa6c3501db2c5191b8533cad5e937ee561da25ccbbc228e,maia-relative-strength-100.pgn,maia2-1100__vs__maia2-1300.pgn
maia2-1100__vs__maia2-1300,53,27,MAIA2 1100,MAIA2 1300,maia2,maia2,1100,1300,White,MAIA2 1100,MAIA2 1300,1/2-1/2,0.5,stalemate,118,d31e41e2b8428d226fa6c3501db2c5191b8533cad5e937ee561da25ccbbc228e,maia-relative-strength-100.pgn,maia2-1100__vs__maia2-1300.pgn
maia2-1100__vs__maia2-1300,54,27,MAIA2 1100,MAIA2 1300,maia2,maia2,1100,1300,Black,MAIA2 1300,MAIA2 1100,1/2-1/2,0.5,threefold repetition,80,d31e41e2b8428d226fa6c3501db2c5191b8533cad5e937ee561da25ccbbc228e,maia-relative-strength-100.pgn,maia2-1100__vs__maia2-1300.pgn
maia2-1100__vs__maia2-1300,55,28,MAIA2 1100,MAIA2 1300,maia2,maia2,1100,1300,White,MAIA2 1100,MAIA2 1300,1/2-1/2,0.5,threefold repetition,72,d31e41e2b8428d226fa6c3501db2c5191b8533cad5e937ee561da25ccbbc228e,maia-relative-strength-100.pgn,maia2-1100__vs__maia2-1300.pgn
maia2-1100__vs__maia2-1300,56,28,MAIA2 1100,MAIA2 1300,maia2,maia2,1100,1300,Black,MAIA2 1300,MAIA2 1100,1/2-1/2,0.5,threefold repetition,82,d31e41e2b8428d226fa6c3501db2c5191b8533cad5e937ee561da25ccbbc228e,maia-relative-strength-100.pgn,maia2-1100__vs__maia2-1300.pgn
maia2-1100__vs__maia2-1300,57,29,MAIA2 1100,MAIA2 1300,maia2,maia2,1100,1300,White,MAIA2 1100,MAIA2 1300,1/2-1/2,0.5,threefold repetition,39,d31e41e2b8428d226fa6c3501db2c5191b8533cad5e937ee561da25ccbbc228e,maia-relative-strength-100.pgn,maia2-1100__vs__maia2-1300.pgn
maia2-1100__vs__maia2-1300,58,29,MAIA2 1100,MAIA2 1300,maia2,maia2,1100,1300,Black,MAIA2 1300,MAIA2 1100,1/2-1/2,0.5,threefold repetition,90,d31e41e2b8428d226fa6c3501db2c5191b8533cad5e937ee561da25ccbbc228e,maia-relative-strength-100.pgn,maia2-1100__vs__maia2-1300.pgn
maia2-1100__vs__maia2-1300,59,30,MAIA2 1100,MAIA2 1300,maia2,maia2,1100,1300,White,MAIA2 1100,MAIA2 1300,1-0,1.0,checkmate,117,d31e41e2b8428d226fa6c3501db2c5191b8533cad5e937ee561da25ccbbc228e,maia-relative-strength-100.pgn,maia2-1100__vs__maia2-1300.pgn
maia2-1100__vs__maia2-1300,60,30,MAIA2 1100,MAIA2 1300,maia2,maia2,1100,1300,Black,MAIA2 1300,MAIA2 1100,1/2-1/2,0.5,threefold repetition,53,d31e41e2b8428d226fa6c3501db2c5191b8533cad5e937ee561da25ccbbc228e,maia-relative-strength-100.pgn,maia2-1100__vs__maia2-1300.pgn
maia2-1100__vs__maia2-1300,61,31,MAIA2 1100,MAIA2 1300,maia2,maia2,1100,1300,White,MAIA2 1100,MAIA2 1300,0-1,0.0,checkmate,36,d31e41e2b8428d226fa6c3501db2c5191b8533cad5e937ee561da25ccbbc228e,maia-relative-strength-100.pgn,maia2-1100__vs__maia2-1300.pgn
maia2-1100__vs__maia2-1300,62,31,MAIA2 1100,MAIA2 1300,maia2,maia2,1100,1300,Black,MAIA2 1300,MAIA2 1100,1-0,0.0,checkmate,125,d31e41e2b8428d226fa6c3501db2c5191b8533cad5e937ee561da25ccbbc228e,maia-relative-strength-100.pgn,maia2-1100__vs__maia2-1300.pgn
maia2-1100__vs__maia2-1300,63,32,MAIA2 1100,MAIA2 1300,maia2,maia2,1100,1300,White,MAIA2 1100,MAIA2 1300,0-1,0.0,checkmate,78,d31e41e2b8428d226fa6c3501db2c5191b8533cad5e937ee561da25ccbbc228e,maia-relative-strength-100.pgn,maia2-1100__vs__maia2-1300.pgn
maia2-1100__vs__maia2-1300,64,32,MAIA2 1100,MAIA2 1300,maia2,maia2,1100,1300,Black,MAIA2 1300,MAIA2 1100,1-0,0.0,checkmate,103,d31e41e2b8428d226fa6c3501db2c5191b8533cad5e937ee561da25ccbbc228e,maia-relative-strength-100.pgn,maia2-1100__vs__maia2-1300.pgn
maia2-1100__vs__maia2-1300,65,33,MAIA2 1100,MAIA2 1300,maia2,maia2,1100,1300,White,MAIA2 1100,MAIA2 1300,1-0,1.0,checkmate,105,d31e41e2b8428d226fa6c3501db2c5191b8533cad5e937ee561da25ccbbc228e,maia-relative-strength-100.pgn,maia2-1100__vs__maia2-1300.pgn
maia2-1100__vs__maia2-1300,66,33,MAIA2 1100,MAIA2 1300,maia2,maia2,1100,1300,Black,MAIA2 1300,MAIA2 1100,1/2-1/2,0.5,stalemate,87,d31e41e2b8428d226fa6c3501db2c5191b8533cad5e937ee561da25ccbbc228e,maia-relative-strength-100.pgn,maia2-1100__vs__maia2-1300.pgn
maia2-1100__vs__maia2-1300,67,34,MAIA2 1100,MAIA2 1300,maia2,maia2,1100,1300,White,MAIA2 1100,MAIA2 1300,0-1,0.0,checkmate,58,d31e41e2b8428d226fa6c3501db2c5191b8533cad5e937ee561da25ccbbc228e,maia-relative-strength-100.pgn,maia2-1100__vs__maia2-1300.pgn
maia2-1100__vs__maia2-1300,68,34,MAIA2 1100,MAIA2 1300,maia2,maia2,1100,1300,Black,MAIA2 1300,MAIA2 1100,0-1,1.0,checkmate,102,d31e41e2b8428d226fa6c3501db2c5191b8533cad5e937ee561da25ccbbc228e,maia-relative-strength-100.pgn,maia2-1100__vs__maia2-1300.pgn
maia2-1100__vs__maia2-1300,69,35,MAIA2 1100,MAIA2 1300,maia2,maia2,1100,1300,White,MAIA2 1100,MAIA2 1300,1/2-1/2,0.5,threefold repetition,78,d31e41e2b8428d226fa6c3501db2c5191b8533cad5e937ee561da25ccbbc228e,maia-relative-strength-100.pgn,maia2-1100__vs__maia2-1300.pgn
maia2-1100__vs__maia2-1300,70,35,MAIA2 1100,MAIA2 1300,maia2,maia2,1100,1300,Black,MAIA2 1300,MAIA2 1100,1/2-1/2,0.5,threefold repetition,84,d31e41e2b8428d226fa6c3501db2c5191b8533cad5e937ee561da25ccbbc228e,maia-relative-strength-100.pgn,maia2-1100__vs__maia2-1300.pgn
maia2-1100__vs__maia2-1300,71,36,MAIA2 1100,MAIA2 1300,maia2,maia2,1100,1300,White,MAIA2 1100,MAIA2 1300,0-1,0.0,checkmate,60,d31e41e2b8428d226fa6c3501db2c5191b8533cad5e937ee561da25ccbbc228e,maia-relative-strength-100.pgn,maia2-1100__vs__maia2-1300.pgn
maia2-1100__vs__maia2-1300,72,36,MAIA2 1100,MAIA2 1300,maia2,maia2,1100,1300,Black,MAIA2 1300,MAIA2 1100,0-1,1.0,checkmate,84,d31e41e2b8428d226fa6c3501db2c5191b8533cad5e937ee561da25ccbbc228e,maia-relative-strength-100.pgn,maia2-1100__vs__maia2-1300.pgn
maia2-1100__vs__maia2-1300,73,37,MAIA2 1100,MAIA2 1300,maia2,maia2,1100,1300,White,MAIA2 1100,MAIA2 1300,1/2-1/2,0.5,threefold repetition,97,d31e41e2b8428d226fa6c3501db2c5191b8533cad5e937ee561da25ccbbc228e,maia-relative-strength-100.pgn,maia2-1100__vs__maia2-1300.pgn
maia2-1100__vs__maia2-1300,74,37,MAIA2 1100,MAIA2 1300,maia2,maia2,1100,1300,Black,MAIA2 1300,MAIA2 1100,1/2-1/2,0.5,threefold repetition,116,d31e41e2b8428d226fa6c3501db2c5191b8533cad5e937ee561da25ccbbc228e,maia-relative-strength-100.pgn,maia2-1100__vs__maia2-1300.pgn
maia2-1100__vs__maia2-1300,75,38,MAIA2 1100,MAIA2 1300,maia2,maia2,1100,1300,White,MAIA2 1100,MAIA2 1300,0-1,0.0,checkmate,56,d31e41e2b8428d226fa6c3501db2c5191b8533cad5e937ee561da25ccbbc228e,maia-relative-strength-100.pgn,maia2-1100__vs__maia2-1300.pgn
maia2-1100__vs__maia2-1300,76,38,MAIA2 1100,MAIA2 1300,maia2,maia2,1100,1300,Black,MAIA2 1300,MAIA2 1100,0-1,1.0,checkmate,42,d31e41e2b8428d226fa6c3501db2c5191b8533cad5e937ee561da25ccbbc228e,maia-relative-strength-100.pgn,maia2-1100__vs__maia2-1300.pgn
maia2-1100__vs__maia2-1300,77,39,MAIA2 1100,MAIA2 1300,maia2,maia2,1100,1300,White,MAIA2 1100,MAIA2 1300,0-1,0.0,checkmate,118,d31e41e2b8428d226fa6c3501db2c5191b8533cad5e937ee561da25ccbbc228e,maia-relative-strength-100.pgn,maia2-1100__vs__maia2-1300.pgn
maia2-1100__vs__maia2-1300,78,39,MAIA2 1100,MAIA2 1300,maia2,maia2,1100,1300,Black,MAIA2 1300,MAIA2 1100,1/2-1/2,0.5,threefold repetition,49,d31e41e2b8428d226fa6c3501db2c5191b8533cad5e937ee561da25ccbbc228e,maia-relative-strength-100.pgn,maia2-1100__vs__maia2-1300.pgn
maia2-1100__vs__maia2-1300,79,40,MAIA2 1100,MAIA2 1300,maia2,maia2,1100,1300,White,MAIA2 1100,MAIA2 1300,0-1,0.0,checkmate,90,d31e41e2b8428d226fa6c3501db2c5191b8533cad5e937ee561da25ccbbc228e,maia-relative-strength-100.pgn,maia2-1100__vs__maia2-1300.pgn
maia2-1100__vs__maia2-1300,80,40,MAIA2 1100,MAIA2 1300,maia2,maia2,1100,1300,Black,MAIA2 1300,MAIA2 1100,1-0,0.0,checkmate,111,d31e41e2b8428d226fa6c3501db2c5191b8533cad5e937ee561da25ccbbc228e,maia-relative-strength-100.pgn,maia2-1100__vs__maia2-1300.pgn
maia2-1100__vs__maia2-1300,81,41,MAIA2 1100,MAIA2 1300,maia2,maia2,1100,1300,White,MAIA2 1100,MAIA2 1300,1-0,1.0,checkmate,77,d31e41e2b8428d226fa6c3501db2c5191b8533cad5e937ee561da25ccbbc228e,maia-relative-strength-100.pgn,maia2-1100__vs__maia2-1300.pgn
maia2-1100__vs__maia2-1300,82,41,MAIA2 1100,MAIA2 1300,maia2,maia2,1100,1300,Black,MAIA2 1300,MAIA2 1100,1-0,0.0,checkmate,45,d31e41e2b8428d226fa6c3501db2c5191b8533cad5e937ee561da25ccbbc228e,maia-relative-strength-100.pgn,maia2-1100__vs__maia2-1300.pgn
maia2-1100__vs__maia2-1300,83,42,MAIA2 1100,MAIA2 1300,maia2,maia2,1100,1300,White,MAIA2 1100,MAIA2 1300,0-1,0.0,checkmate,74,d31e41e2b8428d226fa6c3501db2c5191b8533cad5e937ee561da25ccbbc228e,maia-relative-strength-100.pgn,maia2-1100__vs__maia2-1300.pgn
maia2-1100__vs__maia2-1300,84,42,MAIA2 1100,MAIA2 1300,maia2,maia2,1100,1300,Black,MAIA2 1300,MAIA2 1100,1-0,0.0,checkmate,113,d31e41e2b8428d226fa6c3501db2c5191b8533cad5e937ee561da25ccbbc228e,maia-relative-strength-100.pgn,maia2-1100__vs__maia2-1300.pgn
maia2-1100__vs__maia2-1300,85,43,MAIA2 1100,MAIA2 1300,maia2,maia2,1100,1300,White,MAIA2 1100,MAIA2 1300,0-1,0.0,checkmate,56,d31e41e2b8428d226fa6c3501db2c5191b8533cad5e937ee561da25ccbbc228e,maia-relative-strength-100.pgn,maia2-1100__vs__maia2-1300.pgn
maia2-1100__vs__maia2-1300,86,43,MAIA2 1100,MAIA2 1300,maia2,maia2,1100,1300,Black,MAIA2 1300,MAIA2 1100,1-0,0.0,checkmate,115,d31e41e2b8428d226fa6c3501db2c5191b8533cad5e937ee561da25ccbbc228e,maia-relative-strength-100.pgn,maia2-1100__vs__maia2-1300.pgn
maia2-1100__vs__maia2-1300,87,44,MAIA2 1100,MAIA2 1300,maia2,maia2,1100,1300,White,MAIA2 1100,MAIA2 1300,0-1,0.0,checkmate,62,d31e41e2b8428d226fa6c3501db2c5191b8533cad5e937ee561da25ccbbc228e,maia-relative-strength-100.pgn,maia2-1100__vs__maia2-1300.pgn
maia2-1100__vs__maia2-1300,88,44,MAIA2 1100,MAIA2 1300,maia2,maia2,1100,1300,Black,MAIA2 1300,MAIA2 1100,1-0,0.0,checkmate,103,d31e41e2b8428d226fa6c3501db2c5191b8533cad5e937ee561da25ccbbc228e,maia-relative-strength-100.pgn,maia2-1100__vs__maia2-1300.pgn
maia2-1100__vs__maia2-1300,89,45,MAIA2 1100,MAIA2 1300,maia2,maia2,1100,1300,White,MAIA2 1100,MAIA2 1300,1/2-1/2,0.5,threefold repetition,72,d31e41e2b8428d226fa6c3501db2c5191b8533cad5e937ee561da25ccbbc228e,maia-relative-strength-100.pgn,maia2-1100__vs__maia2-1300.pgn
maia2-1100__vs__maia2-1300,90,45,MAIA2 1100,MAIA2 1300,maia2,maia2,1100,1300,Black,MAIA2 1300,MAIA2 1100,1-0,0.0,checkmate,59,d31e41e2b8428d226fa6c3501db2c5191b8533cad5e937ee561da25ccbbc228e,maia-relative-strength-100.pgn,maia2-1100__vs__maia2-1300.pgn
maia2-1100__vs__maia2-1300,91,46,MAIA2 1100,MAIA2 1300,maia2,maia2,1100,1300,White,MAIA2 1100,MAIA2 1300,1-0,1.0,checkmate,71,d31e41e2b8428d226fa6c3501db2c5191b8533cad5e937ee561da25ccbbc228e,maia-relative-strength-100.pgn,maia2-1100__vs__maia2-1300.pgn
maia2-1100__vs__maia2-1300,92,46,MAIA2 1100,MAIA2 1300,maia2,maia2,1100,1300,Black,MAIA2 1300,MAIA2 1100,1-0,0.0,checkmate,37,d31e41e2b8428d226fa6c3501db2c5191b8533cad5e937ee561da25ccbbc228e,maia-relative-strength-100.pgn,maia2-1100__vs__maia2-1300.pgn
maia2-1100__vs__maia2-1300,93,47,MAIA2 1100,MAIA2 1300,maia2,maia2,1100,1300,White,MAIA2 1100,MAIA2 1300,1/2-1/2,0.5,threefold repetition,92,d31e41e2b8428d226fa6c3501db2c5191b8533cad5e937ee561da25ccbbc228e,maia-relative-strength-100.pgn,maia2-1100__vs__maia2-1300.pgn
maia2-1100__vs__maia2-1300,94,47,MAIA2 1100,MAIA2 1300,maia2,maia2,1100,1300,Black,MAIA2 1300,MAIA2 1100,1-0,0.0,checkmate,39,d31e41e2b8428d226fa6c3501db2c5191b8533cad5e937ee561da25ccbbc228e,maia-relative-strength-100.pgn,maia2-1100__vs__maia2-1300.pgn
maia2-1100__vs__maia2-1300,95,48,MAIA2 1100,MAIA2 1300,maia2,maia2,1100,1300,White,MAIA2 1100,MAIA2 1300,0-1,0.0,checkmate,70,d31e41e2b8428d226fa6c3501db2c5191b8533cad5e937ee561da25ccbbc228e,maia-relative-strength-100.pgn,maia2-1100__vs__maia2-1300.pgn
maia2-1100__vs__maia2-1300,96,48,MAIA2 1100,MAIA2 1300,maia2,maia2,1100,1300,Black,MAIA2 1300,MAIA2 1100,0-1,1.0,checkmate,114,d31e41e2b8428d226fa6c3501db2c5191b8533cad5e937ee561da25ccbbc228e,maia-relative-strength-100.pgn,maia2-1100__vs__maia2-1300.pgn
maia2-1100__vs__maia2-1300,97,49,MAIA2 1100,MAIA2 1300,maia2,maia2,1100,1300,White,MAIA2 1100,MAIA2 1300,0-1,0.0,checkmate,98,d31e41e2b8428d226fa6c3501db2c5191b8533cad5e937ee561da25ccbbc228e,maia-relative-strength-100.pgn,maia2-1100__vs__maia2-1300.pgn
maia2-1100__vs__maia2-1300,98,49,MAIA2 1100,MAIA2 1300,maia2,maia2,1100,1300,Black,MAIA2 1300,MAIA2 1100,1/2-1/2,0.5,threefold repetition,63,d31e41e2b8428d226fa6c3501db2c5191b8533cad5e937ee561da25ccbbc228e,maia-relative-strength-100.pgn,maia2-1100__vs__maia2-1300.pgn
maia2-1100__vs__maia2-1300,99,50,MAIA2 1100,MAIA2 1300,maia2,maia2,1100,1300,White,MAIA2 1100,MAIA2 1300,0-1,0.0,checkmate,94,d31e41e2b8428d226fa6c3501db2c5191b8533cad5e937ee561da25ccbbc228e,maia-relative-strength-100.pgn,maia2-1100__vs__maia2-1300.pgn
maia2-1100__vs__maia2-1300,100,50,MAIA2 1100,MAIA2 1300,maia2,maia2,1100,1300,Black,MAIA2 1300,MAIA2 1100,0-1,1.0,checkmate,70,d31e41e2b8428d226fa6c3501db2c5191b8533cad5e937ee561da25ccbbc228e,maia-relative-strength-100.pgn,maia2-1100__vs__maia2-1300.pgn
maia2-1100__vs__maia2-1300,101,51,MAIA2 1100,MAIA2 1300,maia2,maia2,1100,1300,White,MAIA2 1100,MAIA2 1300,1/2-1/2,0.5,threefold repetition,60,d31e41e2b8428d226fa6c3501db2c5191b8533cad5e937ee561da25ccbbc228e,maia-relative-strength-100.pgn,maia2-1100__vs__maia2-1300.pgn
maia2-1100__vs__maia2-1300,102,51,MAIA2 1100,MAIA2 1300,maia2,maia2,1100,1300,Black,MAIA2 1300,MAIA2 1100,0-1,1.0,checkmate,126,d31e41e2b8428d226fa6c3501db2c5191b8533cad5e937ee561da25ccbbc228e,maia-relative-strength-100.pgn,maia2-1100__vs__maia2-1300.pgn
maia2-1100__vs__maia2-1300,103,52,MAIA2 1100,MAIA2 1300,maia2,maia2,1100,1300,White,MAIA2 1100,MAIA2 1300,0-1,0.0,checkmate,56,d31e41e2b8428d226fa6c3501db2c5191b8533cad5e937ee561da25ccbbc228e,maia-relative-strength-100.pgn,maia2-1100__vs__maia2-1300.pgn
maia2-1100__vs__maia2-1300,104,52,MAIA2 1100,MAIA2 1300,maia2,maia2,1100,1300,Black,MAIA2 1300,MAIA2 1100,1/2-1/2,0.5,threefold repetition,60,d31e41e2b8428d226fa6c3501db2c5191b8533cad5e937ee561da25ccbbc228e,maia-relative-strength-100.pgn,maia2-1100__vs__maia2-1300.pgn
maia2-1100__vs__maia2-1300,105,53,MAIA2 1100,MAIA2 1300,maia2,maia2,1100,1300,White,MAIA2 1100,MAIA2 1300,1/2-1/2,0.5,threefold repetition,61,d31e41e2b8428d226fa6c3501db2c5191b8533cad5e937ee561da25ccbbc228e,maia-relative-strength-100.pgn,maia2-1100__vs__maia2-1300.pgn
maia2-1100__vs__maia2-1300,106,53,MAIA2 1100,MAIA2 1300,maia2,maia2,1100,1300,Black,MAIA2 1300,MAIA2 1100,0-1,1.0,checkmate,122,d31e41e2b8428d226fa6c3501db2c5191b8533cad5e937ee561da25ccbbc228e,maia-relative-strength-100.pgn,maia2-1100__vs__maia2-1300.pgn
maia2-1100__vs__maia2-1300,107,54,MAIA2 1100,MAIA2 1300,maia2,maia2,1100,1300,White,MAIA2 1100,MAIA2 1300,1-0,1.0,checkmate,65,d31e41e2b8428d226fa6c3501db2c5191b8533cad5e937ee561da25ccbbc228e,maia-relative-strength-100.pgn,maia2-1100__vs__maia2-1300.pgn
maia2-1100__vs__maia2-1300,108,54,MAIA2 1100,MAIA2 1300,maia2,maia2,1100,1300,Black,MAIA2 1300,MAIA2 1100,1-0,0.0,checkmate,51,d31e41e2b8428d226fa6c3501db2c5191b8533cad5e937ee561da25ccbbc228e,maia-relative-strength-100.pgn,maia2-1100__vs__maia2-1300.pgn
maia2-1100__vs__maia2-1300,109,55,MAIA2 1100,MAIA2 1300,maia2,maia2,1100,1300,White,MAIA2 1100,MAIA2 1300,1-0,1.0,checkmate,125,d31e41e2b8428d226fa6c3501db2c5191b8533cad5e937ee561da25ccbbc228e,maia-relative-strength-100.pgn,maia2-1100__vs__maia2-1300.pgn
maia2-1100__vs__maia2-1300,110,55,MAIA2 1100,MAIA2 1300,maia2,maia2,1100,1300,Black,MAIA2 1300,MAIA2 1100,1-0,0.0,checkmate,47,d31e41e2b8428d226fa6c3501db2c5191b8533cad5e937ee561da25ccbbc228e,maia-relative-strength-100.pgn,maia2-1100__vs__maia2-1300.pgn
maia2-1100__vs__maia2-1300,111,56,MAIA2 1100,MAIA2 1300,maia2,maia2,1100,1300,White,MAIA2 1100,MAIA2 1300,1-0,1.0,checkmate,43,d31e41e2b8428d226fa6c3501db2c5191b8533cad5e937ee561da25ccbbc228e,maia-relative-strength-100.pgn,maia2-1100__vs__maia2-1300.pgn
maia2-1100__vs__maia2-1300,112,56,MAIA2 1100,MAIA2 1300,maia2,maia2,1100,1300,Black,MAIA2 1300,MAIA2 1100,1-0,0.0,checkmate,119,d31e41e2b8428d226fa6c3501db2c5191b8533cad5e937ee561da25ccbbc228e,maia-relative-strength-100.pgn,maia2-1100__vs__maia2-1300.pgn
maia2-1100__vs__maia2-1300,113,57,MAIA2 1100,MAIA2 1300,maia2,maia2,1100,1300,White,MAIA2 1100,MAIA2 1300,1/2-1/2,0.5,threefold repetition,95,d31e41e2b8428d226fa6c3501db2c5191b8533cad5e937ee561da25ccbbc228e,maia-relative-strength-100.pgn,maia2-1100__vs__maia2-1300.pgn
maia2-1100__vs__maia2-1300,114,57,MAIA2 1100,MAIA2 1300,maia2,maia2,1100,1300,Black,MAIA2 1300,MAIA2 1100,1-0,0.0,checkmate,111,d31e41e2b8428d226fa6c3501db2c5191b8533cad5e937ee561da25ccbbc228e,maia-relative-strength-100.pgn,maia2-1100__vs__maia2-1300.pgn
maia2-1100__vs__maia2-1300,115,58,MAIA2 1100,MAIA2 1300,maia2,maia2,1100,1300,White,MAIA2 1100,MAIA2 1300,0-1,0.0,checkmate,146,d31e41e2b8428d226fa6c3501db2c5191b8533cad5e937ee561da25ccbbc228e,maia-relative-strength-100.pgn,maia2-1100__vs__maia2-1300.pgn
maia2-1100__vs__maia2-1300,116,58,MAIA2 1100,MAIA2 1300,maia2,maia2,1100,1300,Black,MAIA2 1300,MAIA2 1100,1/2-1/2,0.5,threefold repetition,87,d31e41e2b8428d226fa6c3501db2c5191b8533cad5e937ee561da25ccbbc228e,maia-relative-strength-100.pgn,maia2-1100__vs__maia2-1300.pgn
maia2-1100__vs__maia2-1300,117,59,MAIA2 1100,MAIA2 1300,maia2,maia2,1100,1300,White,MAIA2 1100,MAIA2 1300,0-1,0.0,checkmate,92,d31e41e2b8428d226fa6c3501db2c5191b8533cad5e937ee561da25ccbbc228e,maia-relative-strength-100.pgn,maia2-1100__vs__maia2-1300.pgn
maia2-1100__vs__maia2-1300,118,59,MAIA2 1100,MAIA2 1300,maia2,maia2,1100,1300,Black,MAIA2 1300,MAIA2 1100,0-1,1.0,checkmate,104,d31e41e2b8428d226fa6c3501db2c5191b8533cad5e937ee561da25ccbbc228e,maia-relative-strength-100.pgn,maia2-1100__vs__maia2-1300.pgn
maia2-1100__vs__maia2-1300,119,60,MAIA2 1100,MAIA2 1300,maia2,maia2,1100,1300,White,MAIA2 1100,MAIA2 1300,1-0,1.0,checkmate,55,d31e41e2b8428d226fa6c3501db2c5191b8533cad5e937ee561da25ccbbc228e,maia-relative-strength-100.pgn,maia2-1100__vs__maia2-1300.pgn
maia2-1100__vs__maia2-1300,120,60,MAIA2 1100,MAIA2 1300,maia2,maia2,1100,1300,Black,MAIA2 1300,MAIA2 1100,1-0,0.0,checkmate,111,d31e41e2b8428d226fa6c3501db2c5191b8533cad5e937ee561da25ccbbc228e,maia-relative-strength-100.pgn,maia2-1100__vs__maia2-1300.pgn
maia2-1100__vs__maia2-1300,121,61,MAIA2 1100,MAIA2 1300,maia2,maia2,1100,1300,White,MAIA2 1100,MAIA2 1300,1/2-1/2,0.5,threefold repetition,68,d31e41e2b8428d226fa6c3501db2c5191b8533cad5e937ee561da25ccbbc228e,maia-relative-strength-100.pgn,maia2-1100__vs__maia2-1300.pgn
maia2-1100__vs__maia2-1300,122,61,MAIA2 1100,MAIA2 1300,maia2,maia2,1100,1300,Black,MAIA2 1300,MAIA2 1100,1/2-1/2,0.5,threefold repetition,107,d31e41e2b8428d226fa6c3501db2c5191b8533cad5e937ee561da25ccbbc228e,maia-relative-strength-100.pgn,maia2-1100__vs__maia2-1300.pgn
maia2-1100__vs__maia2-1300,123,62,MAIA2 1100,MAIA2 1300,maia2,maia2,1100,1300,White,MAIA2 1100,MAIA2 1300,0-1,0.0,checkmate,34,d31e41e2b8428d226fa6c3501db2c5191b8533cad5e937ee561da25ccbbc228e,maia-relative-strength-100.pgn,maia2-1100__vs__maia2-1300.pgn
maia2-1100__vs__maia2-1300,124,62,MAIA2 1100,MAIA2 1300,maia2,maia2,1100,1300,Black,MAIA2 1300,MAIA2 1100,1-0,0.0,checkmate,33,d31e41e2b8428d226fa6c3501db2c5191b8533cad5e937ee561da25ccbbc228e,maia-relative-strength-100.pgn,maia2-1100__vs__maia2-1300.pgn
maia2-1100__vs__maia2-1300,125,63,MAIA2 1100,MAIA2 1300,maia2,maia2,1100,1300,White,MAIA2 1100,MAIA2 1300,0-1,0.0,checkmate,104,d31e41e2b8428d226fa6c3501db2c5191b8533cad5e937ee561da25ccbbc228e,maia-relative-strength-100.pgn,maia2-1100__vs__maia2-1300.pgn
maia2-1100__vs__maia2-1300,126,63,MAIA2 1100,MAIA2 1300,maia2,maia2,1100,1300,Black,MAIA2 1300,MAIA2 1100,1-0,0.0,checkmate,59,d31e41e2b8428d226fa6c3501db2c5191b8533cad5e937ee561da25ccbbc228e,maia-relative-strength-100.pgn,maia2-1100__vs__maia2-1300.pgn
maia2-1100__vs__maia2-1300,127,64,MAIA2 1100,MAIA2 1300,maia2,maia2,1100,1300,White,MAIA2 1100,MAIA2 1300,0-1,0.0,checkmate,128,d31e41e2b8428d226fa6c3501db2c5191b8533cad5e937ee561da25ccbbc228e,maia-relative-strength-100.pgn,maia2-1100__vs__maia2-1300.pgn
maia2-1100__vs__maia2-1300,128,64,MAIA2 1100,MAIA2 1300,maia2,maia2,1100,1300,Black,MAIA2 1300,MAIA2 1100,0-1,1.0,checkmate,60,d31e41e2b8428d226fa6c3501db2c5191b8533cad5e937ee561da25ccbbc228e,maia-relative-strength-100.pgn,maia2-1100__vs__maia2-1300.pgn
maia2-1100__vs__maia2-1300,129,65,MAIA2 1100,MAIA2 1300,maia2,maia2,1100,1300,White,MAIA2 1100,MAIA2 1300,1-0,1.0,checkmate,77,d31e41e2b8428d226fa6c3501db2c5191b8533cad5e937ee561da25ccbbc228e,maia-relative-strength-100.pgn,maia2-1100__vs__maia2-1300.pgn
maia2-1100__vs__maia2-1300,130,65,MAIA2 1100,MAIA2 1300,maia2,maia2,1100,1300,Black,MAIA2 1300,MAIA2 1100,1-0,0.0,checkmate,51,d31e41e2b8428d226fa6c3501db2c5191b8533cad5e937ee561da25ccbbc228e,maia-relative-strength-100.pgn,maia2-1100__vs__maia2-1300.pgn
maia2-1100__vs__maia2-1300,131,66,MAIA2 1100,MAIA2 1300,maia2,maia2,1100,1300,White,MAIA2 1100,MAIA2 1300,1/2-1/2,0.5,threefold repetition,62,d31e41e2b8428d226fa6c3501db2c5191b8533cad5e937ee561da25ccbbc228e,maia-relative-strength-100.pgn,maia2-1100__vs__maia2-1300.pgn
maia2-1100__vs__maia2-1300,132,66,MAIA2 1100,MAIA2 1300,maia2,maia2,1100,1300,Black,MAIA2 1300,MAIA2 1100,1-0,0.0,checkmate,105,d31e41e2b8428d226fa6c3501db2c5191b8533cad5e937ee561da25ccbbc228e,maia-relative-strength-100.pgn,maia2-1100__vs__maia2-1300.pgn
maia2-1100__vs__maia2-1300,133,67,MAIA2 1100,MAIA2 1300,maia2,maia2,1100,1300,White,MAIA2 1100,MAIA2 1300,0-1,0.0,checkmate,150,d31e41e2b8428d226fa6c3501db2c5191b8533cad5e937ee561da25ccbbc228e,maia-relative-strength-100.pgn,maia2-1100__vs__maia2-1300.pgn
maia2-1100__vs__maia2-1300,134,67,MAIA2 1100,MAIA2 1300,maia2,maia2,1100,1300,Black,MAIA2 1300,MAIA2 1100,1/2-1/2,0.5,stalemate,106,d31e41e2b8428d226fa6c3501db2c5191b8533cad5e937ee561da25ccbbc228e,maia-relative-strength-100.pgn,maia2-1100__vs__maia2-1300.pgn
maia2-1100__vs__maia2-1300,135,68,MAIA2 1100,MAIA2 1300,maia2,maia2,1100,1300,White,MAIA2 1100,MAIA2 1300,1/2-1/2,0.5,threefold repetition,64,d31e41e2b8428d226fa6c3501db2c5191b8533cad5e937ee561da25ccbbc228e,maia-relative-strength-100.pgn,maia2-1100__vs__maia2-1300.pgn
maia2-1100__vs__maia2-1300,136,68,MAIA2 1100,MAIA2 1300,maia2,maia2,1100,1300,Black,MAIA2 1300,MAIA2 1100,1-0,0.0,checkmate,75,d31e41e2b8428d226fa6c3501db2c5191b8533cad5e937ee561da25ccbbc228e,maia-relative-strength-100.pgn,maia2-1100__vs__maia2-1300.pgn
maia2-1100__vs__maia2-1300,137,69,MAIA2 1100,MAIA2 1300,maia2,maia2,1100,1300,White,MAIA2 1100,MAIA2 1300,1/2-1/2,0.5,threefold repetition,118,d31e41e2b8428d226fa6c3501db2c5191b8533cad5e937ee561da25ccbbc228e,maia-relative-strength-100.pgn,maia2-1100__vs__maia2-1300.pgn
maia2-1100__vs__maia2-1300,138,69,MAIA2 1100,MAIA2 1300,maia2,maia2,1100,1300,Black,MAIA2 1300,MAIA2 1100,1-0,0.0,checkmate,109,d31e41e2b8428d226fa6c3501db2c5191b8533cad5e937ee561da25ccbbc228e,maia-relative-strength-100.pgn,maia2-1100__vs__maia2-1300.pgn
maia2-1100__vs__maia2-1300,139,70,MAIA2 1100,MAIA2 1300,maia2,maia2,1100,1300,White,MAIA2 1100,MAIA2 1300,1/2-1/2,0.5,threefold repetition,52,d31e41e2b8428d226fa6c3501db2c5191b8533cad5e937ee561da25ccbbc228e,maia-relative-strength-100.pgn,maia2-1100__vs__maia2-1300.pgn
maia2-1100__vs__maia2-1300,140,70,MAIA2 1100,MAIA2 1300,maia2,maia2,1100,1300,Black,MAIA2 1300,MAIA2 1100,1-0,0.0,checkmate,87,d31e41e2b8428d226fa6c3501db2c5191b8533cad5e937ee561da25ccbbc228e,maia-relative-strength-100.pgn,maia2-1100__vs__maia2-1300.pgn
maia2-1100__vs__maia2-1300,141,71,MAIA2 1100,MAIA2 1300,maia2,maia2,1100,1300,White,MAIA2 1100,MAIA2 1300,1-0,1.0,checkmate,119,d31e41e2b8428d226fa6c3501db2c5191b8533cad5e937ee561da25ccbbc228e,maia-relative-strength-100.pgn,maia2-1100__vs__maia2-1300.pgn
maia2-1100__vs__maia2-1300,142,71,MAIA2 1100,MAIA2 1300,maia2,maia2,1100,1300,Black,MAIA2 1300,MAIA2 1100,1-0,0.0,checkmate,65,d31e41e2b8428d226fa6c3501db2c5191b8533cad5e937ee561da25ccbbc228e,maia-relative-strength-100.pgn,maia2-1100__vs__maia2-1300.pgn
maia2-1100__vs__maia2-1300,143,72,MAIA2 1100,MAIA2 1300,maia2,maia2,1100,1300,White,MAIA2 1100,MAIA2 1300,1-0,1.0,checkmate,61,d31e41e2b8428d226fa6c3501db2c5191b8533cad5e937ee561da25ccbbc228e,maia-relative-strength-100.pgn,maia2-1100__vs__maia2-1300.pgn
maia2-1100__vs__maia2-1300,144,72,MAIA2 1100,MAIA2 1300,maia2,maia2,1100,1300,Black,MAIA2 1300,MAIA2 1100,1-0,0.0,checkmate,131,d31e41e2b8428d226fa6c3501db2c5191b8533cad5e937ee561da25ccbbc228e,maia-relative-strength-100.pgn,maia2-1100__vs__maia2-1300.pgn
maia2-1100__vs__maia2-1300,145,73,MAIA2 1100,MAIA2 1300,maia2,maia2,1100,1300,White,MAIA2 1100,MAIA2 1300,1-0,1.0,checkmate,63,d31e41e2b8428d226fa6c3501db2c5191b8533cad5e937ee561da25ccbbc228e,maia-relative-strength-100.pgn,maia2-1100__vs__maia2-1300.pgn
maia2-1100__vs__maia2-1300,146,73,MAIA2 1100,MAIA2 1300,maia2,maia2,1100,1300,Black,MAIA2 1300,MAIA2 1100,0-1,1.0,checkmate,64,d31e41e2b8428d226fa6c3501db2c5191b8533cad5e937ee561da25ccbbc228e,maia-relative-strength-100.pgn,maia2-1100__vs__maia2-1300.pgn
maia2-1100__vs__maia2-1300,147,74,MAIA2 1100,MAIA2 1300,maia2,maia2,1100,1300,White,MAIA2 1100,MAIA2 1300,0-1,0.0,checkmate,62,d31e41e2b8428d226fa6c3501db2c5191b8533cad5e937ee561da25ccbbc228e,maia-relative-strength-100.pgn,maia2-1100__vs__maia2-1300.pgn
maia2-1100__vs__maia2-1300,148,74,MAIA2 1100,MAIA2 1300,maia2,maia2,1100,1300,Black,MAIA2 1300,MAIA2 1100,1/2-1/2,0.5,threefold repetition,132,d31e41e2b8428d226fa6c3501db2c5191b8533cad5e937ee561da25ccbbc228e,maia-relative-strength-100.pgn,maia2-1100__vs__maia2-1300.pgn
maia2-1100__vs__maia2-1300,149,75,MAIA2 1100,MAIA2 1300,maia2,maia2,1100,1300,White,MAIA2 1100,MAIA2 1300,1/2-1/2,0.5,threefold repetition,60,d31e41e2b8428d226fa6c3501db2c5191b8533cad5e937ee561da25ccbbc228e,maia-relative-strength-100.pgn,maia2-1100__vs__maia2-1300.pgn
maia2-1100__vs__maia2-1300,150,75,MAIA2 1100,MAIA2 1300,maia2,maia2,1100,1300,Black,MAIA2 1300,MAIA2 1100,1-0,0.0,checkmate,81,d31e41e2b8428d226fa6c3501db2c5191b8533cad5e937ee561da25ccbbc228e,maia-relative-strength-100.pgn,maia2-1100__vs__maia2-1300.pgn
maia2-1100__vs__maia2-1300,151,76,MAIA2 1100,MAIA2 1300,maia2,maia2,1100,1300,White,MAIA2 1100,MAIA2 1300,0-1,0.0,checkmate,56,d31e41e2b8428d226fa6c3501db2c5191b8533cad5e937ee561da25ccbbc228e,maia-relative-strength-100.pgn,maia2-1100__vs__maia2-1300.pgn
maia2-1100__vs__maia2-1300,152,76,MAIA2 1100,MAIA2 1300,maia2,maia2,1100,1300,Black,MAIA2 1300,MAIA2 1100,1/2-1/2,0.5,threefold repetition,90,d31e41e2b8428d226fa6c3501db2c5191b8533cad5e937ee561da25ccbbc228e,maia-relative-strength-100.pgn,maia2-1100__vs__maia2-1300.pgn
maia2-1100__vs__maia2-1300,153,77,MAIA2 1100,MAIA2 1300,maia2,maia2,1100,1300,White,MAIA2 1100,MAIA2 1300,1/2-1/2,0.5,threefold repetition,101,d31e41e2b8428d226fa6c3501db2c5191b8533cad5e937ee561da25ccbbc228e,maia-relative-strength-100.pgn,maia2-1100__vs__maia2-1300.pgn
maia2-1100__vs__maia2-1300,154,77,MAIA2 1100,MAIA2 1300,maia2,maia2,1100,1300,Black,MAIA2 1300,MAIA2 1100,1-0,0.0,checkmate,87,d31e41e2b8428d226fa6c3501db2c5191b8533cad5e937ee561da25ccbbc228e,maia-relative-strength-100.pgn,maia2-1100__vs__maia2-1300.pgn
maia2-1100__vs__maia2-1300,155,78,MAIA2 1100,MAIA2 1300,maia2,maia2,1100,1300,White,MAIA2 1100,MAIA2 1300,1/2-1/2,0.5,threefold repetition,102,d31e41e2b8428d226fa6c3501db2c5191b8533cad5e937ee561da25ccbbc228e,maia-relative-strength-100.pgn,maia2-1100__vs__maia2-1300.pgn
maia2-1100__vs__maia2-1300,156,78,MAIA2 1100,MAIA2 1300,maia2,maia2,1100,1300,Black,MAIA2 1300,MAIA2 1100,1/2-1/2,0.5,threefold repetition,63,d31e41e2b8428d226fa6c3501db2c5191b8533cad5e937ee561da25ccbbc228e,maia-relative-strength-100.pgn,maia2-1100__vs__maia2-1300.pgn
maia2-1100__vs__maia2-1300,157,79,MAIA2 1100,MAIA2 1300,maia2,maia2,1100,1300,White,MAIA2 1100,MAIA2 1300,1-0,1.0,checkmate,75,d31e41e2b8428d226fa6c3501db2c5191b8533cad5e937ee561da25ccbbc228e,maia-relative-strength-100.pgn,maia2-1100__vs__maia2-1300.pgn
maia2-1100__vs__maia2-1300,158,79,MAIA2 1100,MAIA2 1300,maia2,maia2,1100,1300,Black,MAIA2 1300,MAIA2 1100,0-1,1.0,checkmate,138,d31e41e2b8428d226fa6c3501db2c5191b8533cad5e937ee561da25ccbbc228e,maia-relative-strength-100.pgn,maia2-1100__vs__maia2-1300.pgn
maia2-1100__vs__maia2-1300,159,80,MAIA2 1100,MAIA2 1300,maia2,maia2,1100,1300,White,MAIA2 1100,MAIA2 1300,1/2-1/2,0.5,threefold repetition,56,d31e41e2b8428d226fa6c3501db2c5191b8533cad5e937ee561da25ccbbc228e,maia-relative-strength-100.pgn,maia2-1100__vs__maia2-1300.pgn
maia2-1100__vs__maia2-1300,160,80,MAIA2 1100,MAIA2 1300,maia2,maia2,1100,1300,Black,MAIA2 1300,MAIA2 1100,1/2-1/2,0.5,threefold repetition,95,d31e41e2b8428d226fa6c3501db2c5191b8533cad5e937ee561da25ccbbc228e,maia-relative-strength-100.pgn,maia2-1100__vs__maia2-1300.pgn
maia2-1100__vs__maia2-1300,161,81,MAIA2 1100,MAIA2 1300,maia2,maia2,1100,1300,White,MAIA2 1100,MAIA2 1300,1-0,1.0,checkmate,145,d31e41e2b8428d226fa6c3501db2c5191b8533cad5e937ee561da25ccbbc228e,maia-relative-strength-100.pgn,maia2-1100__vs__maia2-1300.pgn
maia2-1100__vs__maia2-1300,162,81,MAIA2 1100,MAIA2 1300,maia2,maia2,1100,1300,Black,MAIA2 1300,MAIA2 1100,1-0,0.0,checkmate,37,d31e41e2b8428d226fa6c3501db2c5191b8533cad5e937ee561da25ccbbc228e,maia-relative-strength-100.pgn,maia2-1100__vs__maia2-1300.pgn
maia2-1100__vs__maia2-1300,163,82,MAIA2 1100,MAIA2 1300,maia2,maia2,1100,1300,White,MAIA2 1100,MAIA2 1300,0-1,0.0,checkmate,60,d31e41e2b8428d226fa6c3501db2c5191b8533cad5e937ee561da25ccbbc228e,maia-relative-strength-100.pgn,maia2-1100__vs__maia2-1300.pgn
maia2-1100__vs__maia2-1300,164,82,MAIA2 1100,MAIA2 1300,maia2,maia2,1100,1300,Black,MAIA2 1300,MAIA2 1100,0-1,1.0,checkmate,146,d31e41e2b8428d226fa6c3501db2c5191b8533cad5e937ee561da25ccbbc228e,maia-relative-strength-100.pgn,maia2-1100__vs__maia2-1300.pgn
maia2-1100__vs__maia2-1300,165,83,MAIA2 1100,MAIA2 1300,maia2,maia2,1100,1300,White,MAIA2 1100,MAIA2 1300,1/2-1/2,0.5,threefold repetition,64,d31e41e2b8428d226fa6c3501db2c5191b8533cad5e937ee561da25ccbbc228e,maia-relative-strength-100.pgn,maia2-1100__vs__maia2-1300.pgn
maia2-1100__vs__maia2-1300,166,83,MAIA2 1100,MAIA2 1300,maia2,maia2,1100,1300,Black,MAIA2 1300,MAIA2 1100,1-0,0.0,checkmate,121,d31e41e2b8428d226fa6c3501db2c5191b8533cad5e937ee561da25ccbbc228e,maia-relative-strength-100.pgn,maia2-1100__vs__maia2-1300.pgn
maia2-1100__vs__maia2-1300,167,84,MAIA2 1100,MAIA2 1300,maia2,maia2,1100,1300,White,MAIA2 1100,MAIA2 1300,0-1,0.0,checkmate,108,d31e41e2b8428d226fa6c3501db2c5191b8533cad5e937ee561da25ccbbc228e,maia-relative-strength-100.pgn,maia2-1100__vs__maia2-1300.pgn
maia2-1100__vs__maia2-1300,168,84,MAIA2 1100,MAIA2 1300,maia2,maia2,1100,1300,Black,MAIA2 1300,MAIA2 1100,1/2-1/2,0.5,stalemate,107,d31e41e2b8428d226fa6c3501db2c5191b8533cad5e937ee561da25ccbbc228e,maia-relative-strength-100.pgn,maia2-1100__vs__maia2-1300.pgn
maia2-1100__vs__maia2-1300,169,85,MAIA2 1100,MAIA2 1300,maia2,maia2,1100,1300,White,MAIA2 1100,MAIA2 1300,0-1,0.0,checkmate,138,d31e41e2b8428d226fa6c3501db2c5191b8533cad5e937ee561da25ccbbc228e,maia-relative-strength-100.pgn,maia2-1100__vs__maia2-1300.pgn
maia2-1100__vs__maia2-1300,170,85,MAIA2 1100,MAIA2 1300,maia2,maia2,1100,1300,Black,MAIA2 1300,MAIA2 1100,1-0,0.0,checkmate,97,d31e41e2b8428d226fa6c3501db2c5191b8533cad5e937ee561da25ccbbc228e,maia-relative-strength-100.pgn,maia2-1100__vs__maia2-1300.pgn
maia2-1100__vs__maia2-1300,171,86,MAIA2 1100,MAIA2 1300,maia2,maia2,1100,1300,White,MAIA2 1100,MAIA2 1300,1-0,1.0,checkmate,123,d31e41e2b8428d226fa6c3501db2c5191b8533cad5e937ee561da25ccbbc228e,maia-relative-strength-100.pgn,maia2-1100__vs__maia2-1300.pgn
maia2-1100__vs__maia2-1300,172,86,MAIA2 1100,MAIA2 1300,maia2,maia2,1100,1300,Black,MAIA2 1300,MAIA2 1100,1/2-1/2,0.5,threefold repetition,120,d31e41e2b8428d226fa6c3501db2c5191b8533cad5e937ee561da25ccbbc228e,maia-relative-strength-100.pgn,maia2-1100__vs__maia2-1300.pgn
maia2-1100__vs__maia2-1300,173,87,MAIA2 1100,MAIA2 1300,maia2,maia2,1100,1300,White,MAIA2 1100,MAIA2 1300,1/2-1/2,0.5,threefold repetition,53,d31e41e2b8428d226fa6c3501db2c5191b8533cad5e937ee561da25ccbbc228e,maia-relative-strength-100.pgn,maia2-1100__vs__maia2-1300.pgn
maia2-1100__vs__maia2-1300,174,87,MAIA2 1100,MAIA2 1300,maia2,maia2,1100,1300,Black,MAIA2 1300,MAIA2 1100,0-1,1.0,checkmate,50,d31e41e2b8428d226fa6c3501db2c5191b8533cad5e937ee561da25ccbbc228e,maia-relative-strength-100.pgn,maia2-1100__vs__maia2-1300.pgn
maia2-1100__vs__maia2-1300,175,88,MAIA2 1100,MAIA2 1300,maia2,maia2,1100,1300,White,MAIA2 1100,MAIA2 1300,1-0,1.0,checkmate,99,d31e41e2b8428d226fa6c3501db2c5191b8533cad5e937ee561da25ccbbc228e,maia-relative-strength-100.pgn,maia2-1100__vs__maia2-1300.pgn
maia2-1100__vs__maia2-1300,176,88,MAIA2 1100,MAIA2 1300,maia2,maia2,1100,1300,Black,MAIA2 1300,MAIA2 1100,0-1,1.0,checkmate,48,d31e41e2b8428d226fa6c3501db2c5191b8533cad5e937ee561da25ccbbc228e,maia-relative-strength-100.pgn,maia2-1100__vs__maia2-1300.pgn
maia2-1100__vs__maia2-1300,177,89,MAIA2 1100,MAIA2 1300,maia2,maia2,1100,1300,White,MAIA2 1100,MAIA2 1300,1/2-1/2,0.5,threefold repetition,108,d31e41e2b8428d226fa6c3501db2c5191b8533cad5e937ee561da25ccbbc228e,maia-relative-strength-100.pgn,maia2-1100__vs__maia2-1300.pgn
maia2-1100__vs__maia2-1300,178,89,MAIA2 1100,MAIA2 1300,maia2,maia2,1100,1300,Black,MAIA2 1300,MAIA2 1100,1/2-1/2,0.5,threefold repetition,59,d31e41e2b8428d226fa6c3501db2c5191b8533cad5e937ee561da25ccbbc228e,maia-relative-strength-100.pgn,maia2-1100__vs__maia2-1300.pgn
maia2-1100__vs__maia2-1300,179,90,MAIA2 1100,MAIA2 1300,maia2,maia2,1100,1300,White,MAIA2 1100,MAIA2 1300,1-0,1.0,checkmate,113,d31e41e2b8428d226fa6c3501db2c5191b8533cad5e937ee561da25ccbbc228e,maia-relative-strength-100.pgn,maia2-1100__vs__maia2-1300.pgn
maia2-1100__vs__maia2-1300,180,90,MAIA2 1100,MAIA2 1300,maia2,maia2,1100,1300,Black,MAIA2 1300,MAIA2 1100,1-0,0.0,checkmate,179,d31e41e2b8428d226fa6c3501db2c5191b8533cad5e937ee561da25ccbbc228e,maia-relative-strength-100.pgn,maia2-1100__vs__maia2-1300.pgn
maia2-1100__vs__maia2-1300,181,91,MAIA2 1100,MAIA2 1300,maia2,maia2,1100,1300,White,MAIA2 1100,MAIA2 1300,1/2-1/2,0.5,threefold repetition,68,d31e41e2b8428d226fa6c3501db2c5191b8533cad5e937ee561da25ccbbc228e,maia-relative-strength-100.pgn,maia2-1100__vs__maia2-1300.pgn
maia2-1100__vs__maia2-1300,182,91,MAIA2 1100,MAIA2 1300,maia2,maia2,1100,1300,Black,MAIA2 1300,MAIA2 1100,1/2-1/2,0.5,threefold repetition,69,d31e41e2b8428d226fa6c3501db2c5191b8533cad5e937ee561da25ccbbc228e,maia-relative-strength-100.pgn,maia2-1100__vs__maia2-1300.pgn
maia2-1100__vs__maia2-1300,183,92,MAIA2 1100,MAIA2 1300,maia2,maia2,1100,1300,White,MAIA2 1100,MAIA2 1300,0-1,0.0,checkmate,32,d31e41e2b8428d226fa6c3501db2c5191b8533cad5e937ee561da25ccbbc228e,maia-relative-strength-100.pgn,maia2-1100__vs__maia2-1300.pgn
maia2-1100__vs__maia2-1300,184,92,MAIA2 1100,MAIA2 1300,maia2,maia2,1100,1300,Black,MAIA2 1300,MAIA2 1100,0-1,1.0,checkmate,114,d31e41e2b8428d226fa6c3501db2c5191b8533cad5e937ee561da25ccbbc228e,maia-relative-strength-100.pgn,maia2-1100__vs__maia2-1300.pgn
maia2-1100__vs__maia2-1300,185,93,MAIA2 1100,MAIA2 1300,maia2,maia2,1100,1300,White,MAIA2 1100,MAIA2 1300,1/2-1/2,0.5,threefold repetition,113,d31e41e2b8428d226fa6c3501db2c5191b8533cad5e937ee561da25ccbbc228e,maia-relative-strength-100.pgn,maia2-1100__vs__maia2-1300.pgn
maia2-1100__vs__maia2-1300,186,93,MAIA2 1100,MAIA2 1300,maia2,maia2,1100,1300,Black,MAIA2 1300,MAIA2 1100,0-1,1.0,checkmate,36,d31e41e2b8428d226fa6c3501db2c5191b8533cad5e937ee561da25ccbbc228e,maia-relative-strength-100.pgn,maia2-1100__vs__maia2-1300.pgn
maia2-1100__vs__maia2-1300,187,94,MAIA2 1100,MAIA2 1300,maia2,maia2,1100,1300,White,MAIA2 1100,MAIA2 1300,0-1,0.0,checkmate,34,d31e41e2b8428d226fa6c3501db2c5191b8533cad5e937ee561da25ccbbc228e,maia-relative-strength-100.pgn,maia2-1100__vs__maia2-1300.pgn
maia2-1100__vs__maia2-1300,188,94,MAIA2 1100,MAIA2 1300,maia2,maia2,1100,1300,Black,MAIA2 1300,MAIA2 1100,1-0,0.0,checkmate,43,d31e41e2b8428d226fa6c3501db2c5191b8533cad5e937ee561da25ccbbc228e,maia-relative-strength-100.pgn,maia2-1100__vs__maia2-1300.pgn
maia2-1100__vs__maia2-1300,189,95,MAIA2 1100,MAIA2 1300,maia2,maia2,1100,1300,White,MAIA2 1100,MAIA2 1300,1-0,1.0,checkmate,55,d31e41e2b8428d226fa6c3501db2c5191b8533cad5e937ee561da25ccbbc228e,maia-relative-strength-100.pgn,maia2-1100__vs__maia2-1300.pgn
maia2-1100__vs__maia2-1300,190,95,MAIA2 1100,MAIA2 1300,maia2,maia2,1100,1300,Black,MAIA2 1300,MAIA2 1100,1-0,0.0,checkmate,61,d31e41e2b8428d226fa6c3501db2c5191b8533cad5e937ee561da25ccbbc228e,maia-relative-strength-100.pgn,maia2-1100__vs__maia2-1300.pgn
maia2-1100__vs__maia2-1300,191,96,MAIA2 1100,MAIA2 1300,maia2,maia2,1100,1300,White,MAIA2 1100,MAIA2 1300,1-0,1.0,checkmate,43,d31e41e2b8428d226fa6c3501db2c5191b8533cad5e937ee561da25ccbbc228e,maia-relative-strength-100.pgn,maia2-1100__vs__maia2-1300.pgn
maia2-1100__vs__maia2-1300,192,96,MAIA2 1100,MAIA2 1300,maia2,maia2,1100,1300,Black,MAIA2 1300,MAIA2 1100,1-0,0.0,checkmate,57,d31e41e2b8428d226fa6c3501db2c5191b8533cad5e937ee561da25ccbbc228e,maia-relative-strength-100.pgn,maia2-1100__vs__maia2-1300.pgn
maia2-1100__vs__maia2-1300,193,97,MAIA2 1100,MAIA2 1300,maia2,maia2,1100,1300,White,MAIA2 1100,MAIA2 1300,1-0,1.0,checkmate,91,d31e41e2b8428d226fa6c3501db2c5191b8533cad5e937ee561da25ccbbc228e,maia-relative-strength-100.pgn,maia2-1100__vs__maia2-1300.pgn
maia2-1100__vs__maia2-1300,194,97,MAIA2 1100,MAIA2 1300,maia2,maia2,1100,1300,Black,MAIA2 1300,MAIA2 1100,1/2-1/2,0.5,threefold repetition,77,d31e41e2b8428d226fa6c3501db2c5191b8533cad5e937ee561da25ccbbc228e,maia-relative-strength-100.pgn,maia2-1100__vs__maia2-1300.pgn
maia2-1100__vs__maia2-1300,195,98,MAIA2 1100,MAIA2 1300,maia2,maia2,1100,1300,White,MAIA2 1100,MAIA2 1300,0-1,0.0,checkmate,60,d31e41e2b8428d226fa6c3501db2c5191b8533cad5e937ee561da25ccbbc228e,maia-relative-strength-100.pgn,maia2-1100__vs__maia2-1300.pgn
maia2-1100__vs__maia2-1300,196,98,MAIA2 1100,MAIA2 1300,maia2,maia2,1100,1300,Black,MAIA2 1300,MAIA2 1100,1/2-1/2,0.5,threefold repetition,69,d31e41e2b8428d226fa6c3501db2c5191b8533cad5e937ee561da25ccbbc228e,maia-relative-strength-100.pgn,maia2-1100__vs__maia2-1300.pgn
maia2-1100__vs__maia2-1300,197,99,MAIA2 1100,MAIA2 1300,maia2,maia2,1100,1300,White,MAIA2 1100,MAIA2 1300,0-1,0.0,checkmate,86,d31e41e2b8428d226fa6c3501db2c5191b8533cad5e937ee561da25ccbbc228e,maia-relative-strength-100.pgn,maia2-1100__vs__maia2-1300.pgn
maia2-1100__vs__maia2-1300,198,99,MAIA2 1100,MAIA2 1300,maia2,maia2,1100,1300,Black,MAIA2 1300,MAIA2 1100,0-1,1.0,checkmate,98,d31e41e2b8428d226fa6c3501db2c5191b8533cad5e937ee561da25ccbbc228e,maia-relative-strength-100.pgn,maia2-1100__vs__maia2-1300.pgn
maia2-1100__vs__maia2-1300,199,100,MAIA2 1100,MAIA2 1300,maia2,maia2,1100,1300,White,MAIA2 1100,MAIA2 1300,1-0,1.0,checkmate,99,d31e41e2b8428d226fa6c3501db2c5191b8533cad5e937ee561da25ccbbc228e,maia-relative-strength-100.pgn,maia2-1100__vs__maia2-1300.pgn
maia2-1100__vs__maia2-1300,200,100,MAIA2 1100,MAIA2 1300,maia2,maia2,1100,1300,Black,MAIA2 1300,MAIA2 1100,0-1,1.0,checkmate,130,d31e41e2b8428d226fa6c3501db2c5191b8533cad5e937ee561da25ccbbc228e,maia-relative-strength-100.pgn,maia2-1100__vs__maia2-1300.pgn
maia2-1100__vs__maia2-1900,1,1,MAIA2 1100,MAIA2 1900,maia2,maia2,1100,1900,White,MAIA2 1100,MAIA2 1900,1/2-1/2,0.5,stalemate,92,e7c547d38239665c24b6a56247ca4258695ef3de8f36e62ea52aabf448d3c908,maia-relative-strength-100.pgn,maia2-1100__vs__maia2-1900.pgn
maia2-1100__vs__maia2-1900,2,1,MAIA2 1100,MAIA2 1900,maia2,maia2,1100,1900,Black,MAIA2 1900,MAIA2 1100,1/2-1/2,0.5,threefold repetition,111,e7c547d38239665c24b6a56247ca4258695ef3de8f36e62ea52aabf448d3c908,maia-relative-strength-100.pgn,maia2-1100__vs__maia2-1900.pgn
maia2-1100__vs__maia2-1900,3,2,MAIA2 1100,MAIA2 1900,maia2,maia2,1100,1900,White,MAIA2 1100,MAIA2 1900,1/2-1/2,0.5,threefold repetition,45,e7c547d38239665c24b6a56247ca4258695ef3de8f36e62ea52aabf448d3c908,maia-relative-strength-100.pgn,maia2-1100__vs__maia2-1900.pgn
maia2-1100__vs__maia2-1900,4,2,MAIA2 1100,MAIA2 1900,maia2,maia2,1100,1900,Black,MAIA2 1900,MAIA2 1100,1-0,0.0,checkmate,115,e7c547d38239665c24b6a56247ca4258695ef3de8f36e62ea52aabf448d3c908,maia-relative-strength-100.pgn,maia2-1100__vs__maia2-1900.pgn
maia2-1100__vs__maia2-1900,5,3,MAIA2 1100,MAIA2 1900,maia2,maia2,1100,1900,White,MAIA2 1100,MAIA2 1900,1-0,1.0,checkmate,43,e7c547d38239665c24b6a56247ca4258695ef3de8f36e62ea52aabf448d3c908,maia-relative-strength-100.pgn,maia2-1100__vs__maia2-1900.pgn
maia2-1100__vs__maia2-1900,6,3,MAIA2 1100,MAIA2 1900,maia2,maia2,1100,1900,Black,MAIA2 1900,MAIA2 1100,1-0,0.0,checkmate,33,e7c547d38239665c24b6a56247ca4258695ef3de8f36e62ea52aabf448d3c908,maia-relative-strength-100.pgn,maia2-1100__vs__maia2-1900.pgn
maia2-1100__vs__maia2-1900,7,4,MAIA2 1100,MAIA2 1900,maia2,maia2,1100,1900,White,MAIA2 1100,MAIA2 1900,1/2-1/2,0.5,threefold repetition,67,e7c547d38239665c24b6a56247ca4258695ef3de8f36e62ea52aabf448d3c908,maia-relative-strength-100.pgn,maia2-1100__vs__maia2-1900.pgn
maia2-1100__vs__maia2-1900,8,4,MAIA2 1100,MAIA2 1900,maia2,maia2,1100,1900,Black,MAIA2 1900,MAIA2 1100,1/2-1/2,0.5,threefold repetition,62,e7c547d38239665c24b6a56247ca4258695ef3de8f36e62ea52aabf448d3c908,maia-relative-strength-100.pgn,maia2-1100__vs__maia2-1900.pgn
maia2-1100__vs__maia2-1900,9,5,MAIA2 1100,MAIA2 1900,maia2,maia2,1100,1900,White,MAIA2 1100,MAIA2 1900,1/2-1/2,0.5,threefold repetition,74,e7c547d38239665c24b6a56247ca4258695ef3de8f36e62ea52aabf448d3c908,maia-relative-strength-100.pgn,maia2-1100__vs__maia2-1900.pgn
maia2-1100__vs__maia2-1900,10,5,MAIA2 1100,MAIA2 1900,maia2,maia2,1100,1900,Black,MAIA2 1900,MAIA2 1100,1-0,0.0,checkmate,77,e7c547d38239665c24b6a56247ca4258695ef3de8f36e62ea52aabf448d3c908,maia-relative-strength-100.pgn,maia2-1100__vs__maia2-1900.pgn
maia2-1100__vs__maia2-1900,11,6,MAIA2 1100,MAIA2 1900,maia2,maia2,1100,1900,White,MAIA2 1100,MAIA2 1900,0-1,0.0,checkmate,114,e7c547d38239665c24b6a56247ca4258695ef3de8f36e62ea52aabf448d3c908,maia-relative-strength-100.pgn,maia2-1100__vs__maia2-1900.pgn
maia2-1100__vs__maia2-1900,12,6,MAIA2 1100,MAIA2 1900,maia2,maia2,1100,1900,Black,MAIA2 1900,MAIA2 1100,1/2-1/2,0.5,threefold repetition,60,e7c547d38239665c24b6a56247ca4258695ef3de8f36e62ea52aabf448d3c908,maia-relative-strength-100.pgn,maia2-1100__vs__maia2-1900.pgn
maia2-1100__vs__maia2-1900,13,7,MAIA2 1100,MAIA2 1900,maia2,maia2,1100,1900,White,MAIA2 1100,MAIA2 1900,0-1,0.0,checkmate,78,e7c547d38239665c24b6a56247ca4258695ef3de8f36e62ea52aabf448d3c908,maia-relative-strength-100.pgn,maia2-1100__vs__maia2-1900.pgn
maia2-1100__vs__maia2-1900,14,7,MAIA2 1100,MAIA2 1900,maia2,maia2,1100,1900,Black,MAIA2 1900,MAIA2 1100,1-0,0.0,checkmate,35,e7c547d38239665c24b6a56247ca4258695ef3de8f36e62ea52aabf448d3c908,maia-relative-strength-100.pgn,maia2-1100__vs__maia2-1900.pgn
maia2-1100__vs__maia2-1900,15,8,MAIA2 1100,MAIA2 1900,maia2,maia2,1100,1900,White,MAIA2 1100,MAIA2 1900,1/2-1/2,0.5,threefold repetition,106,e7c547d38239665c24b6a56247ca4258695ef3de8f36e62ea52aabf448d3c908,maia-relative-strength-100.pgn,maia2-1100__vs__maia2-1900.pgn
maia2-1100__vs__maia2-1900,16,8,MAIA2 1100,MAIA2 1900,maia2,maia2,1100,1900,Black,MAIA2 1900,MAIA2 1100,1-0,0.0,checkmate,71,e7c547d38239665c24b6a56247ca4258695ef3de8f36e62ea52aabf448d3c908,maia-relative-strength-100.pgn,maia2-1100__vs__maia2-1900.pgn
maia2-1100__vs__maia2-1900,17,9,MAIA2 1100,MAIA2 1900,maia2,maia2,1100,1900,White,MAIA2 1100,MAIA2 1900,0-1,0.0,checkmate,132,e7c547d38239665c24b6a56247ca4258695ef3de8f36e62ea52aabf448d3c908,maia-relative-strength-100.pgn,maia2-1100__vs__maia2-1900.pgn
maia2-1100__vs__maia2-1900,18,9,MAIA2 1100,MAIA2 1900,maia2,maia2,1100,1900,Black,MAIA2 1900,MAIA2 1100,1-0,0.0,checkmate,83,e7c547d38239665c24b6a56247ca4258695ef3de8f36e62ea52aabf448d3c908,maia-relative-strength-100.pgn,maia2-1100__vs__maia2-1900.pgn
maia2-1100__vs__maia2-1900,19,10,MAIA2 1100,MAIA2 1900,maia2,maia2,1100,1900,White,MAIA2 1100,MAIA2 1900,0-1,0.0,checkmate,60,e7c547d38239665c24b6a56247ca4258695ef3de8f36e62ea52aabf448d3c908,maia-relative-strength-100.pgn,maia2-1100__vs__maia2-1900.pgn
maia2-1100__vs__maia2-1900,20,10,MAIA2 1100,MAIA2 1900,maia2,maia2,1100,1900,Black,MAIA2 1900,MAIA2 1100,0-1,1.0,checkmate,96,e7c547d38239665c24b6a56247ca4258695ef3de8f36e62ea52aabf448d3c908,maia-relative-strength-100.pgn,maia2-1100__vs__maia2-1900.pgn
maia2-1100__vs__maia2-1900,21,11,MAIA2 1100,MAIA2 1900,maia2,maia2,1100,1900,White,MAIA2 1100,MAIA2 1900,1-0,1.0,checkmate,117,e7c547d38239665c24b6a56247ca4258695ef3de8f36e62ea52aabf448d3c908,maia-relative-strength-100.pgn,maia2-1100__vs__maia2-1900.pgn
maia2-1100__vs__maia2-1900,22,11,MAIA2 1100,MAIA2 1900,maia2,maia2,1100,1900,Black,MAIA2 1900,MAIA2 1100,1-0,0.0,checkmate,115,e7c547d38239665c24b6a56247ca4258695ef3de8f36e62ea52aabf448d3c908,maia-relative-strength-100.pgn,maia2-1100__vs__maia2-1900.pgn
maia2-1100__vs__maia2-1900,23,12,MAIA2 1100,MAIA2 1900,maia2,maia2,1100,1900,White,MAIA2 1100,MAIA2 1900,1/2-1/2,0.5,threefold repetition,33,e7c547d38239665c24b6a56247ca4258695ef3de8f36e62ea52aabf448d3c908,maia-relative-strength-100.pgn,maia2-1100__vs__maia2-1900.pgn
maia2-1100__vs__maia2-1900,24,12,MAIA2 1100,MAIA2 1900,maia2,maia2,1100,1900,Black,MAIA2 1900,MAIA2 1100,0-1,1.0,checkmate,48,e7c547d38239665c24b6a56247ca4258695ef3de8f36e62ea52aabf448d3c908,maia-relative-strength-100.pgn,maia2-1100__vs__maia2-1900.pgn
maia2-1100__vs__maia2-1900,25,13,MAIA2 1100,MAIA2 1900,maia2,maia2,1100,1900,White,MAIA2 1100,MAIA2 1900,0-1,0.0,checkmate,106,e7c547d38239665c24b6a56247ca4258695ef3de8f36e62ea52aabf448d3c908,maia-relative-strength-100.pgn,maia2-1100__vs__maia2-1900.pgn
maia2-1100__vs__maia2-1900,26,13,MAIA2 1100,MAIA2 1900,maia2,maia2,1100,1900,Black,MAIA2 1900,MAIA2 1100,1-0,0.0,checkmate,95,e7c547d38239665c24b6a56247ca4258695ef3de8f36e62ea52aabf448d3c908,maia-relative-strength-100.pgn,maia2-1100__vs__maia2-1900.pgn
maia2-1100__vs__maia2-1900,27,14,MAIA2 1100,MAIA2 1900,maia2,maia2,1100,1900,White,MAIA2 1100,MAIA2 1900,0-1,0.0,checkmate,32,e7c547d38239665c24b6a56247ca4258695ef3de8f36e62ea52aabf448d3c908,maia-relative-strength-100.pgn,maia2-1100__vs__maia2-1900.pgn
maia2-1100__vs__maia2-1900,28,14,MAIA2 1100,MAIA2 1900,maia2,maia2,1100,1900,Black,MAIA2 1900,MAIA2 1100,1/2-1/2,0.5,threefold repetition,53,e7c547d38239665c24b6a56247ca4258695ef3de8f36e62ea52aabf448d3c908,maia-relative-strength-100.pgn,maia2-1100__vs__maia2-1900.pgn
maia2-1100__vs__maia2-1900,29,15,MAIA2 1100,MAIA2 1900,maia2,maia2,1100,1900,White,MAIA2 1100,MAIA2 1900,0-1,0.0,checkmate,122,e7c547d38239665c24b6a56247ca4258695ef3de8f36e62ea52aabf448d3c908,maia-relative-strength-100.pgn,maia2-1100__vs__maia2-1900.pgn
maia2-1100__vs__maia2-1900,30,15,MAIA2 1100,MAIA2 1900,maia2,maia2,1100,1900,Black,MAIA2 1900,MAIA2 1100,1/2-1/2,0.5,threefold repetition,56,e7c547d38239665c24b6a56247ca4258695ef3de8f36e62ea52aabf448d3c908,maia-relative-strength-100.pgn,maia2-1100__vs__maia2-1900.pgn
maia2-1100__vs__maia2-1900,31,16,MAIA2 1100,MAIA2 1900,maia2,maia2,1100,1900,White,MAIA2 1100,MAIA2 1900,0-1,0.0,checkmate,114,e7c547d38239665c24b6a56247ca4258695ef3de8f36e62ea52aabf448d3c908,maia-relative-strength-100.pgn,maia2-1100__vs__maia2-1900.pgn
maia2-1100__vs__maia2-1900,32,16,MAIA2 1100,MAIA2 1900,maia2,maia2,1100,1900,Black,MAIA2 1900,MAIA2 1100,1-0,0.0,checkmate,95,e7c547d38239665c24b6a56247ca4258695ef3de8f36e62ea52aabf448d3c908,maia-relative-strength-100.pgn,maia2-1100__vs__maia2-1900.pgn
maia2-1100__vs__maia2-1900,33,17,MAIA2 1100,MAIA2 1900,maia2,maia2,1100,1900,White,MAIA2 1100,MAIA2 1900,0-1,0.0,checkmate,110,e7c547d38239665c24b6a56247ca4258695ef3de8f36e62ea52aabf448d3c908,maia-relative-strength-100.pgn,maia2-1100__vs__maia2-1900.pgn
maia2-1100__vs__maia2-1900,34,17,MAIA2 1100,MAIA2 1900,maia2,maia2,1100,1900,Black,MAIA2 1900,MAIA2 1100,1/2-1/2,0.5,stalemate,89,e7c547d38239665c24b6a56247ca4258695ef3de8f36e62ea52aabf448d3c908,maia-relative-strength-100.pgn,maia2-1100__vs__maia2-1900.pgn
maia2-1100__vs__maia2-1900,35,18,MAIA2 1100,MAIA2 1900,maia2,maia2,1100,1900,White,MAIA2 1100,MAIA2 1900,0-1,0.0,checkmate,122,e7c547d38239665c24b6a56247ca4258695ef3de8f36e62ea52aabf448d3c908,maia-relative-strength-100.pgn,maia2-1100__vs__maia2-1900.pgn
maia2-1100__vs__maia2-1900,36,18,MAIA2 1100,MAIA2 1900,maia2,maia2,1100,1900,Black,MAIA2 1900,MAIA2 1100,1-0,0.0,checkmate,113,e7c547d38239665c24b6a56247ca4258695ef3de8f36e62ea52aabf448d3c908,maia-relative-strength-100.pgn,maia2-1100__vs__maia2-1900.pgn
maia2-1100__vs__maia2-1900,37,19,MAIA2 1100,MAIA2 1900,maia2,maia2,1100,1900,White,MAIA2 1100,MAIA2 1900,0-1,0.0,checkmate,54,e7c547d38239665c24b6a56247ca4258695ef3de8f36e62ea52aabf448d3c908,maia-relative-strength-100.pgn,maia2-1100__vs__maia2-1900.pgn
maia2-1100__vs__maia2-1900,38,19,MAIA2 1100,MAIA2 1900,maia2,maia2,1100,1900,Black,MAIA2 1900,MAIA2 1100,1/2-1/2,0.5,threefold repetition,66,e7c547d38239665c24b6a56247ca4258695ef3de8f36e62ea52aabf448d3c908,maia-relative-strength-100.pgn,maia2-1100__vs__maia2-1900.pgn
maia2-1100__vs__maia2-1900,39,20,MAIA2 1100,MAIA2 1900,maia2,maia2,1100,1900,White,MAIA2 1100,MAIA2 1900,1/2-1/2,0.5,threefold repetition,58,e7c547d38239665c24b6a56247ca4258695ef3de8f36e62ea52aabf448d3c908,maia-relative-strength-100.pgn,maia2-1100__vs__maia2-1900.pgn
maia2-1100__vs__maia2-1900,40,20,MAIA2 1100,MAIA2 1900,maia2,maia2,1100,1900,Black,MAIA2 1900,MAIA2 1100,1/2-1/2,0.5,stalemate,127,e7c547d38239665c24b6a56247ca4258695ef3de8f36e62ea52aabf448d3c908,maia-relative-strength-100.pgn,maia2-1100__vs__maia2-1900.pgn
maia2-1100__vs__maia2-1900,41,21,MAIA2 1100,MAIA2 1900,maia2,maia2,1100,1900,White,MAIA2 1100,MAIA2 1900,0-1,0.0,checkmate,46,e7c547d38239665c24b6a56247ca4258695ef3de8f36e62ea52aabf448d3c908,maia-relative-strength-100.pgn,maia2-1100__vs__maia2-1900.pgn
maia2-1100__vs__maia2-1900,42,21,MAIA2 1100,MAIA2 1900,maia2,maia2,1100,1900,Black,MAIA2 1900,MAIA2 1100,1-0,0.0,checkmate,119,e7c547d38239665c24b6a56247ca4258695ef3de8f36e62ea52aabf448d3c908,maia-relative-strength-100.pgn,maia2-1100__vs__maia2-1900.pgn
maia2-1100__vs__maia2-1900,43,22,MAIA2 1100,MAIA2 1900,maia2,maia2,1100,1900,White,MAIA2 1100,MAIA2 1900,0-1,0.0,checkmate,106,e7c547d38239665c24b6a56247ca4258695ef3de8f36e62ea52aabf448d3c908,maia-relative-strength-100.pgn,maia2-1100__vs__maia2-1900.pgn
maia2-1100__vs__maia2-1900,44,22,MAIA2 1100,MAIA2 1900,maia2,maia2,1100,1900,Black,MAIA2 1900,MAIA2 1100,1/2-1/2,0.5,threefold repetition,56,e7c547d38239665c24b6a56247ca4258695ef3de8f36e62ea52aabf448d3c908,maia-relative-strength-100.pgn,maia2-1100__vs__maia2-1900.pgn
maia2-1100__vs__maia2-1900,45,23,MAIA2 1100,MAIA2 1900,maia2,maia2,1100,1900,White,MAIA2 1100,MAIA2 1900,1/2-1/2,0.5,threefold repetition,45,e7c547d38239665c24b6a56247ca4258695ef3de8f36e62ea52aabf448d3c908,maia-relative-strength-100.pgn,maia2-1100__vs__maia2-1900.pgn
maia2-1100__vs__maia2-1900,46,23,MAIA2 1100,MAIA2 1900,maia2,maia2,1100,1900,Black,MAIA2 1900,MAIA2 1100,1-0,0.0,checkmate,59,e7c547d38239665c24b6a56247ca4258695ef3de8f36e62ea52aabf448d3c908,maia-relative-strength-100.pgn,maia2-1100__vs__maia2-1900.pgn
maia2-1100__vs__maia2-1900,47,24,MAIA2 1100,MAIA2 1900,maia2,maia2,1100,1900,White,MAIA2 1100,MAIA2 1900,0-1,0.0,checkmate,44,e7c547d38239665c24b6a56247ca4258695ef3de8f36e62ea52aabf448d3c908,maia-relative-strength-100.pgn,maia2-1100__vs__maia2-1900.pgn
maia2-1100__vs__maia2-1900,48,24,MAIA2 1100,MAIA2 1900,maia2,maia2,1100,1900,Black,MAIA2 1900,MAIA2 1100,1-0,0.0,checkmate,31,e7c547d38239665c24b6a56247ca4258695ef3de8f36e62ea52aabf448d3c908,maia-relative-strength-100.pgn,maia2-1100__vs__maia2-1900.pgn
maia2-1100__vs__maia2-1900,49,25,MAIA2 1100,MAIA2 1900,maia2,maia2,1100,1900,White,MAIA2 1100,MAIA2 1900,0-1,0.0,checkmate,44,e7c547d38239665c24b6a56247ca4258695ef3de8f36e62ea52aabf448d3c908,maia-relative-strength-100.pgn,maia2-1100__vs__maia2-1900.pgn
maia2-1100__vs__maia2-1900,50,25,MAIA2 1100,MAIA2 1900,maia2,maia2,1100,1900,Black,MAIA2 1900,MAIA2 1100,1-0,0.0,checkmate,43,e7c547d38239665c24b6a56247ca4258695ef3de8f36e62ea52aabf448d3c908,maia-relative-strength-100.pgn,maia2-1100__vs__maia2-1900.pgn
maia2-1100__vs__maia2-1900,51,26,MAIA2 1100,MAIA2 1900,maia2,maia2,1100,1900,White,MAIA2 1100,MAIA2 1900,1/2-1/2,0.5,threefold repetition,113,e7c547d38239665c24b6a56247ca4258695ef3de8f36e62ea52aabf448d3c908,maia-relative-strength-100.pgn,maia2-1100__vs__maia2-1900.pgn
maia2-1100__vs__maia2-1900,52,26,MAIA2 1100,MAIA2 1900,maia2,maia2,1100,1900,Black,MAIA2 1900,MAIA2 1100,1-0,0.0,checkmate,115,e7c547d38239665c24b6a56247ca4258695ef3de8f36e62ea52aabf448d3c908,maia-relative-strength-100.pgn,maia2-1100__vs__maia2-1900.pgn
maia2-1100__vs__maia2-1900,53,27,MAIA2 1100,MAIA2 1900,maia2,maia2,1100,1900,White,MAIA2 1100,MAIA2 1900,0-1,0.0,checkmate,114,e7c547d38239665c24b6a56247ca4258695ef3de8f36e62ea52aabf448d3c908,maia-relative-strength-100.pgn,maia2-1100__vs__maia2-1900.pgn
maia2-1100__vs__maia2-1900,54,27,MAIA2 1100,MAIA2 1900,maia2,maia2,1100,1900,Black,MAIA2 1900,MAIA2 1100,1/2-1/2,0.5,threefold repetition,64,e7c547d38239665c24b6a56247ca4258695ef3de8f36e62ea52aabf448d3c908,maia-relative-strength-100.pgn,maia2-1100__vs__maia2-1900.pgn
maia2-1100__vs__maia2-1900,55,28,MAIA2 1100,MAIA2 1900,maia2,maia2,1100,1900,White,MAIA2 1100,MAIA2 1900,0-1,0.0,checkmate,144,e7c547d38239665c24b6a56247ca4258695ef3de8f36e62ea52aabf448d3c908,maia-relative-strength-100.pgn,maia2-1100__vs__maia2-1900.pgn
maia2-1100__vs__maia2-1900,56,28,MAIA2 1100,MAIA2 1900,maia2,maia2,1100,1900,Black,MAIA2 1900,MAIA2 1100,1-0,0.0,checkmate,59,e7c547d38239665c24b6a56247ca4258695ef3de8f36e62ea52aabf448d3c908,maia-relative-strength-100.pgn,maia2-1100__vs__maia2-1900.pgn
maia2-1100__vs__maia2-1900,57,29,MAIA2 1100,MAIA2 1900,maia2,maia2,1100,1900,White,MAIA2 1100,MAIA2 1900,0-1,0.0,checkmate,120,e7c547d38239665c24b6a56247ca4258695ef3de8f36e62ea52aabf448d3c908,maia-relative-strength-100.pgn,maia2-1100__vs__maia2-1900.pgn
maia2-1100__vs__maia2-1900,58,29,MAIA2 1100,MAIA2 1900,maia2,maia2,1100,1900,Black,MAIA2 1900,MAIA2 1100,1/2-1/2,0.5,threefold repetition,42,e7c547d38239665c24b6a56247ca4258695ef3de8f36e62ea52aabf448d3c908,maia-relative-strength-100.pgn,maia2-1100__vs__maia2-1900.pgn
maia2-1100__vs__maia2-1900,59,30,MAIA2 1100,MAIA2 1900,maia2,maia2,1100,1900,White,MAIA2 1100,MAIA2 1900,0-1,0.0,checkmate,106,e7c547d38239665c24b6a56247ca4258695ef3de8f36e62ea52aabf448d3c908,maia-relative-strength-100.pgn,maia2-1100__vs__maia2-1900.pgn
maia2-1100__vs__maia2-1900,60,30,MAIA2 1100,MAIA2 1900,maia2,maia2,1100,1900,Black,MAIA2 1900,MAIA2 1100,1-0,0.0,checkmate,123,e7c547d38239665c24b6a56247ca4258695ef3de8f36e62ea52aabf448d3c908,maia-relative-strength-100.pgn,maia2-1100__vs__maia2-1900.pgn
maia2-1100__vs__maia2-1900,61,31,MAIA2 1100,MAIA2 1900,maia2,maia2,1100,1900,White,MAIA2 1100,MAIA2 1900,1-0,1.0,checkmate,113,e7c547d38239665c24b6a56247ca4258695ef3de8f36e62ea52aabf448d3c908,maia-relative-strength-100.pgn,maia2-1100__vs__maia2-1900.pgn
maia2-1100__vs__maia2-1900,62,31,MAIA2 1100,MAIA2 1900,maia2,maia2,1100,1900,Black,MAIA2 1900,MAIA2 1100,1/2-1/2,0.5,threefold repetition,64,e7c547d38239665c24b6a56247ca4258695ef3de8f36e62ea52aabf448d3c908,maia-relative-strength-100.pgn,maia2-1100__vs__maia2-1900.pgn
maia2-1100__vs__maia2-1900,63,32,MAIA2 1100,MAIA2 1900,maia2,maia2,1100,1900,White,MAIA2 1100,MAIA2 1900,0-1,0.0,checkmate,66,e7c547d38239665c24b6a56247ca4258695ef3de8f36e62ea52aabf448d3c908,maia-relative-strength-100.pgn,maia2-1100__vs__maia2-1900.pgn
maia2-1100__vs__maia2-1900,64,32,MAIA2 1100,MAIA2 1900,maia2,maia2,1100,1900,Black,MAIA2 1900,MAIA2 1100,1-0,0.0,checkmate,89,e7c547d38239665c24b6a56247ca4258695ef3de8f36e62ea52aabf448d3c908,maia-relative-strength-100.pgn,maia2-1100__vs__maia2-1900.pgn
maia2-1100__vs__maia2-1900,65,33,MAIA2 1100,MAIA2 1900,maia2,maia2,1100,1900,White,MAIA2 1100,MAIA2 1900,0-1,0.0,checkmate,120,e7c547d38239665c24b6a56247ca4258695ef3de8f36e62ea52aabf448d3c908,maia-relative-strength-100.pgn,maia2-1100__vs__maia2-1900.pgn
maia2-1100__vs__maia2-1900,66,33,MAIA2 1100,MAIA2 1900,maia2,maia2,1100,1900,Black,MAIA2 1900,MAIA2 1100,1/2-1/2,0.5,threefold repetition,90,e7c547d38239665c24b6a56247ca4258695ef3de8f36e62ea52aabf448d3c908,maia-relative-strength-100.pgn,maia2-1100__vs__maia2-1900.pgn
maia2-1100__vs__maia2-1900,67,34,MAIA2 1100,MAIA2 1900,maia2,maia2,1100,1900,White,MAIA2 1100,MAIA2 1900,1/2-1/2,0.5,threefold repetition,67,e7c547d38239665c24b6a56247ca4258695ef3de8f36e62ea52aabf448d3c908,maia-relative-strength-100.pgn,maia2-1100__vs__maia2-1900.pgn
maia2-1100__vs__maia2-1900,68,34,MAIA2 1100,MAIA2 1900,maia2,maia2,1100,1900,Black,MAIA2 1900,MAIA2 1100,1/2-1/2,0.5,threefold repetition,56,e7c547d38239665c24b6a56247ca4258695ef3de8f36e62ea52aabf448d3c908,maia-relative-strength-100.pgn,maia2-1100__vs__maia2-1900.pgn
maia2-1100__vs__maia2-1900,69,35,MAIA2 1100,MAIA2 1900,maia2,maia2,1100,1900,White,MAIA2 1100,MAIA2 1900,1-0,1.0,checkmate,59,e7c547d38239665c24b6a56247ca4258695ef3de8f36e62ea52aabf448d3c908,maia-relative-strength-100.pgn,maia2-1100__vs__maia2-1900.pgn
maia2-1100__vs__maia2-1900,70,35,MAIA2 1100,MAIA2 1900,maia2,maia2,1100,1900,Black,MAIA2 1900,MAIA2 1100,1-0,0.0,checkmate,51,e7c547d38239665c24b6a56247ca4258695ef3de8f36e62ea52aabf448d3c908,maia-relative-strength-100.pgn,maia2-1100__vs__maia2-1900.pgn
maia2-1100__vs__maia2-1900,71,36,MAIA2 1100,MAIA2 1900,maia2,maia2,1100,1900,White,MAIA2 1100,MAIA2 1900,0-1,0.0,checkmate,88,e7c547d38239665c24b6a56247ca4258695ef3de8f36e62ea52aabf448d3c908,maia-relative-strength-100.pgn,maia2-1100__vs__maia2-1900.pgn
maia2-1100__vs__maia2-1900,72,36,MAIA2 1100,MAIA2 1900,maia2,maia2,1100,1900,Black,MAIA2 1900,MAIA2 1100,1/2-1/2,0.5,threefold repetition,120,e7c547d38239665c24b6a56247ca4258695ef3de8f36e62ea52aabf448d3c908,maia-relative-strength-100.pgn,maia2-1100__vs__maia2-1900.pgn
maia2-1100__vs__maia2-1900,73,37,MAIA2 1100,MAIA2 1900,maia2,maia2,1100,1900,White,MAIA2 1100,MAIA2 1900,0-1,0.0,checkmate,48,e7c547d38239665c24b6a56247ca4258695ef3de8f36e62ea52aabf448d3c908,maia-relative-strength-100.pgn,maia2-1100__vs__maia2-1900.pgn
maia2-1100__vs__maia2-1900,74,37,MAIA2 1100,MAIA2 1900,maia2,maia2,1100,1900,Black,MAIA2 1900,MAIA2 1100,1-0,0.0,checkmate,61,e7c547d38239665c24b6a56247ca4258695ef3de8f36e62ea52aabf448d3c908,maia-relative-strength-100.pgn,maia2-1100__vs__maia2-1900.pgn
maia2-1100__vs__maia2-1900,75,38,MAIA2 1100,MAIA2 1900,maia2,maia2,1100,1900,White,MAIA2 1100,MAIA2 1900,0-1,0.0,checkmate,72,e7c547d38239665c24b6a56247ca4258695ef3de8f36e62ea52aabf448d3c908,maia-relative-strength-100.pgn,maia2-1100__vs__maia2-1900.pgn
maia2-1100__vs__maia2-1900,76,38,MAIA2 1100,MAIA2 1900,maia2,maia2,1100,1900,Black,MAIA2 1900,MAIA2 1100,1-0,0.0,checkmate,89,e7c547d38239665c24b6a56247ca4258695ef3de8f36e62ea52aabf448d3c908,maia-relative-strength-100.pgn,maia2-1100__vs__maia2-1900.pgn
maia2-1100__vs__maia2-1900,77,39,MAIA2 1100,MAIA2 1900,maia2,maia2,1100,1900,White,MAIA2 1100,MAIA2 1900,1/2-1/2,0.5,threefold repetition,70,e7c547d38239665c24b6a56247ca4258695ef3de8f36e62ea52aabf448d3c908,maia-relative-strength-100.pgn,maia2-1100__vs__maia2-1900.pgn
maia2-1100__vs__maia2-1900,78,39,MAIA2 1100,MAIA2 1900,maia2,maia2,1100,1900,Black,MAIA2 1900,MAIA2 1100,1-0,0.0,checkmate,99,e7c547d38239665c24b6a56247ca4258695ef3de8f36e62ea52aabf448d3c908,maia-relative-strength-100.pgn,maia2-1100__vs__maia2-1900.pgn
maia2-1100__vs__maia2-1900,79,40,MAIA2 1100,MAIA2 1900,maia2,maia2,1100,1900,White,MAIA2 1100,MAIA2 1900,0-1,0.0,checkmate,82,e7c547d38239665c24b6a56247ca4258695ef3de8f36e62ea52aabf448d3c908,maia-relative-strength-100.pgn,maia2-1100__vs__maia2-1900.pgn
maia2-1100__vs__maia2-1900,80,40,MAIA2 1100,MAIA2 1900,maia2,maia2,1100,1900,Black,MAIA2 1900,MAIA2 1100,1-0,0.0,checkmate,33,e7c547d38239665c24b6a56247ca4258695ef3de8f36e62ea52aabf448d3c908,maia-relative-strength-100.pgn,maia2-1100__vs__maia2-1900.pgn
maia2-1100__vs__maia2-1900,81,41,MAIA2 1100,MAIA2 1900,maia2,maia2,1100,1900,White,MAIA2 1100,MAIA2 1900,0-1,0.0,checkmate,28,e7c547d38239665c24b6a56247ca4258695ef3de8f36e62ea52aabf448d3c908,maia-relative-strength-100.pgn,maia2-1100__vs__maia2-1900.pgn
maia2-1100__vs__maia2-1900,82,41,MAIA2 1100,MAIA2 1900,maia2,maia2,1100,1900,Black,MAIA2 1900,MAIA2 1100,1/2-1/2,0.5,threefold repetition,54,e7c547d38239665c24b6a56247ca4258695ef3de8f36e62ea52aabf448d3c908,maia-relative-strength-100.pgn,maia2-1100__vs__maia2-1900.pgn
maia2-1100__vs__maia2-1900,83,42,MAIA2 1100,MAIA2 1900,maia2,maia2,1100,1900,White,MAIA2 1100,MAIA2 1900,1-0,1.0,checkmate,125,e7c547d38239665c24b6a56247ca4258695ef3de8f36e62ea52aabf448d3c908,maia-relative-strength-100.pgn,maia2-1100__vs__maia2-1900.pgn
maia2-1100__vs__maia2-1900,84,42,MAIA2 1100,MAIA2 1900,maia2,maia2,1100,1900,Black,MAIA2 1900,MAIA2 1100,0-1,1.0,checkmate,66,e7c547d38239665c24b6a56247ca4258695ef3de8f36e62ea52aabf448d3c908,maia-relative-strength-100.pgn,maia2-1100__vs__maia2-1900.pgn
maia2-1100__vs__maia2-1900,85,43,MAIA2 1100,MAIA2 1900,maia2,maia2,1100,1900,White,MAIA2 1100,MAIA2 1900,0-1,0.0,checkmate,116,e7c547d38239665c24b6a56247ca4258695ef3de8f36e62ea52aabf448d3c908,maia-relative-strength-100.pgn,maia2-1100__vs__maia2-1900.pgn
maia2-1100__vs__maia2-1900,86,43,MAIA2 1100,MAIA2 1900,maia2,maia2,1100,1900,Black,MAIA2 1900,MAIA2 1100,1/2-1/2,0.5,threefold repetition,39,e7c547d38239665c24b6a56247ca4258695ef3de8f36e62ea52aabf448d3c908,maia-relative-strength-100.pgn,maia2-1100__vs__maia2-1900.pgn
maia2-1100__vs__maia2-1900,87,44,MAIA2 1100,MAIA2 1900,maia2,maia2,1100,1900,White,MAIA2 1100,MAIA2 1900,0-1,0.0,checkmate,66,e7c547d38239665c24b6a56247ca4258695ef3de8f36e62ea52aabf448d3c908,maia-relative-strength-100.pgn,maia2-1100__vs__maia2-1900.pgn
maia2-1100__vs__maia2-1900,88,44,MAIA2 1100,MAIA2 1900,maia2,maia2,1100,1900,Black,MAIA2 1900,MAIA2 1100,1/2-1/2,0.5,threefold repetition,56,e7c547d38239665c24b6a56247ca4258695ef3de8f36e62ea52aabf448d3c908,maia-relative-strength-100.pgn,maia2-1100__vs__maia2-1900.pgn
maia2-1100__vs__maia2-1900,89,45,MAIA2 1100,MAIA2 1900,maia2,maia2,1100,1900,White,MAIA2 1100,MAIA2 1900,1/2-1/2,0.5,threefold repetition,52,e7c547d38239665c24b6a56247ca4258695ef3de8f36e62ea52aabf448d3c908,maia-relative-strength-100.pgn,maia2-1100__vs__maia2-1900.pgn
maia2-1100__vs__maia2-1900,90,45,MAIA2 1100,MAIA2 1900,maia2,maia2,1100,1900,Black,MAIA2 1900,MAIA2 1100,0-1,1.0,checkmate,126,e7c547d38239665c24b6a56247ca4258695ef3de8f36e62ea52aabf448d3c908,maia-relative-strength-100.pgn,maia2-1100__vs__maia2-1900.pgn
maia2-1100__vs__maia2-1900,91,46,MAIA2 1100,MAIA2 1900,maia2,maia2,1100,1900,White,MAIA2 1100,MAIA2 1900,0-1,0.0,checkmate,54,e7c547d38239665c24b6a56247ca4258695ef3de8f36e62ea52aabf448d3c908,maia-relative-strength-100.pgn,maia2-1100__vs__maia2-1900.pgn
maia2-1100__vs__maia2-1900,92,46,MAIA2 1100,MAIA2 1900,maia2,maia2,1100,1900,Black,MAIA2 1900,MAIA2 1100,1/2-1/2,0.5,threefold repetition,50,e7c547d38239665c24b6a56247ca4258695ef3de8f36e62ea52aabf448d3c908,maia-relative-strength-100.pgn,maia2-1100__vs__maia2-1900.pgn
maia2-1100__vs__maia2-1900,93,47,MAIA2 1100,MAIA2 1900,maia2,maia2,1100,1900,White,MAIA2 1100,MAIA2 1900,1/2-1/2,0.5,threefold repetition,48,e7c547d38239665c24b6a56247ca4258695ef3de8f36e62ea52aabf448d3c908,maia-relative-strength-100.pgn,maia2-1100__vs__maia2-1900.pgn
maia2-1100__vs__maia2-1900,94,47,MAIA2 1100,MAIA2 1900,maia2,maia2,1100,1900,Black,MAIA2 1900,MAIA2 1100,1/2-1/2,0.5,threefold repetition,122,e7c547d38239665c24b6a56247ca4258695ef3de8f36e62ea52aabf448d3c908,maia-relative-strength-100.pgn,maia2-1100__vs__maia2-1900.pgn
maia2-1100__vs__maia2-1900,95,48,MAIA2 1100,MAIA2 1900,maia2,maia2,1100,1900,White,MAIA2 1100,MAIA2 1900,0-1,0.0,checkmate,102,e7c547d38239665c24b6a56247ca4258695ef3de8f36e62ea52aabf448d3c908,maia-relative-strength-100.pgn,maia2-1100__vs__maia2-1900.pgn
maia2-1100__vs__maia2-1900,96,48,MAIA2 1100,MAIA2 1900,maia2,maia2,1100,1900,Black,MAIA2 1900,MAIA2 1100,0-1,1.0,checkmate,120,e7c547d38239665c24b6a56247ca4258695ef3de8f36e62ea52aabf448d3c908,maia-relative-strength-100.pgn,maia2-1100__vs__maia2-1900.pgn
maia2-1100__vs__maia2-1900,97,49,MAIA2 1100,MAIA2 1900,maia2,maia2,1100,1900,White,MAIA2 1100,MAIA2 1900,1/2-1/2,0.5,threefold repetition,66,e7c547d38239665c24b6a56247ca4258695ef3de8f36e62ea52aabf448d3c908,maia-relative-strength-100.pgn,maia2-1100__vs__maia2-1900.pgn
maia2-1100__vs__maia2-1900,98,49,MAIA2 1100,MAIA2 1900,maia2,maia2,1100,1900,Black,MAIA2 1900,MAIA2 1100,1-0,0.0,checkmate,39,e7c547d38239665c24b6a56247ca4258695ef3de8f36e62ea52aabf448d3c908,maia-relative-strength-100.pgn,maia2-1100__vs__maia2-1900.pgn
maia2-1100__vs__maia2-1900,99,50,MAIA2 1100,MAIA2 1900,maia2,maia2,1100,1900,White,MAIA2 1100,MAIA2 1900,1/2-1/2,0.5,threefold repetition,90,e7c547d38239665c24b6a56247ca4258695ef3de8f36e62ea52aabf448d3c908,maia-relative-strength-100.pgn,maia2-1100__vs__maia2-1900.pgn
maia2-1100__vs__maia2-1900,100,50,MAIA2 1100,MAIA2 1900,maia2,maia2,1100,1900,Black,MAIA2 1900,MAIA2 1100,1-0,0.0,checkmate,39,e7c547d38239665c24b6a56247ca4258695ef3de8f36e62ea52aabf448d3c908,maia-relative-strength-100.pgn,maia2-1100__vs__maia2-1900.pgn
maia2-1100__vs__maia2-1900,101,51,MAIA2 1100,MAIA2 1900,maia2,maia2,1100,1900,White,MAIA2 1100,MAIA2 1900,0-1,0.0,checkmate,50,e7c547d38239665c24b6a56247ca4258695ef3de8f36e62ea52aabf448d3c908,maia-relative-strength-100.pgn,maia2-1100__vs__maia2-1900.pgn
maia2-1100__vs__maia2-1900,102,51,MAIA2 1100,MAIA2 1900,maia2,maia2,1100,1900,Black,MAIA2 1900,MAIA2 1100,1/2-1/2,0.5,threefold repetition,84,e7c547d38239665c24b6a56247ca4258695ef3de8f36e62ea52aabf448d3c908,maia-relative-strength-100.pgn,maia2-1100__vs__maia2-1900.pgn
maia2-1100__vs__maia2-1900,103,52,MAIA2 1100,MAIA2 1900,maia2,maia2,1100,1900,White,MAIA2 1100,MAIA2 1900,1-0,1.0,checkmate,157,e7c547d38239665c24b6a56247ca4258695ef3de8f36e62ea52aabf448d3c908,maia-relative-strength-100.pgn,maia2-1100__vs__maia2-1900.pgn
maia2-1100__vs__maia2-1900,104,52,MAIA2 1100,MAIA2 1900,maia2,maia2,1100,1900,Black,MAIA2 1900,MAIA2 1100,1-0,0.0,checkmate,103,e7c547d38239665c24b6a56247ca4258695ef3de8f36e62ea52aabf448d3c908,maia-relative-strength-100.pgn,maia2-1100__vs__maia2-1900.pgn
maia2-1100__vs__maia2-1900,105,53,MAIA2 1100,MAIA2 1900,maia2,maia2,1100,1900,White,MAIA2 1100,MAIA2 1900,0-1,0.0,checkmate,90,e7c547d38239665c24b6a56247ca4258695ef3de8f36e62ea52aabf448d3c908,maia-relative-strength-100.pgn,maia2-1100__vs__maia2-1900.pgn
maia2-1100__vs__maia2-1900,106,53,MAIA2 1100,MAIA2 1900,maia2,maia2,1100,1900,Black,MAIA2 1900,MAIA2 1100,1/2-1/2,0.5,threefold repetition,112,e7c547d38239665c24b6a56247ca4258695ef3de8f36e62ea52aabf448d3c908,maia-relative-strength-100.pgn,maia2-1100__vs__maia2-1900.pgn
maia2-1100__vs__maia2-1900,107,54,MAIA2 1100,MAIA2 1900,maia2,maia2,1100,1900,White,MAIA2 1100,MAIA2 1900,1/2-1/2,0.5,threefold repetition,71,e7c547d38239665c24b6a56247ca4258695ef3de8f36e62ea52aabf448d3c908,maia-relative-strength-100.pgn,maia2-1100__vs__maia2-1900.pgn
maia2-1100__vs__maia2-1900,108,54,MAIA2 1100,MAIA2 1900,maia2,maia2,1100,1900,Black,MAIA2 1900,MAIA2 1100,1-0,0.0,checkmate,59,e7c547d38239665c24b6a56247ca4258695ef3de8f36e62ea52aabf448d3c908,maia-relative-strength-100.pgn,maia2-1100__vs__maia2-1900.pgn
maia2-1100__vs__maia2-1900,109,55,MAIA2 1100,MAIA2 1900,maia2,maia2,1100,1900,White,MAIA2 1100,MAIA2 1900,0-1,0.0,checkmate,96,e7c547d38239665c24b6a56247ca4258695ef3de8f36e62ea52aabf448d3c908,maia-relative-strength-100.pgn,maia2-1100__vs__maia2-1900.pgn
maia2-1100__vs__maia2-1900,110,55,MAIA2 1100,MAIA2 1900,maia2,maia2,1100,1900,Black,MAIA2 1900,MAIA2 1100,1-0,0.0,checkmate,79,e7c547d38239665c24b6a56247ca4258695ef3de8f36e62ea52aabf448d3c908,maia-relative-strength-100.pgn,maia2-1100__vs__maia2-1900.pgn
maia2-1100__vs__maia2-1900,111,56,MAIA2 1100,MAIA2 1900,maia2,maia2,1100,1900,White,MAIA2 1100,MAIA2 1900,0-1,0.0,checkmate,58,e7c547d38239665c24b6a56247ca4258695ef3de8f36e62ea52aabf448d3c908,maia-relative-strength-100.pgn,maia2-1100__vs__maia2-1900.pgn
maia2-1100__vs__maia2-1900,112,56,MAIA2 1100,MAIA2 1900,maia2,maia2,1100,1900,Black,MAIA2 1900,MAIA2 1100,0-1,1.0,checkmate,78,e7c547d38239665c24b6a56247ca4258695ef3de8f36e62ea52aabf448d3c908,maia-relative-strength-100.pgn,maia2-1100__vs__maia2-1900.pgn
maia2-1100__vs__maia2-1900,113,57,MAIA2 1100,MAIA2 1900,maia2,maia2,1100,1900,White,MAIA2 1100,MAIA2 1900,1-0,1.0,checkmate,131,e7c547d38239665c24b6a56247ca4258695ef3de8f36e62ea52aabf448d3c908,maia-relative-strength-100.pgn,maia2-1100__vs__maia2-1900.pgn
maia2-1100__vs__maia2-1900,114,57,MAIA2 1100,MAIA2 1900,maia2,maia2,1100,1900,Black,MAIA2 1900,MAIA2 1100,1-0,0.0,checkmate,83,e7c547d38239665c24b6a56247ca4258695ef3de8f36e62ea52aabf448d3c908,maia-relative-strength-100.pgn,maia2-1100__vs__maia2-1900.pgn
maia2-1100__vs__maia2-1900,115,58,MAIA2 1100,MAIA2 1900,maia2,maia2,1100,1900,White,MAIA2 1100,MAIA2 1900,1-0,1.0,checkmate,51,e7c547d38239665c24b6a56247ca4258695ef3de8f36e62ea52aabf448d3c908,maia-relative-strength-100.pgn,maia2-1100__vs__maia2-1900.pgn
maia2-1100__vs__maia2-1900,116,58,MAIA2 1100,MAIA2 1900,maia2,maia2,1100,1900,Black,MAIA2 1900,MAIA2 1100,1/2-1/2,0.5,threefold repetition,73,e7c547d38239665c24b6a56247ca4258695ef3de8f36e62ea52aabf448d3c908,maia-relative-strength-100.pgn,maia2-1100__vs__maia2-1900.pgn
maia2-1100__vs__maia2-1900,117,59,MAIA2 1100,MAIA2 1900,maia2,maia2,1100,1900,White,MAIA2 1100,MAIA2 1900,1-0,1.0,checkmate,53,e7c547d38239665c24b6a56247ca4258695ef3de8f36e62ea52aabf448d3c908,maia-relative-strength-100.pgn,maia2-1100__vs__maia2-1900.pgn
maia2-1100__vs__maia2-1900,118,59,MAIA2 1100,MAIA2 1900,maia2,maia2,1100,1900,Black,MAIA2 1900,MAIA2 1100,1-0,0.0,checkmate,73,e7c547d38239665c24b6a56247ca4258695ef3de8f36e62ea52aabf448d3c908,maia-relative-strength-100.pgn,maia2-1100__vs__maia2-1900.pgn
maia2-1100__vs__maia2-1900,119,60,MAIA2 1100,MAIA2 1900,maia2,maia2,1100,1900,White,MAIA2 1100,MAIA2 1900,0-1,0.0,checkmate,102,e7c547d38239665c24b6a56247ca4258695ef3de8f36e62ea52aabf448d3c908,maia-relative-strength-100.pgn,maia2-1100__vs__maia2-1900.pgn
maia2-1100__vs__maia2-1900,120,60,MAIA2 1100,MAIA2 1900,maia2,maia2,1100,1900,Black,MAIA2 1900,MAIA2 1100,1-0,0.0,checkmate,41,e7c547d38239665c24b6a56247ca4258695ef3de8f36e62ea52aabf448d3c908,maia-relative-strength-100.pgn,maia2-1100__vs__maia2-1900.pgn
maia2-1100__vs__maia2-1900,121,61,MAIA2 1100,MAIA2 1900,maia2,maia2,1100,1900,White,MAIA2 1100,MAIA2 1900,1-0,1.0,checkmate,149,e7c547d38239665c24b6a56247ca4258695ef3de8f36e62ea52aabf448d3c908,maia-relative-strength-100.pgn,maia2-1100__vs__maia2-1900.pgn
maia2-1100__vs__maia2-1900,122,61,MAIA2 1100,MAIA2 1900,maia2,maia2,1100,1900,Black,MAIA2 1900,MAIA2 1100,1-0,0.0,checkmate,65,e7c547d38239665c24b6a56247ca4258695ef3de8f36e62ea52aabf448d3c908,maia-relative-strength-100.pgn,maia2-1100__vs__maia2-1900.pgn
maia2-1100__vs__maia2-1900,123,62,MAIA2 1100,MAIA2 1900,maia2,maia2,1100,1900,White,MAIA2 1100,MAIA2 1900,0-1,0.0,checkmate,126,e7c547d38239665c24b6a56247ca4258695ef3de8f36e62ea52aabf448d3c908,maia-relative-strength-100.pgn,maia2-1100__vs__maia2-1900.pgn
maia2-1100__vs__maia2-1900,124,62,MAIA2 1100,MAIA2 1900,maia2,maia2,1100,1900,Black,MAIA2 1900,MAIA2 1100,1/2-1/2,0.5,threefold repetition,53,e7c547d38239665c24b6a56247ca4258695ef3de8f36e62ea52aabf448d3c908,maia-relative-strength-100.pgn,maia2-1100__vs__maia2-1900.pgn
maia2-1100__vs__maia2-1900,125,63,MAIA2 1100,MAIA2 1900,maia2,maia2,1100,1900,White,MAIA2 1100,MAIA2 1900,1/2-1/2,0.5,threefold repetition,76,e7c547d38239665c24b6a56247ca4258695ef3de8f36e62ea52aabf448d3c908,maia-relative-strength-100.pgn,maia2-1100__vs__maia2-1900.pgn
maia2-1100__vs__maia2-1900,126,63,MAIA2 1100,MAIA2 1900,maia2,maia2,1100,1900,Black,MAIA2 1900,MAIA2 1100,1-0,0.0,checkmate,65,e7c547d38239665c24b6a56247ca4258695ef3de8f36e62ea52aabf448d3c908,maia-relative-strength-100.pgn,maia2-1100__vs__maia2-1900.pgn
maia2-1100__vs__maia2-1900,127,64,MAIA2 1100,MAIA2 1900,maia2,maia2,1100,1900,White,MAIA2 1100,MAIA2 1900,0-1,0.0,checkmate,48,e7c547d38239665c24b6a56247ca4258695ef3de8f36e62ea52aabf448d3c908,maia-relative-strength-100.pgn,maia2-1100__vs__maia2-1900.pgn
maia2-1100__vs__maia2-1900,128,64,MAIA2 1100,MAIA2 1900,maia2,maia2,1100,1900,Black,MAIA2 1900,MAIA2 1100,1-0,0.0,checkmate,73,e7c547d38239665c24b6a56247ca4258695ef3de8f36e62ea52aabf448d3c908,maia-relative-strength-100.pgn,maia2-1100__vs__maia2-1900.pgn
maia2-1100__vs__maia2-1900,129,65,MAIA2 1100,MAIA2 1900,maia2,maia2,1100,1900,White,MAIA2 1100,MAIA2 1900,0-1,0.0,checkmate,56,e7c547d38239665c24b6a56247ca4258695ef3de8f36e62ea52aabf448d3c908,maia-relative-strength-100.pgn,maia2-1100__vs__maia2-1900.pgn
maia2-1100__vs__maia2-1900,130,65,MAIA2 1100,MAIA2 1900,maia2,maia2,1100,1900,Black,MAIA2 1900,MAIA2 1100,1-0,0.0,checkmate,55,e7c547d38239665c24b6a56247ca4258695ef3de8f36e62ea52aabf448d3c908,maia-relative-strength-100.pgn,maia2-1100__vs__maia2-1900.pgn
maia2-1100__vs__maia2-1900,131,66,MAIA2 1100,MAIA2 1900,maia2,maia2,1100,1900,White,MAIA2 1100,MAIA2 1900,0-1,0.0,checkmate,102,e7c547d38239665c24b6a56247ca4258695ef3de8f36e62ea52aabf448d3c908,maia-relative-strength-100.pgn,maia2-1100__vs__maia2-1900.pgn
maia2-1100__vs__maia2-1900,132,66,MAIA2 1100,MAIA2 1900,maia2,maia2,1100,1900,Black,MAIA2 1900,MAIA2 1100,1/2-1/2,0.5,threefold repetition,110,e7c547d38239665c24b6a56247ca4258695ef3de8f36e62ea52aabf448d3c908,maia-relative-strength-100.pgn,maia2-1100__vs__maia2-1900.pgn
maia2-1100__vs__maia2-1900,133,67,MAIA2 1100,MAIA2 1900,maia2,maia2,1100,1900,White,MAIA2 1100,MAIA2 1900,0-1,0.0,checkmate,72,e7c547d38239665c24b6a56247ca4258695ef3de8f36e62ea52aabf448d3c908,maia-relative-strength-100.pgn,maia2-1100__vs__maia2-1900.pgn
maia2-1100__vs__maia2-1900,134,67,MAIA2 1100,MAIA2 1900,maia2,maia2,1100,1900,Black,MAIA2 1900,MAIA2 1100,1/2-1/2,0.5,threefold repetition,82,e7c547d38239665c24b6a56247ca4258695ef3de8f36e62ea52aabf448d3c908,maia-relative-strength-100.pgn,maia2-1100__vs__maia2-1900.pgn
maia2-1100__vs__maia2-1900,135,68,MAIA2 1100,MAIA2 1900,maia2,maia2,1100,1900,White,MAIA2 1100,MAIA2 1900,1/2-1/2,0.5,threefold repetition,59,e7c547d38239665c24b6a56247ca4258695ef3de8f36e62ea52aabf448d3c908,maia-relative-strength-100.pgn,maia2-1100__vs__maia2-1900.pgn
maia2-1100__vs__maia2-1900,136,68,MAIA2 1100,MAIA2 1900,maia2,maia2,1100,1900,Black,MAIA2 1900,MAIA2 1100,1-0,0.0,checkmate,71,e7c547d38239665c24b6a56247ca4258695ef3de8f36e62ea52aabf448d3c908,maia-relative-strength-100.pgn,maia2-1100__vs__maia2-1900.pgn
maia2-1100__vs__maia2-1900,137,69,MAIA2 1100,MAIA2 1900,maia2,maia2,1100,1900,White,MAIA2 1100,MAIA2 1900,1/2-1/2,0.5,threefold repetition,106,e7c547d38239665c24b6a56247ca4258695ef3de8f36e62ea52aabf448d3c908,maia-relative-strength-100.pgn,maia2-1100__vs__maia2-1900.pgn
maia2-1100__vs__maia2-1900,138,69,MAIA2 1100,MAIA2 1900,maia2,maia2,1100,1900,Black,MAIA2 1900,MAIA2 1100,0-1,1.0,checkmate,94,e7c547d38239665c24b6a56247ca4258695ef3de8f36e62ea52aabf448d3c908,maia-relative-strength-100.pgn,maia2-1100__vs__maia2-1900.pgn
maia2-1100__vs__maia2-1900,139,70,MAIA2 1100,MAIA2 1900,maia2,maia2,1100,1900,White,MAIA2 1100,MAIA2 1900,0-1,0.0,checkmate,66,e7c547d38239665c24b6a56247ca4258695ef3de8f36e62ea52aabf448d3c908,maia-relative-strength-100.pgn,maia2-1100__vs__maia2-1900.pgn
maia2-1100__vs__maia2-1900,140,70,MAIA2 1100,MAIA2 1900,maia2,maia2,1100,1900,Black,MAIA2 1900,MAIA2 1100,1/2-1/2,0.5,threefold repetition,40,e7c547d38239665c24b6a56247ca4258695ef3de8f36e62ea52aabf448d3c908,maia-relative-strength-100.pgn,maia2-1100__vs__maia2-1900.pgn
maia2-1100__vs__maia2-1900,141,71,MAIA2 1100,MAIA2 1900,maia2,maia2,1100,1900,White,MAIA2 1100,MAIA2 1900,0-1,0.0,checkmate,110,e7c547d38239665c24b6a56247ca4258695ef3de8f36e62ea52aabf448d3c908,maia-relative-strength-100.pgn,maia2-1100__vs__maia2-1900.pgn
maia2-1100__vs__maia2-1900,142,71,MAIA2 1100,MAIA2 1900,maia2,maia2,1100,1900,Black,MAIA2 1900,MAIA2 1100,1-0,0.0,checkmate,77,e7c547d38239665c24b6a56247ca4258695ef3de8f36e62ea52aabf448d3c908,maia-relative-strength-100.pgn,maia2-1100__vs__maia2-1900.pgn
maia2-1100__vs__maia2-1900,143,72,MAIA2 1100,MAIA2 1900,maia2,maia2,1100,1900,White,MAIA2 1100,MAIA2 1900,1-0,1.0,checkmate,45,e7c547d38239665c24b6a56247ca4258695ef3de8f36e62ea52aabf448d3c908,maia-relative-strength-100.pgn,maia2-1100__vs__maia2-1900.pgn
maia2-1100__vs__maia2-1900,144,72,MAIA2 1100,MAIA2 1900,maia2,maia2,1100,1900,Black,MAIA2 1900,MAIA2 1100,1-0,0.0,checkmate,61,e7c547d38239665c24b6a56247ca4258695ef3de8f36e62ea52aabf448d3c908,maia-relative-strength-100.pgn,maia2-1100__vs__maia2-1900.pgn
maia2-1100__vs__maia2-1900,145,73,MAIA2 1100,MAIA2 1900,maia2,maia2,1100,1900,White,MAIA2 1100,MAIA2 1900,1/2-1/2,0.5,threefold repetition,66,e7c547d38239665c24b6a56247ca4258695ef3de8f36e62ea52aabf448d3c908,maia-relative-strength-100.pgn,maia2-1100__vs__maia2-1900.pgn
maia2-1100__vs__maia2-1900,146,73,MAIA2 1100,MAIA2 1900,maia2,maia2,1100,1900,Black,MAIA2 1900,MAIA2 1100,1-0,0.0,checkmate,43,e7c547d38239665c24b6a56247ca4258695ef3de8f36e62ea52aabf448d3c908,maia-relative-strength-100.pgn,maia2-1100__vs__maia2-1900.pgn
maia2-1100__vs__maia2-1900,147,74,MAIA2 1100,MAIA2 1900,maia2,maia2,1100,1900,White,MAIA2 1100,MAIA2 1900,1-0,1.0,checkmate,71,e7c547d38239665c24b6a56247ca4258695ef3de8f36e62ea52aabf448d3c908,maia-relative-strength-100.pgn,maia2-1100__vs__maia2-1900.pgn
maia2-1100__vs__maia2-1900,148,74,MAIA2 1100,MAIA2 1900,maia2,maia2,1100,1900,Black,MAIA2 1900,MAIA2 1100,0-1,1.0,checkmate,56,e7c547d38239665c24b6a56247ca4258695ef3de8f36e62ea52aabf448d3c908,maia-relative-strength-100.pgn,maia2-1100__vs__maia2-1900.pgn
maia2-1100__vs__maia2-1900,149,75,MAIA2 1100,MAIA2 1900,maia2,maia2,1100,1900,White,MAIA2 1100,MAIA2 1900,0-1,0.0,checkmate,40,e7c547d38239665c24b6a56247ca4258695ef3de8f36e62ea52aabf448d3c908,maia-relative-strength-100.pgn,maia2-1100__vs__maia2-1900.pgn
maia2-1100__vs__maia2-1900,150,75,MAIA2 1100,MAIA2 1900,maia2,maia2,1100,1900,Black,MAIA2 1900,MAIA2 1100,1/2-1/2,0.5,threefold repetition,64,e7c547d38239665c24b6a56247ca4258695ef3de8f36e62ea52aabf448d3c908,maia-relative-strength-100.pgn,maia2-1100__vs__maia2-1900.pgn
maia2-1100__vs__maia2-1900,151,76,MAIA2 1100,MAIA2 1900,maia2,maia2,1100,1900,White,MAIA2 1100,MAIA2 1900,0-1,0.0,checkmate,94,e7c547d38239665c24b6a56247ca4258695ef3de8f36e62ea52aabf448d3c908,maia-relative-strength-100.pgn,maia2-1100__vs__maia2-1900.pgn
maia2-1100__vs__maia2-1900,152,76,MAIA2 1100,MAIA2 1900,maia2,maia2,1100,1900,Black,MAIA2 1900,MAIA2 1100,1-0,0.0,checkmate,35,e7c547d38239665c24b6a56247ca4258695ef3de8f36e62ea52aabf448d3c908,maia-relative-strength-100.pgn,maia2-1100__vs__maia2-1900.pgn
maia2-1100__vs__maia2-1900,153,77,MAIA2 1100,MAIA2 1900,maia2,maia2,1100,1900,White,MAIA2 1100,MAIA2 1900,1/2-1/2,0.5,threefold repetition,82,e7c547d38239665c24b6a56247ca4258695ef3de8f36e62ea52aabf448d3c908,maia-relative-strength-100.pgn,maia2-1100__vs__maia2-1900.pgn
maia2-1100__vs__maia2-1900,154,77,MAIA2 1100,MAIA2 1900,maia2,maia2,1100,1900,Black,MAIA2 1900,MAIA2 1100,1-0,0.0,checkmate,101,e7c547d38239665c24b6a56247ca4258695ef3de8f36e62ea52aabf448d3c908,maia-relative-strength-100.pgn,maia2-1100__vs__maia2-1900.pgn
maia2-1100__vs__maia2-1900,155,78,MAIA2 1100,MAIA2 1900,maia2,maia2,1100,1900,White,MAIA2 1100,MAIA2 1900,0-1,0.0,checkmate,88,e7c547d38239665c24b6a56247ca4258695ef3de8f36e62ea52aabf448d3c908,maia-relative-strength-100.pgn,maia2-1100__vs__maia2-1900.pgn
maia2-1100__vs__maia2-1900,156,78,MAIA2 1100,MAIA2 1900,maia2,maia2,1100,1900,Black,MAIA2 1900,MAIA2 1100,1/2-1/2,0.5,threefold repetition,60,e7c547d38239665c24b6a56247ca4258695ef3de8f36e62ea52aabf448d3c908,maia-relative-strength-100.pgn,maia2-1100__vs__maia2-1900.pgn
maia2-1100__vs__maia2-1900,157,79,MAIA2 1100,MAIA2 1900,maia2,maia2,1100,1900,White,MAIA2 1100,MAIA2 1900,0-1,0.0,checkmate,66,e7c547d38239665c24b6a56247ca4258695ef3de8f36e62ea52aabf448d3c908,maia-relative-strength-100.pgn,maia2-1100__vs__maia2-1900.pgn
maia2-1100__vs__maia2-1900,158,79,MAIA2 1100,MAIA2 1900,maia2,maia2,1100,1900,Black,MAIA2 1900,MAIA2 1100,1/2-1/2,0.5,threefold repetition,70,e7c547d38239665c24b6a56247ca4258695ef3de8f36e62ea52aabf448d3c908,maia-relative-strength-100.pgn,maia2-1100__vs__maia2-1900.pgn
maia2-1100__vs__maia2-1900,159,80,MAIA2 1100,MAIA2 1900,maia2,maia2,1100,1900,White,MAIA2 1100,MAIA2 1900,0-1,0.0,checkmate,76,e7c547d38239665c24b6a56247ca4258695ef3de8f36e62ea52aabf448d3c908,maia-relative-strength-100.pgn,maia2-1100__vs__maia2-1900.pgn
maia2-1100__vs__maia2-1900,160,80,MAIA2 1100,MAIA2 1900,maia2,maia2,1100,1900,Black,MAIA2 1900,MAIA2 1100,1/2-1/2,0.5,threefold repetition,89,e7c547d38239665c24b6a56247ca4258695ef3de8f36e62ea52aabf448d3c908,maia-relative-strength-100.pgn,maia2-1100__vs__maia2-1900.pgn
maia2-1100__vs__maia2-1900,161,81,MAIA2 1100,MAIA2 1900,maia2,maia2,1100,1900,White,MAIA2 1100,MAIA2 1900,1/2-1/2,0.5,threefold repetition,79,e7c547d38239665c24b6a56247ca4258695ef3de8f36e62ea52aabf448d3c908,maia-relative-strength-100.pgn,maia2-1100__vs__maia2-1900.pgn
maia2-1100__vs__maia2-1900,162,81,MAIA2 1100,MAIA2 1900,maia2,maia2,1100,1900,Black,MAIA2 1900,MAIA2 1100,1-0,0.0,checkmate,57,e7c547d38239665c24b6a56247ca4258695ef3de8f36e62ea52aabf448d3c908,maia-relative-strength-100.pgn,maia2-1100__vs__maia2-1900.pgn
maia2-1100__vs__maia2-1900,163,82,MAIA2 1100,MAIA2 1900,maia2,maia2,1100,1900,White,MAIA2 1100,MAIA2 1900,1/2-1/2,0.5,threefold repetition,81,e7c547d38239665c24b6a56247ca4258695ef3de8f36e62ea52aabf448d3c908,maia-relative-strength-100.pgn,maia2-1100__vs__maia2-1900.pgn
maia2-1100__vs__maia2-1900,164,82,MAIA2 1100,MAIA2 1900,maia2,maia2,1100,1900,Black,MAIA2 1900,MAIA2 1100,1-0,0.0,checkmate,65,e7c547d38239665c24b6a56247ca4258695ef3de8f36e62ea52aabf448d3c908,maia-relative-strength-100.pgn,maia2-1100__vs__maia2-1900.pgn
maia2-1100__vs__maia2-1900,165,83,MAIA2 1100,MAIA2 1900,maia2,maia2,1100,1900,White,MAIA2 1100,MAIA2 1900,1/2-1/2,0.5,threefold repetition,60,e7c547d38239665c24b6a56247ca4258695ef3de8f36e62ea52aabf448d3c908,maia-relative-strength-100.pgn,maia2-1100__vs__maia2-1900.pgn
maia2-1100__vs__maia2-1900,166,83,MAIA2 1100,MAIA2 1900,maia2,maia2,1100,1900,Black,MAIA2 1900,MAIA2 1100,1/2-1/2,0.5,threefold repetition,45,e7c547d38239665c24b6a56247ca4258695ef3de8f36e62ea52aabf448d3c908,maia-relative-strength-100.pgn,maia2-1100__vs__maia2-1900.pgn
maia2-1100__vs__maia2-1900,167,84,MAIA2 1100,MAIA2 1900,maia2,maia2,1100,1900,White,MAIA2 1100,MAIA2 1900,1-0,1.0,checkmate,109,e7c547d38239665c24b6a56247ca4258695ef3de8f36e62ea52aabf448d3c908,maia-relative-strength-100.pgn,maia2-1100__vs__maia2-1900.pgn
maia2-1100__vs__maia2-1900,168,84,MAIA2 1100,MAIA2 1900,maia2,maia2,1100,1900,Black,MAIA2 1900,MAIA2 1100,1-0,0.0,checkmate,83,e7c547d38239665c24b6a56247ca4258695ef3de8f36e62ea52aabf448d3c908,maia-relative-strength-100.pgn,maia2-1100__vs__maia2-1900.pgn
maia2-1100__vs__maia2-1900,169,85,MAIA2 1100,MAIA2 1900,maia2,maia2,1100,1900,White,MAIA2 1100,MAIA2 1900,1-0,1.0,checkmate,81,e7c547d38239665c24b6a56247ca4258695ef3de8f36e62ea52aabf448d3c908,maia-relative-strength-100.pgn,maia2-1100__vs__maia2-1900.pgn
maia2-1100__vs__maia2-1900,170,85,MAIA2 1100,MAIA2 1900,maia2,maia2,1100,1900,Black,MAIA2 1900,MAIA2 1100,1-0,0.0,checkmate,59,e7c547d38239665c24b6a56247ca4258695ef3de8f36e62ea52aabf448d3c908,maia-relative-strength-100.pgn,maia2-1100__vs__maia2-1900.pgn
maia2-1100__vs__maia2-1900,171,86,MAIA2 1100,MAIA2 1900,maia2,maia2,1100,1900,White,MAIA2 1100,MAIA2 1900,0-1,0.0,checkmate,50,e7c547d38239665c24b6a56247ca4258695ef3de8f36e62ea52aabf448d3c908,maia-relative-strength-100.pgn,maia2-1100__vs__maia2-1900.pgn
maia2-1100__vs__maia2-1900,172,86,MAIA2 1100,MAIA2 1900,maia2,maia2,1100,1900,Black,MAIA2 1900,MAIA2 1100,1/2-1/2,0.5,threefold repetition,67,e7c547d38239665c24b6a56247ca4258695ef3de8f36e62ea52aabf448d3c908,maia-relative-strength-100.pgn,maia2-1100__vs__maia2-1900.pgn
maia2-1100__vs__maia2-1900,173,87,MAIA2 1100,MAIA2 1900,maia2,maia2,1100,1900,White,MAIA2 1100,MAIA2 1900,0-1,0.0,checkmate,52,e7c547d38239665c24b6a56247ca4258695ef3de8f36e62ea52aabf448d3c908,maia-relative-strength-100.pgn,maia2-1100__vs__maia2-1900.pgn
maia2-1100__vs__maia2-1900,174,87,MAIA2 1100,MAIA2 1900,maia2,maia2,1100,1900,Black,MAIA2 1900,MAIA2 1100,0-1,1.0,checkmate,62,e7c547d38239665c24b6a56247ca4258695ef3de8f36e62ea52aabf448d3c908,maia-relative-strength-100.pgn,maia2-1100__vs__maia2-1900.pgn
maia2-1100__vs__maia2-1900,175,88,MAIA2 1100,MAIA2 1900,maia2,maia2,1100,1900,White,MAIA2 1100,MAIA2 1900,1/2-1/2,0.5,threefold repetition,70,e7c547d38239665c24b6a56247ca4258695ef3de8f36e62ea52aabf448d3c908,maia-relative-strength-100.pgn,maia2-1100__vs__maia2-1900.pgn
maia2-1100__vs__maia2-1900,176,88,MAIA2 1100,MAIA2 1900,maia2,maia2,1100,1900,Black,MAIA2 1900,MAIA2 1100,0-1,1.0,checkmate,68,e7c547d38239665c24b6a56247ca4258695ef3de8f36e62ea52aabf448d3c908,maia-relative-strength-100.pgn,maia2-1100__vs__maia2-1900.pgn
maia2-1100__vs__maia2-1900,177,89,MAIA2 1100,MAIA2 1900,maia2,maia2,1100,1900,White,MAIA2 1100,MAIA2 1900,1-0,1.0,checkmate,119,e7c547d38239665c24b6a56247ca4258695ef3de8f36e62ea52aabf448d3c908,maia-relative-strength-100.pgn,maia2-1100__vs__maia2-1900.pgn
maia2-1100__vs__maia2-1900,178,89,MAIA2 1100,MAIA2 1900,maia2,maia2,1100,1900,Black,MAIA2 1900,MAIA2 1100,1-0,0.0,checkmate,49,e7c547d38239665c24b6a56247ca4258695ef3de8f36e62ea52aabf448d3c908,maia-relative-strength-100.pgn,maia2-1100__vs__maia2-1900.pgn
maia2-1100__vs__maia2-1900,179,90,MAIA2 1100,MAIA2 1900,maia2,maia2,1100,1900,White,MAIA2 1100,MAIA2 1900,0-1,0.0,checkmate,70,e7c547d38239665c24b6a56247ca4258695ef3de8f36e62ea52aabf448d3c908,maia-relative-strength-100.pgn,maia2-1100__vs__maia2-1900.pgn
maia2-1100__vs__maia2-1900,180,90,MAIA2 1100,MAIA2 1900,maia2,maia2,1100,1900,Black,MAIA2 1900,MAIA2 1100,1/2-1/2,0.5,threefold repetition,103,e7c547d38239665c24b6a56247ca4258695ef3de8f36e62ea52aabf448d3c908,maia-relative-strength-100.pgn,maia2-1100__vs__maia2-1900.pgn
maia2-1100__vs__maia2-1900,181,91,MAIA2 1100,MAIA2 1900,maia2,maia2,1100,1900,White,MAIA2 1100,MAIA2 1900,1/2-1/2,0.5,threefold repetition,62,e7c547d38239665c24b6a56247ca4258695ef3de8f36e62ea52aabf448d3c908,maia-relative-strength-100.pgn,maia2-1100__vs__maia2-1900.pgn
maia2-1100__vs__maia2-1900,182,91,MAIA2 1100,MAIA2 1900,maia2,maia2,1100,1900,Black,MAIA2 1900,MAIA2 1100,1-0,0.0,checkmate,63,e7c547d38239665c24b6a56247ca4258695ef3de8f36e62ea52aabf448d3c908,maia-relative-strength-100.pgn,maia2-1100__vs__maia2-1900.pgn
maia2-1100__vs__maia2-1900,183,92,MAIA2 1100,MAIA2 1900,maia2,maia2,1100,1900,White,MAIA2 1100,MAIA2 1900,0-1,0.0,checkmate,32,e7c547d38239665c24b6a56247ca4258695ef3de8f36e62ea52aabf448d3c908,maia-relative-strength-100.pgn,maia2-1100__vs__maia2-1900.pgn
maia2-1100__vs__maia2-1900,184,92,MAIA2 1100,MAIA2 1900,maia2,maia2,1100,1900,Black,MAIA2 1900,MAIA2 1100,1/2-1/2,0.5,threefold repetition,86,e7c547d38239665c24b6a56247ca4258695ef3de8f36e62ea52aabf448d3c908,maia-relative-strength-100.pgn,maia2-1100__vs__maia2-1900.pgn
maia2-1100__vs__maia2-1900,185,93,MAIA2 1100,MAIA2 1900,maia2,maia2,1100,1900,White,MAIA2 1100,MAIA2 1900,1/2-1/2,0.5,threefold repetition,116,e7c547d38239665c24b6a56247ca4258695ef3de8f36e62ea52aabf448d3c908,maia-relative-strength-100.pgn,maia2-1100__vs__maia2-1900.pgn
maia2-1100__vs__maia2-1900,186,93,MAIA2 1100,MAIA2 1900,maia2,maia2,1100,1900,Black,MAIA2 1900,MAIA2 1100,1-0,0.0,checkmate,127,e7c547d38239665c24b6a56247ca4258695ef3de8f36e62ea52aabf448d3c908,maia-relative-strength-100.pgn,maia2-1100__vs__maia2-1900.pgn
maia2-1100__vs__maia2-1900,187,94,MAIA2 1100,MAIA2 1900,maia2,maia2,1100,1900,White,MAIA2 1100,MAIA2 1900,0-1,0.0,checkmate,44,e7c547d38239665c24b6a56247ca4258695ef3de8f36e62ea52aabf448d3c908,maia-relative-strength-100.pgn,maia2-1100__vs__maia2-1900.pgn
maia2-1100__vs__maia2-1900,188,94,MAIA2 1100,MAIA2 1900,maia2,maia2,1100,1900,Black,MAIA2 1900,MAIA2 1100,0-1,1.0,checkmate,66,e7c547d38239665c24b6a56247ca4258695ef3de8f36e62ea52aabf448d3c908,maia-relative-strength-100.pgn,maia2-1100__vs__maia2-1900.pgn
maia2-1100__vs__maia2-1900,189,95,MAIA2 1100,MAIA2 1900,maia2,maia2,1100,1900,White,MAIA2 1100,MAIA2 1900,1/2-1/2,0.5,threefold repetition,75,e7c547d38239665c24b6a56247ca4258695ef3de8f36e62ea52aabf448d3c908,maia-relative-strength-100.pgn,maia2-1100__vs__maia2-1900.pgn
maia2-1100__vs__maia2-1900,190,95,MAIA2 1100,MAIA2 1900,maia2,maia2,1100,1900,Black,MAIA2 1900,MAIA2 1100,1/2-1/2,0.5,threefold repetition,94,e7c547d38239665c24b6a56247ca4258695ef3de8f36e62ea52aabf448d3c908,maia-relative-strength-100.pgn,maia2-1100__vs__maia2-1900.pgn
maia2-1100__vs__maia2-1900,191,96,MAIA2 1100,MAIA2 1900,maia2,maia2,1100,1900,White,MAIA2 1100,MAIA2 1900,0-1,0.0,checkmate,102,e7c547d38239665c24b6a56247ca4258695ef3de8f36e62ea52aabf448d3c908,maia-relative-strength-100.pgn,maia2-1100__vs__maia2-1900.pgn
maia2-1100__vs__maia2-1900,192,96,MAIA2 1100,MAIA2 1900,maia2,maia2,1100,1900,Black,MAIA2 1900,MAIA2 1100,1-0,0.0,checkmate,59,e7c547d38239665c24b6a56247ca4258695ef3de8f36e62ea52aabf448d3c908,maia-relative-strength-100.pgn,maia2-1100__vs__maia2-1900.pgn
maia2-1100__vs__maia2-1900,193,97,MAIA2 1100,MAIA2 1900,maia2,maia2,1100,1900,White,MAIA2 1100,MAIA2 1900,1-0,1.0,checkmate,149,e7c547d38239665c24b6a56247ca4258695ef3de8f36e62ea52aabf448d3c908,maia-relative-strength-100.pgn,maia2-1100__vs__maia2-1900.pgn
maia2-1100__vs__maia2-1900,194,97,MAIA2 1100,MAIA2 1900,maia2,maia2,1100,1900,Black,MAIA2 1900,MAIA2 1100,1-0,0.0,checkmate,119,e7c547d38239665c24b6a56247ca4258695ef3de8f36e62ea52aabf448d3c908,maia-relative-strength-100.pgn,maia2-1100__vs__maia2-1900.pgn
maia2-1100__vs__maia2-1900,195,98,MAIA2 1100,MAIA2 1900,maia2,maia2,1100,1900,White,MAIA2 1100,MAIA2 1900,1/2-1/2,0.5,threefold repetition,117,e7c547d38239665c24b6a56247ca4258695ef3de8f36e62ea52aabf448d3c908,maia-relative-strength-100.pgn,maia2-1100__vs__maia2-1900.pgn
maia2-1100__vs__maia2-1900,196,98,MAIA2 1100,MAIA2 1900,maia2,maia2,1100,1900,Black,MAIA2 1900,MAIA2 1100,1-0,0.0,checkmate,43,e7c547d38239665c24b6a56247ca4258695ef3de8f36e62ea52aabf448d3c908,maia-relative-strength-100.pgn,maia2-1100__vs__maia2-1900.pgn
maia2-1100__vs__maia2-1900,197,99,MAIA2 1100,MAIA2 1900,maia2,maia2,1100,1900,White,MAIA2 1100,MAIA2 1900,1/2-1/2,0.5,threefold repetition,121,e7c547d38239665c24b6a56247ca4258695ef3de8f36e62ea52aabf448d3c908,maia-relative-strength-100.pgn,maia2-1100__vs__maia2-1900.pgn
maia2-1100__vs__maia2-1900,198,99,MAIA2 1100,MAIA2 1900,maia2,maia2,1100,1900,Black,MAIA2 1900,MAIA2 1100,1-0,0.0,checkmate,63,e7c547d38239665c24b6a56247ca4258695ef3de8f36e62ea52aabf448d3c908,maia-relative-strength-100.pgn,maia2-1100__vs__maia2-1900.pgn
maia2-1100__vs__maia2-1900,199,100,MAIA2 1100,MAIA2 1900,maia2,maia2,1100,1900,White,MAIA2 1100,MAIA2 1900,1/2-1/2,0.5,threefold repetition,113,e7c547d38239665c24b6a56247ca4258695ef3de8f36e62ea52aabf448d3c908,maia-relative-strength-100.pgn,maia2-1100__vs__maia2-1900.pgn
maia2-1100__vs__maia2-1900,200,100,MAIA2 1100,MAIA2 1900,maia2,maia2,1100,1900,Black,MAIA2 1900,MAIA2 1100,0-1,1.0,checkmate,68,e7c547d38239665c24b6a56247ca4258695ef3de8f36e62ea52aabf448d3c908,maia-relative-strength-100.pgn,maia2-1100__vs__maia2-1900.pgn
maia2-1100__vs__maia3-1100,1,1,MAIA2 1100,MAIA3 1100,maia2,maia3,1100,1100,White,MAIA2 1100,MAIA3 1100,1-0,1.0,checkmate,31,8dff2e81470ab9089fe36e3e5af8f44a98ba6e1cce9f14bf0d9a329d4f738058,maia-relative-strength-100.pgn,maia2-1100__vs__maia3-1100.pgn
maia2-1100__vs__maia3-1100,2,1,MAIA2 1100,MAIA3 1100,maia2,maia3,1100,1100,Black,MAIA3 1100,MAIA2 1100,0-1,1.0,checkmate,60,8dff2e81470ab9089fe36e3e5af8f44a98ba6e1cce9f14bf0d9a329d4f738058,maia-relative-strength-100.pgn,maia2-1100__vs__maia3-1100.pgn
maia2-1100__vs__maia3-1100,3,2,MAIA2 1100,MAIA3 1100,maia2,maia3,1100,1100,White,MAIA2 1100,MAIA3 1100,1-0,1.0,checkmate,53,8dff2e81470ab9089fe36e3e5af8f44a98ba6e1cce9f14bf0d9a329d4f738058,maia-relative-strength-100.pgn,maia2-1100__vs__maia3-1100.pgn
maia2-1100__vs__maia3-1100,4,2,MAIA2 1100,MAIA3 1100,maia2,maia3,1100,1100,Black,MAIA3 1100,MAIA2 1100,1/2-1/2,0.5,threefold repetition,94,8dff2e81470ab9089fe36e3e5af8f44a98ba6e1cce9f14bf0d9a329d4f738058,maia-relative-strength-100.pgn,maia2-1100__vs__maia3-1100.pgn
maia2-1100__vs__maia3-1100,5,3,MAIA2 1100,MAIA3 1100,maia2,maia3,1100,1100,White,MAIA2 1100,MAIA3 1100,1-0,1.0,checkmate,23,8dff2e81470ab9089fe36e3e5af8f44a98ba6e1cce9f14bf0d9a329d4f738058,maia-relative-strength-100.pgn,maia2-1100__vs__maia3-1100.pgn
maia2-1100__vs__maia3-1100,6,3,MAIA2 1100,MAIA3 1100,maia2,maia3,1100,1100,Black,MAIA3 1100,MAIA2 1100,1/2-1/2,0.5,threefold repetition,58,8dff2e81470ab9089fe36e3e5af8f44a98ba6e1cce9f14bf0d9a329d4f738058,maia-relative-strength-100.pgn,maia2-1100__vs__maia3-1100.pgn
maia2-1100__vs__maia3-1100,7,4,MAIA2 1100,MAIA3 1100,maia2,maia3,1100,1100,White,MAIA2 1100,MAIA3 1100,0-1,0.0,checkmate,104,8dff2e81470ab9089fe36e3e5af8f44a98ba6e1cce9f14bf0d9a329d4f738058,maia-relative-strength-100.pgn,maia2-1100__vs__maia3-1100.pgn
maia2-1100__vs__maia3-1100,8,4,MAIA2 1100,MAIA3 1100,maia2,maia3,1100,1100,Black,MAIA3 1100,MAIA2 1100,1-0,0.0,checkmate,103,8dff2e81470ab9089fe36e3e5af8f44a98ba6e1cce9f14bf0d9a329d4f738058,maia-relative-strength-100.pgn,maia2-1100__vs__maia3-1100.pgn
maia2-1100__vs__maia3-1100,9,5,MAIA2 1100,MAIA3 1100,maia2,maia3,1100,1100,White,MAIA2 1100,MAIA3 1100,1/2-1/2,0.5,threefold repetition,68,8dff2e81470ab9089fe36e3e5af8f44a98ba6e1cce9f14bf0d9a329d4f738058,maia-relative-strength-100.pgn,maia2-1100__vs__maia3-1100.pgn
maia2-1100__vs__maia3-1100,10,5,MAIA2 1100,MAIA3 1100,maia2,maia3,1100,1100,Black,MAIA3 1100,MAIA2 1100,1-0,0.0,checkmate,95,8dff2e81470ab9089fe36e3e5af8f44a98ba6e1cce9f14bf0d9a329d4f738058,maia-relative-strength-100.pgn,maia2-1100__vs__maia3-1100.pgn
maia2-1100__vs__maia3-1100,11,6,MAIA2 1100,MAIA3 1100,maia2,maia3,1100,1100,White,MAIA2 1100,MAIA3 1100,0-1,0.0,checkmate,54,8dff2e81470ab9089fe36e3e5af8f44a98ba6e1cce9f14bf0d9a329d4f738058,maia-relative-strength-100.pgn,maia2-1100__vs__maia3-1100.pgn
maia2-1100__vs__maia3-1100,12,6,MAIA2 1100,MAIA3 1100,maia2,maia3,1100,1100,Black,MAIA3 1100,MAIA2 1100,1-0,0.0,checkmate,37,8dff2e81470ab9089fe36e3e5af8f44a98ba6e1cce9f14bf0d9a329d4f738058,maia-relative-strength-100.pgn,maia2-1100__vs__maia3-1100.pgn
maia2-1100__vs__maia3-1100,13,7,MAIA2 1100,MAIA3 1100,maia2,maia3,1100,1100,White,MAIA2 1100,MAIA3 1100,1/2-1/2,0.5,threefold repetition,97,8dff2e81470ab9089fe36e3e5af8f44a98ba6e1cce9f14bf0d9a329d4f738058,maia-relative-strength-100.pgn,maia2-1100__vs__maia3-1100.pgn
maia2-1100__vs__maia3-1100,14,7,MAIA2 1100,MAIA3 1100,maia2,maia3,1100,1100,Black,MAIA3 1100,MAIA2 1100,1-0,0.0,checkmate,53,8dff2e81470ab9089fe36e3e5af8f44a98ba6e1cce9f14bf0d9a329d4f738058,maia-relative-strength-100.pgn,maia2-1100__vs__maia3-1100.pgn
maia2-1100__vs__maia3-1100,15,8,MAIA2 1100,MAIA3 1100,maia2,maia3,1100,1100,White,MAIA2 1100,MAIA3 1100,1/2-1/2,0.5,threefold repetition,72,8dff2e81470ab9089fe36e3e5af8f44a98ba6e1cce9f14bf0d9a329d4f738058,maia-relative-strength-100.pgn,maia2-1100__vs__maia3-1100.pgn
maia2-1100__vs__maia3-1100,16,8,MAIA2 1100,MAIA3 1100,maia2,maia3,1100,1100,Black,MAIA3 1100,MAIA2 1100,1/2-1/2,0.5,threefold repetition,95,8dff2e81470ab9089fe36e3e5af8f44a98ba6e1cce9f14bf0d9a329d4f738058,maia-relative-strength-100.pgn,maia2-1100__vs__maia3-1100.pgn
maia2-1100__vs__maia3-1100,17,9,MAIA2 1100,MAIA3 1100,maia2,maia3,1100,1100,White,MAIA2 1100,MAIA3 1100,0-1,0.0,checkmate,130,8dff2e81470ab9089fe36e3e5af8f44a98ba6e1cce9f14bf0d9a329d4f738058,maia-relative-strength-100.pgn,maia2-1100__vs__maia3-1100.pgn
maia2-1100__vs__maia3-1100,18,9,MAIA2 1100,MAIA3 1100,maia2,maia3,1100,1100,Black,MAIA3 1100,MAIA2 1100,1-0,0.0,checkmate,105,8dff2e81470ab9089fe36e3e5af8f44a98ba6e1cce9f14bf0d9a329d4f738058,maia-relative-strength-100.pgn,maia2-1100__vs__maia3-1100.pgn
maia2-1100__vs__maia3-1100,19,10,MAIA2 1100,MAIA3 1100,maia2,maia3,1100,1100,White,MAIA2 1100,MAIA3 1100,1/2-1/2,0.5,threefold repetition,127,8dff2e81470ab9089fe36e3e5af8f44a98ba6e1cce9f14bf0d9a329d4f738058,maia-relative-strength-100.pgn,maia2-1100__vs__maia3-1100.pgn
maia2-1100__vs__maia3-1100,20,10,MAIA2 1100,MAIA3 1100,maia2,maia3,1100,1100,Black,MAIA3 1100,MAIA2 1100,1-0,0.0,checkmate,75,8dff2e81470ab9089fe36e3e5af8f44a98ba6e1cce9f14bf0d9a329d4f738058,maia-relative-strength-100.pgn,maia2-1100__vs__maia3-1100.pgn
maia2-1100__vs__maia3-1100,21,11,MAIA2 1100,MAIA3 1100,maia2,maia3,1100,1100,White,MAIA2 1100,MAIA3 1100,1-0,1.0,checkmate,73,8dff2e81470ab9089fe36e3e5af8f44a98ba6e1cce9f14bf0d9a329d4f738058,maia-relative-strength-100.pgn,maia2-1100__vs__maia3-1100.pgn
maia2-1100__vs__maia3-1100,22,11,MAIA2 1100,MAIA3 1100,maia2,maia3,1100,1100,Black,MAIA3 1100,MAIA2 1100,1-0,0.0,checkmate,49,8dff2e81470ab9089fe36e3e5af8f44a98ba6e1cce9f14bf0d9a329d4f738058,maia-relative-strength-100.pgn,maia2-1100__vs__maia3-1100.pgn
maia2-1100__vs__maia3-1100,23,12,MAIA2 1100,MAIA3 1100,maia2,maia3,1100,1100,White,MAIA2 1100,MAIA3 1100,0-1,0.0,checkmate,108,8dff2e81470ab9089fe36e3e5af8f44a98ba6e1cce9f14bf0d9a329d4f738058,maia-relative-strength-100.pgn,maia2-1100__vs__maia3-1100.pgn
maia2-1100__vs__maia3-1100,24,12,MAIA2 1100,MAIA3 1100,maia2,maia3,1100,1100,Black,MAIA3 1100,MAIA2 1100,0-1,1.0,checkmate,116,8dff2e81470ab9089fe36e3e5af8f44a98ba6e1cce9f14bf0d9a329d4f738058,maia-relative-strength-100.pgn,maia2-1100__vs__maia3-1100.pgn
maia2-1100__vs__maia3-1100,25,13,MAIA2 1100,MAIA3 1100,maia2,maia3,1100,1100,White,MAIA2 1100,MAIA3 1100,0-1,0.0,checkmate,116,8dff2e81470ab9089fe36e3e5af8f44a98ba6e1cce9f14bf0d9a329d4f738058,maia-relative-strength-100.pgn,maia2-1100__vs__maia3-1100.pgn
maia2-1100__vs__maia3-1100,26,13,MAIA2 1100,MAIA3 1100,maia2,maia3,1100,1100,Black,MAIA3 1100,MAIA2 1100,1-0,0.0,checkmate,123,8dff2e81470ab9089fe36e3e5af8f44a98ba6e1cce9f14bf0d9a329d4f738058,maia-relative-strength-100.pgn,maia2-1100__vs__maia3-1100.pgn
maia2-1100__vs__maia3-1100,27,14,MAIA2 1100,MAIA3 1100,maia2,maia3,1100,1100,White,MAIA2 1100,MAIA3 1100,1/2-1/2,0.5,threefold repetition,70,8dff2e81470ab9089fe36e3e5af8f44a98ba6e1cce9f14bf0d9a329d4f738058,maia-relative-strength-100.pgn,maia2-1100__vs__maia3-1100.pgn
maia2-1100__vs__maia3-1100,28,14,MAIA2 1100,MAIA3 1100,maia2,maia3,1100,1100,Black,MAIA3 1100,MAIA2 1100,0-1,1.0,checkmate,48,8dff2e81470ab9089fe36e3e5af8f44a98ba6e1cce9f14bf0d9a329d4f738058,maia-relative-strength-100.pgn,maia2-1100__vs__maia3-1100.pgn
maia2-1100__vs__maia3-1100,29,15,MAIA2 1100,MAIA3 1100,maia2,maia3,1100,1100,White,MAIA2 1100,MAIA3 1100,1/2-1/2,0.5,threefold repetition,63,8dff2e81470ab9089fe36e3e5af8f44a98ba6e1cce9f14bf0d9a329d4f738058,maia-relative-strength-100.pgn,maia2-1100__vs__maia3-1100.pgn
maia2-1100__vs__maia3-1100,30,15,MAIA2 1100,MAIA3 1100,maia2,maia3,1100,1100,Black,MAIA3 1100,MAIA2 1100,0-1,1.0,checkmate,138,8dff2e81470ab9089fe36e3e5af8f44a98ba6e1cce9f14bf0d9a329d4f738058,maia-relative-strength-100.pgn,maia2-1100__vs__maia3-1100.pgn
maia2-1100__vs__maia3-1100,31,16,MAIA2 1100,MAIA3 1100,maia2,maia3,1100,1100,White,MAIA2 1100,MAIA3 1100,1/2-1/2,0.5,threefold repetition,79,8dff2e81470ab9089fe36e3e5af8f44a98ba6e1cce9f14bf0d9a329d4f738058,maia-relative-strength-100.pgn,maia2-1100__vs__maia3-1100.pgn
maia2-1100__vs__maia3-1100,32,16,MAIA2 1100,MAIA3 1100,maia2,maia3,1100,1100,Black,MAIA3 1100,MAIA2 1100,0-1,1.0,checkmate,88,8dff2e81470ab9089fe36e3e5af8f44a98ba6e1cce9f14bf0d9a329d4f738058,maia-relative-strength-100.pgn,maia2-1100__vs__maia3-1100.pgn
maia2-1100__vs__maia3-1100,33,17,MAIA2 1100,MAIA3 1100,maia2,maia3,1100,1100,White,MAIA2 1100,MAIA3 1100,0-1,0.0,checkmate,92,8dff2e81470ab9089fe36e3e5af8f44a98ba6e1cce9f14bf0d9a329d4f738058,maia-relative-strength-100.pgn,maia2-1100__vs__maia3-1100.pgn
maia2-1100__vs__maia3-1100,34,17,MAIA2 1100,MAIA3 1100,maia2,maia3,1100,1100,Black,MAIA3 1100,MAIA2 1100,0-1,1.0,checkmate,90,8dff2e81470ab9089fe36e3e5af8f44a98ba6e1cce9f14bf0d9a329d4f738058,maia-relative-strength-100.pgn,maia2-1100__vs__maia3-1100.pgn
maia2-1100__vs__maia3-1100,35,18,MAIA2 1100,MAIA3 1100,maia2,maia3,1100,1100,White,MAIA2 1100,MAIA3 1100,1/2-1/2,0.5,threefold repetition,27,8dff2e81470ab9089fe36e3e5af8f44a98ba6e1cce9f14bf0d9a329d4f738058,maia-relative-strength-100.pgn,maia2-1100__vs__maia3-1100.pgn
maia2-1100__vs__maia3-1100,36,18,MAIA2 1100,MAIA3 1100,maia2,maia3,1100,1100,Black,MAIA3 1100,MAIA2 1100,1-0,0.0,checkmate,111,8dff2e81470ab9089fe36e3e5af8f44a98ba6e1cce9f14bf0d9a329d4f738058,maia-relative-strength-100.pgn,maia2-1100__vs__maia3-1100.pgn
maia2-1100__vs__maia3-1100,37,19,MAIA2 1100,MAIA3 1100,maia2,maia3,1100,1100,White,MAIA2 1100,MAIA3 1100,1-0,1.0,checkmate,45,8dff2e81470ab9089fe36e3e5af8f44a98ba6e1cce9f14bf0d9a329d4f738058,maia-relative-strength-100.pgn,maia2-1100__vs__maia3-1100.pgn
maia2-1100__vs__maia3-1100,38,19,MAIA2 1100,MAIA3 1100,maia2,maia3,1100,1100,Black,MAIA3 1100,MAIA2 1100,1/2-1/2,0.5,threefold repetition,80,8dff2e81470ab9089fe36e3e5af8f44a98ba6e1cce9f14bf0d9a329d4f738058,maia-relative-strength-100.pgn,maia2-1100__vs__maia3-1100.pgn
maia2-1100__vs__maia3-1100,39,20,MAIA2 1100,MAIA3 1100,maia2,maia3,1100,1100,White,MAIA2 1100,MAIA3 1100,0-1,0.0,checkmate,92,8dff2e81470ab9089fe36e3e5af8f44a98ba6e1cce9f14bf0d9a329d4f738058,maia-relative-strength-100.pgn,maia2-1100__vs__maia3-1100.pgn
maia2-1100__vs__maia3-1100,40,20,MAIA2 1100,MAIA3 1100,maia2,maia3,1100,1100,Black,MAIA3 1100,MAIA2 1100,0-1,1.0,checkmate,96,8dff2e81470ab9089fe36e3e5af8f44a98ba6e1cce9f14bf0d9a329d4f738058,maia-relative-strength-100.pgn,maia2-1100__vs__maia3-1100.pgn
maia2-1100__vs__maia3-1100,41,21,MAIA2 1100,MAIA3 1100,maia2,maia3,1100,1100,White,MAIA2 1100,MAIA3 1100,1/2-1/2,0.5,threefold repetition,35,8dff2e81470ab9089fe36e3e5af8f44a98ba6e1cce9f14bf0d9a329d4f738058,maia-relative-strength-100.pgn,maia2-1100__vs__maia3-1100.pgn
maia2-1100__vs__maia3-1100,42,21,MAIA2 1100,MAIA3 1100,maia2,maia3,1100,1100,Black,MAIA3 1100,MAIA2 1100,0-1,1.0,checkmate,70,8dff2e81470ab9089fe36e3e5af8f44a98ba6e1cce9f14bf0d9a329d4f738058,maia-relative-strength-100.pgn,maia2-1100__vs__maia3-1100.pgn
maia2-1100__vs__maia3-1100,43,22,MAIA2 1100,MAIA3 1100,maia2,maia3,1100,1100,White,MAIA2 1100,MAIA3 1100,1-0,1.0,checkmate,99,8dff2e81470ab9089fe36e3e5af8f44a98ba6e1cce9f14bf0d9a329d4f738058,maia-relative-strength-100.pgn,maia2-1100__vs__maia3-1100.pgn
maia2-1100__vs__maia3-1100,44,22,MAIA2 1100,MAIA3 1100,maia2,maia3,1100,1100,Black,MAIA3 1100,MAIA2 1100,1-0,0.0,checkmate,109,8dff2e81470ab9089fe36e3e5af8f44a98ba6e1cce9f14bf0d9a329d4f738058,maia-relative-strength-100.pgn,maia2-1100__vs__maia3-1100.pgn
maia2-1100__vs__maia3-1100,45,23,MAIA2 1100,MAIA3 1100,maia2,maia3,1100,1100,White,MAIA2 1100,MAIA3 1100,1/2-1/2,0.5,threefold repetition,101,8dff2e81470ab9089fe36e3e5af8f44a98ba6e1cce9f14bf0d9a329d4f738058,maia-relative-strength-100.pgn,maia2-1100__vs__maia3-1100.pgn
maia2-1100__vs__maia3-1100,46,23,MAIA2 1100,MAIA3 1100,maia2,maia3,1100,1100,Black,MAIA3 1100,MAIA2 1100,1/2-1/2,0.5,insufficient material,95,8dff2e81470ab9089fe36e3e5af8f44a98ba6e1cce9f14bf0d9a329d4f738058,maia-relative-strength-100.pgn,maia2-1100__vs__maia3-1100.pgn
maia2-1100__vs__maia3-1100,47,24,MAIA2 1100,MAIA3 1100,maia2,maia3,1100,1100,White,MAIA2 1100,MAIA3 1100,1-0,1.0,checkmate,41,8dff2e81470ab9089fe36e3e5af8f44a98ba6e1cce9f14bf0d9a329d4f738058,maia-relative-strength-100.pgn,maia2-1100__vs__maia3-1100.pgn
maia2-1100__vs__maia3-1100,48,24,MAIA2 1100,MAIA3 1100,maia2,maia3,1100,1100,Black,MAIA3 1100,MAIA2 1100,1-0,0.0,checkmate,111,8dff2e81470ab9089fe36e3e5af8f44a98ba6e1cce9f14bf0d9a329d4f738058,maia-relative-strength-100.pgn,maia2-1100__vs__maia3-1100.pgn
maia2-1100__vs__maia3-1100,49,25,MAIA2 1100,MAIA3 1100,maia2,maia3,1100,1100,White,MAIA2 1100,MAIA3 1100,1-0,1.0,checkmate,83,8dff2e81470ab9089fe36e3e5af8f44a98ba6e1cce9f14bf0d9a329d4f738058,maia-relative-strength-100.pgn,maia2-1100__vs__maia3-1100.pgn
maia2-1100__vs__maia3-1100,50,25,MAIA2 1100,MAIA3 1100,maia2,maia3,1100,1100,Black,MAIA3 1100,MAIA2 1100,0-1,1.0,checkmate,52,8dff2e81470ab9089fe36e3e5af8f44a98ba6e1cce9f14bf0d9a329d4f738058,maia-relative-strength-100.pgn,maia2-1100__vs__maia3-1100.pgn
maia2-1100__vs__maia3-1100,51,26,MAIA2 1100,MAIA3 1100,maia2,maia3,1100,1100,White,MAIA2 1100,MAIA3 1100,1-0,1.0,checkmate,29,8dff2e81470ab9089fe36e3e5af8f44a98ba6e1cce9f14bf0d9a329d4f738058,maia-relative-strength-100.pgn,maia2-1100__vs__maia3-1100.pgn
maia2-1100__vs__maia3-1100,52,26,MAIA2 1100,MAIA3 1100,maia2,maia3,1100,1100,Black,MAIA3 1100,MAIA2 1100,1/2-1/2,0.5,threefold repetition,71,8dff2e81470ab9089fe36e3e5af8f44a98ba6e1cce9f14bf0d9a329d4f738058,maia-relative-strength-100.pgn,maia2-1100__vs__maia3-1100.pgn
maia2-1100__vs__maia3-1100,53,27,MAIA2 1100,MAIA3 1100,maia2,maia3,1100,1100,White,MAIA2 1100,MAIA3 1100,0-1,0.0,checkmate,52,8dff2e81470ab9089fe36e3e5af8f44a98ba6e1cce9f14bf0d9a329d4f738058,maia-relative-strength-100.pgn,maia2-1100__vs__maia3-1100.pgn
maia2-1100__vs__maia3-1100,54,27,MAIA2 1100,MAIA3 1100,maia2,maia3,1100,1100,Black,MAIA3 1100,MAIA2 1100,1/2-1/2,0.5,threefold repetition,71,8dff2e81470ab9089fe36e3e5af8f44a98ba6e1cce9f14bf0d9a329d4f738058,maia-relative-strength-100.pgn,maia2-1100__vs__maia3-1100.pgn
maia2-1100__vs__maia3-1100,55,28,MAIA2 1100,MAIA3 1100,maia2,maia3,1100,1100,White,MAIA2 1100,MAIA3 1100,1-0,1.0,checkmate,35,8dff2e81470ab9089fe36e3e5af8f44a98ba6e1cce9f14bf0d9a329d4f738058,maia-relative-strength-100.pgn,maia2-1100__vs__maia3-1100.pgn
maia2-1100__vs__maia3-1100,56,28,MAIA2 1100,MAIA3 1100,maia2,maia3,1100,1100,Black,MAIA3 1100,MAIA2 1100,1-0,0.0,checkmate,59,8dff2e81470ab9089fe36e3e5af8f44a98ba6e1cce9f14bf0d9a329d4f738058,maia-relative-strength-100.pgn,maia2-1100__vs__maia3-1100.pgn
maia2-1100__vs__maia3-1100,57,29,MAIA2 1100,MAIA3 1100,maia2,maia3,1100,1100,White,MAIA2 1100,MAIA3 1100,1/2-1/2,0.5,threefold repetition,43,8dff2e81470ab9089fe36e3e5af8f44a98ba6e1cce9f14bf0d9a329d4f738058,maia-relative-strength-100.pgn,maia2-1100__vs__maia3-1100.pgn
maia2-1100__vs__maia3-1100,58,29,MAIA2 1100,MAIA3 1100,maia2,maia3,1100,1100,Black,MAIA3 1100,MAIA2 1100,1/2-1/2,0.5,threefold repetition,89,8dff2e81470ab9089fe36e3e5af8f44a98ba6e1cce9f14bf0d9a329d4f738058,maia-relative-strength-100.pgn,maia2-1100__vs__maia3-1100.pgn
maia2-1100__vs__maia3-1100,59,30,MAIA2 1100,MAIA3 1100,maia2,maia3,1100,1100,White,MAIA2 1100,MAIA3 1100,1-0,1.0,checkmate,93,8dff2e81470ab9089fe36e3e5af8f44a98ba6e1cce9f14bf0d9a329d4f738058,maia-relative-strength-100.pgn,maia2-1100__vs__maia3-1100.pgn
maia2-1100__vs__maia3-1100,60,30,MAIA2 1100,MAIA3 1100,maia2,maia3,1100,1100,Black,MAIA3 1100,MAIA2 1100,0-1,1.0,checkmate,96,8dff2e81470ab9089fe36e3e5af8f44a98ba6e1cce9f14bf0d9a329d4f738058,maia-relative-strength-100.pgn,maia2-1100__vs__maia3-1100.pgn
maia2-1100__vs__maia3-1100,61,31,MAIA2 1100,MAIA3 1100,maia2,maia3,1100,1100,White,MAIA2 1100,MAIA3 1100,0-1,0.0,checkmate,122,8dff2e81470ab9089fe36e3e5af8f44a98ba6e1cce9f14bf0d9a329d4f738058,maia-relative-strength-100.pgn,maia2-1100__vs__maia3-1100.pgn
maia2-1100__vs__maia3-1100,62,31,MAIA2 1100,MAIA3 1100,maia2,maia3,1100,1100,Black,MAIA3 1100,MAIA2 1100,1/2-1/2,0.5,threefold repetition,44,8dff2e81470ab9089fe36e3e5af8f44a98ba6e1cce9f14bf0d9a329d4f738058,maia-relative-strength-100.pgn,maia2-1100__vs__maia3-1100.pgn
maia2-1100__vs__maia3-1100,63,32,MAIA2 1100,MAIA3 1100,maia2,maia3,1100,1100,White,MAIA2 1100,MAIA3 1100,0-1,0.0,checkmate,82,8dff2e81470ab9089fe36e3e5af8f44a98ba6e1cce9f14bf0d9a329d4f738058,maia-relative-strength-100.pgn,maia2-1100__vs__maia3-1100.pgn
maia2-1100__vs__maia3-1100,64,32,MAIA2 1100,MAIA3 1100,maia2,maia3,1100,1100,Black,MAIA3 1100,MAIA2 1100,1/2-1/2,0.5,threefold repetition,84,8dff2e81470ab9089fe36e3e5af8f44a98ba6e1cce9f14bf0d9a329d4f738058,maia-relative-strength-100.pgn,maia2-1100__vs__maia3-1100.pgn
maia2-1100__vs__maia3-1100,65,33,MAIA2 1100,MAIA3 1100,maia2,maia3,1100,1100,White,MAIA2 1100,MAIA3 1100,1-0,1.0,checkmate,71,8dff2e81470ab9089fe36e3e5af8f44a98ba6e1cce9f14bf0d9a329d4f738058,maia-relative-strength-100.pgn,maia2-1100__vs__maia3-1100.pgn
maia2-1100__vs__maia3-1100,66,33,MAIA2 1100,MAIA3 1100,maia2,maia3,1100,1100,Black,MAIA3 1100,MAIA2 1100,1-0,0.0,checkmate,121,8dff2e81470ab9089fe36e3e5af8f44a98ba6e1cce9f14bf0d9a329d4f738058,maia-relative-strength-100.pgn,maia2-1100__vs__maia3-1100.pgn
maia2-1100__vs__maia3-1100,67,34,MAIA2 1100,MAIA3 1100,maia2,maia3,1100,1100,White,MAIA2 1100,MAIA3 1100,1-0,1.0,checkmate,35,8dff2e81470ab9089fe36e3e5af8f44a98ba6e1cce9f14bf0d9a329d4f738058,maia-relative-strength-100.pgn,maia2-1100__vs__maia3-1100.pgn
maia2-1100__vs__maia3-1100,68,34,MAIA2 1100,MAIA3 1100,maia2,maia3,1100,1100,Black,MAIA3 1100,MAIA2 1100,1-0,0.0,checkmate,67,8dff2e81470ab9089fe36e3e5af8f44a98ba6e1cce9f14bf0d9a329d4f738058,maia-relative-strength-100.pgn,maia2-1100__vs__maia3-1100.pgn
maia2-1100__vs__maia3-1100,69,35,MAIA2 1100,MAIA3 1100,maia2,maia3,1100,1100,White,MAIA2 1100,MAIA3 1100,0-1,0.0,checkmate,34,8dff2e81470ab9089fe36e3e5af8f44a98ba6e1cce9f14bf0d9a329d4f738058,maia-relative-strength-100.pgn,maia2-1100__vs__maia3-1100.pgn
maia2-1100__vs__maia3-1100,70,35,MAIA2 1100,MAIA3 1100,maia2,maia3,1100,1100,Black,MAIA3 1100,MAIA2 1100,1-0,0.0,checkmate,51,8dff2e81470ab9089fe36e3e5af8f44a98ba6e1cce9f14bf0d9a329d4f738058,maia-relative-strength-100.pgn,maia2-1100__vs__maia3-1100.pgn
maia2-1100__vs__maia3-1100,71,36,MAIA2 1100,MAIA3 1100,maia2,maia3,1100,1100,White,MAIA2 1100,MAIA3 1100,1-0,1.0,checkmate,31,8dff2e81470ab9089fe36e3e5af8f44a98ba6e1cce9f14bf0d9a329d4f738058,maia-relative-strength-100.pgn,maia2-1100__vs__maia3-1100.pgn
maia2-1100__vs__maia3-1100,72,36,MAIA2 1100,MAIA3 1100,maia2,maia3,1100,1100,Black,MAIA3 1100,MAIA2 1100,0-1,1.0,checkmate,60,8dff2e81470ab9089fe36e3e5af8f44a98ba6e1cce9f14bf0d9a329d4f738058,maia-relative-strength-100.pgn,maia2-1100__vs__maia3-1100.pgn
maia2-1100__vs__maia3-1100,73,37,MAIA2 1100,MAIA3 1100,maia2,maia3,1100,1100,White,MAIA2 1100,MAIA3 1100,0-1,0.0,checkmate,118,8dff2e81470ab9089fe36e3e5af8f44a98ba6e1cce9f14bf0d9a329d4f738058,maia-relative-strength-100.pgn,maia2-1100__vs__maia3-1100.pgn
maia2-1100__vs__maia3-1100,74,37,MAIA2 1100,MAIA3 1100,maia2,maia3,1100,1100,Black,MAIA3 1100,MAIA2 1100,0-1,1.0,checkmate,64,8dff2e81470ab9089fe36e3e5af8f44a98ba6e1cce9f14bf0d9a329d4f738058,maia-relative-strength-100.pgn,maia2-1100__vs__maia3-1100.pgn
maia2-1100__vs__maia3-1100,75,38,MAIA2 1100,MAIA3 1100,maia2,maia3,1100,1100,White,MAIA2 1100,MAIA3 1100,0-1,0.0,checkmate,120,8dff2e81470ab9089fe36e3e5af8f44a98ba6e1cce9f14bf0d9a329d4f738058,maia-relative-strength-100.pgn,maia2-1100__vs__maia3-1100.pgn
maia2-1100__vs__maia3-1100,76,38,MAIA2 1100,MAIA3 1100,maia2,maia3,1100,1100,Black,MAIA3 1100,MAIA2 1100,0-1,1.0,checkmate,78,8dff2e81470ab9089fe36e3e5af8f44a98ba6e1cce9f14bf0d9a329d4f738058,maia-relative-strength-100.pgn,maia2-1100__vs__maia3-1100.pgn
maia2-1100__vs__maia3-1100,77,39,MAIA2 1100,MAIA3 1100,maia2,maia3,1100,1100,White,MAIA2 1100,MAIA3 1100,1-0,1.0,checkmate,119,8dff2e81470ab9089fe36e3e5af8f44a98ba6e1cce9f14bf0d9a329d4f738058,maia-relative-strength-100.pgn,maia2-1100__vs__maia3-1100.pgn
maia2-1100__vs__maia3-1100,78,39,MAIA2 1100,MAIA3 1100,maia2,maia3,1100,1100,Black,MAIA3 1100,MAIA2 1100,0-1,1.0,checkmate,68,8dff2e81470ab9089fe36e3e5af8f44a98ba6e1cce9f14bf0d9a329d4f738058,maia-relative-strength-100.pgn,maia2-1100__vs__maia3-1100.pgn
maia2-1100__vs__maia3-1100,79,40,MAIA2 1100,MAIA3 1100,maia2,maia3,1100,1100,White,MAIA2 1100,MAIA3 1100,1/2-1/2,0.5,threefold repetition,58,8dff2e81470ab9089fe36e3e5af8f44a98ba6e1cce9f14bf0d9a329d4f738058,maia-relative-strength-100.pgn,maia2-1100__vs__maia3-1100.pgn
maia2-1100__vs__maia3-1100,80,40,MAIA2 1100,MAIA3 1100,maia2,maia3,1100,1100,Black,MAIA3 1100,MAIA2 1100,1/2-1/2,0.5,threefold repetition,23,8dff2e81470ab9089fe36e3e5af8f44a98ba6e1cce9f14bf0d9a329d4f738058,maia-relative-strength-100.pgn,maia2-1100__vs__maia3-1100.pgn
maia2-1100__vs__maia3-1100,81,41,MAIA2 1100,MAIA3 1100,maia2,maia3,1100,1100,White,MAIA2 1100,MAIA3 1100,0-1,0.0,checkmate,58,8dff2e81470ab9089fe36e3e5af8f44a98ba6e1cce9f14bf0d9a329d4f738058,maia-relative-strength-100.pgn,maia2-1100__vs__maia3-1100.pgn
maia2-1100__vs__maia3-1100,82,41,MAIA2 1100,MAIA3 1100,maia2,maia3,1100,1100,Black,MAIA3 1100,MAIA2 1100,0-1,1.0,checkmate,48,8dff2e81470ab9089fe36e3e5af8f44a98ba6e1cce9f14bf0d9a329d4f738058,maia-relative-strength-100.pgn,maia2-1100__vs__maia3-1100.pgn
maia2-1100__vs__maia3-1100,83,42,MAIA2 1100,MAIA3 1100,maia2,maia3,1100,1100,White,MAIA2 1100,MAIA3 1100,1-0,1.0,checkmate,85,8dff2e81470ab9089fe36e3e5af8f44a98ba6e1cce9f14bf0d9a329d4f738058,maia-relative-strength-100.pgn,maia2-1100__vs__maia3-1100.pgn
maia2-1100__vs__maia3-1100,84,42,MAIA2 1100,MAIA3 1100,maia2,maia3,1100,1100,Black,MAIA3 1100,MAIA2 1100,1/2-1/2,0.5,threefold repetition,145,8dff2e81470ab9089fe36e3e5af8f44a98ba6e1cce9f14bf0d9a329d4f738058,maia-relative-strength-100.pgn,maia2-1100__vs__maia3-1100.pgn
maia2-1100__vs__maia3-1100,85,43,MAIA2 1100,MAIA3 1100,maia2,maia3,1100,1100,White,MAIA2 1100,MAIA3 1100,0-1,0.0,checkmate,130,8dff2e81470ab9089fe36e3e5af8f44a98ba6e1cce9f14bf0d9a329d4f738058,maia-relative-strength-100.pgn,maia2-1100__vs__maia3-1100.pgn
maia2-1100__vs__maia3-1100,86,43,MAIA2 1100,MAIA3 1100,maia2,maia3,1100,1100,Black,MAIA3 1100,MAIA2 1100,0-1,1.0,checkmate,94,8dff2e81470ab9089fe36e3e5af8f44a98ba6e1cce9f14bf0d9a329d4f738058,maia-relative-strength-100.pgn,maia2-1100__vs__maia3-1100.pgn
maia2-1100__vs__maia3-1100,87,44,MAIA2 1100,MAIA3 1100,maia2,maia3,1100,1100,White,MAIA2 1100,MAIA3 1100,1-0,1.0,checkmate,83,8dff2e81470ab9089fe36e3e5af8f44a98ba6e1cce9f14bf0d9a329d4f738058,maia-relative-strength-100.pgn,maia2-1100__vs__maia3-1100.pgn
maia2-1100__vs__maia3-1100,88,44,MAIA2 1100,MAIA3 1100,maia2,maia3,1100,1100,Black,MAIA3 1100,MAIA2 1100,1/2-1/2,0.5,threefold repetition,84,8dff2e81470ab9089fe36e3e5af8f44a98ba6e1cce9f14bf0d9a329d4f738058,maia-relative-strength-100.pgn,maia2-1100__vs__maia3-1100.pgn
maia2-1100__vs__maia3-1100,89,45,MAIA2 1100,MAIA3 1100,maia2,maia3,1100,1100,White,MAIA2 1100,MAIA3 1100,0-1,0.0,checkmate,58,8dff2e81470ab9089fe36e3e5af8f44a98ba6e1cce9f14bf0d9a329d4f738058,maia-relative-strength-100.pgn,maia2-1100__vs__maia3-1100.pgn
maia2-1100__vs__maia3-1100,90,45,MAIA2 1100,MAIA3 1100,maia2,maia3,1100,1100,Black,MAIA3 1100,MAIA2 1100,0-1,1.0,checkmate,78,8dff2e81470ab9089fe36e3e5af8f44a98ba6e1cce9f14bf0d9a329d4f738058,maia-relative-strength-100.pgn,maia2-1100__vs__maia3-1100.pgn
maia2-1100__vs__maia3-1100,91,46,MAIA2 1100,MAIA3 1100,maia2,maia3,1100,1100,White,MAIA2 1100,MAIA3 1100,1/2-1/2,0.5,threefold repetition,36,8dff2e81470ab9089fe36e3e5af8f44a98ba6e1cce9f14bf0d9a329d4f738058,maia-relative-strength-100.pgn,maia2-1100__vs__maia3-1100.pgn
maia2-1100__vs__maia3-1100,92,46,MAIA2 1100,MAIA3 1100,maia2,maia3,1100,1100,Black,MAIA3 1100,MAIA2 1100,0-1,1.0,checkmate,60,8dff2e81470ab9089fe36e3e5af8f44a98ba6e1cce9f14bf0d9a329d4f738058,maia-relative-strength-100.pgn,maia2-1100__vs__maia3-1100.pgn
maia2-1100__vs__maia3-1100,93,47,MAIA2 1100,MAIA3 1100,maia2,maia3,1100,1100,White,MAIA2 1100,MAIA3 1100,0-1,0.0,checkmate,64,8dff2e81470ab9089fe36e3e5af8f44a98ba6e1cce9f14bf0d9a329d4f738058,maia-relative-strength-100.pgn,maia2-1100__vs__maia3-1100.pgn
maia2-1100__vs__maia3-1100,94,47,MAIA2 1100,MAIA3 1100,maia2,maia3,1100,1100,Black,MAIA3 1100,MAIA2 1100,1-0,0.0,checkmate,67,8dff2e81470ab9089fe36e3e5af8f44a98ba6e1cce9f14bf0d9a329d4f738058,maia-relative-strength-100.pgn,maia2-1100__vs__maia3-1100.pgn
maia2-1100__vs__maia3-1100,95,48,MAIA2 1100,MAIA3 1100,maia2,maia3,1100,1100,White,MAIA2 1100,MAIA3 1100,1/2-1/2,0.5,stalemate,110,8dff2e81470ab9089fe36e3e5af8f44a98ba6e1cce9f14bf0d9a329d4f738058,maia-relative-strength-100.pgn,maia2-1100__vs__maia3-1100.pgn
maia2-1100__vs__maia3-1100,96,48,MAIA2 1100,MAIA3 1100,maia2,maia3,1100,1100,Black,MAIA3 1100,MAIA2 1100,1-0,0.0,checkmate,71,8dff2e81470ab9089fe36e3e5af8f44a98ba6e1cce9f14bf0d9a329d4f738058,maia-relative-strength-100.pgn,maia2-1100__vs__maia3-1100.pgn
maia2-1100__vs__maia3-1100,97,49,MAIA2 1100,MAIA3 1100,maia2,maia3,1100,1100,White,MAIA2 1100,MAIA3 1100,1/2-1/2,0.5,threefold repetition,47,8dff2e81470ab9089fe36e3e5af8f44a98ba6e1cce9f14bf0d9a329d4f738058,maia-relative-strength-100.pgn,maia2-1100__vs__maia3-1100.pgn
maia2-1100__vs__maia3-1100,98,49,MAIA2 1100,MAIA3 1100,maia2,maia3,1100,1100,Black,MAIA3 1100,MAIA2 1100,0-1,1.0,checkmate,84,8dff2e81470ab9089fe36e3e5af8f44a98ba6e1cce9f14bf0d9a329d4f738058,maia-relative-strength-100.pgn,maia2-1100__vs__maia3-1100.pgn
maia2-1100__vs__maia3-1100,99,50,MAIA2 1100,MAIA3 1100,maia2,maia3,1100,1100,White,MAIA2 1100,MAIA3 1100,1-0,1.0,checkmate,55,8dff2e81470ab9089fe36e3e5af8f44a98ba6e1cce9f14bf0d9a329d4f738058,maia-relative-strength-100.pgn,maia2-1100__vs__maia3-1100.pgn
maia2-1100__vs__maia3-1100,100,50,MAIA2 1100,MAIA3 1100,maia2,maia3,1100,1100,Black,MAIA3 1100,MAIA2 1100,0-1,1.0,checkmate,88,8dff2e81470ab9089fe36e3e5af8f44a98ba6e1cce9f14bf0d9a329d4f738058,maia-relative-strength-100.pgn,maia2-1100__vs__maia3-1100.pgn
maia2-1100__vs__maia3-1100,101,51,MAIA2 1100,MAIA3 1100,maia2,maia3,1100,1100,White,MAIA2 1100,MAIA3 1100,0-1,0.0,checkmate,76,8dff2e81470ab9089fe36e3e5af8f44a98ba6e1cce9f14bf0d9a329d4f738058,maia-relative-strength-100.pgn,maia2-1100__vs__maia3-1100.pgn
maia2-1100__vs__maia3-1100,102,51,MAIA2 1100,MAIA3 1100,maia2,maia3,1100,1100,Black,MAIA3 1100,MAIA2 1100,1-0,0.0,checkmate,45,8dff2e81470ab9089fe36e3e5af8f44a98ba6e1cce9f14bf0d9a329d4f738058,maia-relative-strength-100.pgn,maia2-1100__vs__maia3-1100.pgn
maia2-1100__vs__maia3-1100,103,52,MAIA2 1100,MAIA3 1100,maia2,maia3,1100,1100,White,MAIA2 1100,MAIA3 1100,1-0,1.0,checkmate,139,8dff2e81470ab9089fe36e3e5af8f44a98ba6e1cce9f14bf0d9a329d4f738058,maia-relative-strength-100.pgn,maia2-1100__vs__maia3-1100.pgn
maia2-1100__vs__maia3-1100,104,52,MAIA2 1100,MAIA3 1100,maia2,maia3,1100,1100,Black,MAIA3 1100,MAIA2 1100,1/2-1/2,0.5,stalemate,98,8dff2e81470ab9089fe36e3e5af8f44a98ba6e1cce9f14bf0d9a329d4f738058,maia-relative-strength-100.pgn,maia2-1100__vs__maia3-1100.pgn
maia2-1100__vs__maia3-1100,105,53,MAIA2 1100,MAIA3 1100,maia2,maia3,1100,1100,White,MAIA2 1100,MAIA3 1100,1-0,1.0,checkmate,75,8dff2e81470ab9089fe36e3e5af8f44a98ba6e1cce9f14bf0d9a329d4f738058,maia-relative-strength-100.pgn,maia2-1100__vs__maia3-1100.pgn
maia2-1100__vs__maia3-1100,106,53,MAIA2 1100,MAIA3 1100,maia2,maia3,1100,1100,Black,MAIA3 1100,MAIA2 1100,0-1,1.0,checkmate,134,8dff2e81470ab9089fe36e3e5af8f44a98ba6e1cce9f14bf0d9a329d4f738058,maia-relative-strength-100.pgn,maia2-1100__vs__maia3-1100.pgn
maia2-1100__vs__maia3-1100,107,54,MAIA2 1100,MAIA3 1100,maia2,maia3,1100,1100,White,MAIA2 1100,MAIA3 1100,1/2-1/2,0.5,threefold repetition,74,8dff2e81470ab9089fe36e3e5af8f44a98ba6e1cce9f14bf0d9a329d4f738058,maia-relative-strength-100.pgn,maia2-1100__vs__maia3-1100.pgn
maia2-1100__vs__maia3-1100,108,54,MAIA2 1100,MAIA3 1100,maia2,maia3,1100,1100,Black,MAIA3 1100,MAIA2 1100,1-0,0.0,checkmate,79,8dff2e81470ab9089fe36e3e5af8f44a98ba6e1cce9f14bf0d9a329d4f738058,maia-relative-strength-100.pgn,maia2-1100__vs__maia3-1100.pgn
maia2-1100__vs__maia3-1100,109,55,MAIA2 1100,MAIA3 1100,maia2,maia3,1100,1100,White,MAIA2 1100,MAIA3 1100,0-1,0.0,checkmate,122,8dff2e81470ab9089fe36e3e5af8f44a98ba6e1cce9f14bf0d9a329d4f738058,maia-relative-strength-100.pgn,maia2-1100__vs__maia3-1100.pgn
maia2-1100__vs__maia3-1100,110,55,MAIA2 1100,MAIA3 1100,maia2,maia3,1100,1100,Black,MAIA3 1100,MAIA2 1100,1-0,0.0,checkmate,67,8dff2e81470ab9089fe36e3e5af8f44a98ba6e1cce9f14bf0d9a329d4f738058,maia-relative-strength-100.pgn,maia2-1100__vs__maia3-1100.pgn
maia2-1100__vs__maia3-1100,111,56,MAIA2 1100,MAIA3 1100,maia2,maia3,1100,1100,White,MAIA2 1100,MAIA3 1100,1/2-1/2,0.5,threefold repetition,46,8dff2e81470ab9089fe36e3e5af8f44a98ba6e1cce9f14bf0d9a329d4f738058,maia-relative-strength-100.pgn,maia2-1100__vs__maia3-1100.pgn
maia2-1100__vs__maia3-1100,112,56,MAIA2 1100,MAIA3 1100,maia2,maia3,1100,1100,Black,MAIA3 1100,MAIA2 1100,1-0,0.0,checkmate,91,8dff2e81470ab9089fe36e3e5af8f44a98ba6e1cce9f14bf0d9a329d4f738058,maia-relative-strength-100.pgn,maia2-1100__vs__maia3-1100.pgn
maia2-1100__vs__maia3-1100,113,57,MAIA2 1100,MAIA3 1100,maia2,maia3,1100,1100,White,MAIA2 1100,MAIA3 1100,1-0,1.0,checkmate,79,8dff2e81470ab9089fe36e3e5af8f44a98ba6e1cce9f14bf0d9a329d4f738058,maia-relative-strength-100.pgn,maia2-1100__vs__maia3-1100.pgn
maia2-1100__vs__maia3-1100,114,57,MAIA2 1100,MAIA3 1100,maia2,maia3,1100,1100,Black,MAIA3 1100,MAIA2 1100,1-0,0.0,checkmate,45,8dff2e81470ab9089fe36e3e5af8f44a98ba6e1cce9f14bf0d9a329d4f738058,maia-relative-strength-100.pgn,maia2-1100__vs__maia3-1100.pgn
maia2-1100__vs__maia3-1100,115,58,MAIA2 1100,MAIA3 1100,maia2,maia3,1100,1100,White,MAIA2 1100,MAIA3 1100,1/2-1/2,0.5,threefold repetition,115,8dff2e81470ab9089fe36e3e5af8f44a98ba6e1cce9f14bf0d9a329d4f738058,maia-relative-strength-100.pgn,maia2-1100__vs__maia3-1100.pgn
maia2-1100__vs__maia3-1100,116,58,MAIA2 1100,MAIA3 1100,maia2,maia3,1100,1100,Black,MAIA3 1100,MAIA2 1100,0-1,1.0,checkmate,86,8dff2e81470ab9089fe36e3e5af8f44a98ba6e1cce9f14bf0d9a329d4f738058,maia-relative-strength-100.pgn,maia2-1100__vs__maia3-1100.pgn
maia2-1100__vs__maia3-1100,117,59,MAIA2 1100,MAIA3 1100,maia2,maia3,1100,1100,White,MAIA2 1100,MAIA3 1100,0-1,0.0,checkmate,60,8dff2e81470ab9089fe36e3e5af8f44a98ba6e1cce9f14bf0d9a329d4f738058,maia-relative-strength-100.pgn,maia2-1100__vs__maia3-1100.pgn
maia2-1100__vs__maia3-1100,118,59,MAIA2 1100,MAIA3 1100,maia2,maia3,1100,1100,Black,MAIA3 1100,MAIA2 1100,1-0,0.0,checkmate,41,8dff2e81470ab9089fe36e3e5af8f44a98ba6e1cce9f14bf0d9a329d4f738058,maia-relative-strength-100.pgn,maia2-1100__vs__maia3-1100.pgn
maia2-1100__vs__maia3-1100,119,60,MAIA2 1100,MAIA3 1100,maia2,maia3,1100,1100,White,MAIA2 1100,MAIA3 1100,1-0,1.0,checkmate,53,8dff2e81470ab9089fe36e3e5af8f44a98ba6e1cce9f14bf0d9a329d4f738058,maia-relative-strength-100.pgn,maia2-1100__vs__maia3-1100.pgn
maia2-1100__vs__maia3-1100,120,60,MAIA2 1100,MAIA3 1100,maia2,maia3,1100,1100,Black,MAIA3 1100,MAIA2 1100,1-0,0.0,checkmate,95,8dff2e81470ab9089fe36e3e5af8f44a98ba6e1cce9f14bf0d9a329d4f738058,maia-relative-strength-100.pgn,maia2-1100__vs__maia3-1100.pgn
maia2-1100__vs__maia3-1100,121,61,MAIA2 1100,MAIA3 1100,maia2,maia3,1100,1100,White,MAIA2 1100,MAIA3 1100,0-1,0.0,checkmate,56,8dff2e81470ab9089fe36e3e5af8f44a98ba6e1cce9f14bf0d9a329d4f738058,maia-relative-strength-100.pgn,maia2-1100__vs__maia3-1100.pgn
maia2-1100__vs__maia3-1100,122,61,MAIA2 1100,MAIA3 1100,maia2,maia3,1100,1100,Black,MAIA3 1100,MAIA2 1100,1-0,0.0,checkmate,139,8dff2e81470ab9089fe36e3e5af8f44a98ba6e1cce9f14bf0d9a329d4f738058,maia-relative-strength-100.pgn,maia2-1100__vs__maia3-1100.pgn
maia2-1100__vs__maia3-1100,123,62,MAIA2 1100,MAIA3 1100,maia2,maia3,1100,1100,White,MAIA2 1100,MAIA3 1100,0-1,0.0,checkmate,40,8dff2e81470ab9089fe36e3e5af8f44a98ba6e1cce9f14bf0d9a329d4f738058,maia-relative-strength-100.pgn,maia2-1100__vs__maia3-1100.pgn
maia2-1100__vs__maia3-1100,124,62,MAIA2 1100,MAIA3 1100,maia2,maia3,1100,1100,Black,MAIA3 1100,MAIA2 1100,0-1,1.0,checkmate,60,8dff2e81470ab9089fe36e3e5af8f44a98ba6e1cce9f14bf0d9a329d4f738058,maia-relative-strength-100.pgn,maia2-1100__vs__maia3-1100.pgn
maia2-1100__vs__maia3-1100,125,63,MAIA2 1100,MAIA3 1100,maia2,maia3,1100,1100,White,MAIA2 1100,MAIA3 1100,0-1,0.0,checkmate,50,8dff2e81470ab9089fe36e3e5af8f44a98ba6e1cce9f14bf0d9a329d4f738058,maia-relative-strength-100.pgn,maia2-1100__vs__maia3-1100.pgn
maia2-1100__vs__maia3-1100,126,63,MAIA2 1100,MAIA3 1100,maia2,maia3,1100,1100,Black,MAIA3 1100,MAIA2 1100,1-0,0.0,checkmate,41,8dff2e81470ab9089fe36e3e5af8f44a98ba6e1cce9f14bf0d9a329d4f738058,maia-relative-strength-100.pgn,maia2-1100__vs__maia3-1100.pgn
maia2-1100__vs__maia3-1100,127,64,MAIA2 1100,MAIA3 1100,maia2,maia3,1100,1100,White,MAIA2 1100,MAIA3 1100,1-0,1.0,checkmate,59,8dff2e81470ab9089fe36e3e5af8f44a98ba6e1cce9f14bf0d9a329d4f738058,maia-relative-strength-100.pgn,maia2-1100__vs__maia3-1100.pgn
maia2-1100__vs__maia3-1100,128,64,MAIA2 1100,MAIA3 1100,maia2,maia3,1100,1100,Black,MAIA3 1100,MAIA2 1100,1/2-1/2,0.5,threefold repetition,64,8dff2e81470ab9089fe36e3e5af8f44a98ba6e1cce9f14bf0d9a329d4f738058,maia-relative-strength-100.pgn,maia2-1100__vs__maia3-1100.pgn
maia2-1100__vs__maia3-1100,129,65,MAIA2 1100,MAIA3 1100,maia2,maia3,1100,1100,White,MAIA2 1100,MAIA3 1100,1-0,1.0,checkmate,43,8dff2e81470ab9089fe36e3e5af8f44a98ba6e1cce9f14bf0d9a329d4f738058,maia-relative-strength-100.pgn,maia2-1100__vs__maia3-1100.pgn
maia2-1100__vs__maia3-1100,130,65,MAIA2 1100,MAIA3 1100,maia2,maia3,1100,1100,Black,MAIA3 1100,MAIA2 1100,1-0,0.0,checkmate,79,8dff2e81470ab9089fe36e3e5af8f44a98ba6e1cce9f14bf0d9a329d4f738058,maia-relative-strength-100.pgn,maia2-1100__vs__maia3-1100.pgn
maia2-1100__vs__maia3-1100,131,66,MAIA2 1100,MAIA3 1100,maia2,maia3,1100,1100,White,MAIA2 1100,MAIA3 1100,1/2-1/2,0.5,threefold repetition,35,8dff2e81470ab9089fe36e3e5af8f44a98ba6e1cce9f14bf0d9a329d4f738058,maia-relative-strength-100.pgn,maia2-1100__vs__maia3-1100.pgn
maia2-1100__vs__maia3-1100,132,66,MAIA2 1100,MAIA3 1100,maia2,maia3,1100,1100,Black,MAIA3 1100,MAIA2 1100,0-1,1.0,checkmate,68,8dff2e81470ab9089fe36e3e5af8f44a98ba6e1cce9f14bf0d9a329d4f738058,maia-relative-strength-100.pgn,maia2-1100__vs__maia3-1100.pgn
maia2-1100__vs__maia3-1100,133,67,MAIA2 1100,MAIA3 1100,maia2,maia3,1100,1100,White,MAIA2 1100,MAIA3 1100,1/2-1/2,0.5,threefold repetition,66,8dff2e81470ab9089fe36e3e5af8f44a98ba6e1cce9f14bf0d9a329d4f738058,maia-relative-strength-100.pgn,maia2-1100__vs__maia3-1100.pgn
maia2-1100__vs__maia3-1100,134,67,MAIA2 1100,MAIA3 1100,maia2,maia3,1100,1100,Black,MAIA3 1100,MAIA2 1100,1-0,0.0,checkmate,71,8dff2e81470ab9089fe36e3e5af8f44a98ba6e1cce9f14bf0d9a329d4f738058,maia-relative-strength-100.pgn,maia2-1100__vs__maia3-1100.pgn
maia2-1100__vs__maia3-1100,135,68,MAIA2 1100,MAIA3 1100,maia2,maia3,1100,1100,White,MAIA2 1100,MAIA3 1100,0-1,0.0,checkmate,94,8dff2e81470ab9089fe36e3e5af8f44a98ba6e1cce9f14bf0d9a329d4f738058,maia-relative-strength-100.pgn,maia2-1100__vs__maia3-1100.pgn
maia2-1100__vs__maia3-1100,136,68,MAIA2 1100,MAIA3 1100,maia2,maia3,1100,1100,Black,MAIA3 1100,MAIA2 1100,0-1,1.0,checkmate,96,8dff2e81470ab9089fe36e3e5af8f44a98ba6e1cce9f14bf0d9a329d4f738058,maia-relative-strength-100.pgn,maia2-1100__vs__maia3-1100.pgn
maia2-1100__vs__maia3-1100,137,69,MAIA2 1100,MAIA3 1100,maia2,maia3,1100,1100,White,MAIA2 1100,MAIA3 1100,0-1,0.0,checkmate,58,8dff2e81470ab9089fe36e3e5af8f44a98ba6e1cce9f14bf0d9a329d4f738058,maia-relative-strength-100.pgn,maia2-1100__vs__maia3-1100.pgn
maia2-1100__vs__maia3-1100,138,69,MAIA2 1100,MAIA3 1100,maia2,maia3,1100,1100,Black,MAIA3 1100,MAIA2 1100,1-0,0.0,checkmate,95,8dff2e81470ab9089fe36e3e5af8f44a98ba6e1cce9f14bf0d9a329d4f738058,maia-relative-strength-100.pgn,maia2-1100__vs__maia3-1100.pgn
maia2-1100__vs__maia3-1100,139,70,MAIA2 1100,MAIA3 1100,maia2,maia3,1100,1100,White,MAIA2 1100,MAIA3 1100,1-0,1.0,checkmate,29,8dff2e81470ab9089fe36e3e5af8f44a98ba6e1cce9f14bf0d9a329d4f738058,maia-relative-strength-100.pgn,maia2-1100__vs__maia3-1100.pgn
maia2-1100__vs__maia3-1100,140,70,MAIA2 1100,MAIA3 1100,maia2,maia3,1100,1100,Black,MAIA3 1100,MAIA2 1100,1-0,0.0,checkmate,119,8dff2e81470ab9089fe36e3e5af8f44a98ba6e1cce9f14bf0d9a329d4f738058,maia-relative-strength-100.pgn,maia2-1100__vs__maia3-1100.pgn
maia2-1100__vs__maia3-1100,141,71,MAIA2 1100,MAIA3 1100,maia2,maia3,1100,1100,White,MAIA2 1100,MAIA3 1100,0-1,0.0,checkmate,84,8dff2e81470ab9089fe36e3e5af8f44a98ba6e1cce9f14bf0d9a329d4f738058,maia-relative-strength-100.pgn,maia2-1100__vs__maia3-1100.pgn
maia2-1100__vs__maia3-1100,142,71,MAIA2 1100,MAIA3 1100,maia2,maia3,1100,1100,Black,MAIA3 1100,MAIA2 1100,0-1,1.0,checkmate,78,8dff2e81470ab9089fe36e3e5af8f44a98ba6e1cce9f14bf0d9a329d4f738058,maia-relative-strength-100.pgn,maia2-1100__vs__maia3-1100.pgn
maia2-1100__vs__maia3-1100,143,72,MAIA2 1100,MAIA3 1100,maia2,maia3,1100,1100,White,MAIA2 1100,MAIA3 1100,1-0,1.0,checkmate,39,8dff2e81470ab9089fe36e3e5af8f44a98ba6e1cce9f14bf0d9a329d4f738058,maia-relative-strength-100.pgn,maia2-1100__vs__maia3-1100.pgn
maia2-1100__vs__maia3-1100,144,72,MAIA2 1100,MAIA3 1100,maia2,maia3,1100,1100,Black,MAIA3 1100,MAIA2 1100,1-0,0.0,checkmate,71,8dff2e81470ab9089fe36e3e5af8f44a98ba6e1cce9f14bf0d9a329d4f738058,maia-relative-strength-100.pgn,maia2-1100__vs__maia3-1100.pgn
maia2-1100__vs__maia3-1100,145,73,MAIA2 1100,MAIA3 1100,maia2,maia3,1100,1100,White,MAIA2 1100,MAIA3 1100,1-0,1.0,checkmate,103,8dff2e81470ab9089fe36e3e5af8f44a98ba6e1cce9f14bf0d9a329d4f738058,maia-relative-strength-100.pgn,maia2-1100__vs__maia3-1100.pgn
maia2-1100__vs__maia3-1100,146,73,MAIA2 1100,MAIA3 1100,maia2,maia3,1100,1100,Black,MAIA3 1100,MAIA2 1100,0-1,1.0,checkmate,70,8dff2e81470ab9089fe36e3e5af8f44a98ba6e1cce9f14bf0d9a329d4f738058,maia-relative-strength-100.pgn,maia2-1100__vs__maia3-1100.pgn
maia2-1100__vs__maia3-1100,147,74,MAIA2 1100,MAIA3 1100,maia2,maia3,1100,1100,White,MAIA2 1100,MAIA3 1100,1-0,1.0,checkmate,161,8dff2e81470ab9089fe36e3e5af8f44a98ba6e1cce9f14bf0d9a329d4f738058,maia-relative-strength-100.pgn,maia2-1100__vs__maia3-1100.pgn
maia2-1100__vs__maia3-1100,148,74,MAIA2 1100,MAIA3 1100,maia2,maia3,1100,1100,Black,MAIA3 1100,MAIA2 1100,0-1,1.0,checkmate,34,8dff2e81470ab9089fe36e3e5af8f44a98ba6e1cce9f14bf0d9a329d4f738058,maia-relative-strength-100.pgn,maia2-1100__vs__maia3-1100.pgn
maia2-1100__vs__maia3-1100,149,75,MAIA2 1100,MAIA3 1100,maia2,maia3,1100,1100,White,MAIA2 1100,MAIA3 1100,0-1,0.0,checkmate,50,8dff2e81470ab9089fe36e3e5af8f44a98ba6e1cce9f14bf0d9a329d4f738058,maia-relative-strength-100.pgn,maia2-1100__vs__maia3-1100.pgn
maia2-1100__vs__maia3-1100,150,75,MAIA2 1100,MAIA3 1100,maia2,maia3,1100,1100,Black,MAIA3 1100,MAIA2 1100,0-1,1.0,checkmate,86,8dff2e81470ab9089fe36e3e5af8f44a98ba6e1cce9f14bf0d9a329d4f738058,maia-relative-strength-100.pgn,maia2-1100__vs__maia3-1100.pgn
maia2-1100__vs__maia3-1100,151,76,MAIA2 1100,MAIA3 1100,maia2,maia3,1100,1100,White,MAIA2 1100,MAIA3 1100,1-0,1.0,checkmate,59,8dff2e81470ab9089fe36e3e5af8f44a98ba6e1cce9f14bf0d9a329d4f738058,maia-relative-strength-100.pgn,maia2-1100__vs__maia3-1100.pgn
maia2-1100__vs__maia3-1100,152,76,MAIA2 1100,MAIA3 1100,maia2,maia3,1100,1100,Black,MAIA3 1100,MAIA2 1100,1-0,0.0,checkmate,89,8dff2e81470ab9089fe36e3e5af8f44a98ba6e1cce9f14bf0d9a329d4f738058,maia-relative-strength-100.pgn,maia2-1100__vs__maia3-1100.pgn
maia2-1100__vs__maia3-1100,153,77,MAIA2 1100,MAIA3 1100,maia2,maia3,1100,1100,White,MAIA2 1100,MAIA3 1100,1-0,1.0,checkmate,31,8dff2e81470ab9089fe36e3e5af8f44a98ba6e1cce9f14bf0d9a329d4f738058,maia-relative-strength-100.pgn,maia2-1100__vs__maia3-1100.pgn
maia2-1100__vs__maia3-1100,154,77,MAIA2 1100,MAIA3 1100,maia2,maia3,1100,1100,Black,MAIA3 1100,MAIA2 1100,1-0,0.0,checkmate,103,8dff2e81470ab9089fe36e3e5af8f44a98ba6e1cce9f14bf0d9a329d4f738058,maia-relative-strength-100.pgn,maia2-1100__vs__maia3-1100.pgn
maia2-1100__vs__maia3-1100,155,78,MAIA2 1100,MAIA3 1100,maia2,maia3,1100,1100,White,MAIA2 1100,MAIA3 1100,0-1,0.0,checkmate,62,8dff2e81470ab9089fe36e3e5af8f44a98ba6e1cce9f14bf0d9a329d4f738058,maia-relative-strength-100.pgn,maia2-1100__vs__maia3-1100.pgn
maia2-1100__vs__maia3-1100,156,78,MAIA2 1100,MAIA3 1100,maia2,maia3,1100,1100,Black,MAIA3 1100,MAIA2 1100,0-1,1.0,checkmate,58,8dff2e81470ab9089fe36e3e5af8f44a98ba6e1cce9f14bf0d9a329d4f738058,maia-relative-strength-100.pgn,maia2-1100__vs__maia3-1100.pgn
maia2-1100__vs__maia3-1100,157,79,MAIA2 1100,MAIA3 1100,maia2,maia3,1100,1100,White,MAIA2 1100,MAIA3 1100,1/2-1/2,0.5,insufficient material,132,8dff2e81470ab9089fe36e3e5af8f44a98ba6e1cce9f14bf0d9a329d4f738058,maia-relative-strength-100.pgn,maia2-1100__vs__maia3-1100.pgn
maia2-1100__vs__maia3-1100,158,79,MAIA2 1100,MAIA3 1100,maia2,maia3,1100,1100,Black,MAIA3 1100,MAIA2 1100,1/2-1/2,0.5,threefold repetition,119,8dff2e81470ab9089fe36e3e5af8f44a98ba6e1cce9f14bf0d9a329d4f738058,maia-relative-strength-100.pgn,maia2-1100__vs__maia3-1100.pgn
maia2-1100__vs__maia3-1100,159,80,MAIA2 1100,MAIA3 1100,maia2,maia3,1100,1100,White,MAIA2 1100,MAIA3 1100,1/2-1/2,0.5,threefold repetition,57,8dff2e81470ab9089fe36e3e5af8f44a98ba6e1cce9f14bf0d9a329d4f738058,maia-relative-strength-100.pgn,maia2-1100__vs__maia3-1100.pgn
maia2-1100__vs__maia3-1100,160,80,MAIA2 1100,MAIA3 1100,maia2,maia3,1100,1100,Black,MAIA3 1100,MAIA2 1100,0-1,1.0,checkmate,60,8dff2e81470ab9089fe36e3e5af8f44a98ba6e1cce9f14bf0d9a329d4f738058,maia-relative-strength-100.pgn,maia2-1100__vs__maia3-1100.pgn
maia2-1100__vs__maia3-1100,161,81,MAIA2 1100,MAIA3 1100,maia2,maia3,1100,1100,White,MAIA2 1100,MAIA3 1100,1-0,1.0,checkmate,115,8dff2e81470ab9089fe36e3e5af8f44a98ba6e1cce9f14bf0d9a329d4f738058,maia-relative-strength-100.pgn,maia2-1100__vs__maia3-1100.pgn
maia2-1100__vs__maia3-1100,162,81,MAIA2 1100,MAIA3 1100,maia2,maia3,1100,1100,Black,MAIA3 1100,MAIA2 1100,0-1,1.0,checkmate,60,8dff2e81470ab9089fe36e3e5af8f44a98ba6e1cce9f14bf0d9a329d4f738058,maia-relative-strength-100.pgn,maia2-1100__vs__maia3-1100.pgn
maia2-1100__vs__maia3-1100,163,82,MAIA2 1100,MAIA3 1100,maia2,maia3,1100,1100,White,MAIA2 1100,MAIA3 1100,1-0,1.0,checkmate,41,8dff2e81470ab9089fe36e3e5af8f44a98ba6e1cce9f14bf0d9a329d4f738058,maia-relative-strength-100.pgn,maia2-1100__vs__maia3-1100.pgn
maia2-1100__vs__maia3-1100,164,82,MAIA2 1100,MAIA3 1100,maia2,maia3,1100,1100,Black,MAIA3 1100,MAIA2 1100,1-0,0.0,checkmate,113,8dff2e81470ab9089fe36e3e5af8f44a98ba6e1cce9f14bf0d9a329d4f738058,maia-relative-strength-100.pgn,maia2-1100__vs__maia3-1100.pgn
maia2-1100__vs__maia3-1100,165,83,MAIA2 1100,MAIA3 1100,maia2,maia3,1100,1100,White,MAIA2 1100,MAIA3 1100,1/2-1/2,0.5,threefold repetition,65,8dff2e81470ab9089fe36e3e5af8f44a98ba6e1cce9f14bf0d9a329d4f738058,maia-relative-strength-100.pgn,maia2-1100__vs__maia3-1100.pgn
maia2-1100__vs__maia3-1100,166,83,MAIA2 1100,MAIA3 1100,maia2,maia3,1100,1100,Black,MAIA3 1100,MAIA2 1100,1/2-1/2,0.5,threefold repetition,51,8dff2e81470ab9089fe36e3e5af8f44a98ba6e1cce9f14bf0d9a329d4f738058,maia-relative-strength-100.pgn,maia2-1100__vs__maia3-1100.pgn
maia2-1100__vs__maia3-1100,167,84,MAIA2 1100,MAIA3 1100,maia2,maia3,1100,1100,White,MAIA2 1100,MAIA3 1100,1/2-1/2,0.5,threefold repetition,118,8dff2e81470ab9089fe36e3e5af8f44a98ba6e1cce9f14bf0d9a329d4f738058,maia-relative-strength-100.pgn,maia2-1100__vs__maia3-1100.pgn
maia2-1100__vs__maia3-1100,168,84,MAIA2 1100,MAIA3 1100,maia2,maia3,1100,1100,Black,MAIA3 1100,MAIA2 1100,1-0,0.0,checkmate,119,8dff2e81470ab9089fe36e3e5af8f44a98ba6e1cce9f14bf0d9a329d4f738058,maia-relative-strength-100.pgn,maia2-1100__vs__maia3-1100.pgn
maia2-1100__vs__maia3-1100,169,85,MAIA2 1100,MAIA3 1100,maia2,maia3,1100,1100,White,MAIA2 1100,MAIA3 1100,1-0,1.0,checkmate,89,8dff2e81470ab9089fe36e3e5af8f44a98ba6e1cce9f14bf0d9a329d4f738058,maia-relative-strength-100.pgn,maia2-1100__vs__maia3-1100.pgn
maia2-1100__vs__maia3-1100,170,85,MAIA2 1100,MAIA3 1100,maia2,maia3,1100,1100,Black,MAIA3 1100,MAIA2 1100,1-0,0.0,checkmate,49,8dff2e81470ab9089fe36e3e5af8f44a98ba6e1cce9f14bf0d9a329d4f738058,maia-relative-strength-100.pgn,maia2-1100__vs__maia3-1100.pgn
maia2-1100__vs__maia3-1100,171,86,MAIA2 1100,MAIA3 1100,maia2,maia3,1100,1100,White,MAIA2 1100,MAIA3 1100,1-0,1.0,checkmate,123,8dff2e81470ab9089fe36e3e5af8f44a98ba6e1cce9f14bf0d9a329d4f738058,maia-relative-strength-100.pgn,maia2-1100__vs__maia3-1100.pgn
maia2-1100__vs__maia3-1100,172,86,MAIA2 1100,MAIA3 1100,maia2,maia3,1100,1100,Black,MAIA3 1100,MAIA2 1100,1-0,0.0,checkmate,59,8dff2e81470ab9089fe36e3e5af8f44a98ba6e1cce9f14bf0d9a329d4f738058,maia-relative-strength-100.pgn,maia2-1100__vs__maia3-1100.pgn
maia2-1100__vs__maia3-1100,173,87,MAIA2 1100,MAIA3 1100,maia2,maia3,1100,1100,White,MAIA2 1100,MAIA3 1100,0-1,0.0,checkmate,116,8dff2e81470ab9089fe36e3e5af8f44a98ba6e1cce9f14bf0d9a329d4f738058,maia-relative-strength-100.pgn,maia2-1100__vs__maia3-1100.pgn
maia2-1100__vs__maia3-1100,174,87,MAIA2 1100,MAIA3 1100,maia2,maia3,1100,1100,Black,MAIA3 1100,MAIA2 1100,1-0,0.0,checkmate,87,8dff2e81470ab9089fe36e3e5af8f44a98ba6e1cce9f14bf0d9a329d4f738058,maia-relative-strength-100.pgn,maia2-1100__vs__maia3-1100.pgn
maia2-1100__vs__maia3-1100,175,88,MAIA2 1100,MAIA3 1100,maia2,maia3,1100,1100,White,MAIA2 1100,MAIA3 1100,0-1,0.0,checkmate,86,8dff2e81470ab9089fe36e3e5af8f44a98ba6e1cce9f14bf0d9a329d4f738058,maia-relative-strength-100.pgn,maia2-1100__vs__maia3-1100.pgn
maia2-1100__vs__maia3-1100,176,88,MAIA2 1100,MAIA3 1100,maia2,maia3,1100,1100,Black,MAIA3 1100,MAIA2 1100,1-0,0.0,checkmate,53,8dff2e81470ab9089fe36e3e5af8f44a98ba6e1cce9f14bf0d9a329d4f738058,maia-relative-strength-100.pgn,maia2-1100__vs__maia3-1100.pgn
maia2-1100__vs__maia3-1100,177,89,MAIA2 1100,MAIA3 1100,maia2,maia3,1100,1100,White,MAIA2 1100,MAIA3 1100,0-1,0.0,checkmate,70,8dff2e81470ab9089fe36e3e5af8f44a98ba6e1cce9f14bf0d9a329d4f738058,maia-relative-strength-100.pgn,maia2-1100__vs__maia3-1100.pgn
maia2-1100__vs__maia3-1100,178,89,MAIA2 1100,MAIA3 1100,maia2,maia3,1100,1100,Black,MAIA3 1100,MAIA2 1100,1/2-1/2,0.5,threefold repetition,75,8dff2e81470ab9089fe36e3e5af8f44a98ba6e1cce9f14bf0d9a329d4f738058,maia-relative-strength-100.pgn,maia2-1100__vs__maia3-1100.pgn
maia2-1100__vs__maia3-1100,179,90,MAIA2 1100,MAIA3 1100,maia2,maia3,1100,1100,White,MAIA2 1100,MAIA3 1100,1/2-1/2,0.5,threefold repetition,119,8dff2e81470ab9089fe36e3e5af8f44a98ba6e1cce9f14bf0d9a329d4f738058,maia-relative-strength-100.pgn,maia2-1100__vs__maia3-1100.pgn
maia2-1100__vs__maia3-1100,180,90,MAIA2 1100,MAIA3 1100,maia2,maia3,1100,1100,Black,MAIA3 1100,MAIA2 1100,1/2-1/2,0.5,threefold repetition,48,8dff2e81470ab9089fe36e3e5af8f44a98ba6e1cce9f14bf0d9a329d4f738058,maia-relative-strength-100.pgn,maia2-1100__vs__maia3-1100.pgn
maia2-1100__vs__maia3-1100,181,91,MAIA2 1100,MAIA3 1100,maia2,maia3,1100,1100,White,MAIA2 1100,MAIA3 1100,1/2-1/2,0.5,threefold repetition,72,8dff2e81470ab9089fe36e3e5af8f44a98ba6e1cce9f14bf0d9a329d4f738058,maia-relative-strength-100.pgn,maia2-1100__vs__maia3-1100.pgn
maia2-1100__vs__maia3-1100,182,91,MAIA2 1100,MAIA3 1100,maia2,maia3,1100,1100,Black,MAIA3 1100,MAIA2 1100,1/2-1/2,0.5,threefold repetition,50,8dff2e81470ab9089fe36e3e5af8f44a98ba6e1cce9f14bf0d9a329d4f738058,maia-relative-strength-100.pgn,maia2-1100__vs__maia3-1100.pgn
maia2-1100__vs__maia3-1100,183,92,MAIA2 1100,MAIA3 1100,maia2,maia3,1100,1100,White,MAIA2 1100,MAIA3 1100,1-0,1.0,checkmate,105,8dff2e81470ab9089fe36e3e5af8f44a98ba6e1cce9f14bf0d9a329d4f738058,maia-relative-strength-100.pgn,maia2-1100__vs__maia3-1100.pgn
maia2-1100__vs__maia3-1100,184,92,MAIA2 1100,MAIA3 1100,maia2,maia3,1100,1100,Black,MAIA3 1100,MAIA2 1100,1/2-1/2,0.5,threefold repetition,29,8dff2e81470ab9089fe36e3e5af8f44a98ba6e1cce9f14bf0d9a329d4f738058,maia-relative-strength-100.pgn,maia2-1100__vs__maia3-1100.pgn
maia2-1100__vs__maia3-1100,185,93,MAIA2 1100,MAIA3 1100,maia2,maia3,1100,1100,White,MAIA2 1100,MAIA3 1100,0-1,0.0,checkmate,50,8dff2e81470ab9089fe36e3e5af8f44a98ba6e1cce9f14bf0d9a329d4f738058,maia-relative-strength-100.pgn,maia2-1100__vs__maia3-1100.pgn
maia2-1100__vs__maia3-1100,186,93,MAIA2 1100,MAIA3 1100,maia2,maia3,1100,1100,Black,MAIA3 1100,MAIA2 1100,1/2-1/2,0.5,threefold repetition,71,8dff2e81470ab9089fe36e3e5af8f44a98ba6e1cce9f14bf0d9a329d4f738058,maia-relative-strength-100.pgn,maia2-1100__vs__maia3-1100.pgn
maia2-1100__vs__maia3-1100,187,94,MAIA2 1100,MAIA3 1100,maia2,maia3,1100,1100,White,MAIA2 1100,MAIA3 1100,0-1,0.0,checkmate,104,8dff2e81470ab9089fe36e3e5af8f44a98ba6e1cce9f14bf0d9a329d4f738058,maia-relative-strength-100.pgn,maia2-1100__vs__maia3-1100.pgn
maia2-1100__vs__maia3-1100,188,94,MAIA2 1100,MAIA3 1100,maia2,maia3,1100,1100,Black,MAIA3 1100,MAIA2 1100,1/2-1/2,0.5,threefold repetition,97,8dff2e81470ab9089fe36e3e5af8f44a98ba6e1cce9f14bf0d9a329d4f738058,maia-relative-strength-100.pgn,maia2-1100__vs__maia3-1100.pgn
maia2-1100__vs__maia3-1100,189,95,MAIA2 1100,MAIA3 1100,maia2,maia3,1100,1100,White,MAIA2 1100,MAIA3 1100,1-0,1.0,checkmate,105,8dff2e81470ab9089fe36e3e5af8f44a98ba6e1cce9f14bf0d9a329d4f738058,maia-relative-strength-100.pgn,maia2-1100__vs__maia3-1100.pgn
maia2-1100__vs__maia3-1100,190,95,MAIA2 1100,MAIA3 1100,maia2,maia3,1100,1100,Black,MAIA3 1100,MAIA2 1100,0-1,1.0,checkmate,46,8dff2e81470ab9089fe36e3e5af8f44a98ba6e1cce9f14bf0d9a329d4f738058,maia-relative-strength-100.pgn,maia2-1100__vs__maia3-1100.pgn
maia2-1100__vs__maia3-1100,191,96,MAIA2 1100,MAIA3 1100,maia2,maia3,1100,1100,White,MAIA2 1100,MAIA3 1100,1-0,1.0,checkmate,65,8dff2e81470ab9089fe36e3e5af8f44a98ba6e1cce9f14bf0d9a329d4f738058,maia-relative-strength-100.pgn,maia2-1100__vs__maia3-1100.pgn
maia2-1100__vs__maia3-1100,192,96,MAIA2 1100,MAIA3 1100,maia2,maia3,1100,1100,Black,MAIA3 1100,MAIA2 1100,1-0,0.0,checkmate,85,8dff2e81470ab9089fe36e3e5af8f44a98ba6e1cce9f14bf0d9a329d4f738058,maia-relative-strength-100.pgn,maia2-1100__vs__maia3-1100.pgn
maia2-1100__vs__maia3-1100,193,97,MAIA2 1100,MAIA3 1100,maia2,maia3,1100,1100,White,MAIA2 1100,MAIA3 1100,0-1,0.0,checkmate,58,8dff2e81470ab9089fe36e3e5af8f44a98ba6e1cce9f14bf0d9a329d4f738058,maia-relative-strength-100.pgn,maia2-1100__vs__maia3-1100.pgn
maia2-1100__vs__maia3-1100,194,97,MAIA2 1100,MAIA3 1100,maia2,maia3,1100,1100,Black,MAIA3 1100,MAIA2 1100,1-0,0.0,checkmate,47,8dff2e81470ab9089fe36e3e5af8f44a98ba6e1cce9f14bf0d9a329d4f738058,maia-relative-strength-100.pgn,maia2-1100__vs__maia3-1100.pgn
maia2-1100__vs__maia3-1100,195,98,MAIA2 1100,MAIA3 1100,maia2,maia3,1100,1100,White,MAIA2 1100,MAIA3 1100,1-0,1.0,checkmate,53,8dff2e81470ab9089fe36e3e5af8f44a98ba6e1cce9f14bf0d9a329d4f738058,maia-relative-strength-100.pgn,maia2-1100__vs__maia3-1100.pgn
maia2-1100__vs__maia3-1100,196,98,MAIA2 1100,MAIA3 1100,maia2,maia3,1100,1100,Black,MAIA3 1100,MAIA2 1100,0-1,1.0,checkmate,64,8dff2e81470ab9089fe36e3e5af8f44a98ba6e1cce9f14bf0d9a329d4f738058,maia-relative-strength-100.pgn,maia2-1100__vs__maia3-1100.pgn
maia2-1100__vs__maia3-1100,197,99,MAIA2 1100,MAIA3 1100,maia2,maia3,1100,1100,White,MAIA2 1100,MAIA3 1100,1-0,1.0,checkmate,39,8dff2e81470ab9089fe36e3e5af8f44a98ba6e1cce9f14bf0d9a329d4f738058,maia-relative-strength-100.pgn,maia2-1100__vs__maia3-1100.pgn
maia2-1100__vs__maia3-1100,198,99,MAIA2 1100,MAIA3 1100,maia2,maia3,1100,1100,Black,MAIA3 1100,MAIA2 1100,0-1,1.0,checkmate,50,8dff2e81470ab9089fe36e3e5af8f44a98ba6e1cce9f14bf0d9a329d4f738058,maia-relative-strength-100.pgn,maia2-1100__vs__maia3-1100.pgn
maia2-1100__vs__maia3-1100,199,100,MAIA2 1100,MAIA3 1100,maia2,maia3,1100,1100,White,MAIA2 1100,MAIA3 1100,0-1,0.0,checkmate,78,8dff2e81470ab9089fe36e3e5af8f44a98ba6e1cce9f14bf0d9a329d4f738058,maia-relative-strength-100.pgn,maia2-1100__vs__maia3-1100.pgn
maia2-1100__vs__maia3-1100,200,100,MAIA2 1100,MAIA3 1100,maia2,maia3,1100,1100,Black,MAIA3 1100,MAIA2 1100,1-0,0.0,checkmate,53,8dff2e81470ab9089fe36e3e5af8f44a98ba6e1cce9f14bf0d9a329d4f738058,maia-relative-strength-100.pgn,maia2-1100__vs__maia3-1100.pgn
maia2-1300__vs__maia2-1500,1,1,MAIA2 1300,MAIA2 1500,maia2,maia2,1300,1500,White,MAIA2 1300,MAIA2 1500,0-1,0.0,checkmate,62,dd138885e90dd6287983f9d26a800af2ad606a71f23d160f731eeb776a2e6f65,maia-relative-strength-100.pgn,maia2-1300__vs__maia2-1500.pgn
maia2-1300__vs__maia2-1500,2,1,MAIA2 1300,MAIA2 1500,maia2,maia2,1300,1500,Black,MAIA2 1500,MAIA2 1300,1/2-1/2,0.5,threefold repetition,66,dd138885e90dd6287983f9d26a800af2ad606a71f23d160f731eeb776a2e6f65,maia-relative-strength-100.pgn,maia2-1300__vs__maia2-1500.pgn
maia2-1300__vs__maia2-1500,3,2,MAIA2 1300,MAIA2 1500,maia2,maia2,1300,1500,White,MAIA2 1300,MAIA2 1500,1-0,1.0,checkmate,71,dd138885e90dd6287983f9d26a800af2ad606a71f23d160f731eeb776a2e6f65,maia-relative-strength-100.pgn,maia2-1300__vs__maia2-1500.pgn
maia2-1300__vs__maia2-1500,4,2,MAIA2 1300,MAIA2 1500,maia2,maia2,1300,1500,Black,MAIA2 1500,MAIA2 1300,1-0,0.0,checkmate,51,dd138885e90dd6287983f9d26a800af2ad606a71f23d160f731eeb776a2e6f65,maia-relative-strength-100.pgn,maia2-1300__vs__maia2-1500.pgn
maia2-1300__vs__maia2-1500,5,3,MAIA2 1300,MAIA2 1500,maia2,maia2,1300,1500,White,MAIA2 1300,MAIA2 1500,1-0,1.0,checkmate,73,dd138885e90dd6287983f9d26a800af2ad606a71f23d160f731eeb776a2e6f65,maia-relative-strength-100.pgn,maia2-1300__vs__maia2-1500.pgn
maia2-1300__vs__maia2-1500,6,3,MAIA2 1300,MAIA2 1500,maia2,maia2,1300,1500,Black,MAIA2 1500,MAIA2 1300,1-0,0.0,checkmate,129,dd138885e90dd6287983f9d26a800af2ad606a71f23d160f731eeb776a2e6f65,maia-relative-strength-100.pgn,maia2-1300__vs__maia2-1500.pgn
maia2-1300__vs__maia2-1500,7,4,MAIA2 1300,MAIA2 1500,maia2,maia2,1300,1500,White,MAIA2 1300,MAIA2 1500,1/2-1/2,0.5,threefold repetition,59,dd138885e90dd6287983f9d26a800af2ad606a71f23d160f731eeb776a2e6f65,maia-relative-strength-100.pgn,maia2-1300__vs__maia2-1500.pgn
maia2-1300__vs__maia2-1500,8,4,MAIA2 1300,MAIA2 1500,maia2,maia2,1300,1500,Black,MAIA2 1500,MAIA2 1300,1/2-1/2,0.5,threefold repetition,59,dd138885e90dd6287983f9d26a800af2ad606a71f23d160f731eeb776a2e6f65,maia-relative-strength-100.pgn,maia2-1300__vs__maia2-1500.pgn
maia2-1300__vs__maia2-1500,9,5,MAIA2 1300,MAIA2 1500,maia2,maia2,1300,1500,White,MAIA2 1300,MAIA2 1500,1-0,1.0,checkmate,111,dd138885e90dd6287983f9d26a800af2ad606a71f23d160f731eeb776a2e6f65,maia-relative-strength-100.pgn,maia2-1300__vs__maia2-1500.pgn
maia2-1300__vs__maia2-1500,10,5,MAIA2 1300,MAIA2 1500,maia2,maia2,1300,1500,Black,MAIA2 1500,MAIA2 1300,1-0,0.0,checkmate,89,dd138885e90dd6287983f9d26a800af2ad606a71f23d160f731eeb776a2e6f65,maia-relative-strength-100.pgn,maia2-1300__vs__maia2-1500.pgn
maia2-1300__vs__maia2-1500,11,6,MAIA2 1300,MAIA2 1500,maia2,maia2,1300,1500,White,MAIA2 1300,MAIA2 1500,1-0,1.0,checkmate,79,dd138885e90dd6287983f9d26a800af2ad606a71f23d160f731eeb776a2e6f65,maia-relative-strength-100.pgn,maia2-1300__vs__maia2-1500.pgn
maia2-1300__vs__maia2-1500,12,6,MAIA2 1300,MAIA2 1500,maia2,maia2,1300,1500,Black,MAIA2 1500,MAIA2 1300,1-0,0.0,checkmate,33,dd138885e90dd6287983f9d26a800af2ad606a71f23d160f731eeb776a2e6f65,maia-relative-strength-100.pgn,maia2-1300__vs__maia2-1500.pgn
maia2-1300__vs__maia2-1500,13,7,MAIA2 1300,MAIA2 1500,maia2,maia2,1300,1500,White,MAIA2 1300,MAIA2 1500,1/2-1/2,0.5,threefold repetition,87,dd138885e90dd6287983f9d26a800af2ad606a71f23d160f731eeb776a2e6f65,maia-relative-strength-100.pgn,maia2-1300__vs__maia2-1500.pgn
maia2-1300__vs__maia2-1500,14,7,MAIA2 1300,MAIA2 1500,maia2,maia2,1300,1500,Black,MAIA2 1500,MAIA2 1300,1-0,0.0,checkmate,101,dd138885e90dd6287983f9d26a800af2ad606a71f23d160f731eeb776a2e6f65,maia-relative-strength-100.pgn,maia2-1300__vs__maia2-1500.pgn
maia2-1300__vs__maia2-1500,15,8,MAIA2 1300,MAIA2 1500,maia2,maia2,1300,1500,White,MAIA2 1300,MAIA2 1500,1/2-1/2,0.5,threefold repetition,92,dd138885e90dd6287983f9d26a800af2ad606a71f23d160f731eeb776a2e6f65,maia-relative-strength-100.pgn,maia2-1300__vs__maia2-1500.pgn
maia2-1300__vs__maia2-1500,16,8,MAIA2 1300,MAIA2 1500,maia2,maia2,1300,1500,Black,MAIA2 1500,MAIA2 1300,1-0,0.0,checkmate,65,dd138885e90dd6287983f9d26a800af2ad606a71f23d160f731eeb776a2e6f65,maia-relative-strength-100.pgn,maia2-1300__vs__maia2-1500.pgn
maia2-1300__vs__maia2-1500,17,9,MAIA2 1300,MAIA2 1500,maia2,maia2,1300,1500,White,MAIA2 1300,MAIA2 1500,1-0,1.0,checkmate,129,dd138885e90dd6287983f9d26a800af2ad606a71f23d160f731eeb776a2e6f65,maia-relative-strength-100.pgn,maia2-1300__vs__maia2-1500.pgn
maia2-1300__vs__maia2-1500,18,9,MAIA2 1300,MAIA2 1500,maia2,maia2,1300,1500,Black,MAIA2 1500,MAIA2 1300,1/2-1/2,0.5,threefold repetition,77,dd138885e90dd6287983f9d26a800af2ad606a71f23d160f731eeb776a2e6f65,maia-relative-strength-100.pgn,maia2-1300__vs__maia2-1500.pgn
maia2-1300__vs__maia2-1500,19,10,MAIA2 1300,MAIA2 1500,maia2,maia2,1300,1500,White,MAIA2 1300,MAIA2 1500,0-1,0.0,checkmate,64,dd138885e90dd6287983f9d26a800af2ad606a71f23d160f731eeb776a2e6f65,maia-relative-strength-100.pgn,maia2-1300__vs__maia2-1500.pgn
maia2-1300__vs__maia2-1500,20,10,MAIA2 1300,MAIA2 1500,maia2,maia2,1300,1500,Black,MAIA2 1500,MAIA2 1300,1-0,0.0,checkmate,83,dd138885e90dd6287983f9d26a800af2ad606a71f23d160f731eeb776a2e6f65,maia-relative-strength-100.pgn,maia2-1300__vs__maia2-1500.pgn
maia2-1300__vs__maia2-1500,21,11,MAIA2 1300,MAIA2 1500,maia2,maia2,1300,1500,White,MAIA2 1300,MAIA2 1500,1-0,1.0,checkmate,125,dd138885e90dd6287983f9d26a800af2ad606a71f23d160f731eeb776a2e6f65,maia-relative-strength-100.pgn,maia2-1300__vs__maia2-1500.pgn
maia2-1300__vs__maia2-1500,22,11,MAIA2 1300,MAIA2 1500,maia2,maia2,1300,1500,Black,MAIA2 1500,MAIA2 1300,1/2-1/2,0.5,threefold repetition,61,dd138885e90dd6287983f9d26a800af2ad606a71f23d160f731eeb776a2e6f65,maia-relative-strength-100.pgn,maia2-1300__vs__maia2-1500.pgn
maia2-1300__vs__maia2-1500,23,12,MAIA2 1300,MAIA2 1500,maia2,maia2,1300,1500,White,MAIA2 1300,MAIA2 1500,1/2-1/2,0.5,threefold repetition,33,dd138885e90dd6287983f9d26a800af2ad606a71f23d160f731eeb776a2e6f65,maia-relative-strength-100.pgn,maia2-1300__vs__maia2-1500.pgn
maia2-1300__vs__maia2-1500,24,12,MAIA2 1300,MAIA2 1500,maia2,maia2,1300,1500,Black,MAIA2 1500,MAIA2 1300,1-0,0.0,checkmate,85,dd138885e90dd6287983f9d26a800af2ad606a71f23d160f731eeb776a2e6f65,maia-relative-strength-100.pgn,maia2-1300__vs__maia2-1500.pgn
maia2-1300__vs__maia2-1500,25,13,MAIA2 1300,MAIA2 1500,maia2,maia2,1300,1500,White,MAIA2 1300,MAIA2 1500,0-1,0.0,checkmate,112,dd138885e90dd6287983f9d26a800af2ad606a71f23d160f731eeb776a2e6f65,maia-relative-strength-100.pgn,maia2-1300__vs__maia2-1500.pgn
maia2-1300__vs__maia2-1500,26,13,MAIA2 1300,MAIA2 1500,maia2,maia2,1300,1500,Black,MAIA2 1500,MAIA2 1300,1-0,0.0,checkmate,59,dd138885e90dd6287983f9d26a800af2ad606a71f23d160f731eeb776a2e6f65,maia-relative-strength-100.pgn,maia2-1300__vs__maia2-1500.pgn
maia2-1300__vs__maia2-1500,27,14,MAIA2 1300,MAIA2 1500,maia2,maia2,1300,1500,White,MAIA2 1300,MAIA2 1500,0-1,0.0,checkmate,72,dd138885e90dd6287983f9d26a800af2ad606a71f23d160f731eeb776a2e6f65,maia-relative-strength-100.pgn,maia2-1300__vs__maia2-1500.pgn
maia2-1300__vs__maia2-1500,28,14,MAIA2 1300,MAIA2 1500,maia2,maia2,1300,1500,Black,MAIA2 1500,MAIA2 1300,1/2-1/2,0.5,threefold repetition,98,dd138885e90dd6287983f9d26a800af2ad606a71f23d160f731eeb776a2e6f65,maia-relative-strength-100.pgn,maia2-1300__vs__maia2-1500.pgn
maia2-1300__vs__maia2-1500,29,15,MAIA2 1300,MAIA2 1500,maia2,maia2,1300,1500,White,MAIA2 1300,MAIA2 1500,1/2-1/2,0.5,threefold repetition,77,dd138885e90dd6287983f9d26a800af2ad606a71f23d160f731eeb776a2e6f65,maia-relative-strength-100.pgn,maia2-1300__vs__maia2-1500.pgn
maia2-1300__vs__maia2-1500,30,15,MAIA2 1300,MAIA2 1500,maia2,maia2,1300,1500,Black,MAIA2 1500,MAIA2 1300,0-1,1.0,checkmate,64,dd138885e90dd6287983f9d26a800af2ad606a71f23d160f731eeb776a2e6f65,maia-relative-strength-100.pgn,maia2-1300__vs__maia2-1500.pgn
maia2-1300__vs__maia2-1500,31,16,MAIA2 1300,MAIA2 1500,maia2,maia2,1300,1500,White,MAIA2 1300,MAIA2 1500,1-0,1.0,checkmate,61,dd138885e90dd6287983f9d26a800af2ad606a71f23d160f731eeb776a2e6f65,maia-relative-strength-100.pgn,maia2-1300__vs__maia2-1500.pgn
maia2-1300__vs__maia2-1500,32,16,MAIA2 1300,MAIA2 1500,maia2,maia2,1300,1500,Black,MAIA2 1500,MAIA2 1300,0-1,1.0,checkmate,32,dd138885e90dd6287983f9d26a800af2ad606a71f23d160f731eeb776a2e6f65,maia-relative-strength-100.pgn,maia2-1300__vs__maia2-1500.pgn
maia2-1300__vs__maia2-1500,33,17,MAIA2 1300,MAIA2 1500,maia2,maia2,1300,1500,White,MAIA2 1300,MAIA2 1500,1-0,1.0,checkmate,75,dd138885e90dd6287983f9d26a800af2ad606a71f23d160f731eeb776a2e6f65,maia-relative-strength-100.pgn,maia2-1300__vs__maia2-1500.pgn
maia2-1300__vs__maia2-1500,34,17,MAIA2 1300,MAIA2 1500,maia2,maia2,1300,1500,Black,MAIA2 1500,MAIA2 1300,1/2-1/2,0.5,threefold repetition,134,dd138885e90dd6287983f9d26a800af2ad606a71f23d160f731eeb776a2e6f65,maia-relative-strength-100.pgn,maia2-1300__vs__maia2-1500.pgn
maia2-1300__vs__maia2-1500,35,18,MAIA2 1300,MAIA2 1500,maia2,maia2,1300,1500,White,MAIA2 1300,MAIA2 1500,1-0,1.0,checkmate,51,dd138885e90dd6287983f9d26a800af2ad606a71f23d160f731eeb776a2e6f65,maia-relative-strength-100.pgn,maia2-1300__vs__maia2-1500.pgn
maia2-1300__vs__maia2-1500,36,18,MAIA2 1300,MAIA2 1500,maia2,maia2,1300,1500,Black,MAIA2 1500,MAIA2 1300,1/2-1/2,0.5,threefold repetition,68,dd138885e90dd6287983f9d26a800af2ad606a71f23d160f731eeb776a2e6f65,maia-relative-strength-100.pgn,maia2-1300__vs__maia2-1500.pgn
maia2-1300__vs__maia2-1500,37,19,MAIA2 1300,MAIA2 1500,maia2,maia2,1300,1500,White,MAIA2 1300,MAIA2 1500,1-0,1.0,checkmate,49,dd138885e90dd6287983f9d26a800af2ad606a71f23d160f731eeb776a2e6f65,maia-relative-strength-100.pgn,maia2-1300__vs__maia2-1500.pgn
maia2-1300__vs__maia2-1500,38,19,MAIA2 1300,MAIA2 1500,maia2,maia2,1300,1500,Black,MAIA2 1500,MAIA2 1300,0-1,1.0,checkmate,56,dd138885e90dd6287983f9d26a800af2ad606a71f23d160f731eeb776a2e6f65,maia-relative-strength-100.pgn,maia2-1300__vs__maia2-1500.pgn
maia2-1300__vs__maia2-1500,39,20,MAIA2 1300,MAIA2 1500,maia2,maia2,1300,1500,White,MAIA2 1300,MAIA2 1500,1/2-1/2,0.5,threefold repetition,75,dd138885e90dd6287983f9d26a800af2ad606a71f23d160f731eeb776a2e6f65,maia-relative-strength-100.pgn,maia2-1300__vs__maia2-1500.pgn
maia2-1300__vs__maia2-1500,40,20,MAIA2 1300,MAIA2 1500,maia2,maia2,1300,1500,Black,MAIA2 1500,MAIA2 1300,1/2-1/2,0.5,threefold repetition,51,dd138885e90dd6287983f9d26a800af2ad606a71f23d160f731eeb776a2e6f65,maia-relative-strength-100.pgn,maia2-1300__vs__maia2-1500.pgn
maia2-1300__vs__maia2-1500,41,21,MAIA2 1300,MAIA2 1500,maia2,maia2,1300,1500,White,MAIA2 1300,MAIA2 1500,1/2-1/2,0.5,stalemate,133,dd138885e90dd6287983f9d26a800af2ad606a71f23d160f731eeb776a2e6f65,maia-relative-strength-100.pgn,maia2-1300__vs__maia2-1500.pgn
maia2-1300__vs__maia2-1500,42,21,MAIA2 1300,MAIA2 1500,maia2,maia2,1300,1500,Black,MAIA2 1500,MAIA2 1300,0-1,1.0,checkmate,76,dd138885e90dd6287983f9d26a800af2ad606a71f23d160f731eeb776a2e6f65,maia-relative-strength-100.pgn,maia2-1300__vs__maia2-1500.pgn
maia2-1300__vs__maia2-1500,43,22,MAIA2 1300,MAIA2 1500,maia2,maia2,1300,1500,White,MAIA2 1300,MAIA2 1500,1-0,1.0,checkmate,67,dd138885e90dd6287983f9d26a800af2ad606a71f23d160f731eeb776a2e6f65,maia-relative-strength-100.pgn,maia2-1300__vs__maia2-1500.pgn
maia2-1300__vs__maia2-1500,44,22,MAIA2 1300,MAIA2 1500,maia2,maia2,1300,1500,Black,MAIA2 1500,MAIA2 1300,1-0,0.0,checkmate,131,dd138885e90dd6287983f9d26a800af2ad606a71f23d160f731eeb776a2e6f65,maia-relative-strength-100.pgn,maia2-1300__vs__maia2-1500.pgn
maia2-1300__vs__maia2-1500,45,23,MAIA2 1300,MAIA2 1500,maia2,maia2,1300,1500,White,MAIA2 1300,MAIA2 1500,1-0,1.0,checkmate,67,dd138885e90dd6287983f9d26a800af2ad606a71f23d160f731eeb776a2e6f65,maia-relative-strength-100.pgn,maia2-1300__vs__maia2-1500.pgn
maia2-1300__vs__maia2-1500,46,23,MAIA2 1300,MAIA2 1500,maia2,maia2,1300,1500,Black,MAIA2 1500,MAIA2 1300,1-0,0.0,checkmate,27,dd138885e90dd6287983f9d26a800af2ad606a71f23d160f731eeb776a2e6f65,maia-relative-strength-100.pgn,maia2-1300__vs__maia2-1500.pgn
maia2-1300__vs__maia2-1500,47,24,MAIA2 1300,MAIA2 1500,maia2,maia2,1300,1500,White,MAIA2 1300,MAIA2 1500,0-1,0.0,checkmate,36,dd138885e90dd6287983f9d26a800af2ad606a71f23d160f731eeb776a2e6f65,maia-relative-strength-100.pgn,maia2-1300__vs__maia2-1500.pgn
maia2-1300__vs__maia2-1500,48,24,MAIA2 1300,MAIA2 1500,maia2,maia2,1300,1500,Black,MAIA2 1500,MAIA2 1300,1-0,0.0,checkmate,95,dd138885e90dd6287983f9d26a800af2ad606a71f23d160f731eeb776a2e6f65,maia-relative-strength-100.pgn,maia2-1300__vs__maia2-1500.pgn
maia2-1300__vs__maia2-1500,49,25,MAIA2 1300,MAIA2 1500,maia2,maia2,1300,1500,White,MAIA2 1300,MAIA2 1500,0-1,0.0,checkmate,56,dd138885e90dd6287983f9d26a800af2ad606a71f23d160f731eeb776a2e6f65,maia-relative-strength-100.pgn,maia2-1300__vs__maia2-1500.pgn
maia2-1300__vs__maia2-1500,50,25,MAIA2 1300,MAIA2 1500,maia2,maia2,1300,1500,Black,MAIA2 1500,MAIA2 1300,1-0,0.0,checkmate,67,dd138885e90dd6287983f9d26a800af2ad606a71f23d160f731eeb776a2e6f65,maia-relative-strength-100.pgn,maia2-1300__vs__maia2-1500.pgn
maia2-1300__vs__maia2-1500,51,26,MAIA2 1300,MAIA2 1500,maia2,maia2,1300,1500,White,MAIA2 1300,MAIA2 1500,1/2-1/2,0.5,threefold repetition,70,dd138885e90dd6287983f9d26a800af2ad606a71f23d160f731eeb776a2e6f65,maia-relative-strength-100.pgn,maia2-1300__vs__maia2-1500.pgn
maia2-1300__vs__maia2-1500,52,26,MAIA2 1300,MAIA2 1500,maia2,maia2,1300,1500,Black,MAIA2 1500,MAIA2 1300,0-1,1.0,checkmate,128,dd138885e90dd6287983f9d26a800af2ad606a71f23d160f731eeb776a2e6f65,maia-relative-strength-100.pgn,maia2-1300__vs__maia2-1500.pgn
maia2-1300__vs__maia2-1500,53,27,MAIA2 1300,MAIA2 1500,maia2,maia2,1300,1500,White,MAIA2 1300,MAIA2 1500,1/2-1/2,0.5,threefold repetition,59,dd138885e90dd6287983f9d26a800af2ad606a71f23d160f731eeb776a2e6f65,maia-relative-strength-100.pgn,maia2-1300__vs__maia2-1500.pgn
maia2-1300__vs__maia2-1500,54,27,MAIA2 1300,MAIA2 1500,maia2,maia2,1300,1500,Black,MAIA2 1500,MAIA2 1300,1-0,0.0,checkmate,45,dd138885e90dd6287983f9d26a800af2ad606a71f23d160f731eeb776a2e6f65,maia-relative-strength-100.pgn,maia2-1300__vs__maia2-1500.pgn
maia2-1300__vs__maia2-1500,55,28,MAIA2 1300,MAIA2 1500,maia2,maia2,1300,1500,White,MAIA2 1300,MAIA2 1500,1-0,1.0,checkmate,117,dd138885e90dd6287983f9d26a800af2ad606a71f23d160f731eeb776a2e6f65,maia-relative-strength-100.pgn,maia2-1300__vs__maia2-1500.pgn
maia2-1300__vs__maia2-1500,56,28,MAIA2 1300,MAIA2 1500,maia2,maia2,1300,1500,Black,MAIA2 1500,MAIA2 1300,0-1,1.0,checkmate,128,dd138885e90dd6287983f9d26a800af2ad606a71f23d160f731eeb776a2e6f65,maia-relative-strength-100.pgn,maia2-1300__vs__maia2-1500.pgn
maia2-1300__vs__maia2-1500,57,29,MAIA2 1300,MAIA2 1500,maia2,maia2,1300,1500,White,MAIA2 1300,MAIA2 1500,0-1,0.0,checkmate,148,dd138885e90dd6287983f9d26a800af2ad606a71f23d160f731eeb776a2e6f65,maia-relative-strength-100.pgn,maia2-1300__vs__maia2-1500.pgn
maia2-1300__vs__maia2-1500,58,29,MAIA2 1300,MAIA2 1500,maia2,maia2,1300,1500,Black,MAIA2 1500,MAIA2 1300,1/2-1/2,0.5,stalemate,125,dd138885e90dd6287983f9d26a800af2ad606a71f23d160f731eeb776a2e6f65,maia-relative-strength-100.pgn,maia2-1300__vs__maia2-1500.pgn
maia2-1300__vs__maia2-1500,59,30,MAIA2 1300,MAIA2 1500,maia2,maia2,1300,1500,White,MAIA2 1300,MAIA2 1500,1-0,1.0,checkmate,67,dd138885e90dd6287983f9d26a800af2ad606a71f23d160f731eeb776a2e6f65,maia-relative-strength-100.pgn,maia2-1300__vs__maia2-1500.pgn
maia2-1300__vs__maia2-1500,60,30,MAIA2 1300,MAIA2 1500,maia2,maia2,1300,1500,Black,MAIA2 1500,MAIA2 1300,0-1,1.0,checkmate,120,dd138885e90dd6287983f9d26a800af2ad606a71f23d160f731eeb776a2e6f65,maia-relative-strength-100.pgn,maia2-1300__vs__maia2-1500.pgn
maia2-1300__vs__maia2-1500,61,31,MAIA2 1300,MAIA2 1500,maia2,maia2,1300,1500,White,MAIA2 1300,MAIA2 1500,1/2-1/2,0.5,threefold repetition,78,dd138885e90dd6287983f9d26a800af2ad606a71f23d160f731eeb776a2e6f65,maia-relative-strength-100.pgn,maia2-1300__vs__maia2-1500.pgn
maia2-1300__vs__maia2-1500,62,31,MAIA2 1300,MAIA2 1500,maia2,maia2,1300,1500,Black,MAIA2 1500,MAIA2 1300,1-0,0.0,checkmate,113,dd138885e90dd6287983f9d26a800af2ad606a71f23d160f731eeb776a2e6f65,maia-relative-strength-100.pgn,maia2-1300__vs__maia2-1500.pgn
maia2-1300__vs__maia2-1500,63,32,MAIA2 1300,MAIA2 1500,maia2,maia2,1300,1500,White,MAIA2 1300,MAIA2 1500,0-1,0.0,checkmate,100,dd138885e90dd6287983f9d26a800af2ad606a71f23d160f731eeb776a2e6f65,maia-relative-strength-100.pgn,maia2-1300__vs__maia2-1500.pgn
maia2-1300__vs__maia2-1500,64,32,MAIA2 1300,MAIA2 1500,maia2,maia2,1300,1500,Black,MAIA2 1500,MAIA2 1300,1/2-1/2,0.5,threefold repetition,119,dd138885e90dd6287983f9d26a800af2ad606a71f23d160f731eeb776a2e6f65,maia-relative-strength-100.pgn,maia2-1300__vs__maia2-1500.pgn
maia2-1300__vs__maia2-1500,65,33,MAIA2 1300,MAIA2 1500,maia2,maia2,1300,1500,White,MAIA2 1300,MAIA2 1500,1-0,1.0,checkmate,103,dd138885e90dd6287983f9d26a800af2ad606a71f23d160f731eeb776a2e6f65,maia-relative-strength-100.pgn,maia2-1300__vs__maia2-1500.pgn
maia2-1300__vs__maia2-1500,66,33,MAIA2 1300,MAIA2 1500,maia2,maia2,1300,1500,Black,MAIA2 1500,MAIA2 1300,1-0,0.0,checkmate,105,dd138885e90dd6287983f9d26a800af2ad606a71f23d160f731eeb776a2e6f65,maia-relative-strength-100.pgn,maia2-1300__vs__maia2-1500.pgn
maia2-1300__vs__maia2-1500,67,34,MAIA2 1300,MAIA2 1500,maia2,maia2,1300,1500,White,MAIA2 1300,MAIA2 1500,1-0,1.0,checkmate,95,dd138885e90dd6287983f9d26a800af2ad606a71f23d160f731eeb776a2e6f65,maia-relative-strength-100.pgn,maia2-1300__vs__maia2-1500.pgn
maia2-1300__vs__maia2-1500,68,34,MAIA2 1300,MAIA2 1500,maia2,maia2,1300,1500,Black,MAIA2 1500,MAIA2 1300,0-1,1.0,checkmate,50,dd138885e90dd6287983f9d26a800af2ad606a71f23d160f731eeb776a2e6f65,maia-relative-strength-100.pgn,maia2-1300__vs__maia2-1500.pgn
maia2-1300__vs__maia2-1500,69,35,MAIA2 1300,MAIA2 1500,maia2,maia2,1300,1500,White,MAIA2 1300,MAIA2 1500,0-1,0.0,checkmate,120,dd138885e90dd6287983f9d26a800af2ad606a71f23d160f731eeb776a2e6f65,maia-relative-strength-100.pgn,maia2-1300__vs__maia2-1500.pgn
maia2-1300__vs__maia2-1500,70,35,MAIA2 1300,MAIA2 1500,maia2,maia2,1300,1500,Black,MAIA2 1500,MAIA2 1300,0-1,1.0,checkmate,80,dd138885e90dd6287983f9d26a800af2ad606a71f23d160f731eeb776a2e6f65,maia-relative-strength-100.pgn,maia2-1300__vs__maia2-1500.pgn
maia2-1300__vs__maia2-1500,71,36,MAIA2 1300,MAIA2 1500,maia2,maia2,1300,1500,White,MAIA2 1300,MAIA2 1500,1-0,1.0,checkmate,69,dd138885e90dd6287983f9d26a800af2ad606a71f23d160f731eeb776a2e6f65,maia-relative-strength-100.pgn,maia2-1300__vs__maia2-1500.pgn
maia2-1300__vs__maia2-1500,72,36,MAIA2 1300,MAIA2 1500,maia2,maia2,1300,1500,Black,MAIA2 1500,MAIA2 1300,1-0,0.0,checkmate,141,dd138885e90dd6287983f9d26a800af2ad606a71f23d160f731eeb776a2e6f65,maia-relative-strength-100.pgn,maia2-1300__vs__maia2-1500.pgn
maia2-1300__vs__maia2-1500,73,37,MAIA2 1300,MAIA2 1500,maia2,maia2,1300,1500,White,MAIA2 1300,MAIA2 1500,1-0,1.0,checkmate,99,dd138885e90dd6287983f9d26a800af2ad606a71f23d160f731eeb776a2e6f65,maia-relative-strength-100.pgn,maia2-1300__vs__maia2-1500.pgn
maia2-1300__vs__maia2-1500,74,37,MAIA2 1300,MAIA2 1500,maia2,maia2,1300,1500,Black,MAIA2 1500,MAIA2 1300,0-1,1.0,checkmate,162,dd138885e90dd6287983f9d26a800af2ad606a71f23d160f731eeb776a2e6f65,maia-relative-strength-100.pgn,maia2-1300__vs__maia2-1500.pgn
maia2-1300__vs__maia2-1500,75,38,MAIA2 1300,MAIA2 1500,maia2,maia2,1300,1500,White,MAIA2 1300,MAIA2 1500,0-1,0.0,checkmate,44,dd138885e90dd6287983f9d26a800af2ad606a71f23d160f731eeb776a2e6f65,maia-relative-strength-100.pgn,maia2-1300__vs__maia2-1500.pgn
maia2-1300__vs__maia2-1500,76,38,MAIA2 1300,MAIA2 1500,maia2,maia2,1300,1500,Black,MAIA2 1500,MAIA2 1300,1-0,0.0,checkmate,75,dd138885e90dd6287983f9d26a800af2ad606a71f23d160f731eeb776a2e6f65,maia-relative-strength-100.pgn,maia2-1300__vs__maia2-1500.pgn
maia2-1300__vs__maia2-1500,77,39,MAIA2 1300,MAIA2 1500,maia2,maia2,1300,1500,White,MAIA2 1300,MAIA2 1500,0-1,0.0,checkmate,118,dd138885e90dd6287983f9d26a800af2ad606a71f23d160f731eeb776a2e6f65,maia-relative-strength-100.pgn,maia2-1300__vs__maia2-1500.pgn
maia2-1300__vs__maia2-1500,78,39,MAIA2 1300,MAIA2 1500,maia2,maia2,1300,1500,Black,MAIA2 1500,MAIA2 1300,1/2-1/2,0.5,threefold repetition,111,dd138885e90dd6287983f9d26a800af2ad606a71f23d160f731eeb776a2e6f65,maia-relative-strength-100.pgn,maia2-1300__vs__maia2-1500.pgn
maia2-1300__vs__maia2-1500,79,40,MAIA2 1300,MAIA2 1500,maia2,maia2,1300,1500,White,MAIA2 1300,MAIA2 1500,0-1,0.0,checkmate,88,dd138885e90dd6287983f9d26a800af2ad606a71f23d160f731eeb776a2e6f65,maia-relative-strength-100.pgn,maia2-1300__vs__maia2-1500.pgn
maia2-1300__vs__maia2-1500,80,40,MAIA2 1300,MAIA2 1500,maia2,maia2,1300,1500,Black,MAIA2 1500,MAIA2 1300,0-1,1.0,checkmate,118,dd138885e90dd6287983f9d26a800af2ad606a71f23d160f731eeb776a2e6f65,maia-relative-strength-100.pgn,maia2-1300__vs__maia2-1500.pgn
maia2-1300__vs__maia2-1500,81,41,MAIA2 1300,MAIA2 1500,maia2,maia2,1300,1500,White,MAIA2 1300,MAIA2 1500,1/2-1/2,0.5,threefold repetition,87,dd138885e90dd6287983f9d26a800af2ad606a71f23d160f731eeb776a2e6f65,maia-relative-strength-100.pgn,maia2-1300__vs__maia2-1500.pgn
maia2-1300__vs__maia2-1500,82,41,MAIA2 1300,MAIA2 1500,maia2,maia2,1300,1500,Black,MAIA2 1500,MAIA2 1300,1-0,0.0,checkmate,51,dd138885e90dd6287983f9d26a800af2ad606a71f23d160f731eeb776a2e6f65,maia-relative-strength-100.pgn,maia2-1300__vs__maia2-1500.pgn
maia2-1300__vs__maia2-1500,83,42,MAIA2 1300,MAIA2 1500,maia2,maia2,1300,1500,White,MAIA2 1300,MAIA2 1500,0-1,0.0,checkmate,68,dd138885e90dd6287983f9d26a800af2ad606a71f23d160f731eeb776a2e6f65,maia-relative-strength-100.pgn,maia2-1300__vs__maia2-1500.pgn
maia2-1300__vs__maia2-1500,84,42,MAIA2 1300,MAIA2 1500,maia2,maia2,1300,1500,Black,MAIA2 1500,MAIA2 1300,0-1,1.0,checkmate,142,dd138885e90dd6287983f9d26a800af2ad606a71f23d160f731eeb776a2e6f65,maia-relative-strength-100.pgn,maia2-1300__vs__maia2-1500.pgn
maia2-1300__vs__maia2-1500,85,43,MAIA2 1300,MAIA2 1500,maia2,maia2,1300,1500,White,MAIA2 1300,MAIA2 1500,1/2-1/2,0.5,threefold repetition,101,dd138885e90dd6287983f9d26a800af2ad606a71f23d160f731eeb776a2e6f65,maia-relative-strength-100.pgn,maia2-1300__vs__maia2-1500.pgn
maia2-1300__vs__maia2-1500,86,43,MAIA2 1300,MAIA2 1500,maia2,maia2,1300,1500,Black,MAIA2 1500,MAIA2 1300,1/2-1/2,0.5,threefold repetition,102,dd138885e90dd6287983f9d26a800af2ad606a71f23d160f731eeb776a2e6f65,maia-relative-strength-100.pgn,maia2-1300__vs__maia2-1500.pgn
maia2-1300__vs__maia2-1500,87,44,MAIA2 1300,MAIA2 1500,maia2,maia2,1300,1500,White,MAIA2 1300,MAIA2 1500,0-1,0.0,checkmate,100,dd138885e90dd6287983f9d26a800af2ad606a71f23d160f731eeb776a2e6f65,maia-relative-strength-100.pgn,maia2-1300__vs__maia2-1500.pgn
maia2-1300__vs__maia2-1500,88,44,MAIA2 1300,MAIA2 1500,maia2,maia2,1300,1500,Black,MAIA2 1500,MAIA2 1300,1/2-1/2,0.5,threefold repetition,87,dd138885e90dd6287983f9d26a800af2ad606a71f23d160f731eeb776a2e6f65,maia-relative-strength-100.pgn,maia2-1300__vs__maia2-1500.pgn
maia2-1300__vs__maia2-1500,89,45,MAIA2 1300,MAIA2 1500,maia2,maia2,1300,1500,White,MAIA2 1300,MAIA2 1500,1/2-1/2,0.5,threefold repetition,48,dd138885e90dd6287983f9d26a800af2ad606a71f23d160f731eeb776a2e6f65,maia-relative-strength-100.pgn,maia2-1300__vs__maia2-1500.pgn
maia2-1300__vs__maia2-1500,90,45,MAIA2 1300,MAIA2 1500,maia2,maia2,1300,1500,Black,MAIA2 1500,MAIA2 1300,0-1,1.0,checkmate,124,dd138885e90dd6287983f9d26a800af2ad606a71f23d160f731eeb776a2e6f65,maia-relative-strength-100.pgn,maia2-1300__vs__maia2-1500.pgn
maia2-1300__vs__maia2-1500,91,46,MAIA2 1300,MAIA2 1500,maia2,maia2,1300,1500,White,MAIA2 1300,MAIA2 1500,0-1,0.0,checkmate,110,dd138885e90dd6287983f9d26a800af2ad606a71f23d160f731eeb776a2e6f65,maia-relative-strength-100.pgn,maia2-1300__vs__maia2-1500.pgn
maia2-1300__vs__maia2-1500,92,46,MAIA2 1300,MAIA2 1500,maia2,maia2,1300,1500,Black,MAIA2 1500,MAIA2 1300,1-0,0.0,checkmate,123,dd138885e90dd6287983f9d26a800af2ad606a71f23d160f731eeb776a2e6f65,maia-relative-strength-100.pgn,maia2-1300__vs__maia2-1500.pgn
maia2-1300__vs__maia2-1500,93,47,MAIA2 1300,MAIA2 1500,maia2,maia2,1300,1500,White,MAIA2 1300,MAIA2 1500,0-1,0.0,checkmate,96,dd138885e90dd6287983f9d26a800af2ad606a71f23d160f731eeb776a2e6f65,maia-relative-strength-100.pgn,maia2-1300__vs__maia2-1500.pgn
maia2-1300__vs__maia2-1500,94,47,MAIA2 1300,MAIA2 1500,maia2,maia2,1300,1500,Black,MAIA2 1500,MAIA2 1300,1-0,0.0,checkmate,75,dd138885e90dd6287983f9d26a800af2ad606a71f23d160f731eeb776a2e6f65,maia-relative-strength-100.pgn,maia2-1300__vs__maia2-1500.pgn
maia2-1300__vs__maia2-1500,95,48,MAIA2 1300,MAIA2 1500,maia2,maia2,1300,1500,White,MAIA2 1300,MAIA2 1500,0-1,0.0,checkmate,102,dd138885e90dd6287983f9d26a800af2ad606a71f23d160f731eeb776a2e6f65,maia-relative-strength-100.pgn,maia2-1300__vs__maia2-1500.pgn
maia2-1300__vs__maia2-1500,96,48,MAIA2 1300,MAIA2 1500,maia2,maia2,1300,1500,Black,MAIA2 1500,MAIA2 1300,1/2-1/2,0.5,threefold repetition,77,dd138885e90dd6287983f9d26a800af2ad606a71f23d160f731eeb776a2e6f65,maia-relative-strength-100.pgn,maia2-1300__vs__maia2-1500.pgn
maia2-1300__vs__maia2-1500,97,49,MAIA2 1300,MAIA2 1500,maia2,maia2,1300,1500,White,MAIA2 1300,MAIA2 1500,0-1,0.0,checkmate,118,dd138885e90dd6287983f9d26a800af2ad606a71f23d160f731eeb776a2e6f65,maia-relative-strength-100.pgn,maia2-1300__vs__maia2-1500.pgn
maia2-1300__vs__maia2-1500,98,49,MAIA2 1300,MAIA2 1500,maia2,maia2,1300,1500,Black,MAIA2 1500,MAIA2 1300,1-0,0.0,checkmate,61,dd138885e90dd6287983f9d26a800af2ad606a71f23d160f731eeb776a2e6f65,maia-relative-strength-100.pgn,maia2-1300__vs__maia2-1500.pgn
maia2-1300__vs__maia2-1500,99,50,MAIA2 1300,MAIA2 1500,maia2,maia2,1300,1500,White,MAIA2 1300,MAIA2 1500,1/2-1/2,0.5,threefold repetition,68,dd138885e90dd6287983f9d26a800af2ad606a71f23d160f731eeb776a2e6f65,maia-relative-strength-100.pgn,maia2-1300__vs__maia2-1500.pgn
maia2-1300__vs__maia2-1500,100,50,MAIA2 1300,MAIA2 1500,maia2,maia2,1300,1500,Black,MAIA2 1500,MAIA2 1300,1/2-1/2,0.5,threefold repetition,82,dd138885e90dd6287983f9d26a800af2ad606a71f23d160f731eeb776a2e6f65,maia-relative-strength-100.pgn,maia2-1300__vs__maia2-1500.pgn
maia2-1300__vs__maia2-1500,101,51,MAIA2 1300,MAIA2 1500,maia2,maia2,1300,1500,White,MAIA2 1300,MAIA2 1500,1/2-1/2,0.5,threefold repetition,69,dd138885e90dd6287983f9d26a800af2ad606a71f23d160f731eeb776a2e6f65,maia-relative-strength-100.pgn,maia2-1300__vs__maia2-1500.pgn
maia2-1300__vs__maia2-1500,102,51,MAIA2 1300,MAIA2 1500,maia2,maia2,1300,1500,Black,MAIA2 1500,MAIA2 1300,1-0,0.0,checkmate,45,dd138885e90dd6287983f9d26a800af2ad606a71f23d160f731eeb776a2e6f65,maia-relative-strength-100.pgn,maia2-1300__vs__maia2-1500.pgn
maia2-1300__vs__maia2-1500,103,52,MAIA2 1300,MAIA2 1500,maia2,maia2,1300,1500,White,MAIA2 1300,MAIA2 1500,1-0,1.0,checkmate,67,dd138885e90dd6287983f9d26a800af2ad606a71f23d160f731eeb776a2e6f65,maia-relative-strength-100.pgn,maia2-1300__vs__maia2-1500.pgn
maia2-1300__vs__maia2-1500,104,52,MAIA2 1300,MAIA2 1500,maia2,maia2,1300,1500,Black,MAIA2 1500,MAIA2 1300,1/2-1/2,0.5,threefold repetition,66,dd138885e90dd6287983f9d26a800af2ad606a71f23d160f731eeb776a2e6f65,maia-relative-strength-100.pgn,maia2-1300__vs__maia2-1500.pgn
maia2-1300__vs__maia2-1500,105,53,MAIA2 1300,MAIA2 1500,maia2,maia2,1300,1500,White,MAIA2 1300,MAIA2 1500,1/2-1/2,0.5,threefold repetition,61,dd138885e90dd6287983f9d26a800af2ad606a71f23d160f731eeb776a2e6f65,maia-relative-strength-100.pgn,maia2-1300__vs__maia2-1500.pgn
maia2-1300__vs__maia2-1500,106,53,MAIA2 1300,MAIA2 1500,maia2,maia2,1300,1500,Black,MAIA2 1500,MAIA2 1300,1-0,0.0,checkmate,105,dd138885e90dd6287983f9d26a800af2ad606a71f23d160f731eeb776a2e6f65,maia-relative-strength-100.pgn,maia2-1300__vs__maia2-1500.pgn
maia2-1300__vs__maia2-1500,107,54,MAIA2 1300,MAIA2 1500,maia2,maia2,1300,1500,White,MAIA2 1300,MAIA2 1500,1-0,1.0,checkmate,51,dd138885e90dd6287983f9d26a800af2ad606a71f23d160f731eeb776a2e6f65,maia-relative-strength-100.pgn,maia2-1300__vs__maia2-1500.pgn
maia2-1300__vs__maia2-1500,108,54,MAIA2 1300,MAIA2 1500,maia2,maia2,1300,1500,Black,MAIA2 1500,MAIA2 1300,1-0,0.0,checkmate,51,dd138885e90dd6287983f9d26a800af2ad606a71f23d160f731eeb776a2e6f65,maia-relative-strength-100.pgn,maia2-1300__vs__maia2-1500.pgn
maia2-1300__vs__maia2-1500,109,55,MAIA2 1300,MAIA2 1500,maia2,maia2,1300,1500,White,MAIA2 1300,MAIA2 1500,0-1,0.0,checkmate,62,dd138885e90dd6287983f9d26a800af2ad606a71f23d160f731eeb776a2e6f65,maia-relative-strength-100.pgn,maia2-1300__vs__maia2-1500.pgn
maia2-1300__vs__maia2-1500,110,55,MAIA2 1300,MAIA2 1500,maia2,maia2,1300,1500,Black,MAIA2 1500,MAIA2 1300,0-1,1.0,checkmate,88,dd138885e90dd6287983f9d26a800af2ad606a71f23d160f731eeb776a2e6f65,maia-relative-strength-100.pgn,maia2-1300__vs__maia2-1500.pgn
maia2-1300__vs__maia2-1500,111,56,MAIA2 1300,MAIA2 1500,maia2,maia2,1300,1500,White,MAIA2 1300,MAIA2 1500,1-0,1.0,checkmate,91,dd138885e90dd6287983f9d26a800af2ad606a71f23d160f731eeb776a2e6f65,maia-relative-strength-100.pgn,maia2-1300__vs__maia2-1500.pgn
maia2-1300__vs__maia2-1500,112,56,MAIA2 1300,MAIA2 1500,maia2,maia2,1300,1500,Black,MAIA2 1500,MAIA2 1300,0-1,1.0,checkmate,154,dd138885e90dd6287983f9d26a800af2ad606a71f23d160f731eeb776a2e6f65,maia-relative-strength-100.pgn,maia2-1300__vs__maia2-1500.pgn
maia2-1300__vs__maia2-1500,113,57,MAIA2 1300,MAIA2 1500,maia2,maia2,1300,1500,White,MAIA2 1300,MAIA2 1500,1-0,1.0,checkmate,161,dd138885e90dd6287983f9d26a800af2ad606a71f23d160f731eeb776a2e6f65,maia-relative-strength-100.pgn,maia2-1300__vs__maia2-1500.pgn
maia2-1300__vs__maia2-1500,114,57,MAIA2 1300,MAIA2 1500,maia2,maia2,1300,1500,Black,MAIA2 1500,MAIA2 1300,1/2-1/2,0.5,stalemate,115,dd138885e90dd6287983f9d26a800af2ad606a71f23d160f731eeb776a2e6f65,maia-relative-strength-100.pgn,maia2-1300__vs__maia2-1500.pgn
maia2-1300__vs__maia2-1500,115,58,MAIA2 1300,MAIA2 1500,maia2,maia2,1300,1500,White,MAIA2 1300,MAIA2 1500,1-0,1.0,checkmate,61,dd138885e90dd6287983f9d26a800af2ad606a71f23d160f731eeb776a2e6f65,maia-relative-strength-100.pgn,maia2-1300__vs__maia2-1500.pgn
maia2-1300__vs__maia2-1500,116,58,MAIA2 1300,MAIA2 1500,maia2,maia2,1300,1500,Black,MAIA2 1500,MAIA2 1300,1-0,0.0,checkmate,53,dd138885e90dd6287983f9d26a800af2ad606a71f23d160f731eeb776a2e6f65,maia-relative-strength-100.pgn,maia2-1300__vs__maia2-1500.pgn
maia2-1300__vs__maia2-1500,117,59,MAIA2 1300,MAIA2 1500,maia2,maia2,1300,1500,White,MAIA2 1300,MAIA2 1500,1-0,1.0,checkmate,127,dd138885e90dd6287983f9d26a800af2ad606a71f23d160f731eeb776a2e6f65,maia-relative-strength-100.pgn,maia2-1300__vs__maia2-1500.pgn
maia2-1300__vs__maia2-1500,118,59,MAIA2 1300,MAIA2 1500,maia2,maia2,1300,1500,Black,MAIA2 1500,MAIA2 1300,1-0,0.0,checkmate,93,dd138885e90dd6287983f9d26a800af2ad606a71f23d160f731eeb776a2e6f65,maia-relative-strength-100.pgn,maia2-1300__vs__maia2-1500.pgn
maia2-1300__vs__maia2-1500,119,60,MAIA2 1300,MAIA2 1500,maia2,maia2,1300,1500,White,MAIA2 1300,MAIA2 1500,1-0,1.0,checkmate,143,dd138885e90dd6287983f9d26a800af2ad606a71f23d160f731eeb776a2e6f65,maia-relative-strength-100.pgn,maia2-1300__vs__maia2-1500.pgn
maia2-1300__vs__maia2-1500,120,60,MAIA2 1300,MAIA2 1500,maia2,maia2,1300,1500,Black,MAIA2 1500,MAIA2 1300,1-0,0.0,checkmate,97,dd138885e90dd6287983f9d26a800af2ad606a71f23d160f731eeb776a2e6f65,maia-relative-strength-100.pgn,maia2-1300__vs__maia2-1500.pgn
maia2-1300__vs__maia2-1500,121,61,MAIA2 1300,MAIA2 1500,maia2,maia2,1300,1500,White,MAIA2 1300,MAIA2 1500,1-0,1.0,checkmate,111,dd138885e90dd6287983f9d26a800af2ad606a71f23d160f731eeb776a2e6f65,maia-relative-strength-100.pgn,maia2-1300__vs__maia2-1500.pgn
maia2-1300__vs__maia2-1500,122,61,MAIA2 1300,MAIA2 1500,maia2,maia2,1300,1500,Black,MAIA2 1500,MAIA2 1300,1-0,0.0,checkmate,79,dd138885e90dd6287983f9d26a800af2ad606a71f23d160f731eeb776a2e6f65,maia-relative-strength-100.pgn,maia2-1300__vs__maia2-1500.pgn
maia2-1300__vs__maia2-1500,123,62,MAIA2 1300,MAIA2 1500,maia2,maia2,1300,1500,White,MAIA2 1300,MAIA2 1500,0-1,0.0,checkmate,80,dd138885e90dd6287983f9d26a800af2ad606a71f23d160f731eeb776a2e6f65,maia-relative-strength-100.pgn,maia2-1300__vs__maia2-1500.pgn
maia2-1300__vs__maia2-1500,124,62,MAIA2 1300,MAIA2 1500,maia2,maia2,1300,1500,Black,MAIA2 1500,MAIA2 1300,1/2-1/2,0.5,threefold repetition,55,dd138885e90dd6287983f9d26a800af2ad606a71f23d160f731eeb776a2e6f65,maia-relative-strength-100.pgn,maia2-1300__vs__maia2-1500.pgn
maia2-1300__vs__maia2-1500,125,63,MAIA2 1300,MAIA2 1500,maia2,maia2,1300,1500,White,MAIA2 1300,MAIA2 1500,1-0,1.0,checkmate,57,dd138885e90dd6287983f9d26a800af2ad606a71f23d160f731eeb776a2e6f65,maia-relative-strength-100.pgn,maia2-1300__vs__maia2-1500.pgn
maia2-1300__vs__maia2-1500,126,63,MAIA2 1300,MAIA2 1500,maia2,maia2,1300,1500,Black,MAIA2 1500,MAIA2 1300,1/2-1/2,0.5,threefold repetition,110,dd138885e90dd6287983f9d26a800af2ad606a71f23d160f731eeb776a2e6f65,maia-relative-strength-100.pgn,maia2-1300__vs__maia2-1500.pgn
maia2-1300__vs__maia2-1500,127,64,MAIA2 1300,MAIA2 1500,maia2,maia2,1300,1500,White,MAIA2 1300,MAIA2 1500,1/2-1/2,0.5,stalemate,132,dd138885e90dd6287983f9d26a800af2ad606a71f23d160f731eeb776a2e6f65,maia-relative-strength-100.pgn,maia2-1300__vs__maia2-1500.pgn
maia2-1300__vs__maia2-1500,128,64,MAIA2 1300,MAIA2 1500,maia2,maia2,1300,1500,Black,MAIA2 1500,MAIA2 1300,1-0,0.0,checkmate,95,dd138885e90dd6287983f9d26a800af2ad606a71f23d160f731eeb776a2e6f65,maia-relative-strength-100.pgn,maia2-1300__vs__maia2-1500.pgn
maia2-1300__vs__maia2-1500,129,65,MAIA2 1300,MAIA2 1500,maia2,maia2,1300,1500,White,MAIA2 1300,MAIA2 1500,1/2-1/2,0.5,threefold repetition,100,dd138885e90dd6287983f9d26a800af2ad606a71f23d160f731eeb776a2e6f65,maia-relative-strength-100.pgn,maia2-1300__vs__maia2-1500.pgn
maia2-1300__vs__maia2-1500,130,65,MAIA2 1300,MAIA2 1500,maia2,maia2,1300,1500,Black,MAIA2 1500,MAIA2 1300,1/2-1/2,0.5,threefold repetition,56,dd138885e90dd6287983f9d26a800af2ad606a71f23d160f731eeb776a2e6f65,maia-relative-strength-100.pgn,maia2-1300__vs__maia2-1500.pgn
maia2-1300__vs__maia2-1500,131,66,MAIA2 1300,MAIA2 1500,maia2,maia2,1300,1500,White,MAIA2 1300,MAIA2 1500,0-1,0.0,checkmate,138,dd138885e90dd6287983f9d26a800af2ad606a71f23d160f731eeb776a2e6f65,maia-relative-strength-100.pgn,maia2-1300__vs__maia2-1500.pgn
maia2-1300__vs__maia2-1500,132,66,MAIA2 1300,MAIA2 1500,maia2,maia2,1300,1500,Black,MAIA2 1500,MAIA2 1300,0-1,1.0,checkmate,64,dd138885e90dd6287983f9d26a800af2ad606a71f23d160f731eeb776a2e6f65,maia-relative-strength-100.pgn,maia2-1300__vs__maia2-1500.pgn
maia2-1300__vs__maia2-1500,133,67,MAIA2 1300,MAIA2 1500,maia2,maia2,1300,1500,White,MAIA2 1300,MAIA2 1500,1/2-1/2,0.5,threefold repetition,75,dd138885e90dd6287983f9d26a800af2ad606a71f23d160f731eeb776a2e6f65,maia-relative-strength-100.pgn,maia2-1300__vs__maia2-1500.pgn
maia2-1300__vs__maia2-1500,134,67,MAIA2 1300,MAIA2 1500,maia2,maia2,1300,1500,Black,MAIA2 1500,MAIA2 1300,1-0,0.0,checkmate,97,dd138885e90dd6287983f9d26a800af2ad606a71f23d160f731eeb776a2e6f65,maia-relative-strength-100.pgn,maia2-1300__vs__maia2-1500.pgn
maia2-1300__vs__maia2-1500,135,68,MAIA2 1300,MAIA2 1500,maia2,maia2,1300,1500,White,MAIA2 1300,MAIA2 1500,1/2-1/2,0.5,threefold repetition,86,dd138885e90dd6287983f9d26a800af2ad606a71f23d160f731eeb776a2e6f65,maia-relative-strength-100.pgn,maia2-1300__vs__maia2-1500.pgn
maia2-1300__vs__maia2-1500,136,68,MAIA2 1300,MAIA2 1500,maia2,maia2,1300,1500,Black,MAIA2 1500,MAIA2 1300,1/2-1/2,0.5,threefold repetition,152,dd138885e90dd6287983f9d26a800af2ad606a71f23d160f731eeb776a2e6f65,maia-relative-strength-100.pgn,maia2-1300__vs__maia2-1500.pgn
maia2-1300__vs__maia2-1500,137,69,MAIA2 1300,MAIA2 1500,maia2,maia2,1300,1500,White,MAIA2 1300,MAIA2 1500,0-1,0.0,checkmate,58,dd138885e90dd6287983f9d26a800af2ad606a71f23d160f731eeb776a2e6f65,maia-relative-strength-100.pgn,maia2-1300__vs__maia2-1500.pgn
maia2-1300__vs__maia2-1500,138,69,MAIA2 1300,MAIA2 1500,maia2,maia2,1300,1500,Black,MAIA2 1500,MAIA2 1300,1/2-1/2,0.5,threefold repetition,63,dd138885e90dd6287983f9d26a800af2ad606a71f23d160f731eeb776a2e6f65,maia-relative-strength-100.pgn,maia2-1300__vs__maia2-1500.pgn
maia2-1300__vs__maia2-1500,139,70,MAIA2 1300,MAIA2 1500,maia2,maia2,1300,1500,White,MAIA2 1300,MAIA2 1500,1-0,1.0,checkmate,103,dd138885e90dd6287983f9d26a800af2ad606a71f23d160f731eeb776a2e6f65,maia-relative-strength-100.pgn,maia2-1300__vs__maia2-1500.pgn
maia2-1300__vs__maia2-1500,140,70,MAIA2 1300,MAIA2 1500,maia2,maia2,1300,1500,Black,MAIA2 1500,MAIA2 1300,1/2-1/2,0.5,threefold repetition,75,dd138885e90dd6287983f9d26a800af2ad606a71f23d160f731eeb776a2e6f65,maia-relative-strength-100.pgn,maia2-1300__vs__maia2-1500.pgn
maia2-1300__vs__maia2-1500,141,71,MAIA2 1300,MAIA2 1500,maia2,maia2,1300,1500,White,MAIA2 1300,MAIA2 1500,0-1,0.0,checkmate,72,dd138885e90dd6287983f9d26a800af2ad606a71f23d160f731eeb776a2e6f65,maia-relative-strength-100.pgn,maia2-1300__vs__maia2-1500.pgn
maia2-1300__vs__maia2-1500,142,71,MAIA2 1300,MAIA2 1500,maia2,maia2,1300,1500,Black,MAIA2 1500,MAIA2 1300,0-1,1.0,checkmate,114,dd138885e90dd6287983f9d26a800af2ad606a71f23d160f731eeb776a2e6f65,maia-relative-strength-100.pgn,maia2-1300__vs__maia2-1500.pgn
maia2-1300__vs__maia2-1500,143,72,MAIA2 1300,MAIA2 1500,maia2,maia2,1300,1500,White,MAIA2 1300,MAIA2 1500,0-1,0.0,checkmate,114,dd138885e90dd6287983f9d26a800af2ad606a71f23d160f731eeb776a2e6f65,maia-relative-strength-100.pgn,maia2-1300__vs__maia2-1500.pgn
maia2-1300__vs__maia2-1500,144,72,MAIA2 1300,MAIA2 1500,maia2,maia2,1300,1500,Black,MAIA2 1500,MAIA2 1300,0-1,1.0,checkmate,60,dd138885e90dd6287983f9d26a800af2ad606a71f23d160f731eeb776a2e6f65,maia-relative-strength-100.pgn,maia2-1300__vs__maia2-1500.pgn
maia2-1300__vs__maia2-1500,145,73,MAIA2 1300,MAIA2 1500,maia2,maia2,1300,1500,White,MAIA2 1300,MAIA2 1500,1-0,1.0,checkmate,27,dd138885e90dd6287983f9d26a800af2ad606a71f23d160f731eeb776a2e6f65,maia-relative-strength-100.pgn,maia2-1300__vs__maia2-1500.pgn
maia2-1300__vs__maia2-1500,146,73,MAIA2 1300,MAIA2 1500,maia2,maia2,1300,1500,Black,MAIA2 1500,MAIA2 1300,1-0,0.0,checkmate,63,dd138885e90dd6287983f9d26a800af2ad606a71f23d160f731eeb776a2e6f65,maia-relative-strength-100.pgn,maia2-1300__vs__maia2-1500.pgn
maia2-1300__vs__maia2-1500,147,74,MAIA2 1300,MAIA2 1500,maia2,maia2,1300,1500,White,MAIA2 1300,MAIA2 1500,1-0,1.0,checkmate,53,dd138885e90dd6287983f9d26a800af2ad606a71f23d160f731eeb776a2e6f65,maia-relative-strength-100.pgn,maia2-1300__vs__maia2-1500.pgn
maia2-1300__vs__maia2-1500,148,74,MAIA2 1300,MAIA2 1500,maia2,maia2,1300,1500,Black,MAIA2 1500,MAIA2 1300,1-0,0.0,checkmate,33,dd138885e90dd6287983f9d26a800af2ad606a71f23d160f731eeb776a2e6f65,maia-relative-strength-100.pgn,maia2-1300__vs__maia2-1500.pgn
maia2-1300__vs__maia2-1500,149,75,MAIA2 1300,MAIA2 1500,maia2,maia2,1300,1500,White,MAIA2 1300,MAIA2 1500,1/2-1/2,0.5,threefold repetition,73,dd138885e90dd6287983f9d26a800af2ad606a71f23d160f731eeb776a2e6f65,maia-relative-strength-100.pgn,maia2-1300__vs__maia2-1500.pgn
maia2-1300__vs__maia2-1500,150,75,MAIA2 1300,MAIA2 1500,maia2,maia2,1300,1500,Black,MAIA2 1500,MAIA2 1300,1-0,0.0,checkmate,57,dd138885e90dd6287983f9d26a800af2ad606a71f23d160f731eeb776a2e6f65,maia-relative-strength-100.pgn,maia2-1300__vs__maia2-1500.pgn
maia2-1300__vs__maia2-1500,151,76,MAIA2 1300,MAIA2 1500,maia2,maia2,1300,1500,White,MAIA2 1300,MAIA2 1500,1/2-1/2,0.5,threefold repetition,82,dd138885e90dd6287983f9d26a800af2ad606a71f23d160f731eeb776a2e6f65,maia-relative-strength-100.pgn,maia2-1300__vs__maia2-1500.pgn
maia2-1300__vs__maia2-1500,152,76,MAIA2 1300,MAIA2 1500,maia2,maia2,1300,1500,Black,MAIA2 1500,MAIA2 1300,1-0,0.0,checkmate,115,dd138885e90dd6287983f9d26a800af2ad606a71f23d160f731eeb776a2e6f65,maia-relative-strength-100.pgn,maia2-1300__vs__maia2-1500.pgn
maia2-1300__vs__maia2-1500,153,77,MAIA2 1300,MAIA2 1500,maia2,maia2,1300,1500,White,MAIA2 1300,MAIA2 1500,1/2-1/2,0.5,threefold repetition,126,dd138885e90dd6287983f9d26a800af2ad606a71f23d160f731eeb776a2e6f65,maia-relative-strength-100.pgn,maia2-1300__vs__maia2-1500.pgn
maia2-1300__vs__maia2-1500,154,77,MAIA2 1300,MAIA2 1500,maia2,maia2,1300,1500,Black,MAIA2 1500,MAIA2 1300,0-1,1.0,checkmate,166,dd138885e90dd6287983f9d26a800af2ad606a71f23d160f731eeb776a2e6f65,maia-relative-strength-100.pgn,maia2-1300__vs__maia2-1500.pgn
maia2-1300__vs__maia2-1500,155,78,MAIA2 1300,MAIA2 1500,maia2,maia2,1300,1500,White,MAIA2 1300,MAIA2 1500,1/2-1/2,0.5,threefold repetition,82,dd138885e90dd6287983f9d26a800af2ad606a71f23d160f731eeb776a2e6f65,maia-relative-strength-100.pgn,maia2-1300__vs__maia2-1500.pgn
maia2-1300__vs__maia2-1500,156,78,MAIA2 1300,MAIA2 1500,maia2,maia2,1300,1500,Black,MAIA2 1500,MAIA2 1300,1-0,0.0,checkmate,45,dd138885e90dd6287983f9d26a800af2ad606a71f23d160f731eeb776a2e6f65,maia-relative-strength-100.pgn,maia2-1300__vs__maia2-1500.pgn
maia2-1300__vs__maia2-1500,157,79,MAIA2 1300,MAIA2 1500,maia2,maia2,1300,1500,White,MAIA2 1300,MAIA2 1500,1-0,1.0,checkmate,107,dd138885e90dd6287983f9d26a800af2ad606a71f23d160f731eeb776a2e6f65,maia-relative-strength-100.pgn,maia2-1300__vs__maia2-1500.pgn
maia2-1300__vs__maia2-1500,158,79,MAIA2 1300,MAIA2 1500,maia2,maia2,1300,1500,Black,MAIA2 1500,MAIA2 1300,1-0,0.0,checkmate,81,dd138885e90dd6287983f9d26a800af2ad606a71f23d160f731eeb776a2e6f65,maia-relative-strength-100.pgn,maia2-1300__vs__maia2-1500.pgn
maia2-1300__vs__maia2-1500,159,80,MAIA2 1300,MAIA2 1500,maia2,maia2,1300,1500,White,MAIA2 1300,MAIA2 1500,1/2-1/2,0.5,threefold repetition,69,dd138885e90dd6287983f9d26a800af2ad606a71f23d160f731eeb776a2e6f65,maia-relative-strength-100.pgn,maia2-1300__vs__maia2-1500.pgn
maia2-1300__vs__maia2-1500,160,80,MAIA2 1300,MAIA2 1500,maia2,maia2,1300,1500,Black,MAIA2 1500,MAIA2 1300,1-0,0.0,checkmate,53,dd138885e90dd6287983f9d26a800af2ad606a71f23d160f731eeb776a2e6f65,maia-relative-strength-100.pgn,maia2-1300__vs__maia2-1500.pgn
maia2-1300__vs__maia2-1500,161,81,MAIA2 1300,MAIA2 1500,maia2,maia2,1300,1500,White,MAIA2 1300,MAIA2 1500,1-0,1.0,checkmate,75,dd138885e90dd6287983f9d26a800af2ad606a71f23d160f731eeb776a2e6f65,maia-relative-strength-100.pgn,maia2-1300__vs__maia2-1500.pgn
maia2-1300__vs__maia2-1500,162,81,MAIA2 1300,MAIA2 1500,maia2,maia2,1300,1500,Black,MAIA2 1500,MAIA2 1300,1/2-1/2,0.5,threefold repetition,58,dd138885e90dd6287983f9d26a800af2ad606a71f23d160f731eeb776a2e6f65,maia-relative-strength-100.pgn,maia2-1300__vs__maia2-1500.pgn
maia2-1300__vs__maia2-1500,163,82,MAIA2 1300,MAIA2 1500,maia2,maia2,1300,1500,White,MAIA2 1300,MAIA2 1500,1-0,1.0,checkmate,89,dd138885e90dd6287983f9d26a800af2ad606a71f23d160f731eeb776a2e6f65,maia-relative-strength-100.pgn,maia2-1300__vs__maia2-1500.pgn
maia2-1300__vs__maia2-1500,164,82,MAIA2 1300,MAIA2 1500,maia2,maia2,1300,1500,Black,MAIA2 1500,MAIA2 1300,1/2-1/2,0.5,threefold repetition,92,dd138885e90dd6287983f9d26a800af2ad606a71f23d160f731eeb776a2e6f65,maia-relative-strength-100.pgn,maia2-1300__vs__maia2-1500.pgn
maia2-1300__vs__maia2-1500,165,83,MAIA2 1300,MAIA2 1500,maia2,maia2,1300,1500,White,MAIA2 1300,MAIA2 1500,1/2-1/2,0.5,threefold repetition,74,dd138885e90dd6287983f9d26a800af2ad606a71f23d160f731eeb776a2e6f65,maia-relative-strength-100.pgn,maia2-1300__vs__maia2-1500.pgn
maia2-1300__vs__maia2-1500,166,83,MAIA2 1300,MAIA2 1500,maia2,maia2,1300,1500,Black,MAIA2 1500,MAIA2 1300,1-0,0.0,checkmate,79,dd138885e90dd6287983f9d26a800af2ad606a71f23d160f731eeb776a2e6f65,maia-relative-strength-100.pgn,maia2-1300__vs__maia2-1500.pgn
maia2-1300__vs__maia2-1500,167,84,MAIA2 1300,MAIA2 1500,maia2,maia2,1300,1500,White,MAIA2 1300,MAIA2 1500,0-1,0.0,checkmate,68,dd138885e90dd6287983f9d26a800af2ad606a71f23d160f731eeb776a2e6f65,maia-relative-strength-100.pgn,maia2-1300__vs__maia2-1500.pgn
maia2-1300__vs__maia2-1500,168,84,MAIA2 1300,MAIA2 1500,maia2,maia2,1300,1500,Black,MAIA2 1500,MAIA2 1300,1/2-1/2,0.5,threefold repetition,120,dd138885e90dd6287983f9d26a800af2ad606a71f23d160f731eeb776a2e6f65,maia-relative-strength-100.pgn,maia2-1300__vs__maia2-1500.pgn
maia2-1300__vs__maia2-1500,169,85,MAIA2 1300,MAIA2 1500,maia2,maia2,1300,1500,White,MAIA2 1300,MAIA2 1500,1/2-1/2,0.5,threefold repetition,89,dd138885e90dd6287983f9d26a800af2ad606a71f23d160f731eeb776a2e6f65,maia-relative-strength-100.pgn,maia2-1300__vs__maia2-1500.pgn
maia2-1300__vs__maia2-1500,170,85,MAIA2 1300,MAIA2 1500,maia2,maia2,1300,1500,Black,MAIA2 1500,MAIA2 1300,0-1,1.0,checkmate,58,dd138885e90dd6287983f9d26a800af2ad606a71f23d160f731eeb776a2e6f65,maia-relative-strength-100.pgn,maia2-1300__vs__maia2-1500.pgn
maia2-1300__vs__maia2-1500,171,86,MAIA2 1300,MAIA2 1500,maia2,maia2,1300,1500,White,MAIA2 1300,MAIA2 1500,1-0,1.0,checkmate,111,dd138885e90dd6287983f9d26a800af2ad606a71f23d160f731eeb776a2e6f65,maia-relative-strength-100.pgn,maia2-1300__vs__maia2-1500.pgn
maia2-1300__vs__maia2-1500,172,86,MAIA2 1300,MAIA2 1500,maia2,maia2,1300,1500,Black,MAIA2 1500,MAIA2 1300,1/2-1/2,0.5,threefold repetition,75,dd138885e90dd6287983f9d26a800af2ad606a71f23d160f731eeb776a2e6f65,maia-relative-strength-100.pgn,maia2-1300__vs__maia2-1500.pgn
maia2-1300__vs__maia2-1500,173,87,MAIA2 1300,MAIA2 1500,maia2,maia2,1300,1500,White,MAIA2 1300,MAIA2 1500,0-1,0.0,checkmate,90,dd138885e90dd6287983f9d26a800af2ad606a71f23d160f731eeb776a2e6f65,maia-relative-strength-100.pgn,maia2-1300__vs__maia2-1500.pgn
maia2-1300__vs__maia2-1500,174,87,MAIA2 1300,MAIA2 1500,maia2,maia2,1300,1500,Black,MAIA2 1500,MAIA2 1300,1-0,0.0,checkmate,145,dd138885e90dd6287983f9d26a800af2ad606a71f23d160f731eeb776a2e6f65,maia-relative-strength-100.pgn,maia2-1300__vs__maia2-1500.pgn
maia2-1300__vs__maia2-1500,175,88,MAIA2 1300,MAIA2 1500,maia2,maia2,1300,1500,White,MAIA2 1300,MAIA2 1500,1/2-1/2,0.5,threefold repetition,63,dd138885e90dd6287983f9d26a800af2ad606a71f23d160f731eeb776a2e6f65,maia-relative-strength-100.pgn,maia2-1300__vs__maia2-1500.pgn
maia2-1300__vs__maia2-1500,176,88,MAIA2 1300,MAIA2 1500,maia2,maia2,1300,1500,Black,MAIA2 1500,MAIA2 1300,0-1,1.0,checkmate,48,dd138885e90dd6287983f9d26a800af2ad606a71f23d160f731eeb776a2e6f65,maia-relative-strength-100.pgn,maia2-1300__vs__maia2-1500.pgn
maia2-1300__vs__maia2-1500,177,89,MAIA2 1300,MAIA2 1500,maia2,maia2,1300,1500,White,MAIA2 1300,MAIA2 1500,1/2-1/2,0.5,threefold repetition,113,dd138885e90dd6287983f9d26a800af2ad606a71f23d160f731eeb776a2e6f65,maia-relative-strength-100.pgn,maia2-1300__vs__maia2-1500.pgn
maia2-1300__vs__maia2-1500,178,89,MAIA2 1300,MAIA2 1500,maia2,maia2,1300,1500,Black,MAIA2 1500,MAIA2 1300,0-1,1.0,checkmate,112,dd138885e90dd6287983f9d26a800af2ad606a71f23d160f731eeb776a2e6f65,maia-relative-strength-100.pgn,maia2-1300__vs__maia2-1500.pgn
maia2-1300__vs__maia2-1500,179,90,MAIA2 1300,MAIA2 1500,maia2,maia2,1300,1500,White,MAIA2 1300,MAIA2 1500,0-1,0.0,checkmate,48,dd138885e90dd6287983f9d26a800af2ad606a71f23d160f731eeb776a2e6f65,maia-relative-strength-100.pgn,maia2-1300__vs__maia2-1500.pgn
maia2-1300__vs__maia2-1500,180,90,MAIA2 1300,MAIA2 1500,maia2,maia2,1300,1500,Black,MAIA2 1500,MAIA2 1300,0-1,1.0,checkmate,64,dd138885e90dd6287983f9d26a800af2ad606a71f23d160f731eeb776a2e6f65,maia-relative-strength-100.pgn,maia2-1300__vs__maia2-1500.pgn
maia2-1300__vs__maia2-1500,181,91,MAIA2 1300,MAIA2 1500,maia2,maia2,1300,1500,White,MAIA2 1300,MAIA2 1500,1/2-1/2,0.5,threefold repetition,100,dd138885e90dd6287983f9d26a800af2ad606a71f23d160f731eeb776a2e6f65,maia-relative-strength-100.pgn,maia2-1300__vs__maia2-1500.pgn
maia2-1300__vs__maia2-1500,182,91,MAIA2 1300,MAIA2 1500,maia2,maia2,1300,1500,Black,MAIA2 1500,MAIA2 1300,1-0,0.0,checkmate,51,dd138885e90dd6287983f9d26a800af2ad606a71f23d160f731eeb776a2e6f65,maia-relative-strength-100.pgn,maia2-1300__vs__maia2-1500.pgn
maia2-1300__vs__maia2-1500,183,92,MAIA2 1300,MAIA2 1500,maia2,maia2,1300,1500,White,MAIA2 1300,MAIA2 1500,0-1,0.0,checkmate,32,dd138885e90dd6287983f9d26a800af2ad606a71f23d160f731eeb776a2e6f65,maia-relative-strength-100.pgn,maia2-1300__vs__maia2-1500.pgn
maia2-1300__vs__maia2-1500,184,92,MAIA2 1300,MAIA2 1500,maia2,maia2,1300,1500,Black,MAIA2 1500,MAIA2 1300,1-0,0.0,checkmate,49,dd138885e90dd6287983f9d26a800af2ad606a71f23d160f731eeb776a2e6f65,maia-relative-strength-100.pgn,maia2-1300__vs__maia2-1500.pgn
maia2-1300__vs__maia2-1500,185,93,MAIA2 1300,MAIA2 1500,maia2,maia2,1300,1500,White,MAIA2 1300,MAIA2 1500,1/2-1/2,0.5,threefold repetition,64,dd138885e90dd6287983f9d26a800af2ad606a71f23d160f731eeb776a2e6f65,maia-relative-strength-100.pgn,maia2-1300__vs__maia2-1500.pgn
maia2-1300__vs__maia2-1500,186,93,MAIA2 1300,MAIA2 1500,maia2,maia2,1300,1500,Black,MAIA2 1500,MAIA2 1300,1/2-1/2,0.5,threefold repetition,61,dd138885e90dd6287983f9d26a800af2ad606a71f23d160f731eeb776a2e6f65,maia-relative-strength-100.pgn,maia2-1300__vs__maia2-1500.pgn
maia2-1300__vs__maia2-1500,187,94,MAIA2 1300,MAIA2 1500,maia2,maia2,1300,1500,White,MAIA2 1300,MAIA2 1500,1-0,1.0,checkmate,43,dd138885e90dd6287983f9d26a800af2ad606a71f23d160f731eeb776a2e6f65,maia-relative-strength-100.pgn,maia2-1300__vs__maia2-1500.pgn
maia2-1300__vs__maia2-1500,188,94,MAIA2 1300,MAIA2 1500,maia2,maia2,1300,1500,Black,MAIA2 1500,MAIA2 1300,0-1,1.0,checkmate,98,dd138885e90dd6287983f9d26a800af2ad606a71f23d160f731eeb776a2e6f65,maia-relative-strength-100.pgn,maia2-1300__vs__maia2-1500.pgn
maia2-1300__vs__maia2-1500,189,95,MAIA2 1300,MAIA2 1500,maia2,maia2,1300,1500,White,MAIA2 1300,MAIA2 1500,1-0,1.0,checkmate,167,dd138885e90dd6287983f9d26a800af2ad606a71f23d160f731eeb776a2e6f65,maia-relative-strength-100.pgn,maia2-1300__vs__maia2-1500.pgn
maia2-1300__vs__maia2-1500,190,95,MAIA2 1300,MAIA2 1500,maia2,maia2,1300,1500,Black,MAIA2 1500,MAIA2 1300,1/2-1/2,0.5,threefold repetition,77,dd138885e90dd6287983f9d26a800af2ad606a71f23d160f731eeb776a2e6f65,maia-relative-strength-100.pgn,maia2-1300__vs__maia2-1500.pgn
maia2-1300__vs__maia2-1500,191,96,MAIA2 1300,MAIA2 1500,maia2,maia2,1300,1500,White,MAIA2 1300,MAIA2 1500,1-0,1.0,checkmate,75,dd138885e90dd6287983f9d26a800af2ad606a71f23d160f731eeb776a2e6f65,maia-relative-strength-100.pgn,maia2-1300__vs__maia2-1500.pgn
maia2-1300__vs__maia2-1500,192,96,MAIA2 1300,MAIA2 1500,maia2,maia2,1300,1500,Black,MAIA2 1500,MAIA2 1300,1/2-1/2,0.5,threefold repetition,63,dd138885e90dd6287983f9d26a800af2ad606a71f23d160f731eeb776a2e6f65,maia-relative-strength-100.pgn,maia2-1300__vs__maia2-1500.pgn
maia2-1300__vs__maia2-1500,193,97,MAIA2 1300,MAIA2 1500,maia2,maia2,1300,1500,White,MAIA2 1300,MAIA2 1500,1-0,1.0,checkmate,57,dd138885e90dd6287983f9d26a800af2ad606a71f23d160f731eeb776a2e6f65,maia-relative-strength-100.pgn,maia2-1300__vs__maia2-1500.pgn
maia2-1300__vs__maia2-1500,194,97,MAIA2 1300,MAIA2 1500,maia2,maia2,1300,1500,Black,MAIA2 1500,MAIA2 1300,1/2-1/2,0.5,threefold repetition,87,dd138885e90dd6287983f9d26a800af2ad606a71f23d160f731eeb776a2e6f65,maia-relative-strength-100.pgn,maia2-1300__vs__maia2-1500.pgn
maia2-1300__vs__maia2-1500,195,98,MAIA2 1300,MAIA2 1500,maia2,maia2,1300,1500,White,MAIA2 1300,MAIA2 1500,1/2-1/2,0.5,stalemate,104,dd138885e90dd6287983f9d26a800af2ad606a71f23d160f731eeb776a2e6f65,maia-relative-strength-100.pgn,maia2-1300__vs__maia2-1500.pgn
maia2-1300__vs__maia2-1500,196,98,MAIA2 1300,MAIA2 1500,maia2,maia2,1300,1500,Black,MAIA2 1500,MAIA2 1300,1/2-1/2,0.5,threefold repetition,71,dd138885e90dd6287983f9d26a800af2ad606a71f23d160f731eeb776a2e6f65,maia-relative-strength-100.pgn,maia2-1300__vs__maia2-1500.pgn
maia2-1300__vs__maia2-1500,197,99,MAIA2 1300,MAIA2 1500,maia2,maia2,1300,1500,White,MAIA2 1300,MAIA2 1500,1-0,1.0,checkmate,89,dd138885e90dd6287983f9d26a800af2ad606a71f23d160f731eeb776a2e6f65,maia-relative-strength-100.pgn,maia2-1300__vs__maia2-1500.pgn
maia2-1300__vs__maia2-1500,198,99,MAIA2 1300,MAIA2 1500,maia2,maia2,1300,1500,Black,MAIA2 1500,MAIA2 1300,1-0,0.0,checkmate,65,dd138885e90dd6287983f9d26a800af2ad606a71f23d160f731eeb776a2e6f65,maia-relative-strength-100.pgn,maia2-1300__vs__maia2-1500.pgn
maia2-1300__vs__maia2-1500,199,100,MAIA2 1300,MAIA2 1500,maia2,maia2,1300,1500,White,MAIA2 1300,MAIA2 1500,0-1,0.0,checkmate,66,dd138885e90dd6287983f9d26a800af2ad606a71f23d160f731eeb776a2e6f65,maia-relative-strength-100.pgn,maia2-1300__vs__maia2-1500.pgn
maia2-1300__vs__maia2-1500,200,100,MAIA2 1300,MAIA2 1500,maia2,maia2,1300,1500,Black,MAIA2 1500,MAIA2 1300,0-1,1.0,checkmate,48,dd138885e90dd6287983f9d26a800af2ad606a71f23d160f731eeb776a2e6f65,maia-relative-strength-100.pgn,maia2-1300__vs__maia2-1500.pgn
maia2-1300__vs__maia3-1300,1,1,MAIA2 1300,MAIA3 1300,maia2,maia3,1300,1300,White,MAIA2 1300,MAIA3 1300,1-0,1.0,checkmate,65,42236c077000bab80baed6a77e75a6811f03ebfda4fc2da360b4b5a81b37b499,maia-relative-strength-100.pgn,maia2-1300__vs__maia3-1300.pgn
maia2-1300__vs__maia3-1300,2,1,MAIA2 1300,MAIA3 1300,maia2,maia3,1300,1300,Black,MAIA3 1300,MAIA2 1300,1/2-1/2,0.5,threefold repetition,49,42236c077000bab80baed6a77e75a6811f03ebfda4fc2da360b4b5a81b37b499,maia-relative-strength-100.pgn,maia2-1300__vs__maia3-1300.pgn
maia2-1300__vs__maia3-1300,3,2,MAIA2 1300,MAIA3 1300,maia2,maia3,1300,1300,White,MAIA2 1300,MAIA3 1300,1/2-1/2,0.5,threefold repetition,58,42236c077000bab80baed6a77e75a6811f03ebfda4fc2da360b4b5a81b37b499,maia-relative-strength-100.pgn,maia2-1300__vs__maia3-1300.pgn
maia2-1300__vs__maia3-1300,4,2,MAIA2 1300,MAIA3 1300,maia2,maia3,1300,1300,Black,MAIA3 1300,MAIA2 1300,1-0,0.0,checkmate,91,42236c077000bab80baed6a77e75a6811f03ebfda4fc2da360b4b5a81b37b499,maia-relative-strength-100.pgn,maia2-1300__vs__maia3-1300.pgn
maia2-1300__vs__maia3-1300,5,3,MAIA2 1300,MAIA3 1300,maia2,maia3,1300,1300,White,MAIA2 1300,MAIA3 1300,1-0,1.0,checkmate,29,42236c077000bab80baed6a77e75a6811f03ebfda4fc2da360b4b5a81b37b499,maia-relative-strength-100.pgn,maia2-1300__vs__maia3-1300.pgn
maia2-1300__vs__maia3-1300,6,3,MAIA2 1300,MAIA3 1300,maia2,maia3,1300,1300,Black,MAIA3 1300,MAIA2 1300,1-0,0.0,checkmate,53,42236c077000bab80baed6a77e75a6811f03ebfda4fc2da360b4b5a81b37b499,maia-relative-strength-100.pgn,maia2-1300__vs__maia3-1300.pgn
maia2-1300__vs__maia3-1300,7,4,MAIA2 1300,MAIA3 1300,maia2,maia3,1300,1300,White,MAIA2 1300,MAIA3 1300,1-0,1.0,checkmate,97,42236c077000bab80baed6a77e75a6811f03ebfda4fc2da360b4b5a81b37b499,maia-relative-strength-100.pgn,maia2-1300__vs__maia3-1300.pgn
maia2-1300__vs__maia3-1300,8,4,MAIA2 1300,MAIA3 1300,maia2,maia3,1300,1300,Black,MAIA3 1300,MAIA2 1300,0-1,1.0,checkmate,114,42236c077000bab80baed6a77e75a6811f03ebfda4fc2da360b4b5a81b37b499,maia-relative-strength-100.pgn,maia2-1300__vs__maia3-1300.pgn
maia2-1300__vs__maia3-1300,9,5,MAIA2 1300,MAIA3 1300,maia2,maia3,1300,1300,White,MAIA2 1300,MAIA3 1300,0-1,0.0,checkmate,46,42236c077000bab80baed6a77e75a6811f03ebfda4fc2da360b4b5a81b37b499,maia-relative-strength-100.pgn,maia2-1300__vs__maia3-1300.pgn
maia2-1300__vs__maia3-1300,10,5,MAIA2 1300,MAIA3 1300,maia2,maia3,1300,1300,Black,MAIA3 1300,MAIA2 1300,0-1,1.0,checkmate,46,42236c077000bab80baed6a77e75a6811f03ebfda4fc2da360b4b5a81b37b499,maia-relative-strength-100.pgn,maia2-1300__vs__maia3-1300.pgn
maia2-1300__vs__maia3-1300,11,6,MAIA2 1300,MAIA3 1300,maia2,maia3,1300,1300,White,MAIA2 1300,MAIA3 1300,1-0,1.0,checkmate,55,42236c077000bab80baed6a77e75a6811f03ebfda4fc2da360b4b5a81b37b499,maia-relative-strength-100.pgn,maia2-1300__vs__maia3-1300.pgn
maia2-1300__vs__maia3-1300,12,6,MAIA2 1300,MAIA3 1300,maia2,maia3,1300,1300,Black,MAIA3 1300,MAIA2 1300,1-0,0.0,checkmate,29,42236c077000bab80baed6a77e75a6811f03ebfda4fc2da360b4b5a81b37b499,maia-relative-strength-100.pgn,maia2-1300__vs__maia3-1300.pgn
maia2-1300__vs__maia3-1300,13,7,MAIA2 1300,MAIA3 1300,maia2,maia3,1300,1300,White,MAIA2 1300,MAIA3 1300,1/2-1/2,0.5,threefold repetition,41,42236c077000bab80baed6a77e75a6811f03ebfda4fc2da360b4b5a81b37b499,maia-relative-strength-100.pgn,maia2-1300__vs__maia3-1300.pgn
maia2-1300__vs__maia3-1300,14,7,MAIA2 1300,MAIA3 1300,maia2,maia3,1300,1300,Black,MAIA3 1300,MAIA2 1300,1/2-1/2,0.5,threefold repetition,50,42236c077000bab80baed6a77e75a6811f03ebfda4fc2da360b4b5a81b37b499,maia-relative-strength-100.pgn,maia2-1300__vs__maia3-1300.pgn
maia2-1300__vs__maia3-1300,15,8,MAIA2 1300,MAIA3 1300,maia2,maia3,1300,1300,White,MAIA2 1300,MAIA3 1300,0-1,0.0,checkmate,140,42236c077000bab80baed6a77e75a6811f03ebfda4fc2da360b4b5a81b37b499,maia-relative-strength-100.pgn,maia2-1300__vs__maia3-1300.pgn
maia2-1300__vs__maia3-1300,16,8,MAIA2 1300,MAIA3 1300,maia2,maia3,1300,1300,Black,MAIA3 1300,MAIA2 1300,0-1,1.0,checkmate,124,42236c077000bab80baed6a77e75a6811f03ebfda4fc2da360b4b5a81b37b499,maia-relative-strength-100.pgn,maia2-1300__vs__maia3-1300.pgn
maia2-1300__vs__maia3-1300,17,9,MAIA2 1300,MAIA3 1300,maia2,maia3,1300,1300,White,MAIA2 1300,MAIA3 1300,0-1,0.0,checkmate,138,42236c077000bab80baed6a77e75a6811f03ebfda4fc2da360b4b5a81b37b499,maia-relative-strength-100.pgn,maia2-1300__vs__maia3-1300.pgn
maia2-1300__vs__maia3-1300,18,9,MAIA2 1300,MAIA3 1300,maia2,maia3,1300,1300,Black,MAIA3 1300,MAIA2 1300,1-0,0.0,checkmate,73,42236c077000bab80baed6a77e75a6811f03ebfda4fc2da360b4b5a81b37b499,maia-relative-strength-100.pgn,maia2-1300__vs__maia3-1300.pgn
maia2-1300__vs__maia3-1300,19,10,MAIA2 1300,MAIA3 1300,maia2,maia3,1300,1300,White,MAIA2 1300,MAIA3 1300,1-0,1.0,checkmate,123,42236c077000bab80baed6a77e75a6811f03ebfda4fc2da360b4b5a81b37b499,maia-relative-strength-100.pgn,maia2-1300__vs__maia3-1300.pgn
maia2-1300__vs__maia3-1300,20,10,MAIA2 1300,MAIA3 1300,maia2,maia3,1300,1300,Black,MAIA3 1300,MAIA2 1300,1/2-1/2,0.5,threefold repetition,40,42236c077000bab80baed6a77e75a6811f03ebfda4fc2da360b4b5a81b37b499,maia-relative-strength-100.pgn,maia2-1300__vs__maia3-1300.pgn
maia2-1300__vs__maia3-1300,21,11,MAIA2 1300,MAIA3 1300,maia2,maia3,1300,1300,White,MAIA2 1300,MAIA3 1300,1-0,1.0,checkmate,105,42236c077000bab80baed6a77e75a6811f03ebfda4fc2da360b4b5a81b37b499,maia-relative-strength-100.pgn,maia2-1300__vs__maia3-1300.pgn
maia2-1300__vs__maia3-1300,22,11,MAIA2 1300,MAIA3 1300,maia2,maia3,1300,1300,Black,MAIA3 1300,MAIA2 1300,1/2-1/2,0.5,threefold repetition,28,42236c077000bab80baed6a77e75a6811f03ebfda4fc2da360b4b5a81b37b499,maia-relative-strength-100.pgn,maia2-1300__vs__maia3-1300.pgn
maia2-1300__vs__maia3-1300,23,12,MAIA2 1300,MAIA3 1300,maia2,maia3,1300,1300,White,MAIA2 1300,MAIA3 1300,0-1,0.0,checkmate,126,42236c077000bab80baed6a77e75a6811f03ebfda4fc2da360b4b5a81b37b499,maia-relative-strength-100.pgn,maia2-1300__vs__maia3-1300.pgn
maia2-1300__vs__maia3-1300,24,12,MAIA2 1300,MAIA3 1300,maia2,maia3,1300,1300,Black,MAIA3 1300,MAIA2 1300,0-1,1.0,checkmate,92,42236c077000bab80baed6a77e75a6811f03ebfda4fc2da360b4b5a81b37b499,maia-relative-strength-100.pgn,maia2-1300__vs__maia3-1300.pgn
maia2-1300__vs__maia3-1300,25,13,MAIA2 1300,MAIA3 1300,maia2,maia3,1300,1300,White,MAIA2 1300,MAIA3 1300,1-0,1.0,checkmate,77,42236c077000bab80baed6a77e75a6811f03ebfda4fc2da360b4b5a81b37b499,maia-relative-strength-100.pgn,maia2-1300__vs__maia3-1300.pgn
maia2-1300__vs__maia3-1300,26,13,MAIA2 1300,MAIA3 1300,maia2,maia3,1300,1300,Black,MAIA3 1300,MAIA2 1300,1/2-1/2,0.5,threefold repetition,92,42236c077000bab80baed6a77e75a6811f03ebfda4fc2da360b4b5a81b37b499,maia-relative-strength-100.pgn,maia2-1300__vs__maia3-1300.pgn
maia2-1300__vs__maia3-1300,27,14,MAIA2 1300,MAIA3 1300,maia2,maia3,1300,1300,White,MAIA2 1300,MAIA3 1300,0-1,0.0,checkmate,58,42236c077000bab80baed6a77e75a6811f03ebfda4fc2da360b4b5a81b37b499,maia-relative-strength-100.pgn,maia2-1300__vs__maia3-1300.pgn
maia2-1300__vs__maia3-1300,28,14,MAIA2 1300,MAIA3 1300,maia2,maia3,1300,1300,Black,MAIA3 1300,MAIA2 1300,1-0,0.0,checkmate,133,42236c077000bab80baed6a77e75a6811f03ebfda4fc2da360b4b5a81b37b499,maia-relative-strength-100.pgn,maia2-1300__vs__maia3-1300.pgn
maia2-1300__vs__maia3-1300,29,15,MAIA2 1300,MAIA3 1300,maia2,maia3,1300,1300,White,MAIA2 1300,MAIA3 1300,1-0,1.0,checkmate,139,42236c077000bab80baed6a77e75a6811f03ebfda4fc2da360b4b5a81b37b499,maia-relative-strength-100.pgn,maia2-1300__vs__maia3-1300.pgn
maia2-1300__vs__maia3-1300,30,15,MAIA2 1300,MAIA3 1300,maia2,maia3,1300,1300,Black,MAIA3 1300,MAIA2 1300,1/2-1/2,0.5,threefold repetition,74,42236c077000bab80baed6a77e75a6811f03ebfda4fc2da360b4b5a81b37b499,maia-relative-strength-100.pgn,maia2-1300__vs__maia3-1300.pgn
maia2-1300__vs__maia3-1300,31,16,MAIA2 1300,MAIA3 1300,maia2,maia3,1300,1300,White,MAIA2 1300,MAIA3 1300,1/2-1/2,0.5,threefold repetition,37,42236c077000bab80baed6a77e75a6811f03ebfda4fc2da360b4b5a81b37b499,maia-relative-strength-100.pgn,maia2-1300__vs__maia3-1300.pgn
maia2-1300__vs__maia3-1300,32,16,MAIA2 1300,MAIA3 1300,maia2,maia3,1300,1300,Black,MAIA3 1300,MAIA2 1300,1-0,0.0,checkmate,89,42236c077000bab80baed6a77e75a6811f03ebfda4fc2da360b4b5a81b37b499,maia-relative-strength-100.pgn,maia2-1300__vs__maia3-1300.pgn
maia2-1300__vs__maia3-1300,33,17,MAIA2 1300,MAIA3 1300,maia2,maia3,1300,1300,White,MAIA2 1300,MAIA3 1300,0-1,0.0,checkmate,130,42236c077000bab80baed6a77e75a6811f03ebfda4fc2da360b4b5a81b37b499,maia-relative-strength-100.pgn,maia2-1300__vs__maia3-1300.pgn
maia2-1300__vs__maia3-1300,34,17,MAIA2 1300,MAIA3 1300,maia2,maia3,1300,1300,Black,MAIA3 1300,MAIA2 1300,1-0,0.0,checkmate,69,42236c077000bab80baed6a77e75a6811f03ebfda4fc2da360b4b5a81b37b499,maia-relative-strength-100.pgn,maia2-1300__vs__maia3-1300.pgn
maia2-1300__vs__maia3-1300,35,18,MAIA2 1300,MAIA3 1300,maia2,maia3,1300,1300,White,MAIA2 1300,MAIA3 1300,0-1,0.0,checkmate,66,42236c077000bab80baed6a77e75a6811f03ebfda4fc2da360b4b5a81b37b499,maia-relative-strength-100.pgn,maia2-1300__vs__maia3-1300.pgn
maia2-1300__vs__maia3-1300,36,18,MAIA2 1300,MAIA3 1300,maia2,maia3,1300,1300,Black,MAIA3 1300,MAIA2 1300,1/2-1/2,0.5,threefold repetition,65,42236c077000bab80baed6a77e75a6811f03ebfda4fc2da360b4b5a81b37b499,maia-relative-strength-100.pgn,maia2-1300__vs__maia3-1300.pgn
maia2-1300__vs__maia3-1300,37,19,MAIA2 1300,MAIA3 1300,maia2,maia3,1300,1300,White,MAIA2 1300,MAIA3 1300,0-1,0.0,checkmate,124,42236c077000bab80baed6a77e75a6811f03ebfda4fc2da360b4b5a81b37b499,maia-relative-strength-100.pgn,maia2-1300__vs__maia3-1300.pgn
maia2-1300__vs__maia3-1300,38,19,MAIA2 1300,MAIA3 1300,maia2,maia3,1300,1300,Black,MAIA3 1300,MAIA2 1300,1/2-1/2,0.5,threefold repetition,82,42236c077000bab80baed6a77e75a6811f03ebfda4fc2da360b4b5a81b37b499,maia-relative-strength-100.pgn,maia2-1300__vs__maia3-1300.pgn
maia2-1300__vs__maia3-1300,39,20,MAIA2 1300,MAIA3 1300,maia2,maia3,1300,1300,White,MAIA2 1300,MAIA3 1300,1/2-1/2,0.5,stalemate,107,42236c077000bab80baed6a77e75a6811f03ebfda4fc2da360b4b5a81b37b499,maia-relative-strength-100.pgn,maia2-1300__vs__maia3-1300.pgn
maia2-1300__vs__maia3-1300,40,20,MAIA2 1300,MAIA3 1300,maia2,maia3,1300,1300,Black,MAIA3 1300,MAIA2 1300,1-0,0.0,checkmate,43,42236c077000bab80baed6a77e75a6811f03ebfda4fc2da360b4b5a81b37b499,maia-relative-strength-100.pgn,maia2-1300__vs__maia3-1300.pgn
maia2-1300__vs__maia3-1300,41,21,MAIA2 1300,MAIA3 1300,maia2,maia3,1300,1300,White,MAIA2 1300,MAIA3 1300,1/2-1/2,0.5,stalemate,98,42236c077000bab80baed6a77e75a6811f03ebfda4fc2da360b4b5a81b37b499,maia-relative-strength-100.pgn,maia2-1300__vs__maia3-1300.pgn
maia2-1300__vs__maia3-1300,42,21,MAIA2 1300,MAIA3 1300,maia2,maia3,1300,1300,Black,MAIA3 1300,MAIA2 1300,1-0,0.0,checkmate,151,42236c077000bab80baed6a77e75a6811f03ebfda4fc2da360b4b5a81b37b499,maia-relative-strength-100.pgn,maia2-1300__vs__maia3-1300.pgn
maia2-1300__vs__maia3-1300,43,22,MAIA2 1300,MAIA3 1300,maia2,maia3,1300,1300,White,MAIA2 1300,MAIA3 1300,0-1,0.0,checkmate,114,42236c077000bab80baed6a77e75a6811f03ebfda4fc2da360b4b5a81b37b499,maia-relative-strength-100.pgn,maia2-1300__vs__maia3-1300.pgn
maia2-1300__vs__maia3-1300,44,22,MAIA2 1300,MAIA3 1300,maia2,maia3,1300,1300,Black,MAIA3 1300,MAIA2 1300,1/2-1/2,0.5,threefold repetition,58,42236c077000bab80baed6a77e75a6811f03ebfda4fc2da360b4b5a81b37b499,maia-relative-strength-100.pgn,maia2-1300__vs__maia3-1300.pgn
maia2-1300__vs__maia3-1300,45,23,MAIA2 1300,MAIA3 1300,maia2,maia3,1300,1300,White,MAIA2 1300,MAIA3 1300,0-1,0.0,checkmate,66,42236c077000bab80baed6a77e75a6811f03ebfda4fc2da360b4b5a81b37b499,maia-relative-strength-100.pgn,maia2-1300__vs__maia3-1300.pgn
maia2-1300__vs__maia3-1300,46,23,MAIA2 1300,MAIA3 1300,maia2,maia3,1300,1300,Black,MAIA3 1300,MAIA2 1300,0-1,1.0,checkmate,110,42236c077000bab80baed6a77e75a6811f03ebfda4fc2da360b4b5a81b37b499,maia-relative-strength-100.pgn,maia2-1300__vs__maia3-1300.pgn
maia2-1300__vs__maia3-1300,47,24,MAIA2 1300,MAIA3 1300,maia2,maia3,1300,1300,White,MAIA2 1300,MAIA3 1300,1/2-1/2,0.5,threefold repetition,104,42236c077000bab80baed6a77e75a6811f03ebfda4fc2da360b4b5a81b37b499,maia-relative-strength-100.pgn,maia2-1300__vs__maia3-1300.pgn
maia2-1300__vs__maia3-1300,48,24,MAIA2 1300,MAIA3 1300,maia2,maia3,1300,1300,Black,MAIA3 1300,MAIA2 1300,1/2-1/2,0.5,threefold repetition,53,42236c077000bab80baed6a77e75a6811f03ebfda4fc2da360b4b5a81b37b499,maia-relative-strength-100.pgn,maia2-1300__vs__maia3-1300.pgn
maia2-1300__vs__maia3-1300,49,25,MAIA2 1300,MAIA3 1300,maia2,maia3,1300,1300,White,MAIA2 1300,MAIA3 1300,0-1,0.0,checkmate,130,42236c077000bab80baed6a77e75a6811f03ebfda4fc2da360b4b5a81b37b499,maia-relative-strength-100.pgn,maia2-1300__vs__maia3-1300.pgn
maia2-1300__vs__maia3-1300,50,25,MAIA2 1300,MAIA3 1300,maia2,maia3,1300,1300,Black,MAIA3 1300,MAIA2 1300,1/2-1/2,0.5,threefold repetition,71,42236c077000bab80baed6a77e75a6811f03ebfda4fc2da360b4b5a81b37b499,maia-relative-strength-100.pgn,maia2-1300__vs__maia3-1300.pgn
maia2-1300__vs__maia3-1300,51,26,MAIA2 1300,MAIA3 1300,maia2,maia3,1300,1300,White,MAIA2 1300,MAIA3 1300,1-0,1.0,checkmate,81,42236c077000bab80baed6a77e75a6811f03ebfda4fc2da360b4b5a81b37b499,maia-relative-strength-100.pgn,maia2-1300__vs__maia3-1300.pgn
maia2-1300__vs__maia3-1300,52,26,MAIA2 1300,MAIA3 1300,maia2,maia3,1300,1300,Black,MAIA3 1300,MAIA2 1300,1-0,0.0,checkmate,51,42236c077000bab80baed6a77e75a6811f03ebfda4fc2da360b4b5a81b37b499,maia-relative-strength-100.pgn,maia2-1300__vs__maia3-1300.pgn
maia2-1300__vs__maia3-1300,53,27,MAIA2 1300,MAIA3 1300,maia2,maia3,1300,1300,White,MAIA2 1300,MAIA3 1300,1/2-1/2,0.5,threefold repetition,102,42236c077000bab80baed6a77e75a6811f03ebfda4fc2da360b4b5a81b37b499,maia-relative-strength-100.pgn,maia2-1300__vs__maia3-1300.pgn
maia2-1300__vs__maia3-1300,54,27,MAIA2 1300,MAIA3 1300,maia2,maia3,1300,1300,Black,MAIA3 1300,MAIA2 1300,1-0,0.0,checkmate,49,42236c077000bab80baed6a77e75a6811f03ebfda4fc2da360b4b5a81b37b499,maia-relative-strength-100.pgn,maia2-1300__vs__maia3-1300.pgn
maia2-1300__vs__maia3-1300,55,28,MAIA2 1300,MAIA3 1300,maia2,maia3,1300,1300,White,MAIA2 1300,MAIA3 1300,0-1,0.0,checkmate,56,42236c077000bab80baed6a77e75a6811f03ebfda4fc2da360b4b5a81b37b499,maia-relative-strength-100.pgn,maia2-1300__vs__maia3-1300.pgn
maia2-1300__vs__maia3-1300,56,28,MAIA2 1300,MAIA3 1300,maia2,maia3,1300,1300,Black,MAIA3 1300,MAIA2 1300,1-0,0.0,checkmate,151,42236c077000bab80baed6a77e75a6811f03ebfda4fc2da360b4b5a81b37b499,maia-relative-strength-100.pgn,maia2-1300__vs__maia3-1300.pgn
maia2-1300__vs__maia3-1300,57,29,MAIA2 1300,MAIA3 1300,maia2,maia3,1300,1300,White,MAIA2 1300,MAIA3 1300,1/2-1/2,0.5,threefold repetition,84,42236c077000bab80baed6a77e75a6811f03ebfda4fc2da360b4b5a81b37b499,maia-relative-strength-100.pgn,maia2-1300__vs__maia3-1300.pgn
maia2-1300__vs__maia3-1300,58,29,MAIA2 1300,MAIA3 1300,maia2,maia3,1300,1300,Black,MAIA3 1300,MAIA2 1300,0-1,1.0,checkmate,124,42236c077000bab80baed6a77e75a6811f03ebfda4fc2da360b4b5a81b37b499,maia-relative-strength-100.pgn,maia2-1300__vs__maia3-1300.pgn
maia2-1300__vs__maia3-1300,59,30,MAIA2 1300,MAIA3 1300,maia2,maia3,1300,1300,White,MAIA2 1300,MAIA3 1300,0-1,0.0,checkmate,86,42236c077000bab80baed6a77e75a6811f03ebfda4fc2da360b4b5a81b37b499,maia-relative-strength-100.pgn,maia2-1300__vs__maia3-1300.pgn
maia2-1300__vs__maia3-1300,60,30,MAIA2 1300,MAIA3 1300,maia2,maia3,1300,1300,Black,MAIA3 1300,MAIA2 1300,0-1,1.0,checkmate,90,42236c077000bab80baed6a77e75a6811f03ebfda4fc2da360b4b5a81b37b499,maia-relative-strength-100.pgn,maia2-1300__vs__maia3-1300.pgn
maia2-1300__vs__maia3-1300,61,31,MAIA2 1300,MAIA3 1300,maia2,maia3,1300,1300,White,MAIA2 1300,MAIA3 1300,0-1,0.0,checkmate,96,42236c077000bab80baed6a77e75a6811f03ebfda4fc2da360b4b5a81b37b499,maia-relative-strength-100.pgn,maia2-1300__vs__maia3-1300.pgn
maia2-1300__vs__maia3-1300,62,31,MAIA2 1300,MAIA3 1300,maia2,maia3,1300,1300,Black,MAIA3 1300,MAIA2 1300,1/2-1/2,0.5,threefold repetition,86,42236c077000bab80baed6a77e75a6811f03ebfda4fc2da360b4b5a81b37b499,maia-relative-strength-100.pgn,maia2-1300__vs__maia3-1300.pgn
maia2-1300__vs__maia3-1300,63,32,MAIA2 1300,MAIA3 1300,maia2,maia3,1300,1300,White,MAIA2 1300,MAIA3 1300,0-1,0.0,checkmate,56,42236c077000bab80baed6a77e75a6811f03ebfda4fc2da360b4b5a81b37b499,maia-relative-strength-100.pgn,maia2-1300__vs__maia3-1300.pgn
maia2-1300__vs__maia3-1300,64,32,MAIA2 1300,MAIA3 1300,maia2,maia3,1300,1300,Black,MAIA3 1300,MAIA2 1300,1-0,0.0,checkmate,141,42236c077000bab80baed6a77e75a6811f03ebfda4fc2da360b4b5a81b37b499,maia-relative-strength-100.pgn,maia2-1300__vs__maia3-1300.pgn
maia2-1300__vs__maia3-1300,65,33,MAIA2 1300,MAIA3 1300,maia2,maia3,1300,1300,White,MAIA2 1300,MAIA3 1300,1-0,1.0,checkmate,79,42236c077000bab80baed6a77e75a6811f03ebfda4fc2da360b4b5a81b37b499,maia-relative-strength-100.pgn,maia2-1300__vs__maia3-1300.pgn
maia2-1300__vs__maia3-1300,66,33,MAIA2 1300,MAIA3 1300,maia2,maia3,1300,1300,Black,MAIA3 1300,MAIA2 1300,1/2-1/2,0.5,threefold repetition,93,42236c077000bab80baed6a77e75a6811f03ebfda4fc2da360b4b5a81b37b499,maia-relative-strength-100.pgn,maia2-1300__vs__maia3-1300.pgn
maia2-1300__vs__maia3-1300,67,34,MAIA2 1300,MAIA3 1300,maia2,maia3,1300,1300,White,MAIA2 1300,MAIA3 1300,0-1,0.0,checkmate,152,42236c077000bab80baed6a77e75a6811f03ebfda4fc2da360b4b5a81b37b499,maia-relative-strength-100.pgn,maia2-1300__vs__maia3-1300.pgn
maia2-1300__vs__maia3-1300,68,34,MAIA2 1300,MAIA3 1300,maia2,maia3,1300,1300,Black,MAIA3 1300,MAIA2 1300,0-1,1.0,checkmate,92,42236c077000bab80baed6a77e75a6811f03ebfda4fc2da360b4b5a81b37b499,maia-relative-strength-100.pgn,maia2-1300__vs__maia3-1300.pgn
maia2-1300__vs__maia3-1300,69,35,MAIA2 1300,MAIA3 1300,maia2,maia3,1300,1300,White,MAIA2 1300,MAIA3 1300,1/2-1/2,0.5,threefold repetition,75,42236c077000bab80baed6a77e75a6811f03ebfda4fc2da360b4b5a81b37b499,maia-relative-strength-100.pgn,maia2-1300__vs__maia3-1300.pgn
maia2-1300__vs__maia3-1300,70,35,MAIA2 1300,MAIA3 1300,maia2,maia3,1300,1300,Black,MAIA3 1300,MAIA2 1300,1-0,0.0,checkmate,95,42236c077000bab80baed6a77e75a6811f03ebfda4fc2da360b4b5a81b37b499,maia-relative-strength-100.pgn,maia2-1300__vs__maia3-1300.pgn
maia2-1300__vs__maia3-1300,71,36,MAIA2 1300,MAIA3 1300,maia2,maia3,1300,1300,White,MAIA2 1300,MAIA3 1300,1-0,1.0,checkmate,67,42236c077000bab80baed6a77e75a6811f03ebfda4fc2da360b4b5a81b37b499,maia-relative-strength-100.pgn,maia2-1300__vs__maia3-1300.pgn
maia2-1300__vs__maia3-1300,72,36,MAIA2 1300,MAIA3 1300,maia2,maia3,1300,1300,Black,MAIA3 1300,MAIA2 1300,1/2-1/2,0.5,threefold repetition,63,42236c077000bab80baed6a77e75a6811f03ebfda4fc2da360b4b5a81b37b499,maia-relative-strength-100.pgn,maia2-1300__vs__maia3-1300.pgn
maia2-1300__vs__maia3-1300,73,37,MAIA2 1300,MAIA3 1300,maia2,maia3,1300,1300,White,MAIA2 1300,MAIA3 1300,1-0,1.0,checkmate,47,42236c077000bab80baed6a77e75a6811f03ebfda4fc2da360b4b5a81b37b499,maia-relative-strength-100.pgn,maia2-1300__vs__maia3-1300.pgn
maia2-1300__vs__maia3-1300,74,37,MAIA2 1300,MAIA3 1300,maia2,maia3,1300,1300,Black,MAIA3 1300,MAIA2 1300,1-0,0.0,checkmate,55,42236c077000bab80baed6a77e75a6811f03ebfda4fc2da360b4b5a81b37b499,maia-relative-strength-100.pgn,maia2-1300__vs__maia3-1300.pgn
maia2-1300__vs__maia3-1300,75,38,MAIA2 1300,MAIA3 1300,maia2,maia3,1300,1300,White,MAIA2 1300,MAIA3 1300,1-0,1.0,checkmate,101,42236c077000bab80baed6a77e75a6811f03ebfda4fc2da360b4b5a81b37b499,maia-relative-strength-100.pgn,maia2-1300__vs__maia3-1300.pgn
maia2-1300__vs__maia3-1300,76,38,MAIA2 1300,MAIA3 1300,maia2,maia3,1300,1300,Black,MAIA3 1300,MAIA2 1300,1/2-1/2,0.5,stalemate,64,42236c077000bab80baed6a77e75a6811f03ebfda4fc2da360b4b5a81b37b499,maia-relative-strength-100.pgn,maia2-1300__vs__maia3-1300.pgn
maia2-1300__vs__maia3-1300,77,39,MAIA2 1300,MAIA3 1300,maia2,maia3,1300,1300,White,MAIA2 1300,MAIA3 1300,0-1,0.0,checkmate,74,42236c077000bab80baed6a77e75a6811f03ebfda4fc2da360b4b5a81b37b499,maia-relative-strength-100.pgn,maia2-1300__vs__maia3-1300.pgn
maia2-1300__vs__maia3-1300,78,39,MAIA2 1300,MAIA3 1300,maia2,maia3,1300,1300,Black,MAIA3 1300,MAIA2 1300,0-1,1.0,checkmate,136,42236c077000bab80baed6a77e75a6811f03ebfda4fc2da360b4b5a81b37b499,maia-relative-strength-100.pgn,maia2-1300__vs__maia3-1300.pgn
maia2-1300__vs__maia3-1300,79,40,MAIA2 1300,MAIA3 1300,maia2,maia3,1300,1300,White,MAIA2 1300,MAIA3 1300,0-1,0.0,checkmate,66,42236c077000bab80baed6a77e75a6811f03ebfda4fc2da360b4b5a81b37b499,maia-relative-strength-100.pgn,maia2-1300__vs__maia3-1300.pgn
maia2-1300__vs__maia3-1300,80,40,MAIA2 1300,MAIA3 1300,maia2,maia3,1300,1300,Black,MAIA3 1300,MAIA2 1300,0-1,1.0,checkmate,90,42236c077000bab80baed6a77e75a6811f03ebfda4fc2da360b4b5a81b37b499,maia-relative-strength-100.pgn,maia2-1300__vs__maia3-1300.pgn
maia2-1300__vs__maia3-1300,81,41,MAIA2 1300,MAIA3 1300,maia2,maia3,1300,1300,White,MAIA2 1300,MAIA3 1300,1-0,1.0,checkmate,107,42236c077000bab80baed6a77e75a6811f03ebfda4fc2da360b4b5a81b37b499,maia-relative-strength-100.pgn,maia2-1300__vs__maia3-1300.pgn
maia2-1300__vs__maia3-1300,82,41,MAIA2 1300,MAIA3 1300,maia2,maia3,1300,1300,Black,MAIA3 1300,MAIA2 1300,0-1,1.0,checkmate,88,42236c077000bab80baed6a77e75a6811f03ebfda4fc2da360b4b5a81b37b499,maia-relative-strength-100.pgn,maia2-1300__vs__maia3-1300.pgn
maia2-1300__vs__maia3-1300,83,42,MAIA2 1300,MAIA3 1300,maia2,maia3,1300,1300,White,MAIA2 1300,MAIA3 1300,1-0,1.0,checkmate,37,42236c077000bab80baed6a77e75a6811f03ebfda4fc2da360b4b5a81b37b499,maia-relative-strength-100.pgn,maia2-1300__vs__maia3-1300.pgn
maia2-1300__vs__maia3-1300,84,42,MAIA2 1300,MAIA3 1300,maia2,maia3,1300,1300,Black,MAIA3 1300,MAIA2 1300,1-0,0.0,checkmate,117,42236c077000bab80baed6a77e75a6811f03ebfda4fc2da360b4b5a81b37b499,maia-relative-strength-100.pgn,maia2-1300__vs__maia3-1300.pgn
maia2-1300__vs__maia3-1300,85,43,MAIA2 1300,MAIA3 1300,maia2,maia3,1300,1300,White,MAIA2 1300,MAIA3 1300,0-1,0.0,checkmate,50,42236c077000bab80baed6a77e75a6811f03ebfda4fc2da360b4b5a81b37b499,maia-relative-strength-100.pgn,maia2-1300__vs__maia3-1300.pgn
maia2-1300__vs__maia3-1300,86,43,MAIA2 1300,MAIA3 1300,maia2,maia3,1300,1300,Black,MAIA3 1300,MAIA2 1300,1-0,0.0,checkmate,165,42236c077000bab80baed6a77e75a6811f03ebfda4fc2da360b4b5a81b37b499,maia-relative-strength-100.pgn,maia2-1300__vs__maia3-1300.pgn
maia2-1300__vs__maia3-1300,87,44,MAIA2 1300,MAIA3 1300,maia2,maia3,1300,1300,White,MAIA2 1300,MAIA3 1300,0-1,0.0,checkmate,124,42236c077000bab80baed6a77e75a6811f03ebfda4fc2da360b4b5a81b37b499,maia-relative-strength-100.pgn,maia2-1300__vs__maia3-1300.pgn
maia2-1300__vs__maia3-1300,88,44,MAIA2 1300,MAIA3 1300,maia2,maia3,1300,1300,Black,MAIA3 1300,MAIA2 1300,1-0,0.0,checkmate,141,42236c077000bab80baed6a77e75a6811f03ebfda4fc2da360b4b5a81b37b499,maia-relative-strength-100.pgn,maia2-1300__vs__maia3-1300.pgn
maia2-1300__vs__maia3-1300,89,45,MAIA2 1300,MAIA3 1300,maia2,maia3,1300,1300,White,MAIA2 1300,MAIA3 1300,1-0,1.0,checkmate,33,42236c077000bab80baed6a77e75a6811f03ebfda4fc2da360b4b5a81b37b499,maia-relative-strength-100.pgn,maia2-1300__vs__maia3-1300.pgn
maia2-1300__vs__maia3-1300,90,45,MAIA2 1300,MAIA3 1300,maia2,maia3,1300,1300,Black,MAIA3 1300,MAIA2 1300,0-1,1.0,checkmate,92,42236c077000bab80baed6a77e75a6811f03ebfda4fc2da360b4b5a81b37b499,maia-relative-strength-100.pgn,maia2-1300__vs__maia3-1300.pgn
maia2-1300__vs__maia3-1300,91,46,MAIA2 1300,MAIA3 1300,maia2,maia3,1300,1300,White,MAIA2 1300,MAIA3 1300,1-0,1.0,checkmate,47,42236c077000bab80baed6a77e75a6811f03ebfda4fc2da360b4b5a81b37b499,maia-relative-strength-100.pgn,maia2-1300__vs__maia3-1300.pgn
maia2-1300__vs__maia3-1300,92,46,MAIA2 1300,MAIA3 1300,maia2,maia3,1300,1300,Black,MAIA3 1300,MAIA2 1300,0-1,1.0,checkmate,74,42236c077000bab80baed6a77e75a6811f03ebfda4fc2da360b4b5a81b37b499,maia-relative-strength-100.pgn,maia2-1300__vs__maia3-1300.pgn
maia2-1300__vs__maia3-1300,93,47,MAIA2 1300,MAIA3 1300,maia2,maia3,1300,1300,White,MAIA2 1300,MAIA3 1300,1-0,1.0,checkmate,69,42236c077000bab80baed6a77e75a6811f03ebfda4fc2da360b4b5a81b37b499,maia-relative-strength-100.pgn,maia2-1300__vs__maia3-1300.pgn
maia2-1300__vs__maia3-1300,94,47,MAIA2 1300,MAIA3 1300,maia2,maia3,1300,1300,Black,MAIA3 1300,MAIA2 1300,1-0,0.0,checkmate,85,42236c077000bab80baed6a77e75a6811f03ebfda4fc2da360b4b5a81b37b499,maia-relative-strength-100.pgn,maia2-1300__vs__maia3-1300.pgn
maia2-1300__vs__maia3-1300,95,48,MAIA2 1300,MAIA3 1300,maia2,maia3,1300,1300,White,MAIA2 1300,MAIA3 1300,0-1,0.0,checkmate,90,42236c077000bab80baed6a77e75a6811f03ebfda4fc2da360b4b5a81b37b499,maia-relative-strength-100.pgn,maia2-1300__vs__maia3-1300.pgn
maia2-1300__vs__maia3-1300,96,48,MAIA2 1300,MAIA3 1300,maia2,maia3,1300,1300,Black,MAIA3 1300,MAIA2 1300,0-1,1.0,checkmate,144,42236c077000bab80baed6a77e75a6811f03ebfda4fc2da360b4b5a81b37b499,maia-relative-strength-100.pgn,maia2-1300__vs__maia3-1300.pgn
maia2-1300__vs__maia3-1300,97,49,MAIA2 1300,MAIA3 1300,maia2,maia3,1300,1300,White,MAIA2 1300,MAIA3 1300,1-0,1.0,checkmate,77,42236c077000bab80baed6a77e75a6811f03ebfda4fc2da360b4b5a81b37b499,maia-relative-strength-100.pgn,maia2-1300__vs__maia3-1300.pgn
maia2-1300__vs__maia3-1300,98,49,MAIA2 1300,MAIA3 1300,maia2,maia3,1300,1300,Black,MAIA3 1300,MAIA2 1300,1-0,0.0,checkmate,109,42236c077000bab80baed6a77e75a6811f03ebfda4fc2da360b4b5a81b37b499,maia-relative-strength-100.pgn,maia2-1300__vs__maia3-1300.pgn
maia2-1300__vs__maia3-1300,99,50,MAIA2 1300,MAIA3 1300,maia2,maia3,1300,1300,White,MAIA2 1300,MAIA3 1300,1/2-1/2,0.5,stalemate,130,42236c077000bab80baed6a77e75a6811f03ebfda4fc2da360b4b5a81b37b499,maia-relative-strength-100.pgn,maia2-1300__vs__maia3-1300.pgn
maia2-1300__vs__maia3-1300,100,50,MAIA2 1300,MAIA3 1300,maia2,maia3,1300,1300,Black,MAIA3 1300,MAIA2 1300,1/2-1/2,0.5,threefold repetition,65,42236c077000bab80baed6a77e75a6811f03ebfda4fc2da360b4b5a81b37b499,maia-relative-strength-100.pgn,maia2-1300__vs__maia3-1300.pgn
maia2-1300__vs__maia3-1300,101,51,MAIA2 1300,MAIA3 1300,maia2,maia3,1300,1300,White,MAIA2 1300,MAIA3 1300,1/2-1/2,0.5,threefold repetition,106,42236c077000bab80baed6a77e75a6811f03ebfda4fc2da360b4b5a81b37b499,maia-relative-strength-100.pgn,maia2-1300__vs__maia3-1300.pgn
maia2-1300__vs__maia3-1300,102,51,MAIA2 1300,MAIA3 1300,maia2,maia3,1300,1300,Black,MAIA3 1300,MAIA2 1300,0-1,1.0,checkmate,102,42236c077000bab80baed6a77e75a6811f03ebfda4fc2da360b4b5a81b37b499,maia-relative-strength-100.pgn,maia2-1300__vs__maia3-1300.pgn
maia2-1300__vs__maia3-1300,103,52,MAIA2 1300,MAIA3 1300,maia2,maia3,1300,1300,White,MAIA2 1300,MAIA3 1300,0-1,0.0,checkmate,80,42236c077000bab80baed6a77e75a6811f03ebfda4fc2da360b4b5a81b37b499,maia-relative-strength-100.pgn,maia2-1300__vs__maia3-1300.pgn
maia2-1300__vs__maia3-1300,104,52,MAIA2 1300,MAIA3 1300,maia2,maia3,1300,1300,Black,MAIA3 1300,MAIA2 1300,1-0,0.0,checkmate,115,42236c077000bab80baed6a77e75a6811f03ebfda4fc2da360b4b5a81b37b499,maia-relative-strength-100.pgn,maia2-1300__vs__maia3-1300.pgn
maia2-1300__vs__maia3-1300,105,53,MAIA2 1300,MAIA3 1300,maia2,maia3,1300,1300,White,MAIA2 1300,MAIA3 1300,1-0,1.0,checkmate,113,42236c077000bab80baed6a77e75a6811f03ebfda4fc2da360b4b5a81b37b499,maia-relative-strength-100.pgn,maia2-1300__vs__maia3-1300.pgn
maia2-1300__vs__maia3-1300,106,53,MAIA2 1300,MAIA3 1300,maia2,maia3,1300,1300,Black,MAIA3 1300,MAIA2 1300,1/2-1/2,0.5,threefold repetition,80,42236c077000bab80baed6a77e75a6811f03ebfda4fc2da360b4b5a81b37b499,maia-relative-strength-100.pgn,maia2-1300__vs__maia3-1300.pgn
maia2-1300__vs__maia3-1300,107,54,MAIA2 1300,MAIA3 1300,maia2,maia3,1300,1300,White,MAIA2 1300,MAIA3 1300,1/2-1/2,0.5,threefold repetition,68,42236c077000bab80baed6a77e75a6811f03ebfda4fc2da360b4b5a81b37b499,maia-relative-strength-100.pgn,maia2-1300__vs__maia3-1300.pgn
maia2-1300__vs__maia3-1300,108,54,MAIA2 1300,MAIA3 1300,maia2,maia3,1300,1300,Black,MAIA3 1300,MAIA2 1300,1-0,0.0,checkmate,41,42236c077000bab80baed6a77e75a6811f03ebfda4fc2da360b4b5a81b37b499,maia-relative-strength-100.pgn,maia2-1300__vs__maia3-1300.pgn
maia2-1300__vs__maia3-1300,109,55,MAIA2 1300,MAIA3 1300,maia2,maia3,1300,1300,White,MAIA2 1300,MAIA3 1300,1-0,1.0,checkmate,125,42236c077000bab80baed6a77e75a6811f03ebfda4fc2da360b4b5a81b37b499,maia-relative-strength-100.pgn,maia2-1300__vs__maia3-1300.pgn
maia2-1300__vs__maia3-1300,110,55,MAIA2 1300,MAIA3 1300,maia2,maia3,1300,1300,Black,MAIA3 1300,MAIA2 1300,0-1,1.0,checkmate,144,42236c077000bab80baed6a77e75a6811f03ebfda4fc2da360b4b5a81b37b499,maia-relative-strength-100.pgn,maia2-1300__vs__maia3-1300.pgn
maia2-1300__vs__maia3-1300,111,56,MAIA2 1300,MAIA3 1300,maia2,maia3,1300,1300,White,MAIA2 1300,MAIA3 1300,1-0,1.0,checkmate,111,42236c077000bab80baed6a77e75a6811f03ebfda4fc2da360b4b5a81b37b499,maia-relative-strength-100.pgn,maia2-1300__vs__maia3-1300.pgn
maia2-1300__vs__maia3-1300,112,56,MAIA2 1300,MAIA3 1300,maia2,maia3,1300,1300,Black,MAIA3 1300,MAIA2 1300,0-1,1.0,checkmate,82,42236c077000bab80baed6a77e75a6811f03ebfda4fc2da360b4b5a81b37b499,maia-relative-strength-100.pgn,maia2-1300__vs__maia3-1300.pgn
maia2-1300__vs__maia3-1300,113,57,MAIA2 1300,MAIA3 1300,maia2,maia3,1300,1300,White,MAIA2 1300,MAIA3 1300,1/2-1/2,0.5,threefold repetition,73,42236c077000bab80baed6a77e75a6811f03ebfda4fc2da360b4b5a81b37b499,maia-relative-strength-100.pgn,maia2-1300__vs__maia3-1300.pgn
maia2-1300__vs__maia3-1300,114,57,MAIA2 1300,MAIA3 1300,maia2,maia3,1300,1300,Black,MAIA3 1300,MAIA2 1300,0-1,1.0,checkmate,70,42236c077000bab80baed6a77e75a6811f03ebfda4fc2da360b4b5a81b37b499,maia-relative-strength-100.pgn,maia2-1300__vs__maia3-1300.pgn
maia2-1300__vs__maia3-1300,115,58,MAIA2 1300,MAIA3 1300,maia2,maia3,1300,1300,White,MAIA2 1300,MAIA3 1300,1-0,1.0,checkmate,89,42236c077000bab80baed6a77e75a6811f03ebfda4fc2da360b4b5a81b37b499,maia-relative-strength-100.pgn,maia2-1300__vs__maia3-1300.pgn
maia2-1300__vs__maia3-1300,116,58,MAIA2 1300,MAIA3 1300,maia2,maia3,1300,1300,Black,MAIA3 1300,MAIA2 1300,0-1,1.0,checkmate,66,42236c077000bab80baed6a77e75a6811f03ebfda4fc2da360b4b5a81b37b499,maia-relative-strength-100.pgn,maia2-1300__vs__maia3-1300.pgn
maia2-1300__vs__maia3-1300,117,59,MAIA2 1300,MAIA3 1300,maia2,maia3,1300,1300,White,MAIA2 1300,MAIA3 1300,0-1,0.0,checkmate,98,42236c077000bab80baed6a77e75a6811f03ebfda4fc2da360b4b5a81b37b499,maia-relative-strength-100.pgn,maia2-1300__vs__maia3-1300.pgn
maia2-1300__vs__maia3-1300,118,59,MAIA2 1300,MAIA3 1300,maia2,maia3,1300,1300,Black,MAIA3 1300,MAIA2 1300,1-0,0.0,checkmate,109,42236c077000bab80baed6a77e75a6811f03ebfda4fc2da360b4b5a81b37b499,maia-relative-strength-100.pgn,maia2-1300__vs__maia3-1300.pgn
maia2-1300__vs__maia3-1300,119,60,MAIA2 1300,MAIA3 1300,maia2,maia3,1300,1300,White,MAIA2 1300,MAIA3 1300,1-0,1.0,checkmate,109,42236c077000bab80baed6a77e75a6811f03ebfda4fc2da360b4b5a81b37b499,maia-relative-strength-100.pgn,maia2-1300__vs__maia3-1300.pgn
maia2-1300__vs__maia3-1300,120,60,MAIA2 1300,MAIA3 1300,maia2,maia3,1300,1300,Black,MAIA3 1300,MAIA2 1300,0-1,1.0,checkmate,108,42236c077000bab80baed6a77e75a6811f03ebfda4fc2da360b4b5a81b37b499,maia-relative-strength-100.pgn,maia2-1300__vs__maia3-1300.pgn
maia2-1300__vs__maia3-1300,121,61,MAIA2 1300,MAIA3 1300,maia2,maia3,1300,1300,White,MAIA2 1300,MAIA3 1300,1-0,1.0,checkmate,59,42236c077000bab80baed6a77e75a6811f03ebfda4fc2da360b4b5a81b37b499,maia-relative-strength-100.pgn,maia2-1300__vs__maia3-1300.pgn
maia2-1300__vs__maia3-1300,122,61,MAIA2 1300,MAIA3 1300,maia2,maia3,1300,1300,Black,MAIA3 1300,MAIA2 1300,0-1,1.0,checkmate,80,42236c077000bab80baed6a77e75a6811f03ebfda4fc2da360b4b5a81b37b499,maia-relative-strength-100.pgn,maia2-1300__vs__maia3-1300.pgn
maia2-1300__vs__maia3-1300,123,62,MAIA2 1300,MAIA3 1300,maia2,maia3,1300,1300,White,MAIA2 1300,MAIA3 1300,1-0,1.0,checkmate,57,42236c077000bab80baed6a77e75a6811f03ebfda4fc2da360b4b5a81b37b499,maia-relative-strength-100.pgn,maia2-1300__vs__maia3-1300.pgn
maia2-1300__vs__maia3-1300,124,62,MAIA2 1300,MAIA3 1300,maia2,maia3,1300,1300,Black,MAIA3 1300,MAIA2 1300,1-0,0.0,checkmate,133,42236c077000bab80baed6a77e75a6811f03ebfda4fc2da360b4b5a81b37b499,maia-relative-strength-100.pgn,maia2-1300__vs__maia3-1300.pgn
maia2-1300__vs__maia3-1300,125,63,MAIA2 1300,MAIA3 1300,maia2,maia3,1300,1300,White,MAIA2 1300,MAIA3 1300,1-0,1.0,checkmate,105,42236c077000bab80baed6a77e75a6811f03ebfda4fc2da360b4b5a81b37b499,maia-relative-strength-100.pgn,maia2-1300__vs__maia3-1300.pgn
maia2-1300__vs__maia3-1300,126,63,MAIA2 1300,MAIA3 1300,maia2,maia3,1300,1300,Black,MAIA3 1300,MAIA2 1300,0-1,1.0,checkmate,108,42236c077000bab80baed6a77e75a6811f03ebfda4fc2da360b4b5a81b37b499,maia-relative-strength-100.pgn,maia2-1300__vs__maia3-1300.pgn
maia2-1300__vs__maia3-1300,127,64,MAIA2 1300,MAIA3 1300,maia2,maia3,1300,1300,White,MAIA2 1300,MAIA3 1300,0-1,0.0,checkmate,98,42236c077000bab80baed6a77e75a6811f03ebfda4fc2da360b4b5a81b37b499,maia-relative-strength-100.pgn,maia2-1300__vs__maia3-1300.pgn
maia2-1300__vs__maia3-1300,128,64,MAIA2 1300,MAIA3 1300,maia2,maia3,1300,1300,Black,MAIA3 1300,MAIA2 1300,1/2-1/2,0.5,threefold repetition,73,42236c077000bab80baed6a77e75a6811f03ebfda4fc2da360b4b5a81b37b499,maia-relative-strength-100.pgn,maia2-1300__vs__maia3-1300.pgn
maia2-1300__vs__maia3-1300,129,65,MAIA2 1300,MAIA3 1300,maia2,maia3,1300,1300,White,MAIA2 1300,MAIA3 1300,1-0,1.0,checkmate,43,42236c077000bab80baed6a77e75a6811f03ebfda4fc2da360b4b5a81b37b499,maia-relative-strength-100.pgn,maia2-1300__vs__maia3-1300.pgn
maia2-1300__vs__maia3-1300,130,65,MAIA2 1300,MAIA3 1300,maia2,maia3,1300,1300,Black,MAIA3 1300,MAIA2 1300,0-1,1.0,checkmate,54,42236c077000bab80baed6a77e75a6811f03ebfda4fc2da360b4b5a81b37b499,maia-relative-strength-100.pgn,maia2-1300__vs__maia3-1300.pgn
maia2-1300__vs__maia3-1300,131,66,MAIA2 1300,MAIA3 1300,maia2,maia3,1300,1300,White,MAIA2 1300,MAIA3 1300,1/2-1/2,0.5,threefold repetition,111,42236c077000bab80baed6a77e75a6811f03ebfda4fc2da360b4b5a81b37b499,maia-relative-strength-100.pgn,maia2-1300__vs__maia3-1300.pgn
maia2-1300__vs__maia3-1300,132,66,MAIA2 1300,MAIA3 1300,maia2,maia3,1300,1300,Black,MAIA3 1300,MAIA2 1300,1/2-1/2,0.5,threefold repetition,54,42236c077000bab80baed6a77e75a6811f03ebfda4fc2da360b4b5a81b37b499,maia-relative-strength-100.pgn,maia2-1300__vs__maia3-1300.pgn
maia2-1300__vs__maia3-1300,133,67,MAIA2 1300,MAIA3 1300,maia2,maia3,1300,1300,White,MAIA2 1300,MAIA3 1300,1-0,1.0,checkmate,31,42236c077000bab80baed6a77e75a6811f03ebfda4fc2da360b4b5a81b37b499,maia-relative-strength-100.pgn,maia2-1300__vs__maia3-1300.pgn
maia2-1300__vs__maia3-1300,134,67,MAIA2 1300,MAIA3 1300,maia2,maia3,1300,1300,Black,MAIA3 1300,MAIA2 1300,0-1,1.0,checkmate,100,42236c077000bab80baed6a77e75a6811f03ebfda4fc2da360b4b5a81b37b499,maia-relative-strength-100.pgn,maia2-1300__vs__maia3-1300.pgn
maia2-1300__vs__maia3-1300,135,68,MAIA2 1300,MAIA3 1300,maia2,maia3,1300,1300,White,MAIA2 1300,MAIA3 1300,0-1,0.0,checkmate,80,42236c077000bab80baed6a77e75a6811f03ebfda4fc2da360b4b5a81b37b499,maia-relative-strength-100.pgn,maia2-1300__vs__maia3-1300.pgn
maia2-1300__vs__maia3-1300,136,68,MAIA2 1300,MAIA3 1300,maia2,maia3,1300,1300,Black,MAIA3 1300,MAIA2 1300,1/2-1/2,0.5,threefold repetition,91,42236c077000bab80baed6a77e75a6811f03ebfda4fc2da360b4b5a81b37b499,maia-relative-strength-100.pgn,maia2-1300__vs__maia3-1300.pgn
maia2-1300__vs__maia3-1300,137,69,MAIA2 1300,MAIA3 1300,maia2,maia3,1300,1300,White,MAIA2 1300,MAIA3 1300,1-0,1.0,checkmate,113,42236c077000bab80baed6a77e75a6811f03ebfda4fc2da360b4b5a81b37b499,maia-relative-strength-100.pgn,maia2-1300__vs__maia3-1300.pgn
maia2-1300__vs__maia3-1300,138,69,MAIA2 1300,MAIA3 1300,maia2,maia3,1300,1300,Black,MAIA3 1300,MAIA2 1300,1-0,0.0,checkmate,33,42236c077000bab80baed6a77e75a6811f03ebfda4fc2da360b4b5a81b37b499,maia-relative-strength-100.pgn,maia2-1300__vs__maia3-1300.pgn
maia2-1300__vs__maia3-1300,139,70,MAIA2 1300,MAIA3 1300,maia2,maia3,1300,1300,White,MAIA2 1300,MAIA3 1300,0-1,0.0,checkmate,42,42236c077000bab80baed6a77e75a6811f03ebfda4fc2da360b4b5a81b37b499,maia-relative-strength-100.pgn,maia2-1300__vs__maia3-1300.pgn
maia2-1300__vs__maia3-1300,140,70,MAIA2 1300,MAIA3 1300,maia2,maia3,1300,1300,Black,MAIA3 1300,MAIA2 1300,1-0,0.0,checkmate,29,42236c077000bab80baed6a77e75a6811f03ebfda4fc2da360b4b5a81b37b499,maia-relative-strength-100.pgn,maia2-1300__vs__maia3-1300.pgn
maia2-1300__vs__maia3-1300,141,71,MAIA2 1300,MAIA3 1300,maia2,maia3,1300,1300,White,MAIA2 1300,MAIA3 1300,1-0,1.0,checkmate,41,42236c077000bab80baed6a77e75a6811f03ebfda4fc2da360b4b5a81b37b499,maia-relative-strength-100.pgn,maia2-1300__vs__maia3-1300.pgn
maia2-1300__vs__maia3-1300,142,71,MAIA2 1300,MAIA3 1300,maia2,maia3,1300,1300,Black,MAIA3 1300,MAIA2 1300,0-1,1.0,checkmate,70,42236c077000bab80baed6a77e75a6811f03ebfda4fc2da360b4b5a81b37b499,maia-relative-strength-100.pgn,maia2-1300__vs__maia3-1300.pgn
maia2-1300__vs__maia3-1300,143,72,MAIA2 1300,MAIA3 1300,maia2,maia3,1300,1300,White,MAIA2 1300,MAIA3 1300,1-0,1.0,checkmate,45,42236c077000bab80baed6a77e75a6811f03ebfda4fc2da360b4b5a81b37b499,maia-relative-strength-100.pgn,maia2-1300__vs__maia3-1300.pgn
maia2-1300__vs__maia3-1300,144,72,MAIA2 1300,MAIA3 1300,maia2,maia3,1300,1300,Black,MAIA3 1300,MAIA2 1300,1-0,0.0,checkmate,81,42236c077000bab80baed6a77e75a6811f03ebfda4fc2da360b4b5a81b37b499,maia-relative-strength-100.pgn,maia2-1300__vs__maia3-1300.pgn
maia2-1300__vs__maia3-1300,145,73,MAIA2 1300,MAIA3 1300,maia2,maia3,1300,1300,White,MAIA2 1300,MAIA3 1300,0-1,0.0,checkmate,78,42236c077000bab80baed6a77e75a6811f03ebfda4fc2da360b4b5a81b37b499,maia-relative-strength-100.pgn,maia2-1300__vs__maia3-1300.pgn
maia2-1300__vs__maia3-1300,146,73,MAIA2 1300,MAIA3 1300,maia2,maia3,1300,1300,Black,MAIA3 1300,MAIA2 1300,1-0,0.0,checkmate,43,42236c077000bab80baed6a77e75a6811f03ebfda4fc2da360b4b5a81b37b499,maia-relative-strength-100.pgn,maia2-1300__vs__maia3-1300.pgn
maia2-1300__vs__maia3-1300,147,74,MAIA2 1300,MAIA3 1300,maia2,maia3,1300,1300,White,MAIA2 1300,MAIA3 1300,0-1,0.0,checkmate,66,42236c077000bab80baed6a77e75a6811f03ebfda4fc2da360b4b5a81b37b499,maia-relative-strength-100.pgn,maia2-1300__vs__maia3-1300.pgn
maia2-1300__vs__maia3-1300,148,74,MAIA2 1300,MAIA3 1300,maia2,maia3,1300,1300,Black,MAIA3 1300,MAIA2 1300,0-1,1.0,checkmate,54,42236c077000bab80baed6a77e75a6811f03ebfda4fc2da360b4b5a81b37b499,maia-relative-strength-100.pgn,maia2-1300__vs__maia3-1300.pgn
maia2-1300__vs__maia3-1300,149,75,MAIA2 1300,MAIA3 1300,maia2,maia3,1300,1300,White,MAIA2 1300,MAIA3 1300,1-0,1.0,checkmate,85,42236c077000bab80baed6a77e75a6811f03ebfda4fc2da360b4b5a81b37b499,maia-relative-strength-100.pgn,maia2-1300__vs__maia3-1300.pgn
maia2-1300__vs__maia3-1300,150,75,MAIA2 1300,MAIA3 1300,maia2,maia3,1300,1300,Black,MAIA3 1300,MAIA2 1300,0-1,1.0,checkmate,70,42236c077000bab80baed6a77e75a6811f03ebfda4fc2da360b4b5a81b37b499,maia-relative-strength-100.pgn,maia2-1300__vs__maia3-1300.pgn
maia2-1300__vs__maia3-1300,151,76,MAIA2 1300,MAIA3 1300,maia2,maia3,1300,1300,White,MAIA2 1300,MAIA3 1300,0-1,0.0,checkmate,156,42236c077000bab80baed6a77e75a6811f03ebfda4fc2da360b4b5a81b37b499,maia-relative-strength-100.pgn,maia2-1300__vs__maia3-1300.pgn
maia2-1300__vs__maia3-1300,152,76,MAIA2 1300,MAIA3 1300,maia2,maia3,1300,1300,Black,MAIA3 1300,MAIA2 1300,1-0,0.0,checkmate,121,42236c077000bab80baed6a77e75a6811f03ebfda4fc2da360b4b5a81b37b499,maia-relative-strength-100.pgn,maia2-1300__vs__maia3-1300.pgn
maia2-1300__vs__maia3-1300,153,77,MAIA2 1300,MAIA3 1300,maia2,maia3,1300,1300,White,MAIA2 1300,MAIA3 1300,1/2-1/2,0.5,threefold repetition,59,42236c077000bab80baed6a77e75a6811f03ebfda4fc2da360b4b5a81b37b499,maia-relative-strength-100.pgn,maia2-1300__vs__maia3-1300.pgn
maia2-1300__vs__maia3-1300,154,77,MAIA2 1300,MAIA3 1300,maia2,maia3,1300,1300,Black,MAIA3 1300,MAIA2 1300,0-1,1.0,checkmate,48,42236c077000bab80baed6a77e75a6811f03ebfda4fc2da360b4b5a81b37b499,maia-relative-strength-100.pgn,maia2-1300__vs__maia3-1300.pgn
maia2-1300__vs__maia3-1300,155,78,MAIA2 1300,MAIA3 1300,maia2,maia3,1300,1300,White,MAIA2 1300,MAIA3 1300,0-1,0.0,checkmate,52,42236c077000bab80baed6a77e75a6811f03ebfda4fc2da360b4b5a81b37b499,maia-relative-strength-100.pgn,maia2-1300__vs__maia3-1300.pgn
maia2-1300__vs__maia3-1300,156,78,MAIA2 1300,MAIA3 1300,maia2,maia3,1300,1300,Black,MAIA3 1300,MAIA2 1300,0-1,1.0,checkmate,52,42236c077000bab80baed6a77e75a6811f03ebfda4fc2da360b4b5a81b37b499,maia-relative-strength-100.pgn,maia2-1300__vs__maia3-1300.pgn
maia2-1300__vs__maia3-1300,157,79,MAIA2 1300,MAIA3 1300,maia2,maia3,1300,1300,White,MAIA2 1300,MAIA3 1300,0-1,0.0,checkmate,52,42236c077000bab80baed6a77e75a6811f03ebfda4fc2da360b4b5a81b37b499,maia-relative-strength-100.pgn,maia2-1300__vs__maia3-1300.pgn
maia2-1300__vs__maia3-1300,158,79,MAIA2 1300,MAIA3 1300,maia2,maia3,1300,1300,Black,MAIA3 1300,MAIA2 1300,0-1,1.0,checkmate,80,42236c077000bab80baed6a77e75a6811f03ebfda4fc2da360b4b5a81b37b499,maia-relative-strength-100.pgn,maia2-1300__vs__maia3-1300.pgn
maia2-1300__vs__maia3-1300,159,80,MAIA2 1300,MAIA3 1300,maia2,maia3,1300,1300,White,MAIA2 1300,MAIA3 1300,0-1,0.0,checkmate,140,42236c077000bab80baed6a77e75a6811f03ebfda4fc2da360b4b5a81b37b499,maia-relative-strength-100.pgn,maia2-1300__vs__maia3-1300.pgn
maia2-1300__vs__maia3-1300,160,80,MAIA2 1300,MAIA3 1300,maia2,maia3,1300,1300,Black,MAIA3 1300,MAIA2 1300,1/2-1/2,0.5,threefold repetition,55,42236c077000bab80baed6a77e75a6811f03ebfda4fc2da360b4b5a81b37b499,maia-relative-strength-100.pgn,maia2-1300__vs__maia3-1300.pgn
maia2-1300__vs__maia3-1300,161,81,MAIA2 1300,MAIA3 1300,maia2,maia3,1300,1300,White,MAIA2 1300,MAIA3 1300,1/2-1/2,0.5,threefold repetition,67,42236c077000bab80baed6a77e75a6811f03ebfda4fc2da360b4b5a81b37b499,maia-relative-strength-100.pgn,maia2-1300__vs__maia3-1300.pgn
maia2-1300__vs__maia3-1300,162,81,MAIA2 1300,MAIA3 1300,maia2,maia3,1300,1300,Black,MAIA3 1300,MAIA2 1300,1/2-1/2,0.5,threefold repetition,104,42236c077000bab80baed6a77e75a6811f03ebfda4fc2da360b4b5a81b37b499,maia-relative-strength-100.pgn,maia2-1300__vs__maia3-1300.pgn
maia2-1300__vs__maia3-1300,163,82,MAIA2 1300,MAIA3 1300,maia2,maia3,1300,1300,White,MAIA2 1300,MAIA3 1300,1/2-1/2,0.5,stalemate,99,42236c077000bab80baed6a77e75a6811f03ebfda4fc2da360b4b5a81b37b499,maia-relative-strength-100.pgn,maia2-1300__vs__maia3-1300.pgn
maia2-1300__vs__maia3-1300,164,82,MAIA2 1300,MAIA3 1300,maia2,maia3,1300,1300,Black,MAIA3 1300,MAIA2 1300,1/2-1/2,0.5,threefold repetition,55,42236c077000bab80baed6a77e75a6811f03ebfda4fc2da360b4b5a81b37b499,maia-relative-strength-100.pgn,maia2-1300__vs__maia3-1300.pgn
maia2-1300__vs__maia3-1300,165,83,MAIA2 1300,MAIA3 1300,maia2,maia3,1300,1300,White,MAIA2 1300,MAIA3 1300,0-1,0.0,checkmate,58,42236c077000bab80baed6a77e75a6811f03ebfda4fc2da360b4b5a81b37b499,maia-relative-strength-100.pgn,maia2-1300__vs__maia3-1300.pgn
maia2-1300__vs__maia3-1300,166,83,MAIA2 1300,MAIA3 1300,maia2,maia3,1300,1300,Black,MAIA3 1300,MAIA2 1300,1/2-1/2,0.5,threefold repetition,80,42236c077000bab80baed6a77e75a6811f03ebfda4fc2da360b4b5a81b37b499,maia-relative-strength-100.pgn,maia2-1300__vs__maia3-1300.pgn
maia2-1300__vs__maia3-1300,167,84,MAIA2 1300,MAIA3 1300,maia2,maia3,1300,1300,White,MAIA2 1300,MAIA3 1300,1-0,1.0,checkmate,77,42236c077000bab80baed6a77e75a6811f03ebfda4fc2da360b4b5a81b37b499,maia-relative-strength-100.pgn,maia2-1300__vs__maia3-1300.pgn
maia2-1300__vs__maia3-1300,168,84,MAIA2 1300,MAIA3 1300,maia2,maia3,1300,1300,Black,MAIA3 1300,MAIA2 1300,1/2-1/2,0.5,threefold repetition,83,42236c077000bab80baed6a77e75a6811f03ebfda4fc2da360b4b5a81b37b499,maia-relative-strength-100.pgn,maia2-1300__vs__maia3-1300.pgn
maia2-1300__vs__maia3-1300,169,85,MAIA2 1300,MAIA3 1300,maia2,maia3,1300,1300,White,MAIA2 1300,MAIA3 1300,1-0,1.0,checkmate,141,42236c077000bab80baed6a77e75a6811f03ebfda4fc2da360b4b5a81b37b499,maia-relative-strength-100.pgn,maia2-1300__vs__maia3-1300.pgn
maia2-1300__vs__maia3-1300,170,85,MAIA2 1300,MAIA3 1300,maia2,maia3,1300,1300,Black,MAIA3 1300,MAIA2 1300,1/2-1/2,0.5,threefold repetition,80,42236c077000bab80baed6a77e75a6811f03ebfda4fc2da360b4b5a81b37b499,maia-relative-strength-100.pgn,maia2-1300__vs__maia3-1300.pgn
maia2-1300__vs__maia3-1300,171,86,MAIA2 1300,MAIA3 1300,maia2,maia3,1300,1300,White,MAIA2 1300,MAIA3 1300,1-0,1.0,checkmate,85,42236c077000bab80baed6a77e75a6811f03ebfda4fc2da360b4b5a81b37b499,maia-relative-strength-100.pgn,maia2-1300__vs__maia3-1300.pgn
maia2-1300__vs__maia3-1300,172,86,MAIA2 1300,MAIA3 1300,maia2,maia3,1300,1300,Black,MAIA3 1300,MAIA2 1300,0-1,1.0,checkmate,132,42236c077000bab80baed6a77e75a6811f03ebfda4fc2da360b4b5a81b37b499,maia-relative-strength-100.pgn,maia2-1300__vs__maia3-1300.pgn
maia2-1300__vs__maia3-1300,173,87,MAIA2 1300,MAIA3 1300,maia2,maia3,1300,1300,White,MAIA2 1300,MAIA3 1300,0-1,0.0,checkmate,114,42236c077000bab80baed6a77e75a6811f03ebfda4fc2da360b4b5a81b37b499,maia-relative-strength-100.pgn,maia2-1300__vs__maia3-1300.pgn
maia2-1300__vs__maia3-1300,174,87,MAIA2 1300,MAIA3 1300,maia2,maia3,1300,1300,Black,MAIA3 1300,MAIA2 1300,1/2-1/2,0.5,threefold repetition,55,42236c077000bab80baed6a77e75a6811f03ebfda4fc2da360b4b5a81b37b499,maia-relative-strength-100.pgn,maia2-1300__vs__maia3-1300.pgn
maia2-1300__vs__maia3-1300,175,88,MAIA2 1300,MAIA3 1300,maia2,maia3,1300,1300,White,MAIA2 1300,MAIA3 1300,1-0,1.0,checkmate,109,42236c077000bab80baed6a77e75a6811f03ebfda4fc2da360b4b5a81b37b499,maia-relative-strength-100.pgn,maia2-1300__vs__maia3-1300.pgn
maia2-1300__vs__maia3-1300,176,88,MAIA2 1300,MAIA3 1300,maia2,maia3,1300,1300,Black,MAIA3 1300,MAIA2 1300,1-0,0.0,checkmate,55,42236c077000bab80baed6a77e75a6811f03ebfda4fc2da360b4b5a81b37b499,maia-relative-strength-100.pgn,maia2-1300__vs__maia3-1300.pgn
maia2-1300__vs__maia3-1300,177,89,MAIA2 1300,MAIA3 1300,maia2,maia3,1300,1300,White,MAIA2 1300,MAIA3 1300,0-1,0.0,checkmate,126,42236c077000bab80baed6a77e75a6811f03ebfda4fc2da360b4b5a81b37b499,maia-relative-strength-100.pgn,maia2-1300__vs__maia3-1300.pgn
maia2-1300__vs__maia3-1300,178,89,MAIA2 1300,MAIA3 1300,maia2,maia3,1300,1300,Black,MAIA3 1300,MAIA2 1300,1-0,0.0,checkmate,141,42236c077000bab80baed6a77e75a6811f03ebfda4fc2da360b4b5a81b37b499,maia-relative-strength-100.pgn,maia2-1300__vs__maia3-1300.pgn
maia2-1300__vs__maia3-1300,179,90,MAIA2 1300,MAIA3 1300,maia2,maia3,1300,1300,White,MAIA2 1300,MAIA3 1300,1/2-1/2,0.5,threefold repetition,86,42236c077000bab80baed6a77e75a6811f03ebfda4fc2da360b4b5a81b37b499,maia-relative-strength-100.pgn,maia2-1300__vs__maia3-1300.pgn
maia2-1300__vs__maia3-1300,180,90,MAIA2 1300,MAIA3 1300,maia2,maia3,1300,1300,Black,MAIA3 1300,MAIA2 1300,1/2-1/2,0.5,threefold repetition,72,42236c077000bab80baed6a77e75a6811f03ebfda4fc2da360b4b5a81b37b499,maia-relative-strength-100.pgn,maia2-1300__vs__maia3-1300.pgn
maia2-1300__vs__maia3-1300,181,91,MAIA2 1300,MAIA3 1300,maia2,maia3,1300,1300,White,MAIA2 1300,MAIA3 1300,1/2-1/2,0.5,threefold repetition,73,42236c077000bab80baed6a77e75a6811f03ebfda4fc2da360b4b5a81b37b499,maia-relative-strength-100.pgn,maia2-1300__vs__maia3-1300.pgn
maia2-1300__vs__maia3-1300,182,91,MAIA2 1300,MAIA3 1300,maia2,maia3,1300,1300,Black,MAIA3 1300,MAIA2 1300,0-1,1.0,checkmate,54,42236c077000bab80baed6a77e75a6811f03ebfda4fc2da360b4b5a81b37b499,maia-relative-strength-100.pgn,maia2-1300__vs__maia3-1300.pgn
maia2-1300__vs__maia3-1300,183,92,MAIA2 1300,MAIA3 1300,maia2,maia3,1300,1300,White,MAIA2 1300,MAIA3 1300,0-1,0.0,checkmate,32,42236c077000bab80baed6a77e75a6811f03ebfda4fc2da360b4b5a81b37b499,maia-relative-strength-100.pgn,maia2-1300__vs__maia3-1300.pgn
maia2-1300__vs__maia3-1300,184,92,MAIA2 1300,MAIA3 1300,maia2,maia3,1300,1300,Black,MAIA3 1300,MAIA2 1300,1-0,0.0,checkmate,17,42236c077000bab80baed6a77e75a6811f03ebfda4fc2da360b4b5a81b37b499,maia-relative-strength-100.pgn,maia2-1300__vs__maia3-1300.pgn
maia2-1300__vs__maia3-1300,185,93,MAIA2 1300,MAIA3 1300,maia2,maia3,1300,1300,White,MAIA2 1300,MAIA3 1300,1-0,1.0,checkmate,61,42236c077000bab80baed6a77e75a6811f03ebfda4fc2da360b4b5a81b37b499,maia-relative-strength-100.pgn,maia2-1300__vs__maia3-1300.pgn
maia2-1300__vs__maia3-1300,186,93,MAIA2 1300,MAIA3 1300,maia2,maia3,1300,1300,Black,MAIA3 1300,MAIA2 1300,0-1,1.0,checkmate,90,42236c077000bab80baed6a77e75a6811f03ebfda4fc2da360b4b5a81b37b499,maia-relative-strength-100.pgn,maia2-1300__vs__maia3-1300.pgn
maia2-1300__vs__maia3-1300,187,94,MAIA2 1300,MAIA3 1300,maia2,maia3,1300,1300,White,MAIA2 1300,MAIA3 1300,1-0,1.0,checkmate,45,42236c077000bab80baed6a77e75a6811f03ebfda4fc2da360b4b5a81b37b499,maia-relative-strength-100.pgn,maia2-1300__vs__maia3-1300.pgn
maia2-1300__vs__maia3-1300,188,94,MAIA2 1300,MAIA3 1300,maia2,maia3,1300,1300,Black,MAIA3 1300,MAIA2 1300,1-0,0.0,checkmate,81,42236c077000bab80baed6a77e75a6811f03ebfda4fc2da360b4b5a81b37b499,maia-relative-strength-100.pgn,maia2-1300__vs__maia3-1300.pgn
maia2-1300__vs__maia3-1300,189,95,MAIA2 1300,MAIA3 1300,maia2,maia3,1300,1300,White,MAIA2 1300,MAIA3 1300,1-0,1.0,checkmate,67,42236c077000bab80baed6a77e75a6811f03ebfda4fc2da360b4b5a81b37b499,maia-relative-strength-100.pgn,maia2-1300__vs__maia3-1300.pgn
maia2-1300__vs__maia3-1300,190,95,MAIA2 1300,MAIA3 1300,maia2,maia3,1300,1300,Black,MAIA3 1300,MAIA2 1300,1-0,0.0,checkmate,81,42236c077000bab80baed6a77e75a6811f03ebfda4fc2da360b4b5a81b37b499,maia-relative-strength-100.pgn,maia2-1300__vs__maia3-1300.pgn
maia2-1300__vs__maia3-1300,191,96,MAIA2 1300,MAIA3 1300,maia2,maia3,1300,1300,White,MAIA2 1300,MAIA3 1300,1-0,1.0,checkmate,51,42236c077000bab80baed6a77e75a6811f03ebfda4fc2da360b4b5a81b37b499,maia-relative-strength-100.pgn,maia2-1300__vs__maia3-1300.pgn
maia2-1300__vs__maia3-1300,192,96,MAIA2 1300,MAIA3 1300,maia2,maia3,1300,1300,Black,MAIA3 1300,MAIA2 1300,1-0,0.0,checkmate,31,42236c077000bab80baed6a77e75a6811f03ebfda4fc2da360b4b5a81b37b499,maia-relative-strength-100.pgn,maia2-1300__vs__maia3-1300.pgn
maia2-1300__vs__maia3-1300,193,97,MAIA2 1300,MAIA3 1300,maia2,maia3,1300,1300,White,MAIA2 1300,MAIA3 1300,0-1,0.0,checkmate,60,42236c077000bab80baed6a77e75a6811f03ebfda4fc2da360b4b5a81b37b499,maia-relative-strength-100.pgn,maia2-1300__vs__maia3-1300.pgn
maia2-1300__vs__maia3-1300,194,97,MAIA2 1300,MAIA3 1300,maia2,maia3,1300,1300,Black,MAIA3 1300,MAIA2 1300,1-0,0.0,checkmate,119,42236c077000bab80baed6a77e75a6811f03ebfda4fc2da360b4b5a81b37b499,maia-relative-strength-100.pgn,maia2-1300__vs__maia3-1300.pgn
maia2-1300__vs__maia3-1300,195,98,MAIA2 1300,MAIA3 1300,maia2,maia3,1300,1300,White,MAIA2 1300,MAIA3 1300,1-0,1.0,checkmate,103,42236c077000bab80baed6a77e75a6811f03ebfda4fc2da360b4b5a81b37b499,maia-relative-strength-100.pgn,maia2-1300__vs__maia3-1300.pgn
maia2-1300__vs__maia3-1300,196,98,MAIA2 1300,MAIA3 1300,maia2,maia3,1300,1300,Black,MAIA3 1300,MAIA2 1300,0-1,1.0,checkmate,68,42236c077000bab80baed6a77e75a6811f03ebfda4fc2da360b4b5a81b37b499,maia-relative-strength-100.pgn,maia2-1300__vs__maia3-1300.pgn
maia2-1300__vs__maia3-1300,197,99,MAIA2 1300,MAIA3 1300,maia2,maia3,1300,1300,White,MAIA2 1300,MAIA3 1300,0-1,0.0,checkmate,132,42236c077000bab80baed6a77e75a6811f03ebfda4fc2da360b4b5a81b37b499,maia-relative-strength-100.pgn,maia2-1300__vs__maia3-1300.pgn
maia2-1300__vs__maia3-1300,198,99,MAIA2 1300,MAIA3 1300,maia2,maia3,1300,1300,Black,MAIA3 1300,MAIA2 1300,1/2-1/2,0.5,threefold repetition,84,42236c077000bab80baed6a77e75a6811f03ebfda4fc2da360b4b5a81b37b499,maia-relative-strength-100.pgn,maia2-1300__vs__maia3-1300.pgn
maia2-1300__vs__maia3-1300,199,100,MAIA2 1300,MAIA3 1300,maia2,maia3,1300,1300,White,MAIA2 1300,MAIA3 1300,0-1,0.0,checkmate,86,42236c077000bab80baed6a77e75a6811f03ebfda4fc2da360b4b5a81b37b499,maia-relative-strength-100.pgn,maia2-1300__vs__maia3-1300.pgn
maia2-1300__vs__maia3-1300,200,100,MAIA2 1300,MAIA3 1300,maia2,maia3,1300,1300,Black,MAIA3 1300,MAIA2 1300,1-0,0.0,checkmate,55,42236c077000bab80baed6a77e75a6811f03ebfda4fc2da360b4b5a81b37b499,maia-relative-strength-100.pgn,maia2-1300__vs__maia3-1300.pgn
maia2-1500__vs__maia2-1700,1,1,MAIA2 1500,MAIA2 1700,maia2,maia2,1500,1700,White,MAIA2 1500,MAIA2 1700,0-1,0.0,checkmate,40,f506ec4f46ec7b115dd63afb1234fe5c382a0ed37d38343ef881a7e86b95a4af,maia-relative-strength-100.pgn,maia2-1500__vs__maia2-1700.pgn
maia2-1500__vs__maia2-1700,2,1,MAIA2 1500,MAIA2 1700,maia2,maia2,1500,1700,Black,MAIA2 1700,MAIA2 1500,1-0,0.0,checkmate,27,f506ec4f46ec7b115dd63afb1234fe5c382a0ed37d38343ef881a7e86b95a4af,maia-relative-strength-100.pgn,maia2-1500__vs__maia2-1700.pgn
maia2-1500__vs__maia2-1700,3,2,MAIA2 1500,MAIA2 1700,maia2,maia2,1500,1700,White,MAIA2 1500,MAIA2 1700,0-1,0.0,checkmate,74,f506ec4f46ec7b115dd63afb1234fe5c382a0ed37d38343ef881a7e86b95a4af,maia-relative-strength-100.pgn,maia2-1500__vs__maia2-1700.pgn
maia2-1500__vs__maia2-1700,4,2,MAIA2 1500,MAIA2 1700,maia2,maia2,1500,1700,Black,MAIA2 1700,MAIA2 1500,1-0,0.0,checkmate,53,f506ec4f46ec7b115dd63afb1234fe5c382a0ed37d38343ef881a7e86b95a4af,maia-relative-strength-100.pgn,maia2-1500__vs__maia2-1700.pgn
maia2-1500__vs__maia2-1700,5,3,MAIA2 1500,MAIA2 1700,maia2,maia2,1500,1700,White,MAIA2 1500,MAIA2 1700,0-1,0.0,checkmate,110,f506ec4f46ec7b115dd63afb1234fe5c382a0ed37d38343ef881a7e86b95a4af,maia-relative-strength-100.pgn,maia2-1500__vs__maia2-1700.pgn
maia2-1500__vs__maia2-1700,6,3,MAIA2 1500,MAIA2 1700,maia2,maia2,1500,1700,Black,MAIA2 1700,MAIA2 1500,1-0,0.0,checkmate,59,f506ec4f46ec7b115dd63afb1234fe5c382a0ed37d38343ef881a7e86b95a4af,maia-relative-strength-100.pgn,maia2-1500__vs__maia2-1700.pgn
maia2-1500__vs__maia2-1700,7,4,MAIA2 1500,MAIA2 1700,maia2,maia2,1500,1700,White,MAIA2 1500,MAIA2 1700,1/2-1/2,0.5,threefold repetition,42,f506ec4f46ec7b115dd63afb1234fe5c382a0ed37d38343ef881a7e86b95a4af,maia-relative-strength-100.pgn,maia2-1500__vs__maia2-1700.pgn
maia2-1500__vs__maia2-1700,8,4,MAIA2 1500,MAIA2 1700,maia2,maia2,1500,1700,Black,MAIA2 1700,MAIA2 1500,1-0,0.0,checkmate,43,f506ec4f46ec7b115dd63afb1234fe5c382a0ed37d38343ef881a7e86b95a4af,maia-relative-strength-100.pgn,maia2-1500__vs__maia2-1700.pgn
maia2-1500__vs__maia2-1700,9,5,MAIA2 1500,MAIA2 1700,maia2,maia2,1500,1700,White,MAIA2 1500,MAIA2 1700,1-0,1.0,checkmate,67,f506ec4f46ec7b115dd63afb1234fe5c382a0ed37d38343ef881a7e86b95a4af,maia-relative-strength-100.pgn,maia2-1500__vs__maia2-1700.pgn
maia2-1500__vs__maia2-1700,10,5,MAIA2 1500,MAIA2 1700,maia2,maia2,1500,1700,Black,MAIA2 1700,MAIA2 1500,1/2-1/2,0.5,threefold repetition,48,f506ec4f46ec7b115dd63afb1234fe5c382a0ed37d38343ef881a7e86b95a4af,maia-relative-strength-100.pgn,maia2-1500__vs__maia2-1700.pgn
maia2-1500__vs__maia2-1700,11,6,MAIA2 1500,MAIA2 1700,maia2,maia2,1500,1700,White,MAIA2 1500,MAIA2 1700,1/2-1/2,0.5,threefold repetition,43,f506ec4f46ec7b115dd63afb1234fe5c382a0ed37d38343ef881a7e86b95a4af,maia-relative-strength-100.pgn,maia2-1500__vs__maia2-1700.pgn
maia2-1500__vs__maia2-1700,12,6,MAIA2 1500,MAIA2 1700,maia2,maia2,1500,1700,Black,MAIA2 1700,MAIA2 1500,1-0,0.0,checkmate,51,f506ec4f46ec7b115dd63afb1234fe5c382a0ed37d38343ef881a7e86b95a4af,maia-relative-strength-100.pgn,maia2-1500__vs__maia2-1700.pgn
maia2-1500__vs__maia2-1700,13,7,MAIA2 1500,MAIA2 1700,maia2,maia2,1500,1700,White,MAIA2 1500,MAIA2 1700,1/2-1/2,0.5,stalemate,143,f506ec4f46ec7b115dd63afb1234fe5c382a0ed37d38343ef881a7e86b95a4af,maia-relative-strength-100.pgn,maia2-1500__vs__maia2-1700.pgn
maia2-1500__vs__maia2-1700,14,7,MAIA2 1500,MAIA2 1700,maia2,maia2,1500,1700,Black,MAIA2 1700,MAIA2 1500,1-0,0.0,checkmate,113,f506ec4f46ec7b115dd63afb1234fe5c382a0ed37d38343ef881a7e86b95a4af,maia-relative-strength-100.pgn,maia2-1500__vs__maia2-1700.pgn
maia2-1500__vs__maia2-1700,15,8,MAIA2 1500,MAIA2 1700,maia2,maia2,1500,1700,White,MAIA2 1500,MAIA2 1700,1/2-1/2,0.5,threefold repetition,81,f506ec4f46ec7b115dd63afb1234fe5c382a0ed37d38343ef881a7e86b95a4af,maia-relative-strength-100.pgn,maia2-1500__vs__maia2-1700.pgn
maia2-1500__vs__maia2-1700,16,8,MAIA2 1500,MAIA2 1700,maia2,maia2,1500,1700,Black,MAIA2 1700,MAIA2 1500,1/2-1/2,0.5,threefold repetition,59,f506ec4f46ec7b115dd63afb1234fe5c382a0ed37d38343ef881a7e86b95a4af,maia-relative-strength-100.pgn,maia2-1500__vs__maia2-1700.pgn
maia2-1500__vs__maia2-1700,17,9,MAIA2 1500,MAIA2 1700,maia2,maia2,1500,1700,White,MAIA2 1500,MAIA2 1700,1-0,1.0,checkmate,33,f506ec4f46ec7b115dd63afb1234fe5c382a0ed37d38343ef881a7e86b95a4af,maia-relative-strength-100.pgn,maia2-1500__vs__maia2-1700.pgn
maia2-1500__vs__maia2-1700,18,9,MAIA2 1500,MAIA2 1700,maia2,maia2,1500,1700,Black,MAIA2 1700,MAIA2 1500,1-0,0.0,checkmate,55,f506ec4f46ec7b115dd63afb1234fe5c382a0ed37d38343ef881a7e86b95a4af,maia-relative-strength-100.pgn,maia2-1500__vs__maia2-1700.pgn
maia2-1500__vs__maia2-1700,19,10,MAIA2 1500,MAIA2 1700,maia2,maia2,1500,1700,White,MAIA2 1500,MAIA2 1700,1/2-1/2,0.5,threefold repetition,85,f506ec4f46ec7b115dd63afb1234fe5c382a0ed37d38343ef881a7e86b95a4af,maia-relative-strength-100.pgn,maia2-1500__vs__maia2-1700.pgn
maia2-1500__vs__maia2-1700,20,10,MAIA2 1500,MAIA2 1700,maia2,maia2,1500,1700,Black,MAIA2 1700,MAIA2 1500,0-1,1.0,checkmate,88,f506ec4f46ec7b115dd63afb1234fe5c382a0ed37d38343ef881a7e86b95a4af,maia-relative-strength-100.pgn,maia2-1500__vs__maia2-1700.pgn
maia2-1500__vs__maia2-1700,21,11,MAIA2 1500,MAIA2 1700,maia2,maia2,1500,1700,White,MAIA2 1500,MAIA2 1700,1-0,1.0,checkmate,119,f506ec4f46ec7b115dd63afb1234fe5c382a0ed37d38343ef881a7e86b95a4af,maia-relative-strength-100.pgn,maia2-1500__vs__maia2-1700.pgn
maia2-1500__vs__maia2-1700,22,11,MAIA2 1500,MAIA2 1700,maia2,maia2,1500,1700,Black,MAIA2 1700,MAIA2 1500,1/2-1/2,0.5,threefold repetition,109,f506ec4f46ec7b115dd63afb1234fe5c382a0ed37d38343ef881a7e86b95a4af,maia-relative-strength-100.pgn,maia2-1500__vs__maia2-1700.pgn
maia2-1500__vs__maia2-1700,23,12,MAIA2 1500,MAIA2 1700,maia2,maia2,1500,1700,White,MAIA2 1500,MAIA2 1700,1/2-1/2,0.5,threefold repetition,33,f506ec4f46ec7b115dd63afb1234fe5c382a0ed37d38343ef881a7e86b95a4af,maia-relative-strength-100.pgn,maia2-1500__vs__maia2-1700.pgn
maia2-1500__vs__maia2-1700,24,12,MAIA2 1500,MAIA2 1700,maia2,maia2,1500,1700,Black,MAIA2 1700,MAIA2 1500,1/2-1/2,0.5,threefold repetition,100,f506ec4f46ec7b115dd63afb1234fe5c382a0ed37d38343ef881a7e86b95a4af,maia-relative-strength-100.pgn,maia2-1500__vs__maia2-1700.pgn
maia2-1500__vs__maia2-1700,25,13,MAIA2 1500,MAIA2 1700,maia2,maia2,1500,1700,White,MAIA2 1500,MAIA2 1700,1-0,1.0,checkmate,115,f506ec4f46ec7b115dd63afb1234fe5c382a0ed37d38343ef881a7e86b95a4af,maia-relative-strength-100.pgn,maia2-1500__vs__maia2-1700.pgn
maia2-1500__vs__maia2-1700,26,13,MAIA2 1500,MAIA2 1700,maia2,maia2,1500,1700,Black,MAIA2 1700,MAIA2 1500,0-1,1.0,checkmate,84,f506ec4f46ec7b115dd63afb1234fe5c382a0ed37d38343ef881a7e86b95a4af,maia-relative-strength-100.pgn,maia2-1500__vs__maia2-1700.pgn
maia2-1500__vs__maia2-1700,27,14,MAIA2 1500,MAIA2 1700,maia2,maia2,1500,1700,White,MAIA2 1500,MAIA2 1700,0-1,0.0,checkmate,140,f506ec4f46ec7b115dd63afb1234fe5c382a0ed37d38343ef881a7e86b95a4af,maia-relative-strength-100.pgn,maia2-1500__vs__maia2-1700.pgn
maia2-1500__vs__maia2-1700,28,14,MAIA2 1500,MAIA2 1700,maia2,maia2,1500,1700,Black,MAIA2 1700,MAIA2 1500,0-1,1.0,checkmate,44,f506ec4f46ec7b115dd63afb1234fe5c382a0ed37d38343ef881a7e86b95a4af,maia-relative-strength-100.pgn,maia2-1500__vs__maia2-1700.pgn
maia2-1500__vs__maia2-1700,29,15,MAIA2 1500,MAIA2 1700,maia2,maia2,1500,1700,White,MAIA2 1500,MAIA2 1700,1/2-1/2,0.5,threefold repetition,109,f506ec4f46ec7b115dd63afb1234fe5c382a0ed37d38343ef881a7e86b95a4af,maia-relative-strength-100.pgn,maia2-1500__vs__maia2-1700.pgn
maia2-1500__vs__maia2-1700,30,15,MAIA2 1500,MAIA2 1700,maia2,maia2,1500,1700,Black,MAIA2 1700,MAIA2 1500,1/2-1/2,0.5,threefold repetition,56,f506ec4f46ec7b115dd63afb1234fe5c382a0ed37d38343ef881a7e86b95a4af,maia-relative-strength-100.pgn,maia2-1500__vs__maia2-1700.pgn
maia2-1500__vs__maia2-1700,31,16,MAIA2 1500,MAIA2 1700,maia2,maia2,1500,1700,White,MAIA2 1500,MAIA2 1700,1-0,1.0,checkmate,65,f506ec4f46ec7b115dd63afb1234fe5c382a0ed37d38343ef881a7e86b95a4af,maia-relative-strength-100.pgn,maia2-1500__vs__maia2-1700.pgn
maia2-1500__vs__maia2-1700,32,16,MAIA2 1500,MAIA2 1700,maia2,maia2,1500,1700,Black,MAIA2 1700,MAIA2 1500,0-1,1.0,checkmate,114,f506ec4f46ec7b115dd63afb1234fe5c382a0ed37d38343ef881a7e86b95a4af,maia-relative-strength-100.pgn,maia2-1500__vs__maia2-1700.pgn
maia2-1500__vs__maia2-1700,33,17,MAIA2 1500,MAIA2 1700,maia2,maia2,1500,1700,White,MAIA2 1500,MAIA2 1700,1/2-1/2,0.5,threefold repetition,64,f506ec4f46ec7b115dd63afb1234fe5c382a0ed37d38343ef881a7e86b95a4af,maia-relative-strength-100.pgn,maia2-1500__vs__maia2-1700.pgn
maia2-1500__vs__maia2-1700,34,17,MAIA2 1500,MAIA2 1700,maia2,maia2,1500,1700,Black,MAIA2 1700,MAIA2 1500,1-0,0.0,checkmate,53,f506ec4f46ec7b115dd63afb1234fe5c382a0ed37d38343ef881a7e86b95a4af,maia-relative-strength-100.pgn,maia2-1500__vs__maia2-1700.pgn
maia2-1500__vs__maia2-1700,35,18,MAIA2 1500,MAIA2 1700,maia2,maia2,1500,1700,White,MAIA2 1500,MAIA2 1700,1/2-1/2,0.5,threefold repetition,127,f506ec4f46ec7b115dd63afb1234fe5c382a0ed37d38343ef881a7e86b95a4af,maia-relative-strength-100.pgn,maia2-1500__vs__maia2-1700.pgn
maia2-1500__vs__maia2-1700,36,18,MAIA2 1500,MAIA2 1700,maia2,maia2,1500,1700,Black,MAIA2 1700,MAIA2 1500,1-0,0.0,checkmate,53,f506ec4f46ec7b115dd63afb1234fe5c382a0ed37d38343ef881a7e86b95a4af,maia-relative-strength-100.pgn,maia2-1500__vs__maia2-1700.pgn
maia2-1500__vs__maia2-1700,37,19,MAIA2 1500,MAIA2 1700,maia2,maia2,1500,1700,White,MAIA2 1500,MAIA2 1700,1/2-1/2,0.5,threefold repetition,80,f506ec4f46ec7b115dd63afb1234fe5c382a0ed37d38343ef881a7e86b95a4af,maia-relative-strength-100.pgn,maia2-1500__vs__maia2-1700.pgn
maia2-1500__vs__maia2-1700,38,19,MAIA2 1500,MAIA2 1700,maia2,maia2,1500,1700,Black,MAIA2 1700,MAIA2 1500,0-1,1.0,checkmate,48,f506ec4f46ec7b115dd63afb1234fe5c382a0ed37d38343ef881a7e86b95a4af,maia-relative-strength-100.pgn,maia2-1500__vs__maia2-1700.pgn
maia2-1500__vs__maia2-1700,39,20,MAIA2 1500,MAIA2 1700,maia2,maia2,1500,1700,White,MAIA2 1500,MAIA2 1700,1-0,1.0,checkmate,137,f506ec4f46ec7b115dd63afb1234fe5c382a0ed37d38343ef881a7e86b95a4af,maia-relative-strength-100.pgn,maia2-1500__vs__maia2-1700.pgn
maia2-1500__vs__maia2-1700,40,20,MAIA2 1500,MAIA2 1700,maia2,maia2,1500,1700,Black,MAIA2 1700,MAIA2 1500,1-0,0.0,checkmate,57,f506ec4f46ec7b115dd63afb1234fe5c382a0ed37d38343ef881a7e86b95a4af,maia-relative-strength-100.pgn,maia2-1500__vs__maia2-1700.pgn
maia2-1500__vs__maia2-1700,41,21,MAIA2 1500,MAIA2 1700,maia2,maia2,1500,1700,White,MAIA2 1500,MAIA2 1700,1/2-1/2,0.5,threefold repetition,67,f506ec4f46ec7b115dd63afb1234fe5c382a0ed37d38343ef881a7e86b95a4af,maia-relative-strength-100.pgn,maia2-1500__vs__maia2-1700.pgn
maia2-1500__vs__maia2-1700,42,21,MAIA2 1500,MAIA2 1700,maia2,maia2,1500,1700,Black,MAIA2 1700,MAIA2 1500,0-1,1.0,checkmate,52,f506ec4f46ec7b115dd63afb1234fe5c382a0ed37d38343ef881a7e86b95a4af,maia-relative-strength-100.pgn,maia2-1500__vs__maia2-1700.pgn
maia2-1500__vs__maia2-1700,43,22,MAIA2 1500,MAIA2 1700,maia2,maia2,1500,1700,White,MAIA2 1500,MAIA2 1700,1-0,1.0,checkmate,97,f506ec4f46ec7b115dd63afb1234fe5c382a0ed37d38343ef881a7e86b95a4af,maia-relative-strength-100.pgn,maia2-1500__vs__maia2-1700.pgn
maia2-1500__vs__maia2-1700,44,22,MAIA2 1500,MAIA2 1700,maia2,maia2,1500,1700,Black,MAIA2 1700,MAIA2 1500,1/2-1/2,0.5,threefold repetition,66,f506ec4f46ec7b115dd63afb1234fe5c382a0ed37d38343ef881a7e86b95a4af,maia-relative-strength-100.pgn,maia2-1500__vs__maia2-1700.pgn
maia2-1500__vs__maia2-1700,45,23,MAIA2 1500,MAIA2 1700,maia2,maia2,1500,1700,White,MAIA2 1500,MAIA2 1700,1/2-1/2,0.5,threefold repetition,82,f506ec4f46ec7b115dd63afb1234fe5c382a0ed37d38343ef881a7e86b95a4af,maia-relative-strength-100.pgn,maia2-1500__vs__maia2-1700.pgn
maia2-1500__vs__maia2-1700,46,23,MAIA2 1500,MAIA2 1700,maia2,maia2,1500,1700,Black,MAIA2 1700,MAIA2 1500,1-0,0.0,checkmate,87,f506ec4f46ec7b115dd63afb1234fe5c382a0ed37d38343ef881a7e86b95a4af,maia-relative-strength-100.pgn,maia2-1500__vs__maia2-1700.pgn
maia2-1500__vs__maia2-1700,47,24,MAIA2 1500,MAIA2 1700,maia2,maia2,1500,1700,White,MAIA2 1500,MAIA2 1700,0-1,0.0,checkmate,36,f506ec4f46ec7b115dd63afb1234fe5c382a0ed37d38343ef881a7e86b95a4af,maia-relative-strength-100.pgn,maia2-1500__vs__maia2-1700.pgn
maia2-1500__vs__maia2-1700,48,24,MAIA2 1500,MAIA2 1700,maia2,maia2,1500,1700,Black,MAIA2 1700,MAIA2 1500,1/2-1/2,0.5,threefold repetition,58,f506ec4f46ec7b115dd63afb1234fe5c382a0ed37d38343ef881a7e86b95a4af,maia-relative-strength-100.pgn,maia2-1500__vs__maia2-1700.pgn
maia2-1500__vs__maia2-1700,49,25,MAIA2 1500,MAIA2 1700,maia2,maia2,1500,1700,White,MAIA2 1500,MAIA2 1700,1-0,1.0,checkmate,61,f506ec4f46ec7b115dd63afb1234fe5c382a0ed37d38343ef881a7e86b95a4af,maia-relative-strength-100.pgn,maia2-1500__vs__maia2-1700.pgn
maia2-1500__vs__maia2-1700,50,25,MAIA2 1500,MAIA2 1700,maia2,maia2,1500,1700,Black,MAIA2 1700,MAIA2 1500,1/2-1/2,0.5,threefold repetition,73,f506ec4f46ec7b115dd63afb1234fe5c382a0ed37d38343ef881a7e86b95a4af,maia-relative-strength-100.pgn,maia2-1500__vs__maia2-1700.pgn
maia2-1500__vs__maia2-1700,51,26,MAIA2 1500,MAIA2 1700,maia2,maia2,1500,1700,White,MAIA2 1500,MAIA2 1700,1/2-1/2,0.5,threefold repetition,76,f506ec4f46ec7b115dd63afb1234fe5c382a0ed37d38343ef881a7e86b95a4af,maia-relative-strength-100.pgn,maia2-1500__vs__maia2-1700.pgn
maia2-1500__vs__maia2-1700,52,26,MAIA2 1500,MAIA2 1700,maia2,maia2,1500,1700,Black,MAIA2 1700,MAIA2 1500,1-0,0.0,checkmate,75,f506ec4f46ec7b115dd63afb1234fe5c382a0ed37d38343ef881a7e86b95a4af,maia-relative-strength-100.pgn,maia2-1500__vs__maia2-1700.pgn
maia2-1500__vs__maia2-1700,53,27,MAIA2 1500,MAIA2 1700,maia2,maia2,1500,1700,White,MAIA2 1500,MAIA2 1700,1-0,1.0,checkmate,47,f506ec4f46ec7b115dd63afb1234fe5c382a0ed37d38343ef881a7e86b95a4af,maia-relative-strength-100.pgn,maia2-1500__vs__maia2-1700.pgn
maia2-1500__vs__maia2-1700,54,27,MAIA2 1500,MAIA2 1700,maia2,maia2,1500,1700,Black,MAIA2 1700,MAIA2 1500,1-0,0.0,checkmate,115,f506ec4f46ec7b115dd63afb1234fe5c382a0ed37d38343ef881a7e86b95a4af,maia-relative-strength-100.pgn,maia2-1500__vs__maia2-1700.pgn
maia2-1500__vs__maia2-1700,55,28,MAIA2 1500,MAIA2 1700,maia2,maia2,1500,1700,White,MAIA2 1500,MAIA2 1700,1-0,1.0,checkmate,131,f506ec4f46ec7b115dd63afb1234fe5c382a0ed37d38343ef881a7e86b95a4af,maia-relative-strength-100.pgn,maia2-1500__vs__maia2-1700.pgn
maia2-1500__vs__maia2-1700,56,28,MAIA2 1500,MAIA2 1700,maia2,maia2,1500,1700,Black,MAIA2 1700,MAIA2 1500,0-1,1.0,checkmate,110,f506ec4f46ec7b115dd63afb1234fe5c382a0ed37d38343ef881a7e86b95a4af,maia-relative-strength-100.pgn,maia2-1500__vs__maia2-1700.pgn
maia2-1500__vs__maia2-1700,57,29,MAIA2 1500,MAIA2 1700,maia2,maia2,1500,1700,White,MAIA2 1500,MAIA2 1700,1/2-1/2,0.5,threefold repetition,65,f506ec4f46ec7b115dd63afb1234fe5c382a0ed37d38343ef881a7e86b95a4af,maia-relative-strength-100.pgn,maia2-1500__vs__maia2-1700.pgn
maia2-1500__vs__maia2-1700,58,29,MAIA2 1500,MAIA2 1700,maia2,maia2,1500,1700,Black,MAIA2 1700,MAIA2 1500,1-0,0.0,checkmate,79,f506ec4f46ec7b115dd63afb1234fe5c382a0ed37d38343ef881a7e86b95a4af,maia-relative-strength-100.pgn,maia2-1500__vs__maia2-1700.pgn
maia2-1500__vs__maia2-1700,59,30,MAIA2 1500,MAIA2 1700,maia2,maia2,1500,1700,White,MAIA2 1500,MAIA2 1700,1-0,1.0,checkmate,97,f506ec4f46ec7b115dd63afb1234fe5c382a0ed37d38343ef881a7e86b95a4af,maia-relative-strength-100.pgn,maia2-1500__vs__maia2-1700.pgn
maia2-1500__vs__maia2-1700,60,30,MAIA2 1500,MAIA2 1700,maia2,maia2,1500,1700,Black,MAIA2 1700,MAIA2 1500,1-0,0.0,checkmate,59,f506ec4f46ec7b115dd63afb1234fe5c382a0ed37d38343ef881a7e86b95a4af,maia-relative-strength-100.pgn,maia2-1500__vs__maia2-1700.pgn
maia2-1500__vs__maia2-1700,61,31,MAIA2 1500,MAIA2 1700,maia2,maia2,1500,1700,White,MAIA2 1500,MAIA2 1700,0-1,0.0,checkmate,124,f506ec4f46ec7b115dd63afb1234fe5c382a0ed37d38343ef881a7e86b95a4af,maia-relative-strength-100.pgn,maia2-1500__vs__maia2-1700.pgn
maia2-1500__vs__maia2-1700,62,31,MAIA2 1500,MAIA2 1700,maia2,maia2,1500,1700,Black,MAIA2 1700,MAIA2 1500,0-1,1.0,checkmate,96,f506ec4f46ec7b115dd63afb1234fe5c382a0ed37d38343ef881a7e86b95a4af,maia-relative-strength-100.pgn,maia2-1500__vs__maia2-1700.pgn
maia2-1500__vs__maia2-1700,63,32,MAIA2 1500,MAIA2 1700,maia2,maia2,1500,1700,White,MAIA2 1500,MAIA2 1700,1/2-1/2,0.5,threefold repetition,59,f506ec4f46ec7b115dd63afb1234fe5c382a0ed37d38343ef881a7e86b95a4af,maia-relative-strength-100.pgn,maia2-1500__vs__maia2-1700.pgn
maia2-1500__vs__maia2-1700,64,32,MAIA2 1500,MAIA2 1700,maia2,maia2,1500,1700,Black,MAIA2 1700,MAIA2 1500,1-0,0.0,checkmate,107,f506ec4f46ec7b115dd63afb1234fe5c382a0ed37d38343ef881a7e86b95a4af,maia-relative-strength-100.pgn,maia2-1500__vs__maia2-1700.pgn
maia2-1500__vs__maia2-1700,65,33,MAIA2 1500,MAIA2 1700,maia2,maia2,1500,1700,White,MAIA2 1500,MAIA2 1700,1/2-1/2,0.5,threefold repetition,109,f506ec4f46ec7b115dd63afb1234fe5c382a0ed37d38343ef881a7e86b95a4af,maia-relative-strength-100.pgn,maia2-1500__vs__maia2-1700.pgn
maia2-1500__vs__maia2-1700,66,33,MAIA2 1500,MAIA2 1700,maia2,maia2,1500,1700,Black,MAIA2 1700,MAIA2 1500,1-0,0.0,checkmate,103,f506ec4f46ec7b115dd63afb1234fe5c382a0ed37d38343ef881a7e86b95a4af,maia-relative-strength-100.pgn,maia2-1500__vs__maia2-1700.pgn
maia2-1500__vs__maia2-1700,67,34,MAIA2 1500,MAIA2 1700,maia2,maia2,1500,1700,White,MAIA2 1500,MAIA2 1700,0-1,0.0,checkmate,64,f506ec4f46ec7b115dd63afb1234fe5c382a0ed37d38343ef881a7e86b95a4af,maia-relative-strength-100.pgn,maia2-1500__vs__maia2-1700.pgn
maia2-1500__vs__maia2-1700,68,34,MAIA2 1500,MAIA2 1700,maia2,maia2,1500,1700,Black,MAIA2 1700,MAIA2 1500,1/2-1/2,0.5,threefold repetition,78,f506ec4f46ec7b115dd63afb1234fe5c382a0ed37d38343ef881a7e86b95a4af,maia-relative-strength-100.pgn,maia2-1500__vs__maia2-1700.pgn
maia2-1500__vs__maia2-1700,69,35,MAIA2 1500,MAIA2 1700,maia2,maia2,1500,1700,White,MAIA2 1500,MAIA2 1700,1-0,1.0,checkmate,119,f506ec4f46ec7b115dd63afb1234fe5c382a0ed37d38343ef881a7e86b95a4af,maia-relative-strength-100.pgn,maia2-1500__vs__maia2-1700.pgn
maia2-1500__vs__maia2-1700,70,35,MAIA2 1500,MAIA2 1700,maia2,maia2,1500,1700,Black,MAIA2 1700,MAIA2 1500,1-0,0.0,checkmate,125,f506ec4f46ec7b115dd63afb1234fe5c382a0ed37d38343ef881a7e86b95a4af,maia-relative-strength-100.pgn,maia2-1500__vs__maia2-1700.pgn
maia2-1500__vs__maia2-1700,71,36,MAIA2 1500,MAIA2 1700,maia2,maia2,1500,1700,White,MAIA2 1500,MAIA2 1700,0-1,0.0,checkmate,52,f506ec4f46ec7b115dd63afb1234fe5c382a0ed37d38343ef881a7e86b95a4af,maia-relative-strength-100.pgn,maia2-1500__vs__maia2-1700.pgn
maia2-1500__vs__maia2-1700,72,36,MAIA2 1500,MAIA2 1700,maia2,maia2,1500,1700,Black,MAIA2 1700,MAIA2 1500,0-1,1.0,checkmate,108,f506ec4f46ec7b115dd63afb1234fe5c382a0ed37d38343ef881a7e86b95a4af,maia-relative-strength-100.pgn,maia2-1500__vs__maia2-1700.pgn
maia2-1500__vs__maia2-1700,73,37,MAIA2 1500,MAIA2 1700,maia2,maia2,1500,1700,White,MAIA2 1500,MAIA2 1700,0-1,0.0,checkmate,64,f506ec4f46ec7b115dd63afb1234fe5c382a0ed37d38343ef881a7e86b95a4af,maia-relative-strength-100.pgn,maia2-1500__vs__maia2-1700.pgn
maia2-1500__vs__maia2-1700,74,37,MAIA2 1500,MAIA2 1700,maia2,maia2,1500,1700,Black,MAIA2 1700,MAIA2 1500,1/2-1/2,0.5,threefold repetition,40,f506ec4f46ec7b115dd63afb1234fe5c382a0ed37d38343ef881a7e86b95a4af,maia-relative-strength-100.pgn,maia2-1500__vs__maia2-1700.pgn
maia2-1500__vs__maia2-1700,75,38,MAIA2 1500,MAIA2 1700,maia2,maia2,1500,1700,White,MAIA2 1500,MAIA2 1700,0-1,0.0,checkmate,66,f506ec4f46ec7b115dd63afb1234fe5c382a0ed37d38343ef881a7e86b95a4af,maia-relative-strength-100.pgn,maia2-1500__vs__maia2-1700.pgn
maia2-1500__vs__maia2-1700,76,38,MAIA2 1500,MAIA2 1700,maia2,maia2,1500,1700,Black,MAIA2 1700,MAIA2 1500,0-1,1.0,checkmate,122,f506ec4f46ec7b115dd63afb1234fe5c382a0ed37d38343ef881a7e86b95a4af,maia-relative-strength-100.pgn,maia2-1500__vs__maia2-1700.pgn
maia2-1500__vs__maia2-1700,77,39,MAIA2 1500,MAIA2 1700,maia2,maia2,1500,1700,White,MAIA2 1500,MAIA2 1700,1/2-1/2,0.5,threefold repetition,65,f506ec4f46ec7b115dd63afb1234fe5c382a0ed37d38343ef881a7e86b95a4af,maia-relative-strength-100.pgn,maia2-1500__vs__maia2-1700.pgn
maia2-1500__vs__maia2-1700,78,39,MAIA2 1500,MAIA2 1700,maia2,maia2,1500,1700,Black,MAIA2 1700,MAIA2 1500,1/2-1/2,0.5,threefold repetition,84,f506ec4f46ec7b115dd63afb1234fe5c382a0ed37d38343ef881a7e86b95a4af,maia-relative-strength-100.pgn,maia2-1500__vs__maia2-1700.pgn
maia2-1500__vs__maia2-1700,79,40,MAIA2 1500,MAIA2 1700,maia2,maia2,1500,1700,White,MAIA2 1500,MAIA2 1700,0-1,0.0,checkmate,102,f506ec4f46ec7b115dd63afb1234fe5c382a0ed37d38343ef881a7e86b95a4af,maia-relative-strength-100.pgn,maia2-1500__vs__maia2-1700.pgn
maia2-1500__vs__maia2-1700,80,40,MAIA2 1500,MAIA2 1700,maia2,maia2,1500,1700,Black,MAIA2 1700,MAIA2 1500,1/2-1/2,0.5,threefold repetition,83,f506ec4f46ec7b115dd63afb1234fe5c382a0ed37d38343ef881a7e86b95a4af,maia-relative-strength-100.pgn,maia2-1500__vs__maia2-1700.pgn
maia2-1500__vs__maia2-1700,81,41,MAIA2 1500,MAIA2 1700,maia2,maia2,1500,1700,White,MAIA2 1500,MAIA2 1700,0-1,0.0,checkmate,108,f506ec4f46ec7b115dd63afb1234fe5c382a0ed37d38343ef881a7e86b95a4af,maia-relative-strength-100.pgn,maia2-1500__vs__maia2-1700.pgn
maia2-1500__vs__maia2-1700,82,41,MAIA2 1500,MAIA2 1700,maia2,maia2,1500,1700,Black,MAIA2 1700,MAIA2 1500,1/2-1/2,0.5,threefold repetition,64,f506ec4f46ec7b115dd63afb1234fe5c382a0ed37d38343ef881a7e86b95a4af,maia-relative-strength-100.pgn,maia2-1500__vs__maia2-1700.pgn
maia2-1500__vs__maia2-1700,83,42,MAIA2 1500,MAIA2 1700,maia2,maia2,1500,1700,White,MAIA2 1500,MAIA2 1700,0-1,0.0,checkmate,94,f506ec4f46ec7b115dd63afb1234fe5c382a0ed37d38343ef881a7e86b95a4af,maia-relative-strength-100.pgn,maia2-1500__vs__maia2-1700.pgn
maia2-1500__vs__maia2-1700,84,42,MAIA2 1500,MAIA2 1700,maia2,maia2,1500,1700,Black,MAIA2 1700,MAIA2 1500,0-1,1.0,checkmate,44,f506ec4f46ec7b115dd63afb1234fe5c382a0ed37d38343ef881a7e86b95a4af,maia-relative-strength-100.pgn,maia2-1500__vs__maia2-1700.pgn
maia2-1500__vs__maia2-1700,85,43,MAIA2 1500,MAIA2 1700,maia2,maia2,1500,1700,White,MAIA2 1500,MAIA2 1700,0-1,0.0,checkmate,92,f506ec4f46ec7b115dd63afb1234fe5c382a0ed37d38343ef881a7e86b95a4af,maia-relative-strength-100.pgn,maia2-1500__vs__maia2-1700.pgn
maia2-1500__vs__maia2-1700,86,43,MAIA2 1500,MAIA2 1700,maia2,maia2,1500,1700,Black,MAIA2 1700,MAIA2 1500,1/2-1/2,0.5,threefold repetition,85,f506ec4f46ec7b115dd63afb1234fe5c382a0ed37d38343ef881a7e86b95a4af,maia-relative-strength-100.pgn,maia2-1500__vs__maia2-1700.pgn
maia2-1500__vs__maia2-1700,87,44,MAIA2 1500,MAIA2 1700,maia2,maia2,1500,1700,White,MAIA2 1500,MAIA2 1700,0-1,0.0,checkmate,92,f506ec4f46ec7b115dd63afb1234fe5c382a0ed37d38343ef881a7e86b95a4af,maia-relative-strength-100.pgn,maia2-1500__vs__maia2-1700.pgn
maia2-1500__vs__maia2-1700,88,44,MAIA2 1500,MAIA2 1700,maia2,maia2,1500,1700,Black,MAIA2 1700,MAIA2 1500,1/2-1/2,0.5,threefold repetition,74,f506ec4f46ec7b115dd63afb1234fe5c382a0ed37d38343ef881a7e86b95a4af,maia-relative-strength-100.pgn,maia2-1500__vs__maia2-1700.pgn
maia2-1500__vs__maia2-1700,89,45,MAIA2 1500,MAIA2 1700,maia2,maia2,1500,1700,White,MAIA2 1500,MAIA2 1700,1-0,1.0,checkmate,93,f506ec4f46ec7b115dd63afb1234fe5c382a0ed37d38343ef881a7e86b95a4af,maia-relative-strength-100.pgn,maia2-1500__vs__maia2-1700.pgn
maia2-1500__vs__maia2-1700,90,45,MAIA2 1500,MAIA2 1700,maia2,maia2,1500,1700,Black,MAIA2 1700,MAIA2 1500,1/2-1/2,0.5,threefold repetition,121,f506ec4f46ec7b115dd63afb1234fe5c382a0ed37d38343ef881a7e86b95a4af,maia-relative-strength-100.pgn,maia2-1500__vs__maia2-1700.pgn
maia2-1500__vs__maia2-1700,91,46,MAIA2 1500,MAIA2 1700,maia2,maia2,1500,1700,White,MAIA2 1500,MAIA2 1700,1/2-1/2,0.5,threefold repetition,69,f506ec4f46ec7b115dd63afb1234fe5c382a0ed37d38343ef881a7e86b95a4af,maia-relative-strength-100.pgn,maia2-1500__vs__maia2-1700.pgn
maia2-1500__vs__maia2-1700,92,46,MAIA2 1500,MAIA2 1700,maia2,maia2,1500,1700,Black,MAIA2 1700,MAIA2 1500,1/2-1/2,0.5,threefold repetition,121,f506ec4f46ec7b115dd63afb1234fe5c382a0ed37d38343ef881a7e86b95a4af,maia-relative-strength-100.pgn,maia2-1500__vs__maia2-1700.pgn
maia2-1500__vs__maia2-1700,93,47,MAIA2 1500,MAIA2 1700,maia2,maia2,1500,1700,White,MAIA2 1500,MAIA2 1700,0-1,0.0,checkmate,98,f506ec4f46ec7b115dd63afb1234fe5c382a0ed37d38343ef881a7e86b95a4af,maia-relative-strength-100.pgn,maia2-1500__vs__maia2-1700.pgn
maia2-1500__vs__maia2-1700,94,47,MAIA2 1500,MAIA2 1700,maia2,maia2,1500,1700,Black,MAIA2 1700,MAIA2 1500,1-0,0.0,checkmate,49,f506ec4f46ec7b115dd63afb1234fe5c382a0ed37d38343ef881a7e86b95a4af,maia-relative-strength-100.pgn,maia2-1500__vs__maia2-1700.pgn
maia2-1500__vs__maia2-1700,95,48,MAIA2 1500,MAIA2 1700,maia2,maia2,1500,1700,White,MAIA2 1500,MAIA2 1700,0-1,0.0,checkmate,60,f506ec4f46ec7b115dd63afb1234fe5c382a0ed37d38343ef881a7e86b95a4af,maia-relative-strength-100.pgn,maia2-1500__vs__maia2-1700.pgn
maia2-1500__vs__maia2-1700,96,48,MAIA2 1500,MAIA2 1700,maia2,maia2,1500,1700,Black,MAIA2 1700,MAIA2 1500,0-1,1.0,checkmate,60,f506ec4f46ec7b115dd63afb1234fe5c382a0ed37d38343ef881a7e86b95a4af,maia-relative-strength-100.pgn,maia2-1500__vs__maia2-1700.pgn
maia2-1500__vs__maia2-1700,97,49,MAIA2 1500,MAIA2 1700,maia2,maia2,1500,1700,White,MAIA2 1500,MAIA2 1700,0-1,0.0,checkmate,84,f506ec4f46ec7b115dd63afb1234fe5c382a0ed37d38343ef881a7e86b95a4af,maia-relative-strength-100.pgn,maia2-1500__vs__maia2-1700.pgn
maia2-1500__vs__maia2-1700,98,49,MAIA2 1500,MAIA2 1700,maia2,maia2,1500,1700,Black,MAIA2 1700,MAIA2 1500,1/2-1/2,0.5,threefold repetition,173,f506ec4f46ec7b115dd63afb1234fe5c382a0ed37d38343ef881a7e86b95a4af,maia-relative-strength-100.pgn,maia2-1500__vs__maia2-1700.pgn
maia2-1500__vs__maia2-1700,99,50,MAIA2 1500,MAIA2 1700,maia2,maia2,1500,1700,White,MAIA2 1500,MAIA2 1700,0-1,0.0,checkmate,36,f506ec4f46ec7b115dd63afb1234fe5c382a0ed37d38343ef881a7e86b95a4af,maia-relative-strength-100.pgn,maia2-1500__vs__maia2-1700.pgn
maia2-1500__vs__maia2-1700,100,50,MAIA2 1500,MAIA2 1700,maia2,maia2,1500,1700,Black,MAIA2 1700,MAIA2 1500,1-0,0.0,checkmate,21,f506ec4f46ec7b115dd63afb1234fe5c382a0ed37d38343ef881a7e86b95a4af,maia-relative-strength-100.pgn,maia2-1500__vs__maia2-1700.pgn
maia2-1500__vs__maia2-1700,101,51,MAIA2 1500,MAIA2 1700,maia2,maia2,1500,1700,White,MAIA2 1500,MAIA2 1700,0-1,0.0,checkmate,76,f506ec4f46ec7b115dd63afb1234fe5c382a0ed37d38343ef881a7e86b95a4af,maia-relative-strength-100.pgn,maia2-1500__vs__maia2-1700.pgn
maia2-1500__vs__maia2-1700,102,51,MAIA2 1500,MAIA2 1700,maia2,maia2,1500,1700,Black,MAIA2 1700,MAIA2 1500,1-0,0.0,checkmate,101,f506ec4f46ec7b115dd63afb1234fe5c382a0ed37d38343ef881a7e86b95a4af,maia-relative-strength-100.pgn,maia2-1500__vs__maia2-1700.pgn
maia2-1500__vs__maia2-1700,103,52,MAIA2 1500,MAIA2 1700,maia2,maia2,1500,1700,White,MAIA2 1500,MAIA2 1700,1-0,1.0,checkmate,79,f506ec4f46ec7b115dd63afb1234fe5c382a0ed37d38343ef881a7e86b95a4af,maia-relative-strength-100.pgn,maia2-1500__vs__maia2-1700.pgn
maia2-1500__vs__maia2-1700,104,52,MAIA2 1500,MAIA2 1700,maia2,maia2,1500,1700,Black,MAIA2 1700,MAIA2 1500,1-0,0.0,checkmate,127,f506ec4f46ec7b115dd63afb1234fe5c382a0ed37d38343ef881a7e86b95a4af,maia-relative-strength-100.pgn,maia2-1500__vs__maia2-1700.pgn
maia2-1500__vs__maia2-1700,105,53,MAIA2 1500,MAIA2 1700,maia2,maia2,1500,1700,White,MAIA2 1500,MAIA2 1700,1/2-1/2,0.5,insufficient material,100,f506ec4f46ec7b115dd63afb1234fe5c382a0ed37d38343ef881a7e86b95a4af,maia-relative-strength-100.pgn,maia2-1500__vs__maia2-1700.pgn
maia2-1500__vs__maia2-1700,106,53,MAIA2 1500,MAIA2 1700,maia2,maia2,1500,1700,Black,MAIA2 1700,MAIA2 1500,1-0,0.0,checkmate,129,f506ec4f46ec7b115dd63afb1234fe5c382a0ed37d38343ef881a7e86b95a4af,maia-relative-strength-100.pgn,maia2-1500__vs__maia2-1700.pgn
maia2-1500__vs__maia2-1700,107,54,MAIA2 1500,MAIA2 1700,maia2,maia2,1500,1700,White,MAIA2 1500,MAIA2 1700,1-0,1.0,checkmate,97,f506ec4f46ec7b115dd63afb1234fe5c382a0ed37d38343ef881a7e86b95a4af,maia-relative-strength-100.pgn,maia2-1500__vs__maia2-1700.pgn
maia2-1500__vs__maia2-1700,108,54,MAIA2 1500,MAIA2 1700,maia2,maia2,1500,1700,Black,MAIA2 1700,MAIA2 1500,1/2-1/2,0.5,threefold repetition,105,f506ec4f46ec7b115dd63afb1234fe5c382a0ed37d38343ef881a7e86b95a4af,maia-relative-strength-100.pgn,maia2-1500__vs__maia2-1700.pgn
maia2-1500__vs__maia2-1700,109,55,MAIA2 1500,MAIA2 1700,maia2,maia2,1500,1700,White,MAIA2 1500,MAIA2 1700,0-1,0.0,checkmate,118,f506ec4f46ec7b115dd63afb1234fe5c382a0ed37d38343ef881a7e86b95a4af,maia-relative-strength-100.pgn,maia2-1500__vs__maia2-1700.pgn
maia2-1500__vs__maia2-1700,110,55,MAIA2 1500,MAIA2 1700,maia2,maia2,1500,1700,Black,MAIA2 1700,MAIA2 1500,1/2-1/2,0.5,threefold repetition,56,f506ec4f46ec7b115dd63afb1234fe5c382a0ed37d38343ef881a7e86b95a4af,maia-relative-strength-100.pgn,maia2-1500__vs__maia2-1700.pgn
maia2-1500__vs__maia2-1700,111,56,MAIA2 1500,MAIA2 1700,maia2,maia2,1500,1700,White,MAIA2 1500,MAIA2 1700,1-0,1.0,checkmate,133,f506ec4f46ec7b115dd63afb1234fe5c382a0ed37d38343ef881a7e86b95a4af,maia-relative-strength-100.pgn,maia2-1500__vs__maia2-1700.pgn
maia2-1500__vs__maia2-1700,112,56,MAIA2 1500,MAIA2 1700,maia2,maia2,1500,1700,Black,MAIA2 1700,MAIA2 1500,1/2-1/2,0.5,threefold repetition,116,f506ec4f46ec7b115dd63afb1234fe5c382a0ed37d38343ef881a7e86b95a4af,maia-relative-strength-100.pgn,maia2-1500__vs__maia2-1700.pgn
maia2-1500__vs__maia2-1700,113,57,MAIA2 1500,MAIA2 1700,maia2,maia2,1500,1700,White,MAIA2 1500,MAIA2 1700,0-1,0.0,checkmate,110,f506ec4f46ec7b115dd63afb1234fe5c382a0ed37d38343ef881a7e86b95a4af,maia-relative-strength-100.pgn,maia2-1500__vs__maia2-1700.pgn
maia2-1500__vs__maia2-1700,114,57,MAIA2 1500,MAIA2 1700,maia2,maia2,1500,1700,Black,MAIA2 1700,MAIA2 1500,1/2-1/2,0.5,threefold repetition,86,f506ec4f46ec7b115dd63afb1234fe5c382a0ed37d38343ef881a7e86b95a4af,maia-relative-strength-100.pgn,maia2-1500__vs__maia2-1700.pgn
maia2-1500__vs__maia2-1700,115,58,MAIA2 1500,MAIA2 1700,maia2,maia2,1500,1700,White,MAIA2 1500,MAIA2 1700,1-0,1.0,checkmate,63,f506ec4f46ec7b115dd63afb1234fe5c382a0ed37d38343ef881a7e86b95a4af,maia-relative-strength-100.pgn,maia2-1500__vs__maia2-1700.pgn
maia2-1500__vs__maia2-1700,116,58,MAIA2 1500,MAIA2 1700,maia2,maia2,1500,1700,Black,MAIA2 1700,MAIA2 1500,0-1,1.0,checkmate,128,f506ec4f46ec7b115dd63afb1234fe5c382a0ed37d38343ef881a7e86b95a4af,maia-relative-strength-100.pgn,maia2-1500__vs__maia2-1700.pgn
maia2-1500__vs__maia2-1700,117,59,MAIA2 1500,MAIA2 1700,maia2,maia2,1500,1700,White,MAIA2 1500,MAIA2 1700,1-0,1.0,checkmate,45,f506ec4f46ec7b115dd63afb1234fe5c382a0ed37d38343ef881a7e86b95a4af,maia-relative-strength-100.pgn,maia2-1500__vs__maia2-1700.pgn
maia2-1500__vs__maia2-1700,118,59,MAIA2 1500,MAIA2 1700,maia2,maia2,1500,1700,Black,MAIA2 1700,MAIA2 1500,1-0,0.0,checkmate,113,f506ec4f46ec7b115dd63afb1234fe5c382a0ed37d38343ef881a7e86b95a4af,maia-relative-strength-100.pgn,maia2-1500__vs__maia2-1700.pgn
maia2-1500__vs__maia2-1700,119,60,MAIA2 1500,MAIA2 1700,maia2,maia2,1500,1700,White,MAIA2 1500,MAIA2 1700,0-1,0.0,checkmate,148,f506ec4f46ec7b115dd63afb1234fe5c382a0ed37d38343ef881a7e86b95a4af,maia-relative-strength-100.pgn,maia2-1500__vs__maia2-1700.pgn
maia2-1500__vs__maia2-1700,120,60,MAIA2 1500,MAIA2 1700,maia2,maia2,1500,1700,Black,MAIA2 1700,MAIA2 1500,1-0,0.0,checkmate,115,f506ec4f46ec7b115dd63afb1234fe5c382a0ed37d38343ef881a7e86b95a4af,maia-relative-strength-100.pgn,maia2-1500__vs__maia2-1700.pgn
maia2-1500__vs__maia2-1700,121,61,MAIA2 1500,MAIA2 1700,maia2,maia2,1500,1700,White,MAIA2 1500,MAIA2 1700,1/2-1/2,0.5,threefold repetition,71,f506ec4f46ec7b115dd63afb1234fe5c382a0ed37d38343ef881a7e86b95a4af,maia-relative-strength-100.pgn,maia2-1500__vs__maia2-1700.pgn
maia2-1500__vs__maia2-1700,122,61,MAIA2 1500,MAIA2 1700,maia2,maia2,1500,1700,Black,MAIA2 1700,MAIA2 1500,1-0,0.0,checkmate,71,f506ec4f46ec7b115dd63afb1234fe5c382a0ed37d38343ef881a7e86b95a4af,maia-relative-strength-100.pgn,maia2-1500__vs__maia2-1700.pgn
maia2-1500__vs__maia2-1700,123,62,MAIA2 1500,MAIA2 1700,maia2,maia2,1500,1700,White,MAIA2 1500,MAIA2 1700,1/2-1/2,0.5,threefold repetition,55,f506ec4f46ec7b115dd63afb1234fe5c382a0ed37d38343ef881a7e86b95a4af,maia-relative-strength-100.pgn,maia2-1500__vs__maia2-1700.pgn
maia2-1500__vs__maia2-1700,124,62,MAIA2 1500,MAIA2 1700,maia2,maia2,1500,1700,Black,MAIA2 1700,MAIA2 1500,0-1,1.0,checkmate,44,f506ec4f46ec7b115dd63afb1234fe5c382a0ed37d38343ef881a7e86b95a4af,maia-relative-strength-100.pgn,maia2-1500__vs__maia2-1700.pgn
maia2-1500__vs__maia2-1700,125,63,MAIA2 1500,MAIA2 1700,maia2,maia2,1500,1700,White,MAIA2 1500,MAIA2 1700,1/2-1/2,0.5,stalemate,113,f506ec4f46ec7b115dd63afb1234fe5c382a0ed37d38343ef881a7e86b95a4af,maia-relative-strength-100.pgn,maia2-1500__vs__maia2-1700.pgn
maia2-1500__vs__maia2-1700,126,63,MAIA2 1500,MAIA2 1700,maia2,maia2,1500,1700,Black,MAIA2 1700,MAIA2 1500,1/2-1/2,0.5,threefold repetition,103,f506ec4f46ec7b115dd63afb1234fe5c382a0ed37d38343ef881a7e86b95a4af,maia-relative-strength-100.pgn,maia2-1500__vs__maia2-1700.pgn
maia2-1500__vs__maia2-1700,127,64,MAIA2 1500,MAIA2 1700,maia2,maia2,1500,1700,White,MAIA2 1500,MAIA2 1700,0-1,0.0,checkmate,62,f506ec4f46ec7b115dd63afb1234fe5c382a0ed37d38343ef881a7e86b95a4af,maia-relative-strength-100.pgn,maia2-1500__vs__maia2-1700.pgn
maia2-1500__vs__maia2-1700,128,64,MAIA2 1500,MAIA2 1700,maia2,maia2,1500,1700,Black,MAIA2 1700,MAIA2 1500,0-1,1.0,checkmate,136,f506ec4f46ec7b115dd63afb1234fe5c382a0ed37d38343ef881a7e86b95a4af,maia-relative-strength-100.pgn,maia2-1500__vs__maia2-1700.pgn
maia2-1500__vs__maia2-1700,129,65,MAIA2 1500,MAIA2 1700,maia2,maia2,1500,1700,White,MAIA2 1500,MAIA2 1700,1-0,1.0,checkmate,103,f506ec4f46ec7b115dd63afb1234fe5c382a0ed37d38343ef881a7e86b95a4af,maia-relative-strength-100.pgn,maia2-1500__vs__maia2-1700.pgn
maia2-1500__vs__maia2-1700,130,65,MAIA2 1500,MAIA2 1700,maia2,maia2,1500,1700,Black,MAIA2 1700,MAIA2 1500,1/2-1/2,0.5,threefold repetition,83,f506ec4f46ec7b115dd63afb1234fe5c382a0ed37d38343ef881a7e86b95a4af,maia-relative-strength-100.pgn,maia2-1500__vs__maia2-1700.pgn
maia2-1500__vs__maia2-1700,131,66,MAIA2 1500,MAIA2 1700,maia2,maia2,1500,1700,White,MAIA2 1500,MAIA2 1700,0-1,0.0,checkmate,112,f506ec4f46ec7b115dd63afb1234fe5c382a0ed37d38343ef881a7e86b95a4af,maia-relative-strength-100.pgn,maia2-1500__vs__maia2-1700.pgn
maia2-1500__vs__maia2-1700,132,66,MAIA2 1500,MAIA2 1700,maia2,maia2,1500,1700,Black,MAIA2 1700,MAIA2 1500,1-0,0.0,checkmate,67,f506ec4f46ec7b115dd63afb1234fe5c382a0ed37d38343ef881a7e86b95a4af,maia-relative-strength-100.pgn,maia2-1500__vs__maia2-1700.pgn
maia2-1500__vs__maia2-1700,133,67,MAIA2 1500,MAIA2 1700,maia2,maia2,1500,1700,White,MAIA2 1500,MAIA2 1700,0-1,0.0,checkmate,78,f506ec4f46ec7b115dd63afb1234fe5c382a0ed37d38343ef881a7e86b95a4af,maia-relative-strength-100.pgn,maia2-1500__vs__maia2-1700.pgn
maia2-1500__vs__maia2-1700,134,67,MAIA2 1500,MAIA2 1700,maia2,maia2,1500,1700,Black,MAIA2 1700,MAIA2 1500,1-0,0.0,checkmate,45,f506ec4f46ec7b115dd63afb1234fe5c382a0ed37d38343ef881a7e86b95a4af,maia-relative-strength-100.pgn,maia2-1500__vs__maia2-1700.pgn
maia2-1500__vs__maia2-1700,135,68,MAIA2 1500,MAIA2 1700,maia2,maia2,1500,1700,White,MAIA2 1500,MAIA2 1700,1-0,1.0,checkmate,75,f506ec4f46ec7b115dd63afb1234fe5c382a0ed37d38343ef881a7e86b95a4af,maia-relative-strength-100.pgn,maia2-1500__vs__maia2-1700.pgn
maia2-1500__vs__maia2-1700,136,68,MAIA2 1500,MAIA2 1700,maia2,maia2,1500,1700,Black,MAIA2 1700,MAIA2 1500,1-0,0.0,checkmate,41,f506ec4f46ec7b115dd63afb1234fe5c382a0ed37d38343ef881a7e86b95a4af,maia-relative-strength-100.pgn,maia2-1500__vs__maia2-1700.pgn
maia2-1500__vs__maia2-1700,137,69,MAIA2 1500,MAIA2 1700,maia2,maia2,1500,1700,White,MAIA2 1500,MAIA2 1700,0-1,0.0,checkmate,60,f506ec4f46ec7b115dd63afb1234fe5c382a0ed37d38343ef881a7e86b95a4af,maia-relative-strength-100.pgn,maia2-1500__vs__maia2-1700.pgn
maia2-1500__vs__maia2-1700,138,69,MAIA2 1500,MAIA2 1700,maia2,maia2,1500,1700,Black,MAIA2 1700,MAIA2 1500,0-1,1.0,checkmate,128,f506ec4f46ec7b115dd63afb1234fe5c382a0ed37d38343ef881a7e86b95a4af,maia-relative-strength-100.pgn,maia2-1500__vs__maia2-1700.pgn
maia2-1500__vs__maia2-1700,139,70,MAIA2 1500,MAIA2 1700,maia2,maia2,1500,1700,White,MAIA2 1500,MAIA2 1700,1/2-1/2,0.5,threefold repetition,109,f506ec4f46ec7b115dd63afb1234fe5c382a0ed37d38343ef881a7e86b95a4af,maia-relative-strength-100.pgn,maia2-1500__vs__maia2-1700.pgn
maia2-1500__vs__maia2-1700,140,70,MAIA2 1500,MAIA2 1700,maia2,maia2,1500,1700,Black,MAIA2 1700,MAIA2 1500,1-0,0.0,checkmate,103,f506ec4f46ec7b115dd63afb1234fe5c382a0ed37d38343ef881a7e86b95a4af,maia-relative-strength-100.pgn,maia2-1500__vs__maia2-1700.pgn
maia2-1500__vs__maia2-1700,141,71,MAIA2 1500,MAIA2 1700,maia2,maia2,1500,1700,White,MAIA2 1500,MAIA2 1700,1-0,1.0,checkmate,99,f506ec4f46ec7b115dd63afb1234fe5c382a0ed37d38343ef881a7e86b95a4af,maia-relative-strength-100.pgn,maia2-1500__vs__maia2-1700.pgn
maia2-1500__vs__maia2-1700,142,71,MAIA2 1500,MAIA2 1700,maia2,maia2,1500,1700,Black,MAIA2 1700,MAIA2 1500,1-0,0.0,checkmate,43,f506ec4f46ec7b115dd63afb1234fe5c382a0ed37d38343ef881a7e86b95a4af,maia-relative-strength-100.pgn,maia2-1500__vs__maia2-1700.pgn
maia2-1500__vs__maia2-1700,143,72,MAIA2 1500,MAIA2 1700,maia2,maia2,1500,1700,White,MAIA2 1500,MAIA2 1700,0-1,0.0,checkmate,78,f506ec4f46ec7b115dd63afb1234fe5c382a0ed37d38343ef881a7e86b95a4af,maia-relative-strength-100.pgn,maia2-1500__vs__maia2-1700.pgn
maia2-1500__vs__maia2-1700,144,72,MAIA2 1500,MAIA2 1700,maia2,maia2,1500,1700,Black,MAIA2 1700,MAIA2 1500,1-0,0.0,checkmate,87,f506ec4f46ec7b115dd63afb1234fe5c382a0ed37d38343ef881a7e86b95a4af,maia-relative-strength-100.pgn,maia2-1500__vs__maia2-1700.pgn
maia2-1500__vs__maia2-1700,145,73,MAIA2 1500,MAIA2 1700,maia2,maia2,1500,1700,White,MAIA2 1500,MAIA2 1700,1/2-1/2,0.5,threefold repetition,55,f506ec4f46ec7b115dd63afb1234fe5c382a0ed37d38343ef881a7e86b95a4af,maia-relative-strength-100.pgn,maia2-1500__vs__maia2-1700.pgn
maia2-1500__vs__maia2-1700,146,73,MAIA2 1500,MAIA2 1700,maia2,maia2,1500,1700,Black,MAIA2 1700,MAIA2 1500,1-0,0.0,checkmate,77,f506ec4f46ec7b115dd63afb1234fe5c382a0ed37d38343ef881a7e86b95a4af,maia-relative-strength-100.pgn,maia2-1500__vs__maia2-1700.pgn
maia2-1500__vs__maia2-1700,147,74,MAIA2 1500,MAIA2 1700,maia2,maia2,1500,1700,White,MAIA2 1500,MAIA2 1700,0-1,0.0,checkmate,108,f506ec4f46ec7b115dd63afb1234fe5c382a0ed37d38343ef881a7e86b95a4af,maia-relative-strength-100.pgn,maia2-1500__vs__maia2-1700.pgn
maia2-1500__vs__maia2-1700,148,74,MAIA2 1500,MAIA2 1700,maia2,maia2,1500,1700,Black,MAIA2 1700,MAIA2 1500,1/2-1/2,0.5,threefold repetition,82,f506ec4f46ec7b115dd63afb1234fe5c382a0ed37d38343ef881a7e86b95a4af,maia-relative-strength-100.pgn,maia2-1500__vs__maia2-1700.pgn
maia2-1500__vs__maia2-1700,149,75,MAIA2 1500,MAIA2 1700,maia2,maia2,1500,1700,White,MAIA2 1500,MAIA2 1700,1/2-1/2,0.5,threefold repetition,46,f506ec4f46ec7b115dd63afb1234fe5c382a0ed37d38343ef881a7e86b95a4af,maia-relative-strength-100.pgn,maia2-1500__vs__maia2-1700.pgn
maia2-1500__vs__maia2-1700,150,75,MAIA2 1500,MAIA2 1700,maia2,maia2,1500,1700,Black,MAIA2 1700,MAIA2 1500,1-0,0.0,checkmate,89,f506ec4f46ec7b115dd63afb1234fe5c382a0ed37d38343ef881a7e86b95a4af,maia-relative-strength-100.pgn,maia2-1500__vs__maia2-1700.pgn
maia2-1500__vs__maia2-1700,151,76,MAIA2 1500,MAIA2 1700,maia2,maia2,1500,1700,White,MAIA2 1500,MAIA2 1700,1/2-1/2,0.5,threefold repetition,67,f506ec4f46ec7b115dd63afb1234fe5c382a0ed37d38343ef881a7e86b95a4af,maia-relative-strength-100.pgn,maia2-1500__vs__maia2-1700.pgn
maia2-1500__vs__maia2-1700,152,76,MAIA2 1500,MAIA2 1700,maia2,maia2,1500,1700,Black,MAIA2 1700,MAIA2 1500,1-0,0.0,checkmate,115,f506ec4f46ec7b115dd63afb1234fe5c382a0ed37d38343ef881a7e86b95a4af,maia-relative-strength-100.pgn,maia2-1500__vs__maia2-1700.pgn
maia2-1500__vs__maia2-1700,153,77,MAIA2 1500,MAIA2 1700,maia2,maia2,1500,1700,White,MAIA2 1500,MAIA2 1700,0-1,0.0,checkmate,86,f506ec4f46ec7b115dd63afb1234fe5c382a0ed37d38343ef881a7e86b95a4af,maia-relative-strength-100.pgn,maia2-1500__vs__maia2-1700.pgn
maia2-1500__vs__maia2-1700,154,77,MAIA2 1500,MAIA2 1700,maia2,maia2,1500,1700,Black,MAIA2 1700,MAIA2 1500,1/2-1/2,0.5,threefold repetition,87,f506ec4f46ec7b115dd63afb1234fe5c382a0ed37d38343ef881a7e86b95a4af,maia-relative-strength-100.pgn,maia2-1500__vs__maia2-1700.pgn
maia2-1500__vs__maia2-1700,155,78,MAIA2 1500,MAIA2 1700,maia2,maia2,1500,1700,White,MAIA2 1500,MAIA2 1700,0-1,0.0,checkmate,112,f506ec4f46ec7b115dd63afb1234fe5c382a0ed37d38343ef881a7e86b95a4af,maia-relative-strength-100.pgn,maia2-1500__vs__maia2-1700.pgn
maia2-1500__vs__maia2-1700,156,78,MAIA2 1500,MAIA2 1700,maia2,maia2,1500,1700,Black,MAIA2 1700,MAIA2 1500,1-0,0.0,checkmate,35,f506ec4f46ec7b115dd63afb1234fe5c382a0ed37d38343ef881a7e86b95a4af,maia-relative-strength-100.pgn,maia2-1500__vs__maia2-1700.pgn
maia2-1500__vs__maia2-1700,157,79,MAIA2 1500,MAIA2 1700,maia2,maia2,1500,1700,White,MAIA2 1500,MAIA2 1700,1/2-1/2,0.5,stalemate,133,f506ec4f46ec7b115dd63afb1234fe5c382a0ed37d38343ef881a7e86b95a4af,maia-relative-strength-100.pgn,maia2-1500__vs__maia2-1700.pgn
maia2-1500__vs__maia2-1700,158,79,MAIA2 1500,MAIA2 1700,maia2,maia2,1500,1700,Black,MAIA2 1700,MAIA2 1500,1/2-1/2,0.5,threefold repetition,54,f506ec4f46ec7b115dd63afb1234fe5c382a0ed37d38343ef881a7e86b95a4af,maia-relative-strength-100.pgn,maia2-1500__vs__maia2-1700.pgn
maia2-1500__vs__maia2-1700,159,80,MAIA2 1500,MAIA2 1700,maia2,maia2,1500,1700,White,MAIA2 1500,MAIA2 1700,1-0,1.0,checkmate,123,f506ec4f46ec7b115dd63afb1234fe5c382a0ed37d38343ef881a7e86b95a4af,maia-relative-strength-100.pgn,maia2-1500__vs__maia2-1700.pgn
maia2-1500__vs__maia2-1700,160,80,MAIA2 1500,MAIA2 1700,maia2,maia2,1500,1700,Black,MAIA2 1700,MAIA2 1500,1/2-1/2,0.5,insufficient material,99,f506ec4f46ec7b115dd63afb1234fe5c382a0ed37d38343ef881a7e86b95a4af,maia-relative-strength-100.pgn,maia2-1500__vs__maia2-1700.pgn
maia2-1500__vs__maia2-1700,161,81,MAIA2 1500,MAIA2 1700,maia2,maia2,1500,1700,White,MAIA2 1500,MAIA2 1700,0-1,0.0,checkmate,78,f506ec4f46ec7b115dd63afb1234fe5c382a0ed37d38343ef881a7e86b95a4af,maia-relative-strength-100.pgn,maia2-1500__vs__maia2-1700.pgn
maia2-1500__vs__maia2-1700,162,81,MAIA2 1500,MAIA2 1700,maia2,maia2,1500,1700,Black,MAIA2 1700,MAIA2 1500,0-1,1.0,checkmate,104,f506ec4f46ec7b115dd63afb1234fe5c382a0ed37d38343ef881a7e86b95a4af,maia-relative-strength-100.pgn,maia2-1500__vs__maia2-1700.pgn
maia2-1500__vs__maia2-1700,163,82,MAIA2 1500,MAIA2 1700,maia2,maia2,1500,1700,White,MAIA2 1500,MAIA2 1700,0-1,0.0,checkmate,68,f506ec4f46ec7b115dd63afb1234fe5c382a0ed37d38343ef881a7e86b95a4af,maia-relative-strength-100.pgn,maia2-1500__vs__maia2-1700.pgn
maia2-1500__vs__maia2-1700,164,82,MAIA2 1500,MAIA2 1700,maia2,maia2,1500,1700,Black,MAIA2 1700,MAIA2 1500,1/2-1/2,0.5,threefold repetition,80,f506ec4f46ec7b115dd63afb1234fe5c382a0ed37d38343ef881a7e86b95a4af,maia-relative-strength-100.pgn,maia2-1500__vs__maia2-1700.pgn
maia2-1500__vs__maia2-1700,165,83,MAIA2 1500,MAIA2 1700,maia2,maia2,1500,1700,White,MAIA2 1500,MAIA2 1700,0-1,0.0,checkmate,60,f506ec4f46ec7b115dd63afb1234fe5c382a0ed37d38343ef881a7e86b95a4af,maia-relative-strength-100.pgn,maia2-1500__vs__maia2-1700.pgn
maia2-1500__vs__maia2-1700,166,83,MAIA2 1500,MAIA2 1700,maia2,maia2,1500,1700,Black,MAIA2 1700,MAIA2 1500,1/2-1/2,0.5,threefold repetition,122,f506ec4f46ec7b115dd63afb1234fe5c382a0ed37d38343ef881a7e86b95a4af,maia-relative-strength-100.pgn,maia2-1500__vs__maia2-1700.pgn
maia2-1500__vs__maia2-1700,167,84,MAIA2 1500,MAIA2 1700,maia2,maia2,1500,1700,White,MAIA2 1500,MAIA2 1700,1-0,1.0,checkmate,45,f506ec4f46ec7b115dd63afb1234fe5c382a0ed37d38343ef881a7e86b95a4af,maia-relative-strength-100.pgn,maia2-1500__vs__maia2-1700.pgn
maia2-1500__vs__maia2-1700,168,84,MAIA2 1500,MAIA2 1700,maia2,maia2,1500,1700,Black,MAIA2 1700,MAIA2 1500,1/2-1/2,0.5,threefold repetition,118,f506ec4f46ec7b115dd63afb1234fe5c382a0ed37d38343ef881a7e86b95a4af,maia-relative-strength-100.pgn,maia2-1500__vs__maia2-1700.pgn
maia2-1500__vs__maia2-1700,169,85,MAIA2 1500,MAIA2 1700,maia2,maia2,1500,1700,White,MAIA2 1500,MAIA2 1700,1-0,1.0,checkmate,65,f506ec4f46ec7b115dd63afb1234fe5c382a0ed37d38343ef881a7e86b95a4af,maia-relative-strength-100.pgn,maia2-1500__vs__maia2-1700.pgn
maia2-1500__vs__maia2-1700,170,85,MAIA2 1500,MAIA2 1700,maia2,maia2,1500,1700,Black,MAIA2 1700,MAIA2 1500,0-1,1.0,checkmate,70,f506ec4f46ec7b115dd63afb1234fe5c382a0ed37d38343ef881a7e86b95a4af,maia-relative-strength-100.pgn,maia2-1500__vs__maia2-1700.pgn
maia2-1500__vs__maia2-1700,171,86,MAIA2 1500,MAIA2 1700,maia2,maia2,1500,1700,White,MAIA2 1500,MAIA2 1700,1-0,1.0,checkmate,157,f506ec4f46ec7b115dd63afb1234fe5c382a0ed37d38343ef881a7e86b95a4af,maia-relative-strength-100.pgn,maia2-1500__vs__maia2-1700.pgn
maia2-1500__vs__maia2-1700,172,86,MAIA2 1500,MAIA2 1700,maia2,maia2,1500,1700,Black,MAIA2 1700,MAIA2 1500,1-0,0.0,checkmate,131,f506ec4f46ec7b115dd63afb1234fe5c382a0ed37d38343ef881a7e86b95a4af,maia-relative-strength-100.pgn,maia2-1500__vs__maia2-1700.pgn
maia2-1500__vs__maia2-1700,173,87,MAIA2 1500,MAIA2 1700,maia2,maia2,1500,1700,White,MAIA2 1500,MAIA2 1700,0-1,0.0,checkmate,104,f506ec4f46ec7b115dd63afb1234fe5c382a0ed37d38343ef881a7e86b95a4af,maia-relative-strength-100.pgn,maia2-1500__vs__maia2-1700.pgn
maia2-1500__vs__maia2-1700,174,87,MAIA2 1500,MAIA2 1700,maia2,maia2,1500,1700,Black,MAIA2 1700,MAIA2 1500,1-0,0.0,checkmate,67,f506ec4f46ec7b115dd63afb1234fe5c382a0ed37d38343ef881a7e86b95a4af,maia-relative-strength-100.pgn,maia2-1500__vs__maia2-1700.pgn
maia2-1500__vs__maia2-1700,175,88,MAIA2 1500,MAIA2 1700,maia2,maia2,1500,1700,White,MAIA2 1500,MAIA2 1700,1/2-1/2,0.5,threefold repetition,63,f506ec4f46ec7b115dd63afb1234fe5c382a0ed37d38343ef881a7e86b95a4af,maia-relative-strength-100.pgn,maia2-1500__vs__maia2-1700.pgn
maia2-1500__vs__maia2-1700,176,88,MAIA2 1500,MAIA2 1700,maia2,maia2,1500,1700,Black,MAIA2 1700,MAIA2 1500,1-0,0.0,checkmate,69,f506ec4f46ec7b115dd63afb1234fe5c382a0ed37d38343ef881a7e86b95a4af,maia-relative-strength-100.pgn,maia2-1500__vs__maia2-1700.pgn
maia2-1500__vs__maia2-1700,177,89,MAIA2 1500,MAIA2 1700,maia2,maia2,1500,1700,White,MAIA2 1500,MAIA2 1700,1-0,1.0,checkmate,171,f506ec4f46ec7b115dd63afb1234fe5c382a0ed37d38343ef881a7e86b95a4af,maia-relative-strength-100.pgn,maia2-1500__vs__maia2-1700.pgn
maia2-1500__vs__maia2-1700,178,89,MAIA2 1500,MAIA2 1700,maia2,maia2,1500,1700,Black,MAIA2 1700,MAIA2 1500,0-1,1.0,checkmate,104,f506ec4f46ec7b115dd63afb1234fe5c382a0ed37d38343ef881a7e86b95a4af,maia-relative-strength-100.pgn,maia2-1500__vs__maia2-1700.pgn
maia2-1500__vs__maia2-1700,179,90,MAIA2 1500,MAIA2 1700,maia2,maia2,1500,1700,White,MAIA2 1500,MAIA2 1700,1/2-1/2,0.5,threefold repetition,98,f506ec4f46ec7b115dd63afb1234fe5c382a0ed37d38343ef881a7e86b95a4af,maia-relative-strength-100.pgn,maia2-1500__vs__maia2-1700.pgn
maia2-1500__vs__maia2-1700,180,90,MAIA2 1500,MAIA2 1700,maia2,maia2,1500,1700,Black,MAIA2 1700,MAIA2 1500,1/2-1/2,0.5,threefold repetition,80,f506ec4f46ec7b115dd63afb1234fe5c382a0ed37d38343ef881a7e86b95a4af,maia-relative-strength-100.pgn,maia2-1500__vs__maia2-1700.pgn
maia2-1500__vs__maia2-1700,181,91,MAIA2 1500,MAIA2 1700,maia2,maia2,1500,1700,White,MAIA2 1500,MAIA2 1700,1/2-1/2,0.5,stalemate,116,f506ec4f46ec7b115dd63afb1234fe5c382a0ed37d38343ef881a7e86b95a4af,maia-relative-strength-100.pgn,maia2-1500__vs__maia2-1700.pgn
maia2-1500__vs__maia2-1700,182,91,MAIA2 1500,MAIA2 1700,maia2,maia2,1500,1700,Black,MAIA2 1700,MAIA2 1500,1-0,0.0,checkmate,117,f506ec4f46ec7b115dd63afb1234fe5c382a0ed37d38343ef881a7e86b95a4af,maia-relative-strength-100.pgn,maia2-1500__vs__maia2-1700.pgn
maia2-1500__vs__maia2-1700,183,92,MAIA2 1500,MAIA2 1700,maia2,maia2,1500,1700,White,MAIA2 1500,MAIA2 1700,1-0,1.0,checkmate,55,f506ec4f46ec7b115dd63afb1234fe5c382a0ed37d38343ef881a7e86b95a4af,maia-relative-strength-100.pgn,maia2-1500__vs__maia2-1700.pgn
maia2-1500__vs__maia2-1700,184,92,MAIA2 1500,MAIA2 1700,maia2,maia2,1500,1700,Black,MAIA2 1700,MAIA2 1500,1/2-1/2,0.5,threefold repetition,44,f506ec4f46ec7b115dd63afb1234fe5c382a0ed37d38343ef881a7e86b95a4af,maia-relative-strength-100.pgn,maia2-1500__vs__maia2-1700.pgn
maia2-1500__vs__maia2-1700,185,93,MAIA2 1500,MAIA2 1700,maia2,maia2,1500,1700,White,MAIA2 1500,MAIA2 1700,0-1,0.0,checkmate,60,f506ec4f46ec7b115dd63afb1234fe5c382a0ed37d38343ef881a7e86b95a4af,maia-relative-strength-100.pgn,maia2-1500__vs__maia2-1700.pgn
maia2-1500__vs__maia2-1700,186,93,MAIA2 1500,MAIA2 1700,maia2,maia2,1500,1700,Black,MAIA2 1700,MAIA2 1500,1/2-1/2,0.5,threefold repetition,122,f506ec4f46ec7b115dd63afb1234fe5c382a0ed37d38343ef881a7e86b95a4af,maia-relative-strength-100.pgn,maia2-1500__vs__maia2-1700.pgn
maia2-1500__vs__maia2-1700,187,94,MAIA2 1500,MAIA2 1700,maia2,maia2,1500,1700,White,MAIA2 1500,MAIA2 1700,0-1,0.0,checkmate,138,f506ec4f46ec7b115dd63afb1234fe5c382a0ed37d38343ef881a7e86b95a4af,maia-relative-strength-100.pgn,maia2-1500__vs__maia2-1700.pgn
maia2-1500__vs__maia2-1700,188,94,MAIA2 1500,MAIA2 1700,maia2,maia2,1500,1700,Black,MAIA2 1700,MAIA2 1500,0-1,1.0,checkmate,94,f506ec4f46ec7b115dd63afb1234fe5c382a0ed37d38343ef881a7e86b95a4af,maia-relative-strength-100.pgn,maia2-1500__vs__maia2-1700.pgn
maia2-1500__vs__maia2-1700,189,95,MAIA2 1500,MAIA2 1700,maia2,maia2,1500,1700,White,MAIA2 1500,MAIA2 1700,1-0,1.0,checkmate,93,f506ec4f46ec7b115dd63afb1234fe5c382a0ed37d38343ef881a7e86b95a4af,maia-relative-strength-100.pgn,maia2-1500__vs__maia2-1700.pgn
maia2-1500__vs__maia2-1700,190,95,MAIA2 1500,MAIA2 1700,maia2,maia2,1500,1700,Black,MAIA2 1700,MAIA2 1500,1-0,0.0,checkmate,95,f506ec4f46ec7b115dd63afb1234fe5c382a0ed37d38343ef881a7e86b95a4af,maia-relative-strength-100.pgn,maia2-1500__vs__maia2-1700.pgn
maia2-1500__vs__maia2-1700,191,96,MAIA2 1500,MAIA2 1700,maia2,maia2,1500,1700,White,MAIA2 1500,MAIA2 1700,0-1,0.0,checkmate,44,f506ec4f46ec7b115dd63afb1234fe5c382a0ed37d38343ef881a7e86b95a4af,maia-relative-strength-100.pgn,maia2-1500__vs__maia2-1700.pgn
maia2-1500__vs__maia2-1700,192,96,MAIA2 1500,MAIA2 1700,maia2,maia2,1500,1700,Black,MAIA2 1700,MAIA2 1500,1-0,0.0,checkmate,33,f506ec4f46ec7b115dd63afb1234fe5c382a0ed37d38343ef881a7e86b95a4af,maia-relative-strength-100.pgn,maia2-1500__vs__maia2-1700.pgn
maia2-1500__vs__maia2-1700,193,97,MAIA2 1500,MAIA2 1700,maia2,maia2,1500,1700,White,MAIA2 1500,MAIA2 1700,1/2-1/2,0.5,threefold repetition,33,f506ec4f46ec7b115dd63afb1234fe5c382a0ed37d38343ef881a7e86b95a4af,maia-relative-strength-100.pgn,maia2-1500__vs__maia2-1700.pgn
maia2-1500__vs__maia2-1700,194,97,MAIA2 1500,MAIA2 1700,maia2,maia2,1500,1700,Black,MAIA2 1700,MAIA2 1500,1/2-1/2,0.5,threefold repetition,33,f506ec4f46ec7b115dd63afb1234fe5c382a0ed37d38343ef881a7e86b95a4af,maia-relative-strength-100.pgn,maia2-1500__vs__maia2-1700.pgn
maia2-1500__vs__maia2-1700,195,98,MAIA2 1500,MAIA2 1700,maia2,maia2,1500,1700,White,MAIA2 1500,MAIA2 1700,1/2-1/2,0.5,threefold repetition,52,f506ec4f46ec7b115dd63afb1234fe5c382a0ed37d38343ef881a7e86b95a4af,maia-relative-strength-100.pgn,maia2-1500__vs__maia2-1700.pgn
maia2-1500__vs__maia2-1700,196,98,MAIA2 1500,MAIA2 1700,maia2,maia2,1500,1700,Black,MAIA2 1700,MAIA2 1500,1-0,0.0,checkmate,57,f506ec4f46ec7b115dd63afb1234fe5c382a0ed37d38343ef881a7e86b95a4af,maia-relative-strength-100.pgn,maia2-1500__vs__maia2-1700.pgn
maia2-1500__vs__maia2-1700,197,99,MAIA2 1500,MAIA2 1700,maia2,maia2,1500,1700,White,MAIA2 1500,MAIA2 1700,1/2-1/2,0.5,threefold repetition,87,f506ec4f46ec7b115dd63afb1234fe5c382a0ed37d38343ef881a7e86b95a4af,maia-relative-strength-100.pgn,maia2-1500__vs__maia2-1700.pgn
maia2-1500__vs__maia2-1700,198,99,MAIA2 1500,MAIA2 1700,maia2,maia2,1500,1700,Black,MAIA2 1700,MAIA2 1500,0-1,1.0,checkmate,40,f506ec4f46ec7b115dd63afb1234fe5c382a0ed37d38343ef881a7e86b95a4af,maia-relative-strength-100.pgn,maia2-1500__vs__maia2-1700.pgn
maia2-1500__vs__maia2-1700,199,100,MAIA2 1500,MAIA2 1700,maia2,maia2,1500,1700,White,MAIA2 1500,MAIA2 1700,1/2-1/2,0.5,threefold repetition,63,f506ec4f46ec7b115dd63afb1234fe5c382a0ed37d38343ef881a7e86b95a4af,maia-relative-strength-100.pgn,maia2-1500__vs__maia2-1700.pgn
maia2-1500__vs__maia2-1700,200,100,MAIA2 1500,MAIA2 1700,maia2,maia2,1500,1700,Black,MAIA2 1700,MAIA2 1500,1-0,0.0,checkmate,69,f506ec4f46ec7b115dd63afb1234fe5c382a0ed37d38343ef881a7e86b95a4af,maia-relative-strength-100.pgn,maia2-1500__vs__maia2-1700.pgn
maia2-1500__vs__maia3-1500,1,1,MAIA2 1500,MAIA3 1500,maia2,maia3,1500,1500,White,MAIA2 1500,MAIA3 1500,0-1,0.0,checkmate,118,d93ab666c96efa7ebdd174874b8ce868fb02c9c5a28161a756735a2e1fe40b1b,maia-relative-strength-100.pgn,maia2-1500__vs__maia3-1500.pgn
maia2-1500__vs__maia3-1500,2,1,MAIA2 1500,MAIA3 1500,maia2,maia3,1500,1500,Black,MAIA3 1500,MAIA2 1500,1-0,0.0,checkmate,75,d93ab666c96efa7ebdd174874b8ce868fb02c9c5a28161a756735a2e1fe40b1b,maia-relative-strength-100.pgn,maia2-1500__vs__maia3-1500.pgn
maia2-1500__vs__maia3-1500,3,2,MAIA2 1500,MAIA3 1500,maia2,maia3,1500,1500,White,MAIA2 1500,MAIA3 1500,0-1,0.0,checkmate,70,d93ab666c96efa7ebdd174874b8ce868fb02c9c5a28161a756735a2e1fe40b1b,maia-relative-strength-100.pgn,maia2-1500__vs__maia3-1500.pgn
maia2-1500__vs__maia3-1500,4,2,MAIA2 1500,MAIA3 1500,maia2,maia3,1500,1500,Black,MAIA3 1500,MAIA2 1500,1-0,0.0,checkmate,133,d93ab666c96efa7ebdd174874b8ce868fb02c9c5a28161a756735a2e1fe40b1b,maia-relative-strength-100.pgn,maia2-1500__vs__maia3-1500.pgn
maia2-1500__vs__maia3-1500,5,3,MAIA2 1500,MAIA3 1500,maia2,maia3,1500,1500,White,MAIA2 1500,MAIA3 1500,0-1,0.0,checkmate,120,d93ab666c96efa7ebdd174874b8ce868fb02c9c5a28161a756735a2e1fe40b1b,maia-relative-strength-100.pgn,maia2-1500__vs__maia3-1500.pgn
maia2-1500__vs__maia3-1500,6,3,MAIA2 1500,MAIA3 1500,maia2,maia3,1500,1500,Black,MAIA3 1500,MAIA2 1500,0-1,1.0,checkmate,108,d93ab666c96efa7ebdd174874b8ce868fb02c9c5a28161a756735a2e1fe40b1b,maia-relative-strength-100.pgn,maia2-1500__vs__maia3-1500.pgn
maia2-1500__vs__maia3-1500,7,4,MAIA2 1500,MAIA3 1500,maia2,maia3,1500,1500,White,MAIA2 1500,MAIA3 1500,0-1,0.0,checkmate,76,d93ab666c96efa7ebdd174874b8ce868fb02c9c5a28161a756735a2e1fe40b1b,maia-relative-strength-100.pgn,maia2-1500__vs__maia3-1500.pgn
maia2-1500__vs__maia3-1500,8,4,MAIA2 1500,MAIA3 1500,maia2,maia3,1500,1500,Black,MAIA3 1500,MAIA2 1500,1-0,0.0,checkmate,57,d93ab666c96efa7ebdd174874b8ce868fb02c9c5a28161a756735a2e1fe40b1b,maia-relative-strength-100.pgn,maia2-1500__vs__maia3-1500.pgn
maia2-1500__vs__maia3-1500,9,5,MAIA2 1500,MAIA3 1500,maia2,maia3,1500,1500,White,MAIA2 1500,MAIA3 1500,1/2-1/2,0.5,threefold repetition,44,d93ab666c96efa7ebdd174874b8ce868fb02c9c5a28161a756735a2e1fe40b1b,maia-relative-strength-100.pgn,maia2-1500__vs__maia3-1500.pgn
maia2-1500__vs__maia3-1500,10,5,MAIA2 1500,MAIA3 1500,maia2,maia3,1500,1500,Black,MAIA3 1500,MAIA2 1500,0-1,1.0,checkmate,46,d93ab666c96efa7ebdd174874b8ce868fb02c9c5a28161a756735a2e1fe40b1b,maia-relative-strength-100.pgn,maia2-1500__vs__maia3-1500.pgn
maia2-1500__vs__maia3-1500,11,6,MAIA2 1500,MAIA3 1500,maia2,maia3,1500,1500,White,MAIA2 1500,MAIA3 1500,1-0,1.0,checkmate,31,d93ab666c96efa7ebdd174874b8ce868fb02c9c5a28161a756735a2e1fe40b1b,maia-relative-strength-100.pgn,maia2-1500__vs__maia3-1500.pgn
maia2-1500__vs__maia3-1500,12,6,MAIA2 1500,MAIA3 1500,maia2,maia3,1500,1500,Black,MAIA3 1500,MAIA2 1500,1-0,0.0,checkmate,107,d93ab666c96efa7ebdd174874b8ce868fb02c9c5a28161a756735a2e1fe40b1b,maia-relative-strength-100.pgn,maia2-1500__vs__maia3-1500.pgn
maia2-1500__vs__maia3-1500,13,7,MAIA2 1500,MAIA3 1500,maia2,maia3,1500,1500,White,MAIA2 1500,MAIA3 1500,1/2-1/2,0.5,threefold repetition,52,d93ab666c96efa7ebdd174874b8ce868fb02c9c5a28161a756735a2e1fe40b1b,maia-relative-strength-100.pgn,maia2-1500__vs__maia3-1500.pgn
maia2-1500__vs__maia3-1500,14,7,MAIA2 1500,MAIA3 1500,maia2,maia3,1500,1500,Black,MAIA3 1500,MAIA2 1500,0-1,1.0,checkmate,66,d93ab666c96efa7ebdd174874b8ce868fb02c9c5a28161a756735a2e1fe40b1b,maia-relative-strength-100.pgn,maia2-1500__vs__maia3-1500.pgn
maia2-1500__vs__maia3-1500,15,8,MAIA2 1500,MAIA3 1500,maia2,maia3,1500,1500,White,MAIA2 1500,MAIA3 1500,1-0,1.0,checkmate,109,d93ab666c96efa7ebdd174874b8ce868fb02c9c5a28161a756735a2e1fe40b1b,maia-relative-strength-100.pgn,maia2-1500__vs__maia3-1500.pgn
maia2-1500__vs__maia3-1500,16,8,MAIA2 1500,MAIA3 1500,maia2,maia3,1500,1500,Black,MAIA3 1500,MAIA2 1500,1/2-1/2,0.5,stalemate,97,d93ab666c96efa7ebdd174874b8ce868fb02c9c5a28161a756735a2e1fe40b1b,maia-relative-strength-100.pgn,maia2-1500__vs__maia3-1500.pgn
maia2-1500__vs__maia3-1500,17,9,MAIA2 1500,MAIA3 1500,maia2,maia3,1500,1500,White,MAIA2 1500,MAIA3 1500,1-0,1.0,checkmate,89,d93ab666c96efa7ebdd174874b8ce868fb02c9c5a28161a756735a2e1fe40b1b,maia-relative-strength-100.pgn,maia2-1500__vs__maia3-1500.pgn
maia2-1500__vs__maia3-1500,18,9,MAIA2 1500,MAIA3 1500,maia2,maia3,1500,1500,Black,MAIA3 1500,MAIA2 1500,0-1,1.0,checkmate,62,d93ab666c96efa7ebdd174874b8ce868fb02c9c5a28161a756735a2e1fe40b1b,maia-relative-strength-100.pgn,maia2-1500__vs__maia3-1500.pgn
maia2-1500__vs__maia3-1500,19,10,MAIA2 1500,MAIA3 1500,maia2,maia3,1500,1500,White,MAIA2 1500,MAIA3 1500,1-0,1.0,checkmate,115,d93ab666c96efa7ebdd174874b8ce868fb02c9c5a28161a756735a2e1fe40b1b,maia-relative-strength-100.pgn,maia2-1500__vs__maia3-1500.pgn
maia2-1500__vs__maia3-1500,20,10,MAIA2 1500,MAIA3 1500,maia2,maia3,1500,1500,Black,MAIA3 1500,MAIA2 1500,1-0,0.0,checkmate,103,d93ab666c96efa7ebdd174874b8ce868fb02c9c5a28161a756735a2e1fe40b1b,maia-relative-strength-100.pgn,maia2-1500__vs__maia3-1500.pgn
maia2-1500__vs__maia3-1500,21,11,MAIA2 1500,MAIA3 1500,maia2,maia3,1500,1500,White,MAIA2 1500,MAIA3 1500,1-0,1.0,checkmate,81,d93ab666c96efa7ebdd174874b8ce868fb02c9c5a28161a756735a2e1fe40b1b,maia-relative-strength-100.pgn,maia2-1500__vs__maia3-1500.pgn
maia2-1500__vs__maia3-1500,22,11,MAIA2 1500,MAIA3 1500,maia2,maia3,1500,1500,Black,MAIA3 1500,MAIA2 1500,1-0,0.0,checkmate,99,d93ab666c96efa7ebdd174874b8ce868fb02c9c5a28161a756735a2e1fe40b1b,maia-relative-strength-100.pgn,maia2-1500__vs__maia3-1500.pgn
maia2-1500__vs__maia3-1500,23,12,MAIA2 1500,MAIA3 1500,maia2,maia3,1500,1500,White,MAIA2 1500,MAIA3 1500,1/2-1/2,0.5,threefold repetition,33,d93ab666c96efa7ebdd174874b8ce868fb02c9c5a28161a756735a2e1fe40b1b,maia-relative-strength-100.pgn,maia2-1500__vs__maia3-1500.pgn
maia2-1500__vs__maia3-1500,24,12,MAIA2 1500,MAIA3 1500,maia2,maia3,1500,1500,Black,MAIA3 1500,MAIA2 1500,1/2-1/2,0.5,threefold repetition,152,d93ab666c96efa7ebdd174874b8ce868fb02c9c5a28161a756735a2e1fe40b1b,maia-relative-strength-100.pgn,maia2-1500__vs__maia3-1500.pgn
maia2-1500__vs__maia3-1500,25,13,MAIA2 1500,MAIA3 1500,maia2,maia3,1500,1500,White,MAIA2 1500,MAIA3 1500,1/2-1/2,0.5,threefold repetition,104,d93ab666c96efa7ebdd174874b8ce868fb02c9c5a28161a756735a2e1fe40b1b,maia-relative-strength-100.pgn,maia2-1500__vs__maia3-1500.pgn
maia2-1500__vs__maia3-1500,26,13,MAIA2 1500,MAIA3 1500,maia2,maia3,1500,1500,Black,MAIA3 1500,MAIA2 1500,1/2-1/2,0.5,threefold repetition,123,d93ab666c96efa7ebdd174874b8ce868fb02c9c5a28161a756735a2e1fe40b1b,maia-relative-strength-100.pgn,maia2-1500__vs__maia3-1500.pgn
maia2-1500__vs__maia3-1500,27,14,MAIA2 1500,MAIA3 1500,maia2,maia3,1500,1500,White,MAIA2 1500,MAIA3 1500,0-1,0.0,checkmate,42,d93ab666c96efa7ebdd174874b8ce868fb02c9c5a28161a756735a2e1fe40b1b,maia-relative-strength-100.pgn,maia2-1500__vs__maia3-1500.pgn
maia2-1500__vs__maia3-1500,28,14,MAIA2 1500,MAIA3 1500,maia2,maia3,1500,1500,Black,MAIA3 1500,MAIA2 1500,1/2-1/2,0.5,threefold repetition,98,d93ab666c96efa7ebdd174874b8ce868fb02c9c5a28161a756735a2e1fe40b1b,maia-relative-strength-100.pgn,maia2-1500__vs__maia3-1500.pgn
maia2-1500__vs__maia3-1500,29,15,MAIA2 1500,MAIA3 1500,maia2,maia3,1500,1500,White,MAIA2 1500,MAIA3 1500,1/2-1/2,0.5,threefold repetition,54,d93ab666c96efa7ebdd174874b8ce868fb02c9c5a28161a756735a2e1fe40b1b,maia-relative-strength-100.pgn,maia2-1500__vs__maia3-1500.pgn
maia2-1500__vs__maia3-1500,30,15,MAIA2 1500,MAIA3 1500,maia2,maia3,1500,1500,Black,MAIA3 1500,MAIA2 1500,1/2-1/2,0.5,threefold repetition,68,d93ab666c96efa7ebdd174874b8ce868fb02c9c5a28161a756735a2e1fe40b1b,maia-relative-strength-100.pgn,maia2-1500__vs__maia3-1500.pgn
maia2-1500__vs__maia3-1500,31,16,MAIA2 1500,MAIA3 1500,maia2,maia3,1500,1500,White,MAIA2 1500,MAIA3 1500,1/2-1/2,0.5,threefold repetition,37,d93ab666c96efa7ebdd174874b8ce868fb02c9c5a28161a756735a2e1fe40b1b,maia-relative-strength-100.pgn,maia2-1500__vs__maia3-1500.pgn
maia2-1500__vs__maia3-1500,32,16,MAIA2 1500,MAIA3 1500,maia2,maia3,1500,1500,Black,MAIA3 1500,MAIA2 1500,1-0,0.0,checkmate,35,d93ab666c96efa7ebdd174874b8ce868fb02c9c5a28161a756735a2e1fe40b1b,maia-relative-strength-100.pgn,maia2-1500__vs__maia3-1500.pgn
maia2-1500__vs__maia3-1500,33,17,MAIA2 1500,MAIA3 1500,maia2,maia3,1500,1500,White,MAIA2 1500,MAIA3 1500,1/2-1/2,0.5,threefold repetition,61,d93ab666c96efa7ebdd174874b8ce868fb02c9c5a28161a756735a2e1fe40b1b,maia-relative-strength-100.pgn,maia2-1500__vs__maia3-1500.pgn
maia2-1500__vs__maia3-1500,34,17,MAIA2 1500,MAIA3 1500,maia2,maia3,1500,1500,Black,MAIA3 1500,MAIA2 1500,1-0,0.0,checkmate,61,d93ab666c96efa7ebdd174874b8ce868fb02c9c5a28161a756735a2e1fe40b1b,maia-relative-strength-100.pgn,maia2-1500__vs__maia3-1500.pgn
maia2-1500__vs__maia3-1500,35,18,MAIA2 1500,MAIA3 1500,maia2,maia3,1500,1500,White,MAIA2 1500,MAIA3 1500,0-1,0.0,checkmate,130,d93ab666c96efa7ebdd174874b8ce868fb02c9c5a28161a756735a2e1fe40b1b,maia-relative-strength-100.pgn,maia2-1500__vs__maia3-1500.pgn
maia2-1500__vs__maia3-1500,36,18,MAIA2 1500,MAIA3 1500,maia2,maia3,1500,1500,Black,MAIA3 1500,MAIA2 1500,1/2-1/2,0.5,threefold repetition,34,d93ab666c96efa7ebdd174874b8ce868fb02c9c5a28161a756735a2e1fe40b1b,maia-relative-strength-100.pgn,maia2-1500__vs__maia3-1500.pgn
maia2-1500__vs__maia3-1500,37,19,MAIA2 1500,MAIA3 1500,maia2,maia3,1500,1500,White,MAIA2 1500,MAIA3 1500,1-0,1.0,checkmate,39,d93ab666c96efa7ebdd174874b8ce868fb02c9c5a28161a756735a2e1fe40b1b,maia-relative-strength-100.pgn,maia2-1500__vs__maia3-1500.pgn
maia2-1500__vs__maia3-1500,38,19,MAIA2 1500,MAIA3 1500,maia2,maia3,1500,1500,Black,MAIA3 1500,MAIA2 1500,1-0,0.0,checkmate,85,d93ab666c96efa7ebdd174874b8ce868fb02c9c5a28161a756735a2e1fe40b1b,maia-relative-strength-100.pgn,maia2-1500__vs__maia3-1500.pgn
maia2-1500__vs__maia3-1500,39,20,MAIA2 1500,MAIA3 1500,maia2,maia3,1500,1500,White,MAIA2 1500,MAIA3 1500,1-0,1.0,checkmate,109,d93ab666c96efa7ebdd174874b8ce868fb02c9c5a28161a756735a2e1fe40b1b,maia-relative-strength-100.pgn,maia2-1500__vs__maia3-1500.pgn
maia2-1500__vs__maia3-1500,40,20,MAIA2 1500,MAIA3 1500,maia2,maia3,1500,1500,Black,MAIA3 1500,MAIA2 1500,1-0,0.0,checkmate,85,d93ab666c96efa7ebdd174874b8ce868fb02c9c5a28161a756735a2e1fe40b1b,maia-relative-strength-100.pgn,maia2-1500__vs__maia3-1500.pgn
maia2-1500__vs__maia3-1500,41,21,MAIA2 1500,MAIA3 1500,maia2,maia3,1500,1500,White,MAIA2 1500,MAIA3 1500,1/2-1/2,0.5,threefold repetition,89,d93ab666c96efa7ebdd174874b8ce868fb02c9c5a28161a756735a2e1fe40b1b,maia-relative-strength-100.pgn,maia2-1500__vs__maia3-1500.pgn
maia2-1500__vs__maia3-1500,42,21,MAIA2 1500,MAIA3 1500,maia2,maia3,1500,1500,Black,MAIA3 1500,MAIA2 1500,0-1,1.0,checkmate,94,d93ab666c96efa7ebdd174874b8ce868fb02c9c5a28161a756735a2e1fe40b1b,maia-relative-strength-100.pgn,maia2-1500__vs__maia3-1500.pgn
maia2-1500__vs__maia3-1500,43,22,MAIA2 1500,MAIA3 1500,maia2,maia3,1500,1500,White,MAIA2 1500,MAIA3 1500,1/2-1/2,0.5,threefold repetition,71,d93ab666c96efa7ebdd174874b8ce868fb02c9c5a28161a756735a2e1fe40b1b,maia-relative-strength-100.pgn,maia2-1500__vs__maia3-1500.pgn
maia2-1500__vs__maia3-1500,44,22,MAIA2 1500,MAIA3 1500,maia2,maia3,1500,1500,Black,MAIA3 1500,MAIA2 1500,1/2-1/2,0.5,threefold repetition,93,d93ab666c96efa7ebdd174874b8ce868fb02c9c5a28161a756735a2e1fe40b1b,maia-relative-strength-100.pgn,maia2-1500__vs__maia3-1500.pgn
maia2-1500__vs__maia3-1500,45,23,MAIA2 1500,MAIA3 1500,maia2,maia3,1500,1500,White,MAIA2 1500,MAIA3 1500,0-1,0.0,checkmate,84,d93ab666c96efa7ebdd174874b8ce868fb02c9c5a28161a756735a2e1fe40b1b,maia-relative-strength-100.pgn,maia2-1500__vs__maia3-1500.pgn
maia2-1500__vs__maia3-1500,46,23,MAIA2 1500,MAIA3 1500,maia2,maia3,1500,1500,Black,MAIA3 1500,MAIA2 1500,0-1,1.0,checkmate,100,d93ab666c96efa7ebdd174874b8ce868fb02c9c5a28161a756735a2e1fe40b1b,maia-relative-strength-100.pgn,maia2-1500__vs__maia3-1500.pgn
maia2-1500__vs__maia3-1500,47,24,MAIA2 1500,MAIA3 1500,maia2,maia3,1500,1500,White,MAIA2 1500,MAIA3 1500,0-1,0.0,checkmate,38,d93ab666c96efa7ebdd174874b8ce868fb02c9c5a28161a756735a2e1fe40b1b,maia-relative-strength-100.pgn,maia2-1500__vs__maia3-1500.pgn
maia2-1500__vs__maia3-1500,48,24,MAIA2 1500,MAIA3 1500,maia2,maia3,1500,1500,Black,MAIA3 1500,MAIA2 1500,0-1,1.0,checkmate,76,d93ab666c96efa7ebdd174874b8ce868fb02c9c5a28161a756735a2e1fe40b1b,maia-relative-strength-100.pgn,maia2-1500__vs__maia3-1500.pgn
maia2-1500__vs__maia3-1500,49,25,MAIA2 1500,MAIA3 1500,maia2,maia3,1500,1500,White,MAIA2 1500,MAIA3 1500,0-1,0.0,checkmate,58,d93ab666c96efa7ebdd174874b8ce868fb02c9c5a28161a756735a2e1fe40b1b,maia-relative-strength-100.pgn,maia2-1500__vs__maia3-1500.pgn
maia2-1500__vs__maia3-1500,50,25,MAIA2 1500,MAIA3 1500,maia2,maia3,1500,1500,Black,MAIA3 1500,MAIA2 1500,1-0,0.0,checkmate,103,d93ab666c96efa7ebdd174874b8ce868fb02c9c5a28161a756735a2e1fe40b1b,maia-relative-strength-100.pgn,maia2-1500__vs__maia3-1500.pgn
maia2-1500__vs__maia3-1500,51,26,MAIA2 1500,MAIA3 1500,maia2,maia3,1500,1500,White,MAIA2 1500,MAIA3 1500,0-1,0.0,checkmate,136,d93ab666c96efa7ebdd174874b8ce868fb02c9c5a28161a756735a2e1fe40b1b,maia-relative-strength-100.pgn,maia2-1500__vs__maia3-1500.pgn
maia2-1500__vs__maia3-1500,52,26,MAIA2 1500,MAIA3 1500,maia2,maia3,1500,1500,Black,MAIA3 1500,MAIA2 1500,1-0,0.0,checkmate,115,d93ab666c96efa7ebdd174874b8ce868fb02c9c5a28161a756735a2e1fe40b1b,maia-relative-strength-100.pgn,maia2-1500__vs__maia3-1500.pgn
maia2-1500__vs__maia3-1500,53,27,MAIA2 1500,MAIA3 1500,maia2,maia3,1500,1500,White,MAIA2 1500,MAIA3 1500,0-1,0.0,checkmate,88,d93ab666c96efa7ebdd174874b8ce868fb02c9c5a28161a756735a2e1fe40b1b,maia-relative-strength-100.pgn,maia2-1500__vs__maia3-1500.pgn
maia2-1500__vs__maia3-1500,54,27,MAIA2 1500,MAIA3 1500,maia2,maia3,1500,1500,Black,MAIA3 1500,MAIA2 1500,1-0,0.0,checkmate,67,d93ab666c96efa7ebdd174874b8ce868fb02c9c5a28161a756735a2e1fe40b1b,maia-relative-strength-100.pgn,maia2-1500__vs__maia3-1500.pgn
maia2-1500__vs__maia3-1500,55,28,MAIA2 1500,MAIA3 1500,maia2,maia3,1500,1500,White,MAIA2 1500,MAIA3 1500,0-1,0.0,checkmate,100,d93ab666c96efa7ebdd174874b8ce868fb02c9c5a28161a756735a2e1fe40b1b,maia-relative-strength-100.pgn,maia2-1500__vs__maia3-1500.pgn
maia2-1500__vs__maia3-1500,56,28,MAIA2 1500,MAIA3 1500,maia2,maia3,1500,1500,Black,MAIA3 1500,MAIA2 1500,1-0,0.0,checkmate,141,d93ab666c96efa7ebdd174874b8ce868fb02c9c5a28161a756735a2e1fe40b1b,maia-relative-strength-100.pgn,maia2-1500__vs__maia3-1500.pgn
maia2-1500__vs__maia3-1500,57,29,MAIA2 1500,MAIA3 1500,maia2,maia3,1500,1500,White,MAIA2 1500,MAIA3 1500,0-1,0.0,checkmate,120,d93ab666c96efa7ebdd174874b8ce868fb02c9c5a28161a756735a2e1fe40b1b,maia-relative-strength-100.pgn,maia2-1500__vs__maia3-1500.pgn
maia2-1500__vs__maia3-1500,58,29,MAIA2 1500,MAIA3 1500,maia2,maia3,1500,1500,Black,MAIA3 1500,MAIA2 1500,1/2-1/2,0.5,threefold repetition,61,d93ab666c96efa7ebdd174874b8ce868fb02c9c5a28161a756735a2e1fe40b1b,maia-relative-strength-100.pgn,maia2-1500__vs__maia3-1500.pgn
maia2-1500__vs__maia3-1500,59,30,MAIA2 1500,MAIA3 1500,maia2,maia3,1500,1500,White,MAIA2 1500,MAIA3 1500,0-1,0.0,checkmate,72,d93ab666c96efa7ebdd174874b8ce868fb02c9c5a28161a756735a2e1fe40b1b,maia-relative-strength-100.pgn,maia2-1500__vs__maia3-1500.pgn
maia2-1500__vs__maia3-1500,60,30,MAIA2 1500,MAIA3 1500,maia2,maia3,1500,1500,Black,MAIA3 1500,MAIA2 1500,1/2-1/2,0.5,insufficient material,95,d93ab666c96efa7ebdd174874b8ce868fb02c9c5a28161a756735a2e1fe40b1b,maia-relative-strength-100.pgn,maia2-1500__vs__maia3-1500.pgn
maia2-1500__vs__maia3-1500,61,31,MAIA2 1500,MAIA3 1500,maia2,maia3,1500,1500,White,MAIA2 1500,MAIA3 1500,0-1,0.0,checkmate,106,d93ab666c96efa7ebdd174874b8ce868fb02c9c5a28161a756735a2e1fe40b1b,maia-relative-strength-100.pgn,maia2-1500__vs__maia3-1500.pgn
maia2-1500__vs__maia3-1500,62,31,MAIA2 1500,MAIA3 1500,maia2,maia3,1500,1500,Black,MAIA3 1500,MAIA2 1500,1-0,0.0,checkmate,129,d93ab666c96efa7ebdd174874b8ce868fb02c9c5a28161a756735a2e1fe40b1b,maia-relative-strength-100.pgn,maia2-1500__vs__maia3-1500.pgn
maia2-1500__vs__maia3-1500,63,32,MAIA2 1500,MAIA3 1500,maia2,maia3,1500,1500,White,MAIA2 1500,MAIA3 1500,0-1,0.0,checkmate,72,d93ab666c96efa7ebdd174874b8ce868fb02c9c5a28161a756735a2e1fe40b1b,maia-relative-strength-100.pgn,maia2-1500__vs__maia3-1500.pgn
maia2-1500__vs__maia3-1500,64,32,MAIA2 1500,MAIA3 1500,maia2,maia3,1500,1500,Black,MAIA3 1500,MAIA2 1500,0-1,1.0,checkmate,74,d93ab666c96efa7ebdd174874b8ce868fb02c9c5a28161a756735a2e1fe40b1b,maia-relative-strength-100.pgn,maia2-1500__vs__maia3-1500.pgn
maia2-1500__vs__maia3-1500,65,33,MAIA2 1500,MAIA3 1500,maia2,maia3,1500,1500,White,MAIA2 1500,MAIA3 1500,0-1,0.0,checkmate,108,d93ab666c96efa7ebdd174874b8ce868fb02c9c5a28161a756735a2e1fe40b1b,maia-relative-strength-100.pgn,maia2-1500__vs__maia3-1500.pgn
maia2-1500__vs__maia3-1500,66,33,MAIA2 1500,MAIA3 1500,maia2,maia3,1500,1500,Black,MAIA3 1500,MAIA2 1500,1/2-1/2,0.5,threefold repetition,88,d93ab666c96efa7ebdd174874b8ce868fb02c9c5a28161a756735a2e1fe40b1b,maia-relative-strength-100.pgn,maia2-1500__vs__maia3-1500.pgn
maia2-1500__vs__maia3-1500,67,34,MAIA2 1500,MAIA3 1500,maia2,maia3,1500,1500,White,MAIA2 1500,MAIA3 1500,1-0,1.0,checkmate,69,d93ab666c96efa7ebdd174874b8ce868fb02c9c5a28161a756735a2e1fe40b1b,maia-relative-strength-100.pgn,maia2-1500__vs__maia3-1500.pgn
maia2-1500__vs__maia3-1500,68,34,MAIA2 1500,MAIA3 1500,maia2,maia3,1500,1500,Black,MAIA3 1500,MAIA2 1500,1-0,0.0,checkmate,67,d93ab666c96efa7ebdd174874b8ce868fb02c9c5a28161a756735a2e1fe40b1b,maia-relative-strength-100.pgn,maia2-1500__vs__maia3-1500.pgn
maia2-1500__vs__maia3-1500,69,35,MAIA2 1500,MAIA3 1500,maia2,maia3,1500,1500,White,MAIA2 1500,MAIA3 1500,0-1,0.0,checkmate,64,d93ab666c96efa7ebdd174874b8ce868fb02c9c5a28161a756735a2e1fe40b1b,maia-relative-strength-100.pgn,maia2-1500__vs__maia3-1500.pgn
maia2-1500__vs__maia3-1500,70,35,MAIA2 1500,MAIA3 1500,maia2,maia3,1500,1500,Black,MAIA3 1500,MAIA2 1500,0-1,1.0,checkmate,76,d93ab666c96efa7ebdd174874b8ce868fb02c9c5a28161a756735a2e1fe40b1b,maia-relative-strength-100.pgn,maia2-1500__vs__maia3-1500.pgn
maia2-1500__vs__maia3-1500,71,36,MAIA2 1500,MAIA3 1500,maia2,maia3,1500,1500,White,MAIA2 1500,MAIA3 1500,0-1,0.0,checkmate,32,d93ab666c96efa7ebdd174874b8ce868fb02c9c5a28161a756735a2e1fe40b1b,maia-relative-strength-100.pgn,maia2-1500__vs__maia3-1500.pgn
maia2-1500__vs__maia3-1500,72,36,MAIA2 1500,MAIA3 1500,maia2,maia3,1500,1500,Black,MAIA3 1500,MAIA2 1500,1-0,0.0,checkmate,167,d93ab666c96efa7ebdd174874b8ce868fb02c9c5a28161a756735a2e1fe40b1b,maia-relative-strength-100.pgn,maia2-1500__vs__maia3-1500.pgn
maia2-1500__vs__maia3-1500,73,37,MAIA2 1500,MAIA3 1500,maia2,maia3,1500,1500,White,MAIA2 1500,MAIA3 1500,1-0,1.0,checkmate,37,d93ab666c96efa7ebdd174874b8ce868fb02c9c5a28161a756735a2e1fe40b1b,maia-relative-strength-100.pgn,maia2-1500__vs__maia3-1500.pgn
maia2-1500__vs__maia3-1500,74,37,MAIA2 1500,MAIA3 1500,maia2,maia3,1500,1500,Black,MAIA3 1500,MAIA2 1500,1-0,0.0,checkmate,63,d93ab666c96efa7ebdd174874b8ce868fb02c9c5a28161a756735a2e1fe40b1b,maia-relative-strength-100.pgn,maia2-1500__vs__maia3-1500.pgn
maia2-1500__vs__maia3-1500,75,38,MAIA2 1500,MAIA3 1500,maia2,maia3,1500,1500,White,MAIA2 1500,MAIA3 1500,1-0,1.0,checkmate,83,d93ab666c96efa7ebdd174874b8ce868fb02c9c5a28161a756735a2e1fe40b1b,maia-relative-strength-100.pgn,maia2-1500__vs__maia3-1500.pgn
maia2-1500__vs__maia3-1500,76,38,MAIA2 1500,MAIA3 1500,maia2,maia3,1500,1500,Black,MAIA3 1500,MAIA2 1500,1-0,0.0,checkmate,63,d93ab666c96efa7ebdd174874b8ce868fb02c9c5a28161a756735a2e1fe40b1b,maia-relative-strength-100.pgn,maia2-1500__vs__maia3-1500.pgn
maia2-1500__vs__maia3-1500,77,39,MAIA2 1500,MAIA3 1500,maia2,maia3,1500,1500,White,MAIA2 1500,MAIA3 1500,0-1,0.0,checkmate,92,d93ab666c96efa7ebdd174874b8ce868fb02c9c5a28161a756735a2e1fe40b1b,maia-relative-strength-100.pgn,maia2-1500__vs__maia3-1500.pgn
maia2-1500__vs__maia3-1500,78,39,MAIA2 1500,MAIA3 1500,maia2,maia3,1500,1500,Black,MAIA3 1500,MAIA2 1500,1-0,0.0,checkmate,91,d93ab666c96efa7ebdd174874b8ce868fb02c9c5a28161a756735a2e1fe40b1b,maia-relative-strength-100.pgn,maia2-1500__vs__maia3-1500.pgn
maia2-1500__vs__maia3-1500,79,40,MAIA2 1500,MAIA3 1500,maia2,maia3,1500,1500,White,MAIA2 1500,MAIA3 1500,1-0,1.0,checkmate,45,d93ab666c96efa7ebdd174874b8ce868fb02c9c5a28161a756735a2e1fe40b1b,maia-relative-strength-100.pgn,maia2-1500__vs__maia3-1500.pgn
maia2-1500__vs__maia3-1500,80,40,MAIA2 1500,MAIA3 1500,maia2,maia3,1500,1500,Black,MAIA3 1500,MAIA2 1500,0-1,1.0,checkmate,68,d93ab666c96efa7ebdd174874b8ce868fb02c9c5a28161a756735a2e1fe40b1b,maia-relative-strength-100.pgn,maia2-1500__vs__maia3-1500.pgn
maia2-1500__vs__maia3-1500,81,41,MAIA2 1500,MAIA3 1500,maia2,maia3,1500,1500,White,MAIA2 1500,MAIA3 1500,0-1,0.0,checkmate,126,d93ab666c96efa7ebdd174874b8ce868fb02c9c5a28161a756735a2e1fe40b1b,maia-relative-strength-100.pgn,maia2-1500__vs__maia3-1500.pgn
maia2-1500__vs__maia3-1500,82,41,MAIA2 1500,MAIA3 1500,maia2,maia3,1500,1500,Black,MAIA3 1500,MAIA2 1500,1-0,0.0,checkmate,55,d93ab666c96efa7ebdd174874b8ce868fb02c9c5a28161a756735a2e1fe40b1b,maia-relative-strength-100.pgn,maia2-1500__vs__maia3-1500.pgn
maia2-1500__vs__maia3-1500,83,42,MAIA2 1500,MAIA3 1500,maia2,maia3,1500,1500,White,MAIA2 1500,MAIA3 1500,1-0,1.0,checkmate,53,d93ab666c96efa7ebdd174874b8ce868fb02c9c5a28161a756735a2e1fe40b1b,maia-relative-strength-100.pgn,maia2-1500__vs__maia3-1500.pgn
maia2-1500__vs__maia3-1500,84,42,MAIA2 1500,MAIA3 1500,maia2,maia3,1500,1500,Black,MAIA3 1500,MAIA2 1500,1-0,0.0,checkmate,93,d93ab666c96efa7ebdd174874b8ce868fb02c9c5a28161a756735a2e1fe40b1b,maia-relative-strength-100.pgn,maia2-1500__vs__maia3-1500.pgn
maia2-1500__vs__maia3-1500,85,43,MAIA2 1500,MAIA3 1500,maia2,maia3,1500,1500,White,MAIA2 1500,MAIA3 1500,1-0,1.0,checkmate,113,d93ab666c96efa7ebdd174874b8ce868fb02c9c5a28161a756735a2e1fe40b1b,maia-relative-strength-100.pgn,maia2-1500__vs__maia3-1500.pgn
maia2-1500__vs__maia3-1500,86,43,MAIA2 1500,MAIA3 1500,maia2,maia3,1500,1500,Black,MAIA3 1500,MAIA2 1500,1/2-1/2,0.5,threefold repetition,93,d93ab666c96efa7ebdd174874b8ce868fb02c9c5a28161a756735a2e1fe40b1b,maia-relative-strength-100.pgn,maia2-1500__vs__maia3-1500.pgn
maia2-1500__vs__maia3-1500,87,44,MAIA2 1500,MAIA3 1500,maia2,maia3,1500,1500,White,MAIA2 1500,MAIA3 1500,1-0,1.0,checkmate,47,d93ab666c96efa7ebdd174874b8ce868fb02c9c5a28161a756735a2e1fe40b1b,maia-relative-strength-100.pgn,maia2-1500__vs__maia3-1500.pgn
maia2-1500__vs__maia3-1500,88,44,MAIA2 1500,MAIA3 1500,maia2,maia3,1500,1500,Black,MAIA3 1500,MAIA2 1500,0-1,1.0,checkmate,58,d93ab666c96efa7ebdd174874b8ce868fb02c9c5a28161a756735a2e1fe40b1b,maia-relative-strength-100.pgn,maia2-1500__vs__maia3-1500.pgn
maia2-1500__vs__maia3-1500,89,45,MAIA2 1500,MAIA3 1500,maia2,maia3,1500,1500,White,MAIA2 1500,MAIA3 1500,1-0,1.0,checkmate,75,d93ab666c96efa7ebdd174874b8ce868fb02c9c5a28161a756735a2e1fe40b1b,maia-relative-strength-100.pgn,maia2-1500__vs__maia3-1500.pgn
maia2-1500__vs__maia3-1500,90,45,MAIA2 1500,MAIA3 1500,maia2,maia3,1500,1500,Black,MAIA3 1500,MAIA2 1500,1-0,0.0,checkmate,33,d93ab666c96efa7ebdd174874b8ce868fb02c9c5a28161a756735a2e1fe40b1b,maia-relative-strength-100.pgn,maia2-1500__vs__maia3-1500.pgn
maia2-1500__vs__maia3-1500,91,46,MAIA2 1500,MAIA3 1500,maia2,maia3,1500,1500,White,MAIA2 1500,MAIA3 1500,1/2-1/2,0.5,threefold repetition,78,d93ab666c96efa7ebdd174874b8ce868fb02c9c5a28161a756735a2e1fe40b1b,maia-relative-strength-100.pgn,maia2-1500__vs__maia3-1500.pgn
maia2-1500__vs__maia3-1500,92,46,MAIA2 1500,MAIA3 1500,maia2,maia3,1500,1500,Black,MAIA3 1500,MAIA2 1500,0-1,1.0,checkmate,46,d93ab666c96efa7ebdd174874b8ce868fb02c9c5a28161a756735a2e1fe40b1b,maia-relative-strength-100.pgn,maia2-1500__vs__maia3-1500.pgn
maia2-1500__vs__maia3-1500,93,47,MAIA2 1500,MAIA3 1500,maia2,maia3,1500,1500,White,MAIA2 1500,MAIA3 1500,1/2-1/2,0.5,threefold repetition,72,d93ab666c96efa7ebdd174874b8ce868fb02c9c5a28161a756735a2e1fe40b1b,maia-relative-strength-100.pgn,maia2-1500__vs__maia3-1500.pgn
maia2-1500__vs__maia3-1500,94,47,MAIA2 1500,MAIA3 1500,maia2,maia3,1500,1500,Black,MAIA3 1500,MAIA2 1500,0-1,1.0,checkmate,82,d93ab666c96efa7ebdd174874b8ce868fb02c9c5a28161a756735a2e1fe40b1b,maia-relative-strength-100.pgn,maia2-1500__vs__maia3-1500.pgn
maia2-1500__vs__maia3-1500,95,48,MAIA2 1500,MAIA3 1500,maia2,maia3,1500,1500,White,MAIA2 1500,MAIA3 1500,0-1,0.0,checkmate,96,d93ab666c96efa7ebdd174874b8ce868fb02c9c5a28161a756735a2e1fe40b1b,maia-relative-strength-100.pgn,maia2-1500__vs__maia3-1500.pgn
maia2-1500__vs__maia3-1500,96,48,MAIA2 1500,MAIA3 1500,maia2,maia3,1500,1500,Black,MAIA3 1500,MAIA2 1500,1-0,0.0,checkmate,97,d93ab666c96efa7ebdd174874b8ce868fb02c9c5a28161a756735a2e1fe40b1b,maia-relative-strength-100.pgn,maia2-1500__vs__maia3-1500.pgn
maia2-1500__vs__maia3-1500,97,49,MAIA2 1500,MAIA3 1500,maia2,maia3,1500,1500,White,MAIA2 1500,MAIA3 1500,1-0,1.0,checkmate,43,d93ab666c96efa7ebdd174874b8ce868fb02c9c5a28161a756735a2e1fe40b1b,maia-relative-strength-100.pgn,maia2-1500__vs__maia3-1500.pgn
maia2-1500__vs__maia3-1500,98,49,MAIA2 1500,MAIA3 1500,maia2,maia3,1500,1500,Black,MAIA3 1500,MAIA2 1500,0-1,1.0,checkmate,72,d93ab666c96efa7ebdd174874b8ce868fb02c9c5a28161a756735a2e1fe40b1b,maia-relative-strength-100.pgn,maia2-1500__vs__maia3-1500.pgn
maia2-1500__vs__maia3-1500,99,50,MAIA2 1500,MAIA3 1500,maia2,maia3,1500,1500,White,MAIA2 1500,MAIA3 1500,1-0,1.0,checkmate,31,d93ab666c96efa7ebdd174874b8ce868fb02c9c5a28161a756735a2e1fe40b1b,maia-relative-strength-100.pgn,maia2-1500__vs__maia3-1500.pgn
maia2-1500__vs__maia3-1500,100,50,MAIA2 1500,MAIA3 1500,maia2,maia3,1500,1500,Black,MAIA3 1500,MAIA2 1500,0-1,1.0,checkmate,46,d93ab666c96efa7ebdd174874b8ce868fb02c9c5a28161a756735a2e1fe40b1b,maia-relative-strength-100.pgn,maia2-1500__vs__maia3-1500.pgn
maia2-1500__vs__maia3-1500,101,51,MAIA2 1500,MAIA3 1500,maia2,maia3,1500,1500,White,MAIA2 1500,MAIA3 1500,1/2-1/2,0.5,insufficient material,106,d93ab666c96efa7ebdd174874b8ce868fb02c9c5a28161a756735a2e1fe40b1b,maia-relative-strength-100.pgn,maia2-1500__vs__maia3-1500.pgn
maia2-1500__vs__maia3-1500,102,51,MAIA2 1500,MAIA3 1500,maia2,maia3,1500,1500,Black,MAIA3 1500,MAIA2 1500,1-0,0.0,checkmate,111,d93ab666c96efa7ebdd174874b8ce868fb02c9c5a28161a756735a2e1fe40b1b,maia-relative-strength-100.pgn,maia2-1500__vs__maia3-1500.pgn
maia2-1500__vs__maia3-1500,103,52,MAIA2 1500,MAIA3 1500,maia2,maia3,1500,1500,White,MAIA2 1500,MAIA3 1500,0-1,0.0,checkmate,114,d93ab666c96efa7ebdd174874b8ce868fb02c9c5a28161a756735a2e1fe40b1b,maia-relative-strength-100.pgn,maia2-1500__vs__maia3-1500.pgn
maia2-1500__vs__maia3-1500,104,52,MAIA2 1500,MAIA3 1500,maia2,maia3,1500,1500,Black,MAIA3 1500,MAIA2 1500,1-0,0.0,checkmate,47,d93ab666c96efa7ebdd174874b8ce868fb02c9c5a28161a756735a2e1fe40b1b,maia-relative-strength-100.pgn,maia2-1500__vs__maia3-1500.pgn
maia2-1500__vs__maia3-1500,105,53,MAIA2 1500,MAIA3 1500,maia2,maia3,1500,1500,White,MAIA2 1500,MAIA3 1500,0-1,0.0,checkmate,52,d93ab666c96efa7ebdd174874b8ce868fb02c9c5a28161a756735a2e1fe40b1b,maia-relative-strength-100.pgn,maia2-1500__vs__maia3-1500.pgn
maia2-1500__vs__maia3-1500,106,53,MAIA2 1500,MAIA3 1500,maia2,maia3,1500,1500,Black,MAIA3 1500,MAIA2 1500,0-1,1.0,checkmate,56,d93ab666c96efa7ebdd174874b8ce868fb02c9c5a28161a756735a2e1fe40b1b,maia-relative-strength-100.pgn,maia2-1500__vs__maia3-1500.pgn
maia2-1500__vs__maia3-1500,107,54,MAIA2 1500,MAIA3 1500,maia2,maia3,1500,1500,White,MAIA2 1500,MAIA3 1500,1/2-1/2,0.5,threefold repetition,70,d93ab666c96efa7ebdd174874b8ce868fb02c9c5a28161a756735a2e1fe40b1b,maia-relative-strength-100.pgn,maia2-1500__vs__maia3-1500.pgn
maia2-1500__vs__maia3-1500,108,54,MAIA2 1500,MAIA3 1500,maia2,maia3,1500,1500,Black,MAIA3 1500,MAIA2 1500,1-0,0.0,checkmate,95,d93ab666c96efa7ebdd174874b8ce868fb02c9c5a28161a756735a2e1fe40b1b,maia-relative-strength-100.pgn,maia2-1500__vs__maia3-1500.pgn
maia2-1500__vs__maia3-1500,109,55,MAIA2 1500,MAIA3 1500,maia2,maia3,1500,1500,White,MAIA2 1500,MAIA3 1500,0-1,0.0,checkmate,160,d93ab666c96efa7ebdd174874b8ce868fb02c9c5a28161a756735a2e1fe40b1b,maia-relative-strength-100.pgn,maia2-1500__vs__maia3-1500.pgn
maia2-1500__vs__maia3-1500,110,55,MAIA2 1500,MAIA3 1500,maia2,maia3,1500,1500,Black,MAIA3 1500,MAIA2 1500,1/2-1/2,0.5,threefold repetition,91,d93ab666c96efa7ebdd174874b8ce868fb02c9c5a28161a756735a2e1fe40b1b,maia-relative-strength-100.pgn,maia2-1500__vs__maia3-1500.pgn
maia2-1500__vs__maia3-1500,111,56,MAIA2 1500,MAIA3 1500,maia2,maia3,1500,1500,White,MAIA2 1500,MAIA3 1500,1/2-1/2,0.5,threefold repetition,64,d93ab666c96efa7ebdd174874b8ce868fb02c9c5a28161a756735a2e1fe40b1b,maia-relative-strength-100.pgn,maia2-1500__vs__maia3-1500.pgn
maia2-1500__vs__maia3-1500,112,56,MAIA2 1500,MAIA3 1500,maia2,maia3,1500,1500,Black,MAIA3 1500,MAIA2 1500,0-1,1.0,checkmate,122,d93ab666c96efa7ebdd174874b8ce868fb02c9c5a28161a756735a2e1fe40b1b,maia-relative-strength-100.pgn,maia2-1500__vs__maia3-1500.pgn
maia2-1500__vs__maia3-1500,113,57,MAIA2 1500,MAIA3 1500,maia2,maia3,1500,1500,White,MAIA2 1500,MAIA3 1500,0-1,0.0,checkmate,132,d93ab666c96efa7ebdd174874b8ce868fb02c9c5a28161a756735a2e1fe40b1b,maia-relative-strength-100.pgn,maia2-1500__vs__maia3-1500.pgn
maia2-1500__vs__maia3-1500,114,57,MAIA2 1500,MAIA3 1500,maia2,maia3,1500,1500,Black,MAIA3 1500,MAIA2 1500,1-0,0.0,checkmate,141,d93ab666c96efa7ebdd174874b8ce868fb02c9c5a28161a756735a2e1fe40b1b,maia-relative-strength-100.pgn,maia2-1500__vs__maia3-1500.pgn
maia2-1500__vs__maia3-1500,115,58,MAIA2 1500,MAIA3 1500,maia2,maia3,1500,1500,White,MAIA2 1500,MAIA3 1500,0-1,0.0,checkmate,116,d93ab666c96efa7ebdd174874b8ce868fb02c9c5a28161a756735a2e1fe40b1b,maia-relative-strength-100.pgn,maia2-1500__vs__maia3-1500.pgn
maia2-1500__vs__maia3-1500,116,58,MAIA2 1500,MAIA3 1500,maia2,maia3,1500,1500,Black,MAIA3 1500,MAIA2 1500,0-1,1.0,checkmate,68,d93ab666c96efa7ebdd174874b8ce868fb02c9c5a28161a756735a2e1fe40b1b,maia-relative-strength-100.pgn,maia2-1500__vs__maia3-1500.pgn
maia2-1500__vs__maia3-1500,117,59,MAIA2 1500,MAIA3 1500,maia2,maia3,1500,1500,White,MAIA2 1500,MAIA3 1500,1-0,1.0,checkmate,43,d93ab666c96efa7ebdd174874b8ce868fb02c9c5a28161a756735a2e1fe40b1b,maia-relative-strength-100.pgn,maia2-1500__vs__maia3-1500.pgn
maia2-1500__vs__maia3-1500,118,59,MAIA2 1500,MAIA3 1500,maia2,maia3,1500,1500,Black,MAIA3 1500,MAIA2 1500,1-0,0.0,checkmate,61,d93ab666c96efa7ebdd174874b8ce868fb02c9c5a28161a756735a2e1fe40b1b,maia-relative-strength-100.pgn,maia2-1500__vs__maia3-1500.pgn
maia2-1500__vs__maia3-1500,119,60,MAIA2 1500,MAIA3 1500,maia2,maia3,1500,1500,White,MAIA2 1500,MAIA3 1500,1-0,1.0,checkmate,85,d93ab666c96efa7ebdd174874b8ce868fb02c9c5a28161a756735a2e1fe40b1b,maia-relative-strength-100.pgn,maia2-1500__vs__maia3-1500.pgn
maia2-1500__vs__maia3-1500,120,60,MAIA2 1500,MAIA3 1500,maia2,maia3,1500,1500,Black,MAIA3 1500,MAIA2 1500,1/2-1/2,0.5,threefold repetition,146,d93ab666c96efa7ebdd174874b8ce868fb02c9c5a28161a756735a2e1fe40b1b,maia-relative-strength-100.pgn,maia2-1500__vs__maia3-1500.pgn
maia2-1500__vs__maia3-1500,121,61,MAIA2 1500,MAIA3 1500,maia2,maia3,1500,1500,White,MAIA2 1500,MAIA3 1500,1-0,1.0,checkmate,23,d93ab666c96efa7ebdd174874b8ce868fb02c9c5a28161a756735a2e1fe40b1b,maia-relative-strength-100.pgn,maia2-1500__vs__maia3-1500.pgn
maia2-1500__vs__maia3-1500,122,61,MAIA2 1500,MAIA3 1500,maia2,maia3,1500,1500,Black,MAIA3 1500,MAIA2 1500,0-1,1.0,checkmate,40,d93ab666c96efa7ebdd174874b8ce868fb02c9c5a28161a756735a2e1fe40b1b,maia-relative-strength-100.pgn,maia2-1500__vs__maia3-1500.pgn
maia2-1500__vs__maia3-1500,123,62,MAIA2 1500,MAIA3 1500,maia2,maia3,1500,1500,White,MAIA2 1500,MAIA3 1500,0-1,0.0,checkmate,52,d93ab666c96efa7ebdd174874b8ce868fb02c9c5a28161a756735a2e1fe40b1b,maia-relative-strength-100.pgn,maia2-1500__vs__maia3-1500.pgn
maia2-1500__vs__maia3-1500,124,62,MAIA2 1500,MAIA3 1500,maia2,maia3,1500,1500,Black,MAIA3 1500,MAIA2 1500,1/2-1/2,0.5,threefold repetition,98,d93ab666c96efa7ebdd174874b8ce868fb02c9c5a28161a756735a2e1fe40b1b,maia-relative-strength-100.pgn,maia2-1500__vs__maia3-1500.pgn
maia2-1500__vs__maia3-1500,125,63,MAIA2 1500,MAIA3 1500,maia2,maia3,1500,1500,White,MAIA2 1500,MAIA3 1500,1-0,1.0,checkmate,37,d93ab666c96efa7ebdd174874b8ce868fb02c9c5a28161a756735a2e1fe40b1b,maia-relative-strength-100.pgn,maia2-1500__vs__maia3-1500.pgn
maia2-1500__vs__maia3-1500,126,63,MAIA2 1500,MAIA3 1500,maia2,maia3,1500,1500,Black,MAIA3 1500,MAIA2 1500,1-0,0.0,checkmate,61,d93ab666c96efa7ebdd174874b8ce868fb02c9c5a28161a756735a2e1fe40b1b,maia-relative-strength-100.pgn,maia2-1500__vs__maia3-1500.pgn
maia2-1500__vs__maia3-1500,127,64,MAIA2 1500,MAIA3 1500,maia2,maia3,1500,1500,White,MAIA2 1500,MAIA3 1500,1-0,1.0,checkmate,103,d93ab666c96efa7ebdd174874b8ce868fb02c9c5a28161a756735a2e1fe40b1b,maia-relative-strength-100.pgn,maia2-1500__vs__maia3-1500.pgn
maia2-1500__vs__maia3-1500,128,64,MAIA2 1500,MAIA3 1500,maia2,maia3,1500,1500,Black,MAIA3 1500,MAIA2 1500,1/2-1/2,0.5,threefold repetition,86,d93ab666c96efa7ebdd174874b8ce868fb02c9c5a28161a756735a2e1fe40b1b,maia-relative-strength-100.pgn,maia2-1500__vs__maia3-1500.pgn
maia2-1500__vs__maia3-1500,129,65,MAIA2 1500,MAIA3 1500,maia2,maia3,1500,1500,White,MAIA2 1500,MAIA3 1500,0-1,0.0,checkmate,52,d93ab666c96efa7ebdd174874b8ce868fb02c9c5a28161a756735a2e1fe40b1b,maia-relative-strength-100.pgn,maia2-1500__vs__maia3-1500.pgn
maia2-1500__vs__maia3-1500,130,65,MAIA2 1500,MAIA3 1500,maia2,maia3,1500,1500,Black,MAIA3 1500,MAIA2 1500,1/2-1/2,0.5,threefold repetition,120,d93ab666c96efa7ebdd174874b8ce868fb02c9c5a28161a756735a2e1fe40b1b,maia-relative-strength-100.pgn,maia2-1500__vs__maia3-1500.pgn
maia2-1500__vs__maia3-1500,131,66,MAIA2 1500,MAIA3 1500,maia2,maia3,1500,1500,White,MAIA2 1500,MAIA3 1500,1-0,1.0,checkmate,89,d93ab666c96efa7ebdd174874b8ce868fb02c9c5a28161a756735a2e1fe40b1b,maia-relative-strength-100.pgn,maia2-1500__vs__maia3-1500.pgn
maia2-1500__vs__maia3-1500,132,66,MAIA2 1500,MAIA3 1500,maia2,maia3,1500,1500,Black,MAIA3 1500,MAIA2 1500,1-0,0.0,checkmate,121,d93ab666c96efa7ebdd174874b8ce868fb02c9c5a28161a756735a2e1fe40b1b,maia-relative-strength-100.pgn,maia2-1500__vs__maia3-1500.pgn
maia2-1500__vs__maia3-1500,133,67,MAIA2 1500,MAIA3 1500,maia2,maia3,1500,1500,White,MAIA2 1500,MAIA3 1500,0-1,0.0,checkmate,112,d93ab666c96efa7ebdd174874b8ce868fb02c9c5a28161a756735a2e1fe40b1b,maia-relative-strength-100.pgn,maia2-1500__vs__maia3-1500.pgn
maia2-1500__vs__maia3-1500,134,67,MAIA2 1500,MAIA3 1500,maia2,maia3,1500,1500,Black,MAIA3 1500,MAIA2 1500,1-0,0.0,checkmate,49,d93ab666c96efa7ebdd174874b8ce868fb02c9c5a28161a756735a2e1fe40b1b,maia-relative-strength-100.pgn,maia2-1500__vs__maia3-1500.pgn
maia2-1500__vs__maia3-1500,135,68,MAIA2 1500,MAIA3 1500,maia2,maia3,1500,1500,White,MAIA2 1500,MAIA3 1500,1-0,1.0,checkmate,29,d93ab666c96efa7ebdd174874b8ce868fb02c9c5a28161a756735a2e1fe40b1b,maia-relative-strength-100.pgn,maia2-1500__vs__maia3-1500.pgn
maia2-1500__vs__maia3-1500,136,68,MAIA2 1500,MAIA3 1500,maia2,maia3,1500,1500,Black,MAIA3 1500,MAIA2 1500,1-0,0.0,checkmate,61,d93ab666c96efa7ebdd174874b8ce868fb02c9c5a28161a756735a2e1fe40b1b,maia-relative-strength-100.pgn,maia2-1500__vs__maia3-1500.pgn
maia2-1500__vs__maia3-1500,137,69,MAIA2 1500,MAIA3 1500,maia2,maia3,1500,1500,White,MAIA2 1500,MAIA3 1500,0-1,0.0,checkmate,114,d93ab666c96efa7ebdd174874b8ce868fb02c9c5a28161a756735a2e1fe40b1b,maia-relative-strength-100.pgn,maia2-1500__vs__maia3-1500.pgn
maia2-1500__vs__maia3-1500,138,69,MAIA2 1500,MAIA3 1500,maia2,maia3,1500,1500,Black,MAIA3 1500,MAIA2 1500,1-0,0.0,checkmate,33,d93ab666c96efa7ebdd174874b8ce868fb02c9c5a28161a756735a2e1fe40b1b,maia-relative-strength-100.pgn,maia2-1500__vs__maia3-1500.pgn
maia2-1500__vs__maia3-1500,139,70,MAIA2 1500,MAIA3 1500,maia2,maia3,1500,1500,White,MAIA2 1500,MAIA3 1500,0-1,0.0,checkmate,42,d93ab666c96efa7ebdd174874b8ce868fb02c9c5a28161a756735a2e1fe40b1b,maia-relative-strength-100.pgn,maia2-1500__vs__maia3-1500.pgn
maia2-1500__vs__maia3-1500,140,70,MAIA2 1500,MAIA3 1500,maia2,maia3,1500,1500,Black,MAIA3 1500,MAIA2 1500,0-1,1.0,checkmate,80,d93ab666c96efa7ebdd174874b8ce868fb02c9c5a28161a756735a2e1fe40b1b,maia-relative-strength-100.pgn,maia2-1500__vs__maia3-1500.pgn
maia2-1500__vs__maia3-1500,141,71,MAIA2 1500,MAIA3 1500,maia2,maia3,1500,1500,White,MAIA2 1500,MAIA3 1500,1-0,1.0,checkmate,41,d93ab666c96efa7ebdd174874b8ce868fb02c9c5a28161a756735a2e1fe40b1b,maia-relative-strength-100.pgn,maia2-1500__vs__maia3-1500.pgn
maia2-1500__vs__maia3-1500,142,71,MAIA2 1500,MAIA3 1500,maia2,maia3,1500,1500,Black,MAIA3 1500,MAIA2 1500,0-1,1.0,checkmate,130,d93ab666c96efa7ebdd174874b8ce868fb02c9c5a28161a756735a2e1fe40b1b,maia-relative-strength-100.pgn,maia2-1500__vs__maia3-1500.pgn
maia2-1500__vs__maia3-1500,143,72,MAIA2 1500,MAIA3 1500,maia2,maia3,1500,1500,White,MAIA2 1500,MAIA3 1500,1-0,1.0,checkmate,123,d93ab666c96efa7ebdd174874b8ce868fb02c9c5a28161a756735a2e1fe40b1b,maia-relative-strength-100.pgn,maia2-1500__vs__maia3-1500.pgn
maia2-1500__vs__maia3-1500,144,72,MAIA2 1500,MAIA3 1500,maia2,maia3,1500,1500,Black,MAIA3 1500,MAIA2 1500,0-1,1.0,checkmate,106,d93ab666c96efa7ebdd174874b8ce868fb02c9c5a28161a756735a2e1fe40b1b,maia-relative-strength-100.pgn,maia2-1500__vs__maia3-1500.pgn
maia2-1500__vs__maia3-1500,145,73,MAIA2 1500,MAIA3 1500,maia2,maia3,1500,1500,White,MAIA2 1500,MAIA3 1500,1-0,1.0,checkmate,27,d93ab666c96efa7ebdd174874b8ce868fb02c9c5a28161a756735a2e1fe40b1b,maia-relative-strength-100.pgn,maia2-1500__vs__maia3-1500.pgn
maia2-1500__vs__maia3-1500,146,73,MAIA2 1500,MAIA3 1500,maia2,maia3,1500,1500,Black,MAIA3 1500,MAIA2 1500,1-0,0.0,checkmate,99,d93ab666c96efa7ebdd174874b8ce868fb02c9c5a28161a756735a2e1fe40b1b,maia-relative-strength-100.pgn,maia2-1500__vs__maia3-1500.pgn
maia2-1500__vs__maia3-1500,147,74,MAIA2 1500,MAIA3 1500,maia2,maia3,1500,1500,White,MAIA2 1500,MAIA3 1500,0-1,0.0,checkmate,148,d93ab666c96efa7ebdd174874b8ce868fb02c9c5a28161a756735a2e1fe40b1b,maia-relative-strength-100.pgn,maia2-1500__vs__maia3-1500.pgn
maia2-1500__vs__maia3-1500,148,74,MAIA2 1500,MAIA3 1500,maia2,maia3,1500,1500,Black,MAIA3 1500,MAIA2 1500,1-0,0.0,checkmate,59,d93ab666c96efa7ebdd174874b8ce868fb02c9c5a28161a756735a2e1fe40b1b,maia-relative-strength-100.pgn,maia2-1500__vs__maia3-1500.pgn
maia2-1500__vs__maia3-1500,149,75,MAIA2 1500,MAIA3 1500,maia2,maia3,1500,1500,White,MAIA2 1500,MAIA3 1500,1-0,1.0,checkmate,129,d93ab666c96efa7ebdd174874b8ce868fb02c9c5a28161a756735a2e1fe40b1b,maia-relative-strength-100.pgn,maia2-1500__vs__maia3-1500.pgn
maia2-1500__vs__maia3-1500,150,75,MAIA2 1500,MAIA3 1500,maia2,maia3,1500,1500,Black,MAIA3 1500,MAIA2 1500,1-0,0.0,checkmate,135,d93ab666c96efa7ebdd174874b8ce868fb02c9c5a28161a756735a2e1fe40b1b,maia-relative-strength-100.pgn,maia2-1500__vs__maia3-1500.pgn
maia2-1500__vs__maia3-1500,151,76,MAIA2 1500,MAIA3 1500,maia2,maia3,1500,1500,White,MAIA2 1500,MAIA3 1500,1-0,1.0,checkmate,131,d93ab666c96efa7ebdd174874b8ce868fb02c9c5a28161a756735a2e1fe40b1b,maia-relative-strength-100.pgn,maia2-1500__vs__maia3-1500.pgn
maia2-1500__vs__maia3-1500,152,76,MAIA2 1500,MAIA3 1500,maia2,maia3,1500,1500,Black,MAIA3 1500,MAIA2 1500,0-1,1.0,checkmate,88,d93ab666c96efa7ebdd174874b8ce868fb02c9c5a28161a756735a2e1fe40b1b,maia-relative-strength-100.pgn,maia2-1500__vs__maia3-1500.pgn
maia2-1500__vs__maia3-1500,153,77,MAIA2 1500,MAIA3 1500,maia2,maia3,1500,1500,White,MAIA2 1500,MAIA3 1500,0-1,0.0,checkmate,46,d93ab666c96efa7ebdd174874b8ce868fb02c9c5a28161a756735a2e1fe40b1b,maia-relative-strength-100.pgn,maia2-1500__vs__maia3-1500.pgn
maia2-1500__vs__maia3-1500,154,77,MAIA2 1500,MAIA3 1500,maia2,maia3,1500,1500,Black,MAIA3 1500,MAIA2 1500,0-1,1.0,checkmate,108,d93ab666c96efa7ebdd174874b8ce868fb02c9c5a28161a756735a2e1fe40b1b,maia-relative-strength-100.pgn,maia2-1500__vs__maia3-1500.pgn
maia2-1500__vs__maia3-1500,155,78,MAIA2 1500,MAIA3 1500,maia2,maia3,1500,1500,White,MAIA2 1500,MAIA3 1500,1-0,1.0,checkmate,61,d93ab666c96efa7ebdd174874b8ce868fb02c9c5a28161a756735a2e1fe40b1b,maia-relative-strength-100.pgn,maia2-1500__vs__maia3-1500.pgn
maia2-1500__vs__maia3-1500,156,78,MAIA2 1500,MAIA3 1500,maia2,maia3,1500,1500,Black,MAIA3 1500,MAIA2 1500,1-0,0.0,checkmate,43,d93ab666c96efa7ebdd174874b8ce868fb02c9c5a28161a756735a2e1fe40b1b,maia-relative-strength-100.pgn,maia2-1500__vs__maia3-1500.pgn
maia2-1500__vs__maia3-1500,157,79,MAIA2 1500,MAIA3 1500,maia2,maia3,1500,1500,White,MAIA2 1500,MAIA3 1500,1-0,1.0,checkmate,129,d93ab666c96efa7ebdd174874b8ce868fb02c9c5a28161a756735a2e1fe40b1b,maia-relative-strength-100.pgn,maia2-1500__vs__maia3-1500.pgn
maia2-1500__vs__maia3-1500,158,79,MAIA2 1500,MAIA3 1500,maia2,maia3,1500,1500,Black,MAIA3 1500,MAIA2 1500,1-0,0.0,checkmate,95,d93ab666c96efa7ebdd174874b8ce868fb02c9c5a28161a756735a2e1fe40b1b,maia-relative-strength-100.pgn,maia2-1500__vs__maia3-1500.pgn
maia2-1500__vs__maia3-1500,159,80,MAIA2 1500,MAIA3 1500,maia2,maia3,1500,1500,White,MAIA2 1500,MAIA3 1500,1/2-1/2,0.5,threefold repetition,51,d93ab666c96efa7ebdd174874b8ce868fb02c9c5a28161a756735a2e1fe40b1b,maia-relative-strength-100.pgn,maia2-1500__vs__maia3-1500.pgn
maia2-1500__vs__maia3-1500,160,80,MAIA2 1500,MAIA3 1500,maia2,maia3,1500,1500,Black,MAIA3 1500,MAIA2 1500,1/2-1/2,0.5,threefold repetition,72,d93ab666c96efa7ebdd174874b8ce868fb02c9c5a28161a756735a2e1fe40b1b,maia-relative-strength-100.pgn,maia2-1500__vs__maia3-1500.pgn
maia2-1500__vs__maia3-1500,161,81,MAIA2 1500,MAIA3 1500,maia2,maia3,1500,1500,White,MAIA2 1500,MAIA3 1500,1/2-1/2,0.5,stalemate,80,d93ab666c96efa7ebdd174874b8ce868fb02c9c5a28161a756735a2e1fe40b1b,maia-relative-strength-100.pgn,maia2-1500__vs__maia3-1500.pgn
maia2-1500__vs__maia3-1500,162,81,MAIA2 1500,MAIA3 1500,maia2,maia3,1500,1500,Black,MAIA3 1500,MAIA2 1500,1/2-1/2,0.5,threefold repetition,61,d93ab666c96efa7ebdd174874b8ce868fb02c9c5a28161a756735a2e1fe40b1b,maia-relative-strength-100.pgn,maia2-1500__vs__maia3-1500.pgn
maia2-1500__vs__maia3-1500,163,82,MAIA2 1500,MAIA3 1500,maia2,maia3,1500,1500,White,MAIA2 1500,MAIA3 1500,0-1,0.0,checkmate,144,d93ab666c96efa7ebdd174874b8ce868fb02c9c5a28161a756735a2e1fe40b1b,maia-relative-strength-100.pgn,maia2-1500__vs__maia3-1500.pgn
maia2-1500__vs__maia3-1500,164,82,MAIA2 1500,MAIA3 1500,maia2,maia3,1500,1500,Black,MAIA3 1500,MAIA2 1500,1/2-1/2,0.5,threefold repetition,55,d93ab666c96efa7ebdd174874b8ce868fb02c9c5a28161a756735a2e1fe40b1b,maia-relative-strength-100.pgn,maia2-1500__vs__maia3-1500.pgn
maia2-1500__vs__maia3-1500,165,83,MAIA2 1500,MAIA3 1500,maia2,maia3,1500,1500,White,MAIA2 1500,MAIA3 1500,0-1,0.0,checkmate,44,d93ab666c96efa7ebdd174874b8ce868fb02c9c5a28161a756735a2e1fe40b1b,maia-relative-strength-100.pgn,maia2-1500__vs__maia3-1500.pgn
maia2-1500__vs__maia3-1500,166,83,MAIA2 1500,MAIA3 1500,maia2,maia3,1500,1500,Black,MAIA3 1500,MAIA2 1500,1-0,0.0,checkmate,87,d93ab666c96efa7ebdd174874b8ce868fb02c9c5a28161a756735a2e1fe40b1b,maia-relative-strength-100.pgn,maia2-1500__vs__maia3-1500.pgn
maia2-1500__vs__maia3-1500,167,84,MAIA2 1500,MAIA3 1500,maia2,maia3,1500,1500,White,MAIA2 1500,MAIA3 1500,0-1,0.0,checkmate,150,d93ab666c96efa7ebdd174874b8ce868fb02c9c5a28161a756735a2e1fe40b1b,maia-relative-strength-100.pgn,maia2-1500__vs__maia3-1500.pgn
maia2-1500__vs__maia3-1500,168,84,MAIA2 1500,MAIA3 1500,maia2,maia3,1500,1500,Black,MAIA3 1500,MAIA2 1500,1/2-1/2,0.5,threefold repetition,121,d93ab666c96efa7ebdd174874b8ce868fb02c9c5a28161a756735a2e1fe40b1b,maia-relative-strength-100.pgn,maia2-1500__vs__maia3-1500.pgn
maia2-1500__vs__maia3-1500,169,85,MAIA2 1500,MAIA3 1500,maia2,maia3,1500,1500,White,MAIA2 1500,MAIA3 1500,0-1,0.0,checkmate,52,d93ab666c96efa7ebdd174874b8ce868fb02c9c5a28161a756735a2e1fe40b1b,maia-relative-strength-100.pgn,maia2-1500__vs__maia3-1500.pgn
maia2-1500__vs__maia3-1500,170,85,MAIA2 1500,MAIA3 1500,maia2,maia3,1500,1500,Black,MAIA3 1500,MAIA2 1500,0-1,1.0,checkmate,46,d93ab666c96efa7ebdd174874b8ce868fb02c9c5a28161a756735a2e1fe40b1b,maia-relative-strength-100.pgn,maia2-1500__vs__maia3-1500.pgn
maia2-1500__vs__maia3-1500,171,86,MAIA2 1500,MAIA3 1500,maia2,maia3,1500,1500,White,MAIA2 1500,MAIA3 1500,0-1,0.0,checkmate,70,d93ab666c96efa7ebdd174874b8ce868fb02c9c5a28161a756735a2e1fe40b1b,maia-relative-strength-100.pgn,maia2-1500__vs__maia3-1500.pgn
maia2-1500__vs__maia3-1500,172,86,MAIA2 1500,MAIA3 1500,maia2,maia3,1500,1500,Black,MAIA3 1500,MAIA2 1500,0-1,1.0,checkmate,132,d93ab666c96efa7ebdd174874b8ce868fb02c9c5a28161a756735a2e1fe40b1b,maia-relative-strength-100.pgn,maia2-1500__vs__maia3-1500.pgn
maia2-1500__vs__maia3-1500,173,87,MAIA2 1500,MAIA3 1500,maia2,maia3,1500,1500,White,MAIA2 1500,MAIA3 1500,0-1,0.0,checkmate,74,d93ab666c96efa7ebdd174874b8ce868fb02c9c5a28161a756735a2e1fe40b1b,maia-relative-strength-100.pgn,maia2-1500__vs__maia3-1500.pgn
maia2-1500__vs__maia3-1500,174,87,MAIA2 1500,MAIA3 1500,maia2,maia3,1500,1500,Black,MAIA3 1500,MAIA2 1500,0-1,1.0,checkmate,48,d93ab666c96efa7ebdd174874b8ce868fb02c9c5a28161a756735a2e1fe40b1b,maia-relative-strength-100.pgn,maia2-1500__vs__maia3-1500.pgn
maia2-1500__vs__maia3-1500,175,88,MAIA2 1500,MAIA3 1500,maia2,maia3,1500,1500,White,MAIA2 1500,MAIA3 1500,1-0,1.0,checkmate,127,d93ab666c96efa7ebdd174874b8ce868fb02c9c5a28161a756735a2e1fe40b1b,maia-relative-strength-100.pgn,maia2-1500__vs__maia3-1500.pgn
maia2-1500__vs__maia3-1500,176,88,MAIA2 1500,MAIA3 1500,maia2,maia3,1500,1500,Black,MAIA3 1500,MAIA2 1500,1/2-1/2,0.5,threefold repetition,79,d93ab666c96efa7ebdd174874b8ce868fb02c9c5a28161a756735a2e1fe40b1b,maia-relative-strength-100.pgn,maia2-1500__vs__maia3-1500.pgn
maia2-1500__vs__maia3-1500,177,89,MAIA2 1500,MAIA3 1500,maia2,maia3,1500,1500,White,MAIA2 1500,MAIA3 1500,1-0,1.0,checkmate,51,d93ab666c96efa7ebdd174874b8ce868fb02c9c5a28161a756735a2e1fe40b1b,maia-relative-strength-100.pgn,maia2-1500__vs__maia3-1500.pgn
maia2-1500__vs__maia3-1500,178,89,MAIA2 1500,MAIA3 1500,maia2,maia3,1500,1500,Black,MAIA3 1500,MAIA2 1500,0-1,1.0,checkmate,36,d93ab666c96efa7ebdd174874b8ce868fb02c9c5a28161a756735a2e1fe40b1b,maia-relative-strength-100.pgn,maia2-1500__vs__maia3-1500.pgn
maia2-1500__vs__maia3-1500,179,90,MAIA2 1500,MAIA3 1500,maia2,maia3,1500,1500,White,MAIA2 1500,MAIA3 1500,0-1,0.0,checkmate,152,d93ab666c96efa7ebdd174874b8ce868fb02c9c5a28161a756735a2e1fe40b1b,maia-relative-strength-100.pgn,maia2-1500__vs__maia3-1500.pgn
maia2-1500__vs__maia3-1500,180,90,MAIA2 1500,MAIA3 1500,maia2,maia3,1500,1500,Black,MAIA3 1500,MAIA2 1500,1-0,0.0,checkmate,89,d93ab666c96efa7ebdd174874b8ce868fb02c9c5a28161a756735a2e1fe40b1b,maia-relative-strength-100.pgn,maia2-1500__vs__maia3-1500.pgn
maia2-1500__vs__maia3-1500,181,91,MAIA2 1500,MAIA3 1500,maia2,maia3,1500,1500,White,MAIA2 1500,MAIA3 1500,1/2-1/2,0.5,threefold repetition,40,d93ab666c96efa7ebdd174874b8ce868fb02c9c5a28161a756735a2e1fe40b1b,maia-relative-strength-100.pgn,maia2-1500__vs__maia3-1500.pgn
maia2-1500__vs__maia3-1500,182,91,MAIA2 1500,MAIA3 1500,maia2,maia3,1500,1500,Black,MAIA3 1500,MAIA2 1500,0-1,1.0,checkmate,120,d93ab666c96efa7ebdd174874b8ce868fb02c9c5a28161a756735a2e1fe40b1b,maia-relative-strength-100.pgn,maia2-1500__vs__maia3-1500.pgn
maia2-1500__vs__maia3-1500,183,92,MAIA2 1500,MAIA3 1500,maia2,maia3,1500,1500,White,MAIA2 1500,MAIA3 1500,1-0,1.0,checkmate,53,d93ab666c96efa7ebdd174874b8ce868fb02c9c5a28161a756735a2e1fe40b1b,maia-relative-strength-100.pgn,maia2-1500__vs__maia3-1500.pgn
maia2-1500__vs__maia3-1500,184,92,MAIA2 1500,MAIA3 1500,maia2,maia3,1500,1500,Black,MAIA3 1500,MAIA2 1500,1-0,0.0,checkmate,17,d93ab666c96efa7ebdd174874b8ce868fb02c9c5a28161a756735a2e1fe40b1b,maia-relative-strength-100.pgn,maia2-1500__vs__maia3-1500.pgn
maia2-1500__vs__maia3-1500,185,93,MAIA2 1500,MAIA3 1500,maia2,maia3,1500,1500,White,MAIA2 1500,MAIA3 1500,1-0,1.0,checkmate,105,d93ab666c96efa7ebdd174874b8ce868fb02c9c5a28161a756735a2e1fe40b1b,maia-relative-strength-100.pgn,maia2-1500__vs__maia3-1500.pgn
maia2-1500__vs__maia3-1500,186,93,MAIA2 1500,MAIA3 1500,maia2,maia3,1500,1500,Black,MAIA3 1500,MAIA2 1500,1/2-1/2,0.5,stalemate,124,d93ab666c96efa7ebdd174874b8ce868fb02c9c5a28161a756735a2e1fe40b1b,maia-relative-strength-100.pgn,maia2-1500__vs__maia3-1500.pgn
maia2-1500__vs__maia3-1500,187,94,MAIA2 1500,MAIA3 1500,maia2,maia3,1500,1500,White,MAIA2 1500,MAIA3 1500,0-1,0.0,checkmate,86,d93ab666c96efa7ebdd174874b8ce868fb02c9c5a28161a756735a2e1fe40b1b,maia-relative-strength-100.pgn,maia2-1500__vs__maia3-1500.pgn
maia2-1500__vs__maia3-1500,188,94,MAIA2 1500,MAIA3 1500,maia2,maia3,1500,1500,Black,MAIA3 1500,MAIA2 1500,1-0,0.0,checkmate,181,d93ab666c96efa7ebdd174874b8ce868fb02c9c5a28161a756735a2e1fe40b1b,maia-relative-strength-100.pgn,maia2-1500__vs__maia3-1500.pgn
maia2-1500__vs__maia3-1500,189,95,MAIA2 1500,MAIA3 1500,maia2,maia3,1500,1500,White,MAIA2 1500,MAIA3 1500,0-1,0.0,checkmate,32,d93ab666c96efa7ebdd174874b8ce868fb02c9c5a28161a756735a2e1fe40b1b,maia-relative-strength-100.pgn,maia2-1500__vs__maia3-1500.pgn
maia2-1500__vs__maia3-1500,190,95,MAIA2 1500,MAIA3 1500,maia2,maia3,1500,1500,Black,MAIA3 1500,MAIA2 1500,1-0,0.0,checkmate,165,d93ab666c96efa7ebdd174874b8ce868fb02c9c5a28161a756735a2e1fe40b1b,maia-relative-strength-100.pgn,maia2-1500__vs__maia3-1500.pgn
maia2-1500__vs__maia3-1500,191,96,MAIA2 1500,MAIA3 1500,maia2,maia3,1500,1500,White,MAIA2 1500,MAIA3 1500,1/2-1/2,0.5,threefold repetition,53,d93ab666c96efa7ebdd174874b8ce868fb02c9c5a28161a756735a2e1fe40b1b,maia-relative-strength-100.pgn,maia2-1500__vs__maia3-1500.pgn
maia2-1500__vs__maia3-1500,192,96,MAIA2 1500,MAIA3 1500,maia2,maia3,1500,1500,Black,MAIA3 1500,MAIA2 1500,1-0,0.0,checkmate,29,d93ab666c96efa7ebdd174874b8ce868fb02c9c5a28161a756735a2e1fe40b1b,maia-relative-strength-100.pgn,maia2-1500__vs__maia3-1500.pgn
maia2-1500__vs__maia3-1500,193,97,MAIA2 1500,MAIA3 1500,maia2,maia3,1500,1500,White,MAIA2 1500,MAIA3 1500,0-1,0.0,checkmate,154,d93ab666c96efa7ebdd174874b8ce868fb02c9c5a28161a756735a2e1fe40b1b,maia-relative-strength-100.pgn,maia2-1500__vs__maia3-1500.pgn
maia2-1500__vs__maia3-1500,194,97,MAIA2 1500,MAIA3 1500,maia2,maia3,1500,1500,Black,MAIA3 1500,MAIA2 1500,1/2-1/2,0.5,threefold repetition,33,d93ab666c96efa7ebdd174874b8ce868fb02c9c5a28161a756735a2e1fe40b1b,maia-relative-strength-100.pgn,maia2-1500__vs__maia3-1500.pgn
maia2-1500__vs__maia3-1500,195,98,MAIA2 1500,MAIA3 1500,maia2,maia3,1500,1500,White,MAIA2 1500,MAIA3 1500,1-0,1.0,checkmate,29,d93ab666c96efa7ebdd174874b8ce868fb02c9c5a28161a756735a2e1fe40b1b,maia-relative-strength-100.pgn,maia2-1500__vs__maia3-1500.pgn
maia2-1500__vs__maia3-1500,196,98,MAIA2 1500,MAIA3 1500,maia2,maia3,1500,1500,Black,MAIA3 1500,MAIA2 1500,0-1,1.0,checkmate,52,d93ab666c96efa7ebdd174874b8ce868fb02c9c5a28161a756735a2e1fe40b1b,maia-relative-strength-100.pgn,maia2-1500__vs__maia3-1500.pgn
maia2-1500__vs__maia3-1500,197,99,MAIA2 1500,MAIA3 1500,maia2,maia3,1500,1500,White,MAIA2 1500,MAIA3 1500,1/2-1/2,0.5,threefold repetition,126,d93ab666c96efa7ebdd174874b8ce868fb02c9c5a28161a756735a2e1fe40b1b,maia-relative-strength-100.pgn,maia2-1500__vs__maia3-1500.pgn
maia2-1500__vs__maia3-1500,198,99,MAIA2 1500,MAIA3 1500,maia2,maia3,1500,1500,Black,MAIA3 1500,MAIA2 1500,1-0,0.0,checkmate,91,d93ab666c96efa7ebdd174874b8ce868fb02c9c5a28161a756735a2e1fe40b1b,maia-relative-strength-100.pgn,maia2-1500__vs__maia3-1500.pgn
maia2-1500__vs__maia3-1500,199,100,MAIA2 1500,MAIA3 1500,maia2,maia3,1500,1500,White,MAIA2 1500,MAIA3 1500,1-0,1.0,checkmate,127,d93ab666c96efa7ebdd174874b8ce868fb02c9c5a28161a756735a2e1fe40b1b,maia-relative-strength-100.pgn,maia2-1500__vs__maia3-1500.pgn
maia2-1500__vs__maia3-1500,200,100,MAIA2 1500,MAIA3 1500,maia2,maia3,1500,1500,Black,MAIA3 1500,MAIA2 1500,1/2-1/2,0.5,threefold repetition,79,d93ab666c96efa7ebdd174874b8ce868fb02c9c5a28161a756735a2e1fe40b1b,maia-relative-strength-100.pgn,maia2-1500__vs__maia3-1500.pgn
maia2-1700__vs__maia2-1900,1,1,MAIA2 1700,MAIA2 1900,maia2,maia2,1700,1900,White,MAIA2 1700,MAIA2 1900,1-0,1.0,checkmate,51,cde579021c1d63968668b841dacae24b4808be6b7e49c5239e1b4da8327d4ebd,maia-relative-strength-100.pgn,maia2-1700__vs__maia2-1900.pgn
maia2-1700__vs__maia2-1900,2,1,MAIA2 1700,MAIA2 1900,maia2,maia2,1700,1900,Black,MAIA2 1900,MAIA2 1700,0-1,1.0,checkmate,78,cde579021c1d63968668b841dacae24b4808be6b7e49c5239e1b4da8327d4ebd,maia-relative-strength-100.pgn,maia2-1700__vs__maia2-1900.pgn
maia2-1700__vs__maia2-1900,3,2,MAIA2 1700,MAIA2 1900,maia2,maia2,1700,1900,White,MAIA2 1700,MAIA2 1900,1/2-1/2,0.5,threefold repetition,106,cde579021c1d63968668b841dacae24b4808be6b7e49c5239e1b4da8327d4ebd,maia-relative-strength-100.pgn,maia2-1700__vs__maia2-1900.pgn
maia2-1700__vs__maia2-1900,4,2,MAIA2 1700,MAIA2 1900,maia2,maia2,1700,1900,Black,MAIA2 1900,MAIA2 1700,0-1,1.0,checkmate,132,cde579021c1d63968668b841dacae24b4808be6b7e49c5239e1b4da8327d4ebd,maia-relative-strength-100.pgn,maia2-1700__vs__maia2-1900.pgn
maia2-1700__vs__maia2-1900,5,3,MAIA2 1700,MAIA2 1900,maia2,maia2,1700,1900,White,MAIA2 1700,MAIA2 1900,1-0,1.0,checkmate,113,cde579021c1d63968668b841dacae24b4808be6b7e49c5239e1b4da8327d4ebd,maia-relative-strength-100.pgn,maia2-1700__vs__maia2-1900.pgn
maia2-1700__vs__maia2-1900,6,3,MAIA2 1700,MAIA2 1900,maia2,maia2,1700,1900,Black,MAIA2 1900,MAIA2 1700,0-1,1.0,checkmate,124,cde579021c1d63968668b841dacae24b4808be6b7e49c5239e1b4da8327d4ebd,maia-relative-strength-100.pgn,maia2-1700__vs__maia2-1900.pgn
maia2-1700__vs__maia2-1900,7,4,MAIA2 1700,MAIA2 1900,maia2,maia2,1700,1900,White,MAIA2 1700,MAIA2 1900,1-0,1.0,checkmate,117,cde579021c1d63968668b841dacae24b4808be6b7e49c5239e1b4da8327d4ebd,maia-relative-strength-100.pgn,maia2-1700__vs__maia2-1900.pgn
maia2-1700__vs__maia2-1900,8,4,MAIA2 1700,MAIA2 1900,maia2,maia2,1700,1900,Black,MAIA2 1900,MAIA2 1700,1/2-1/2,0.5,threefold repetition,64,cde579021c1d63968668b841dacae24b4808be6b7e49c5239e1b4da8327d4ebd,maia-relative-strength-100.pgn,maia2-1700__vs__maia2-1900.pgn
maia2-1700__vs__maia2-1900,9,5,MAIA2 1700,MAIA2 1900,maia2,maia2,1700,1900,White,MAIA2 1700,MAIA2 1900,1/2-1/2,0.5,threefold repetition,56,cde579021c1d63968668b841dacae24b4808be6b7e49c5239e1b4da8327d4ebd,maia-relative-strength-100.pgn,maia2-1700__vs__maia2-1900.pgn
maia2-1700__vs__maia2-1900,10,5,MAIA2 1700,MAIA2 1900,maia2,maia2,1700,1900,Black,MAIA2 1900,MAIA2 1700,0-1,1.0,checkmate,126,cde579021c1d63968668b841dacae24b4808be6b7e49c5239e1b4da8327d4ebd,maia-relative-strength-100.pgn,maia2-1700__vs__maia2-1900.pgn
maia2-1700__vs__maia2-1900,11,6,MAIA2 1700,MAIA2 1900,maia2,maia2,1700,1900,White,MAIA2 1700,MAIA2 1900,1-0,1.0,checkmate,25,cde579021c1d63968668b841dacae24b4808be6b7e49c5239e1b4da8327d4ebd,maia-relative-strength-100.pgn,maia2-1700__vs__maia2-1900.pgn
maia2-1700__vs__maia2-1900,12,6,MAIA2 1700,MAIA2 1900,maia2,maia2,1700,1900,Black,MAIA2 1900,MAIA2 1700,0-1,1.0,checkmate,88,cde579021c1d63968668b841dacae24b4808be6b7e49c5239e1b4da8327d4ebd,maia-relative-strength-100.pgn,maia2-1700__vs__maia2-1900.pgn
maia2-1700__vs__maia2-1900,13,7,MAIA2 1700,MAIA2 1900,maia2,maia2,1700,1900,White,MAIA2 1700,MAIA2 1900,1/2-1/2,0.5,threefold repetition,104,cde579021c1d63968668b841dacae24b4808be6b7e49c5239e1b4da8327d4ebd,maia-relative-strength-100.pgn,maia2-1700__vs__maia2-1900.pgn
maia2-1700__vs__maia2-1900,14,7,MAIA2 1700,MAIA2 1900,maia2,maia2,1700,1900,Black,MAIA2 1900,MAIA2 1700,1/2-1/2,0.5,threefold repetition,74,cde579021c1d63968668b841dacae24b4808be6b7e49c5239e1b4da8327d4ebd,maia-relative-strength-100.pgn,maia2-1700__vs__maia2-1900.pgn
maia2-1700__vs__maia2-1900,15,8,MAIA2 1700,MAIA2 1900,maia2,maia2,1700,1900,White,MAIA2 1700,MAIA2 1900,0-1,0.0,checkmate,92,cde579021c1d63968668b841dacae24b4808be6b7e49c5239e1b4da8327d4ebd,maia-relative-strength-100.pgn,maia2-1700__vs__maia2-1900.pgn
maia2-1700__vs__maia2-1900,16,8,MAIA2 1700,MAIA2 1900,maia2,maia2,1700,1900,Black,MAIA2 1900,MAIA2 1700,1/2-1/2,0.5,threefold repetition,163,cde579021c1d63968668b841dacae24b4808be6b7e49c5239e1b4da8327d4ebd,maia-relative-strength-100.pgn,maia2-1700__vs__maia2-1900.pgn
maia2-1700__vs__maia2-1900,17,9,MAIA2 1700,MAIA2 1900,maia2,maia2,1700,1900,White,MAIA2 1700,MAIA2 1900,0-1,0.0,checkmate,46,cde579021c1d63968668b841dacae24b4808be6b7e49c5239e1b4da8327d4ebd,maia-relative-strength-100.pgn,maia2-1700__vs__maia2-1900.pgn
maia2-1700__vs__maia2-1900,18,9,MAIA2 1700,MAIA2 1900,maia2,maia2,1700,1900,Black,MAIA2 1900,MAIA2 1700,1-0,0.0,checkmate,59,cde579021c1d63968668b841dacae24b4808be6b7e49c5239e1b4da8327d4ebd,maia-relative-strength-100.pgn,maia2-1700__vs__maia2-1900.pgn
maia2-1700__vs__maia2-1900,19,10,MAIA2 1700,MAIA2 1900,maia2,maia2,1700,1900,White,MAIA2 1700,MAIA2 1900,1-0,1.0,checkmate,103,cde579021c1d63968668b841dacae24b4808be6b7e49c5239e1b4da8327d4ebd,maia-relative-strength-100.pgn,maia2-1700__vs__maia2-1900.pgn
maia2-1700__vs__maia2-1900,20,10,MAIA2 1700,MAIA2 1900,maia2,maia2,1700,1900,Black,MAIA2 1900,MAIA2 1700,1/2-1/2,0.5,threefold repetition,79,cde579021c1d63968668b841dacae24b4808be6b7e49c5239e1b4da8327d4ebd,maia-relative-strength-100.pgn,maia2-1700__vs__maia2-1900.pgn
maia2-1700__vs__maia2-1900,21,11,MAIA2 1700,MAIA2 1900,maia2,maia2,1700,1900,White,MAIA2 1700,MAIA2 1900,1-0,1.0,checkmate,123,cde579021c1d63968668b841dacae24b4808be6b7e49c5239e1b4da8327d4ebd,maia-relative-strength-100.pgn,maia2-1700__vs__maia2-1900.pgn
maia2-1700__vs__maia2-1900,22,11,MAIA2 1700,MAIA2 1900,maia2,maia2,1700,1900,Black,MAIA2 1900,MAIA2 1700,1/2-1/2,0.5,threefold repetition,81,cde579021c1d63968668b841dacae24b4808be6b7e49c5239e1b4da8327d4ebd,maia-relative-strength-100.pgn,maia2-1700__vs__maia2-1900.pgn
maia2-1700__vs__maia2-1900,23,12,MAIA2 1700,MAIA2 1900,maia2,maia2,1700,1900,White,MAIA2 1700,MAIA2 1900,1-0,1.0,checkmate,27,cde579021c1d63968668b841dacae24b4808be6b7e49c5239e1b4da8327d4ebd,maia-relative-strength-100.pgn,maia2-1700__vs__maia2-1900.pgn
maia2-1700__vs__maia2-1900,24,12,MAIA2 1700,MAIA2 1900,maia2,maia2,1700,1900,Black,MAIA2 1900,MAIA2 1700,1/2-1/2,0.5,threefold repetition,110,cde579021c1d63968668b841dacae24b4808be6b7e49c5239e1b4da8327d4ebd,maia-relative-strength-100.pgn,maia2-1700__vs__maia2-1900.pgn
maia2-1700__vs__maia2-1900,25,13,MAIA2 1700,MAIA2 1900,maia2,maia2,1700,1900,White,MAIA2 1700,MAIA2 1900,1-0,1.0,checkmate,69,cde579021c1d63968668b841dacae24b4808be6b7e49c5239e1b4da8327d4ebd,maia-relative-strength-100.pgn,maia2-1700__vs__maia2-1900.pgn
maia2-1700__vs__maia2-1900,26,13,MAIA2 1700,MAIA2 1900,maia2,maia2,1700,1900,Black,MAIA2 1900,MAIA2 1700,0-1,1.0,checkmate,122,cde579021c1d63968668b841dacae24b4808be6b7e49c5239e1b4da8327d4ebd,maia-relative-strength-100.pgn,maia2-1700__vs__maia2-1900.pgn
maia2-1700__vs__maia2-1900,27,14,MAIA2 1700,MAIA2 1900,maia2,maia2,1700,1900,White,MAIA2 1700,MAIA2 1900,0-1,0.0,checkmate,44,cde579021c1d63968668b841dacae24b4808be6b7e49c5239e1b4da8327d4ebd,maia-relative-strength-100.pgn,maia2-1700__vs__maia2-1900.pgn
maia2-1700__vs__maia2-1900,28,14,MAIA2 1700,MAIA2 1900,maia2,maia2,1700,1900,Black,MAIA2 1900,MAIA2 1700,0-1,1.0,checkmate,44,cde579021c1d63968668b841dacae24b4808be6b7e49c5239e1b4da8327d4ebd,maia-relative-strength-100.pgn,maia2-1700__vs__maia2-1900.pgn
maia2-1700__vs__maia2-1900,29,15,MAIA2 1700,MAIA2 1900,maia2,maia2,1700,1900,White,MAIA2 1700,MAIA2 1900,1/2-1/2,0.5,threefold repetition,92,cde579021c1d63968668b841dacae24b4808be6b7e49c5239e1b4da8327d4ebd,maia-relative-strength-100.pgn,maia2-1700__vs__maia2-1900.pgn
maia2-1700__vs__maia2-1900,30,15,MAIA2 1700,MAIA2 1900,maia2,maia2,1700,1900,Black,MAIA2 1900,MAIA2 1700,0-1,1.0,checkmate,66,cde579021c1d63968668b841dacae24b4808be6b7e49c5239e1b4da8327d4ebd,maia-relative-strength-100.pgn,maia2-1700__vs__maia2-1900.pgn
maia2-1700__vs__maia2-1900,31,16,MAIA2 1700,MAIA2 1900,maia2,maia2,1700,1900,White,MAIA2 1700,MAIA2 1900,0-1,0.0,checkmate,122,cde579021c1d63968668b841dacae24b4808be6b7e49c5239e1b4da8327d4ebd,maia-relative-strength-100.pgn,maia2-1700__vs__maia2-1900.pgn
maia2-1700__vs__maia2-1900,32,16,MAIA2 1700,MAIA2 1900,maia2,maia2,1700,1900,Black,MAIA2 1900,MAIA2 1700,1-0,0.0,checkmate,65,cde579021c1d63968668b841dacae24b4808be6b7e49c5239e1b4da8327d4ebd,maia-relative-strength-100.pgn,maia2-1700__vs__maia2-1900.pgn
maia2-1700__vs__maia2-1900,33,17,MAIA2 1700,MAIA2 1900,maia2,maia2,1700,1900,White,MAIA2 1700,MAIA2 1900,1-0,1.0,checkmate,63,cde579021c1d63968668b841dacae24b4808be6b7e49c5239e1b4da8327d4ebd,maia-relative-strength-100.pgn,maia2-1700__vs__maia2-1900.pgn
maia2-1700__vs__maia2-1900,34,17,MAIA2 1700,MAIA2 1900,maia2,maia2,1700,1900,Black,MAIA2 1900,MAIA2 1700,1-0,0.0,checkmate,109,cde579021c1d63968668b841dacae24b4808be6b7e49c5239e1b4da8327d4ebd,maia-relative-strength-100.pgn,maia2-1700__vs__maia2-1900.pgn
maia2-1700__vs__maia2-1900,35,18,MAIA2 1700,MAIA2 1900,maia2,maia2,1700,1900,White,MAIA2 1700,MAIA2 1900,0-1,0.0,checkmate,82,cde579021c1d63968668b841dacae24b4808be6b7e49c5239e1b4da8327d4ebd,maia-relative-strength-100.pgn,maia2-1700__vs__maia2-1900.pgn
maia2-1700__vs__maia2-1900,36,18,MAIA2 1700,MAIA2 1900,maia2,maia2,1700,1900,Black,MAIA2 1900,MAIA2 1700,0-1,1.0,checkmate,132,cde579021c1d63968668b841dacae24b4808be6b7e49c5239e1b4da8327d4ebd,maia-relative-strength-100.pgn,maia2-1700__vs__maia2-1900.pgn
maia2-1700__vs__maia2-1900,37,19,MAIA2 1700,MAIA2 1900,maia2,maia2,1700,1900,White,MAIA2 1700,MAIA2 1900,1-0,1.0,checkmate,111,cde579021c1d63968668b841dacae24b4808be6b7e49c5239e1b4da8327d4ebd,maia-relative-strength-100.pgn,maia2-1700__vs__maia2-1900.pgn
maia2-1700__vs__maia2-1900,38,19,MAIA2 1700,MAIA2 1900,maia2,maia2,1700,1900,Black,MAIA2 1900,MAIA2 1700,1-0,0.0,checkmate,105,cde579021c1d63968668b841dacae24b4808be6b7e49c5239e1b4da8327d4ebd,maia-relative-strength-100.pgn,maia2-1700__vs__maia2-1900.pgn
maia2-1700__vs__maia2-1900,39,20,MAIA2 1700,MAIA2 1900,maia2,maia2,1700,1900,White,MAIA2 1700,MAIA2 1900,1/2-1/2,0.5,threefold repetition,99,cde579021c1d63968668b841dacae24b4808be6b7e49c5239e1b4da8327d4ebd,maia-relative-strength-100.pgn,maia2-1700__vs__maia2-1900.pgn
maia2-1700__vs__maia2-1900,40,20,MAIA2 1700,MAIA2 1900,maia2,maia2,1700,1900,Black,MAIA2 1900,MAIA2 1700,0-1,1.0,checkmate,50,cde579021c1d63968668b841dacae24b4808be6b7e49c5239e1b4da8327d4ebd,maia-relative-strength-100.pgn,maia2-1700__vs__maia2-1900.pgn
maia2-1700__vs__maia2-1900,41,21,MAIA2 1700,MAIA2 1900,maia2,maia2,1700,1900,White,MAIA2 1700,MAIA2 1900,1/2-1/2,0.5,stalemate,116,cde579021c1d63968668b841dacae24b4808be6b7e49c5239e1b4da8327d4ebd,maia-relative-strength-100.pgn,maia2-1700__vs__maia2-1900.pgn
maia2-1700__vs__maia2-1900,42,21,MAIA2 1700,MAIA2 1900,maia2,maia2,1700,1900,Black,MAIA2 1900,MAIA2 1700,0-1,1.0,checkmate,114,cde579021c1d63968668b841dacae24b4808be6b7e49c5239e1b4da8327d4ebd,maia-relative-strength-100.pgn,maia2-1700__vs__maia2-1900.pgn
maia2-1700__vs__maia2-1900,43,22,MAIA2 1700,MAIA2 1900,maia2,maia2,1700,1900,White,MAIA2 1700,MAIA2 1900,1-0,1.0,checkmate,83,cde579021c1d63968668b841dacae24b4808be6b7e49c5239e1b4da8327d4ebd,maia-relative-strength-100.pgn,maia2-1700__vs__maia2-1900.pgn
maia2-1700__vs__maia2-1900,44,22,MAIA2 1700,MAIA2 1900,maia2,maia2,1700,1900,Black,MAIA2 1900,MAIA2 1700,0-1,1.0,checkmate,114,cde579021c1d63968668b841dacae24b4808be6b7e49c5239e1b4da8327d4ebd,maia-relative-strength-100.pgn,maia2-1700__vs__maia2-1900.pgn
maia2-1700__vs__maia2-1900,45,23,MAIA2 1700,MAIA2 1900,maia2,maia2,1700,1900,White,MAIA2 1700,MAIA2 1900,0-1,0.0,checkmate,70,cde579021c1d63968668b841dacae24b4808be6b7e49c5239e1b4da8327d4ebd,maia-relative-strength-100.pgn,maia2-1700__vs__maia2-1900.pgn
maia2-1700__vs__maia2-1900,46,23,MAIA2 1700,MAIA2 1900,maia2,maia2,1700,1900,Black,MAIA2 1900,MAIA2 1700,1-0,0.0,checkmate,35,cde579021c1d63968668b841dacae24b4808be6b7e49c5239e1b4da8327d4ebd,maia-relative-strength-100.pgn,maia2-1700__vs__maia2-1900.pgn
maia2-1700__vs__maia2-1900,47,24,MAIA2 1700,MAIA2 1900,maia2,maia2,1700,1900,White,MAIA2 1700,MAIA2 1900,1-0,1.0,checkmate,75,cde579021c1d63968668b841dacae24b4808be6b7e49c5239e1b4da8327d4ebd,maia-relative-strength-100.pgn,maia2-1700__vs__maia2-1900.pgn
maia2-1700__vs__maia2-1900,48,24,MAIA2 1700,MAIA2 1900,maia2,maia2,1700,1900,Black,MAIA2 1900,MAIA2 1700,0-1,1.0,checkmate,144,cde579021c1d63968668b841dacae24b4808be6b7e49c5239e1b4da8327d4ebd,maia-relative-strength-100.pgn,maia2-1700__vs__maia2-1900.pgn
maia2-1700__vs__maia2-1900,49,25,MAIA2 1700,MAIA2 1900,maia2,maia2,1700,1900,White,MAIA2 1700,MAIA2 1900,1-0,1.0,checkmate,123,cde579021c1d63968668b841dacae24b4808be6b7e49c5239e1b4da8327d4ebd,maia-relative-strength-100.pgn,maia2-1700__vs__maia2-1900.pgn
maia2-1700__vs__maia2-1900,50,25,MAIA2 1700,MAIA2 1900,maia2,maia2,1700,1900,Black,MAIA2 1900,MAIA2 1700,1-0,0.0,checkmate,57,cde579021c1d63968668b841dacae24b4808be6b7e49c5239e1b4da8327d4ebd,maia-relative-strength-100.pgn,maia2-1700__vs__maia2-1900.pgn
maia2-1700__vs__maia2-1900,51,26,MAIA2 1700,MAIA2 1900,maia2,maia2,1700,1900,White,MAIA2 1700,MAIA2 1900,1/2-1/2,0.5,threefold repetition,89,cde579021c1d63968668b841dacae24b4808be6b7e49c5239e1b4da8327d4ebd,maia-relative-strength-100.pgn,maia2-1700__vs__maia2-1900.pgn
maia2-1700__vs__maia2-1900,52,26,MAIA2 1700,MAIA2 1900,maia2,maia2,1700,1900,Black,MAIA2 1900,MAIA2 1700,0-1,1.0,checkmate,76,cde579021c1d63968668b841dacae24b4808be6b7e49c5239e1b4da8327d4ebd,maia-relative-strength-100.pgn,maia2-1700__vs__maia2-1900.pgn
maia2-1700__vs__maia2-1900,53,27,MAIA2 1700,MAIA2 1900,maia2,maia2,1700,1900,White,MAIA2 1700,MAIA2 1900,1/2-1/2,0.5,threefold repetition,104,cde579021c1d63968668b841dacae24b4808be6b7e49c5239e1b4da8327d4ebd,maia-relative-strength-100.pgn,maia2-1700__vs__maia2-1900.pgn
maia2-1700__vs__maia2-1900,54,27,MAIA2 1700,MAIA2 1900,maia2,maia2,1700,1900,Black,MAIA2 1900,MAIA2 1700,1-0,0.0,checkmate,101,cde579021c1d63968668b841dacae24b4808be6b7e49c5239e1b4da8327d4ebd,maia-relative-strength-100.pgn,maia2-1700__vs__maia2-1900.pgn
maia2-1700__vs__maia2-1900,55,28,MAIA2 1700,MAIA2 1900,maia2,maia2,1700,1900,White,MAIA2 1700,MAIA2 1900,0-1,0.0,checkmate,64,cde579021c1d63968668b841dacae24b4808be6b7e49c5239e1b4da8327d4ebd,maia-relative-strength-100.pgn,maia2-1700__vs__maia2-1900.pgn
maia2-1700__vs__maia2-1900,56,28,MAIA2 1700,MAIA2 1900,maia2,maia2,1700,1900,Black,MAIA2 1900,MAIA2 1700,1-0,0.0,checkmate,67,cde579021c1d63968668b841dacae24b4808be6b7e49c5239e1b4da8327d4ebd,maia-relative-strength-100.pgn,maia2-1700__vs__maia2-1900.pgn
maia2-1700__vs__maia2-1900,57,29,MAIA2 1700,MAIA2 1900,maia2,maia2,1700,1900,White,MAIA2 1700,MAIA2 1900,0-1,0.0,checkmate,78,cde579021c1d63968668b841dacae24b4808be6b7e49c5239e1b4da8327d4ebd,maia-relative-strength-100.pgn,maia2-1700__vs__maia2-1900.pgn
maia2-1700__vs__maia2-1900,58,29,MAIA2 1700,MAIA2 1900,maia2,maia2,1700,1900,Black,MAIA2 1900,MAIA2 1700,1/2-1/2,0.5,threefold repetition,94,cde579021c1d63968668b841dacae24b4808be6b7e49c5239e1b4da8327d4ebd,maia-relative-strength-100.pgn,maia2-1700__vs__maia2-1900.pgn
maia2-1700__vs__maia2-1900,59,30,MAIA2 1700,MAIA2 1900,maia2,maia2,1700,1900,White,MAIA2 1700,MAIA2 1900,1-0,1.0,checkmate,107,cde579021c1d63968668b841dacae24b4808be6b7e49c5239e1b4da8327d4ebd,maia-relative-strength-100.pgn,maia2-1700__vs__maia2-1900.pgn
maia2-1700__vs__maia2-1900,60,30,MAIA2 1700,MAIA2 1900,maia2,maia2,1700,1900,Black,MAIA2 1900,MAIA2 1700,1-0,0.0,checkmate,67,cde579021c1d63968668b841dacae24b4808be6b7e49c5239e1b4da8327d4ebd,maia-relative-strength-100.pgn,maia2-1700__vs__maia2-1900.pgn
maia2-1700__vs__maia2-1900,61,31,MAIA2 1700,MAIA2 1900,maia2,maia2,1700,1900,White,MAIA2 1700,MAIA2 1900,1-0,1.0,checkmate,101,cde579021c1d63968668b841dacae24b4808be6b7e49c5239e1b4da8327d4ebd,maia-relative-strength-100.pgn,maia2-1700__vs__maia2-1900.pgn
maia2-1700__vs__maia2-1900,62,31,MAIA2 1700,MAIA2 1900,maia2,maia2,1700,1900,Black,MAIA2 1900,MAIA2 1700,0-1,1.0,checkmate,82,cde579021c1d63968668b841dacae24b4808be6b7e49c5239e1b4da8327d4ebd,maia-relative-strength-100.pgn,maia2-1700__vs__maia2-1900.pgn
maia2-1700__vs__maia2-1900,63,32,MAIA2 1700,MAIA2 1900,maia2,maia2,1700,1900,White,MAIA2 1700,MAIA2 1900,1-0,1.0,checkmate,111,cde579021c1d63968668b841dacae24b4808be6b7e49c5239e1b4da8327d4ebd,maia-relative-strength-100.pgn,maia2-1700__vs__maia2-1900.pgn
maia2-1700__vs__maia2-1900,64,32,MAIA2 1700,MAIA2 1900,maia2,maia2,1700,1900,Black,MAIA2 1900,MAIA2 1700,1-0,0.0,checkmate,79,cde579021c1d63968668b841dacae24b4808be6b7e49c5239e1b4da8327d4ebd,maia-relative-strength-100.pgn,maia2-1700__vs__maia2-1900.pgn
maia2-1700__vs__maia2-1900,65,33,MAIA2 1700,MAIA2 1900,maia2,maia2,1700,1900,White,MAIA2 1700,MAIA2 1900,1/2-1/2,0.5,threefold repetition,63,cde579021c1d63968668b841dacae24b4808be6b7e49c5239e1b4da8327d4ebd,maia-relative-strength-100.pgn,maia2-1700__vs__maia2-1900.pgn
maia2-1700__vs__maia2-1900,66,33,MAIA2 1700,MAIA2 1900,maia2,maia2,1700,1900,Black,MAIA2 1900,MAIA2 1700,1/2-1/2,0.5,threefold repetition,81,cde579021c1d63968668b841dacae24b4808be6b7e49c5239e1b4da8327d4ebd,maia-relative-strength-100.pgn,maia2-1700__vs__maia2-1900.pgn
maia2-1700__vs__maia2-1900,67,34,MAIA2 1700,MAIA2 1900,maia2,maia2,1700,1900,White,MAIA2 1700,MAIA2 1900,1/2-1/2,0.5,threefold repetition,98,cde579021c1d63968668b841dacae24b4808be6b7e49c5239e1b4da8327d4ebd,maia-relative-strength-100.pgn,maia2-1700__vs__maia2-1900.pgn
maia2-1700__vs__maia2-1900,68,34,MAIA2 1700,MAIA2 1900,maia2,maia2,1700,1900,Black,MAIA2 1900,MAIA2 1700,1-0,0.0,checkmate,105,cde579021c1d63968668b841dacae24b4808be6b7e49c5239e1b4da8327d4ebd,maia-relative-strength-100.pgn,maia2-1700__vs__maia2-1900.pgn
maia2-1700__vs__maia2-1900,69,35,MAIA2 1700,MAIA2 1900,maia2,maia2,1700,1900,White,MAIA2 1700,MAIA2 1900,1/2-1/2,0.5,threefold repetition,48,cde579021c1d63968668b841dacae24b4808be6b7e49c5239e1b4da8327d4ebd,maia-relative-strength-100.pgn,maia2-1700__vs__maia2-1900.pgn
maia2-1700__vs__maia2-1900,70,35,MAIA2 1700,MAIA2 1900,maia2,maia2,1700,1900,Black,MAIA2 1900,MAIA2 1700,1/2-1/2,0.5,threefold repetition,46,cde579021c1d63968668b841dacae24b4808be6b7e49c5239e1b4da8327d4ebd,maia-relative-strength-100.pgn,maia2-1700__vs__maia2-1900.pgn
maia2-1700__vs__maia2-1900,71,36,MAIA2 1700,MAIA2 1900,maia2,maia2,1700,1900,White,MAIA2 1700,MAIA2 1900,0-1,0.0,checkmate,68,cde579021c1d63968668b841dacae24b4808be6b7e49c5239e1b4da8327d4ebd,maia-relative-strength-100.pgn,maia2-1700__vs__maia2-1900.pgn
maia2-1700__vs__maia2-1900,72,36,MAIA2 1700,MAIA2 1900,maia2,maia2,1700,1900,Black,MAIA2 1900,MAIA2 1700,0-1,1.0,checkmate,92,cde579021c1d63968668b841dacae24b4808be6b7e49c5239e1b4da8327d4ebd,maia-relative-strength-100.pgn,maia2-1700__vs__maia2-1900.pgn
maia2-1700__vs__maia2-1900,73,37,MAIA2 1700,MAIA2 1900,maia2,maia2,1700,1900,White,MAIA2 1700,MAIA2 1900,0-1,0.0,checkmate,64,cde579021c1d63968668b841dacae24b4808be6b7e49c5239e1b4da8327d4ebd,maia-relative-strength-100.pgn,maia2-1700__vs__maia2-1900.pgn
maia2-1700__vs__maia2-1900,74,37,MAIA2 1700,MAIA2 1900,maia2,maia2,1700,1900,Black,MAIA2 1900,MAIA2 1700,0-1,1.0,checkmate,64,cde579021c1d63968668b841dacae24b4808be6b7e49c5239e1b4da8327d4ebd,maia-relative-strength-100.pgn,maia2-1700__vs__maia2-1900.pgn
maia2-1700__vs__maia2-1900,75,38,MAIA2 1700,MAIA2 1900,maia2,maia2,1700,1900,White,MAIA2 1700,MAIA2 1900,1/2-1/2,0.5,threefold repetition,68,cde579021c1d63968668b841dacae24b4808be6b7e49c5239e1b4da8327d4ebd,maia-relative-strength-100.pgn,maia2-1700__vs__maia2-1900.pgn
maia2-1700__vs__maia2-1900,76,38,MAIA2 1700,MAIA2 1900,maia2,maia2,1700,1900,Black,MAIA2 1900,MAIA2 1700,0-1,1.0,checkmate,70,cde579021c1d63968668b841dacae24b4808be6b7e49c5239e1b4da8327d4ebd,maia-relative-strength-100.pgn,maia2-1700__vs__maia2-1900.pgn
maia2-1700__vs__maia2-1900,77,39,MAIA2 1700,MAIA2 1900,maia2,maia2,1700,1900,White,MAIA2 1700,MAIA2 1900,1/2-1/2,0.5,threefold repetition,64,cde579021c1d63968668b841dacae24b4808be6b7e49c5239e1b4da8327d4ebd,maia-relative-strength-100.pgn,maia2-1700__vs__maia2-1900.pgn
maia2-1700__vs__maia2-1900,78,39,MAIA2 1700,MAIA2 1900,maia2,maia2,1700,1900,Black,MAIA2 1900,MAIA2 1700,0-1,1.0,checkmate,136,cde579021c1d63968668b841dacae24b4808be6b7e49c5239e1b4da8327d4ebd,maia-relative-strength-100.pgn,maia2-1700__vs__maia2-1900.pgn
maia2-1700__vs__maia2-1900,79,40,MAIA2 1700,MAIA2 1900,maia2,maia2,1700,1900,White,MAIA2 1700,MAIA2 1900,1/2-1/2,0.5,stalemate,114,cde579021c1d63968668b841dacae24b4808be6b7e49c5239e1b4da8327d4ebd,maia-relative-strength-100.pgn,maia2-1700__vs__maia2-1900.pgn
maia2-1700__vs__maia2-1900,80,40,MAIA2 1700,MAIA2 1900,maia2,maia2,1700,1900,Black,MAIA2 1900,MAIA2 1700,1-0,0.0,checkmate,41,cde579021c1d63968668b841dacae24b4808be6b7e49c5239e1b4da8327d4ebd,maia-relative-strength-100.pgn,maia2-1700__vs__maia2-1900.pgn
maia2-1700__vs__maia2-1900,81,41,MAIA2 1700,MAIA2 1900,maia2,maia2,1700,1900,White,MAIA2 1700,MAIA2 1900,1/2-1/2,0.5,threefold repetition,62,cde579021c1d63968668b841dacae24b4808be6b7e49c5239e1b4da8327d4ebd,maia-relative-strength-100.pgn,maia2-1700__vs__maia2-1900.pgn
maia2-1700__vs__maia2-1900,82,41,MAIA2 1700,MAIA2 1900,maia2,maia2,1700,1900,Black,MAIA2 1900,MAIA2 1700,1/2-1/2,0.5,threefold repetition,85,cde579021c1d63968668b841dacae24b4808be6b7e49c5239e1b4da8327d4ebd,maia-relative-strength-100.pgn,maia2-1700__vs__maia2-1900.pgn
maia2-1700__vs__maia2-1900,83,42,MAIA2 1700,MAIA2 1900,maia2,maia2,1700,1900,White,MAIA2 1700,MAIA2 1900,1-0,1.0,checkmate,41,cde579021c1d63968668b841dacae24b4808be6b7e49c5239e1b4da8327d4ebd,maia-relative-strength-100.pgn,maia2-1700__vs__maia2-1900.pgn
maia2-1700__vs__maia2-1900,84,42,MAIA2 1700,MAIA2 1900,maia2,maia2,1700,1900,Black,MAIA2 1900,MAIA2 1700,1-0,0.0,checkmate,71,cde579021c1d63968668b841dacae24b4808be6b7e49c5239e1b4da8327d4ebd,maia-relative-strength-100.pgn,maia2-1700__vs__maia2-1900.pgn
maia2-1700__vs__maia2-1900,85,43,MAIA2 1700,MAIA2 1900,maia2,maia2,1700,1900,White,MAIA2 1700,MAIA2 1900,0-1,0.0,checkmate,74,cde579021c1d63968668b841dacae24b4808be6b7e49c5239e1b4da8327d4ebd,maia-relative-strength-100.pgn,maia2-1700__vs__maia2-1900.pgn
maia2-1700__vs__maia2-1900,86,43,MAIA2 1700,MAIA2 1900,maia2,maia2,1700,1900,Black,MAIA2 1900,MAIA2 1700,1-0,0.0,checkmate,81,cde579021c1d63968668b841dacae24b4808be6b7e49c5239e1b4da8327d4ebd,maia-relative-strength-100.pgn,maia2-1700__vs__maia2-1900.pgn
maia2-1700__vs__maia2-1900,87,44,MAIA2 1700,MAIA2 1900,maia2,maia2,1700,1900,White,MAIA2 1700,MAIA2 1900,0-1,0.0,checkmate,80,cde579021c1d63968668b841dacae24b4808be6b7e49c5239e1b4da8327d4ebd,maia-relative-strength-100.pgn,maia2-1700__vs__maia2-1900.pgn
maia2-1700__vs__maia2-1900,88,44,MAIA2 1700,MAIA2 1900,maia2,maia2,1700,1900,Black,MAIA2 1900,MAIA2 1700,0-1,1.0,checkmate,144,cde579021c1d63968668b841dacae24b4808be6b7e49c5239e1b4da8327d4ebd,maia-relative-strength-100.pgn,maia2-1700__vs__maia2-1900.pgn
maia2-1700__vs__maia2-1900,89,45,MAIA2 1700,MAIA2 1900,maia2,maia2,1700,1900,White,MAIA2 1700,MAIA2 1900,1-0,1.0,checkmate,121,cde579021c1d63968668b841dacae24b4808be6b7e49c5239e1b4da8327d4ebd,maia-relative-strength-100.pgn,maia2-1700__vs__maia2-1900.pgn
maia2-1700__vs__maia2-1900,90,45,MAIA2 1700,MAIA2 1900,maia2,maia2,1700,1900,Black,MAIA2 1900,MAIA2 1700,1-0,0.0,checkmate,121,cde579021c1d63968668b841dacae24b4808be6b7e49c5239e1b4da8327d4ebd,maia-relative-strength-100.pgn,maia2-1700__vs__maia2-1900.pgn
maia2-1700__vs__maia2-1900,91,46,MAIA2 1700,MAIA2 1900,maia2,maia2,1700,1900,White,MAIA2 1700,MAIA2 1900,1/2-1/2,0.5,threefold repetition,65,cde579021c1d63968668b841dacae24b4808be6b7e49c5239e1b4da8327d4ebd,maia-relative-strength-100.pgn,maia2-1700__vs__maia2-1900.pgn
maia2-1700__vs__maia2-1900,92,46,MAIA2 1700,MAIA2 1900,maia2,maia2,1700,1900,Black,MAIA2 1900,MAIA2 1700,1/2-1/2,0.5,threefold repetition,73,cde579021c1d63968668b841dacae24b4808be6b7e49c5239e1b4da8327d4ebd,maia-relative-strength-100.pgn,maia2-1700__vs__maia2-1900.pgn
maia2-1700__vs__maia2-1900,93,47,MAIA2 1700,MAIA2 1900,maia2,maia2,1700,1900,White,MAIA2 1700,MAIA2 1900,1/2-1/2,0.5,threefold repetition,62,cde579021c1d63968668b841dacae24b4808be6b7e49c5239e1b4da8327d4ebd,maia-relative-strength-100.pgn,maia2-1700__vs__maia2-1900.pgn
maia2-1700__vs__maia2-1900,94,47,MAIA2 1700,MAIA2 1900,maia2,maia2,1700,1900,Black,MAIA2 1900,MAIA2 1700,0-1,1.0,checkmate,134,cde579021c1d63968668b841dacae24b4808be6b7e49c5239e1b4da8327d4ebd,maia-relative-strength-100.pgn,maia2-1700__vs__maia2-1900.pgn
maia2-1700__vs__maia2-1900,95,48,MAIA2 1700,MAIA2 1900,maia2,maia2,1700,1900,White,MAIA2 1700,MAIA2 1900,1/2-1/2,0.5,threefold repetition,56,cde579021c1d63968668b841dacae24b4808be6b7e49c5239e1b4da8327d4ebd,maia-relative-strength-100.pgn,maia2-1700__vs__maia2-1900.pgn
maia2-1700__vs__maia2-1900,96,48,MAIA2 1700,MAIA2 1900,maia2,maia2,1700,1900,Black,MAIA2 1900,MAIA2 1700,1-0,0.0,checkmate,165,cde579021c1d63968668b841dacae24b4808be6b7e49c5239e1b4da8327d4ebd,maia-relative-strength-100.pgn,maia2-1700__vs__maia2-1900.pgn
maia2-1700__vs__maia2-1900,97,49,MAIA2 1700,MAIA2 1900,maia2,maia2,1700,1900,White,MAIA2 1700,MAIA2 1900,1/2-1/2,0.5,threefold repetition,77,cde579021c1d63968668b841dacae24b4808be6b7e49c5239e1b4da8327d4ebd,maia-relative-strength-100.pgn,maia2-1700__vs__maia2-1900.pgn
maia2-1700__vs__maia2-1900,98,49,MAIA2 1700,MAIA2 1900,maia2,maia2,1700,1900,Black,MAIA2 1900,MAIA2 1700,0-1,1.0,checkmate,118,cde579021c1d63968668b841dacae24b4808be6b7e49c5239e1b4da8327d4ebd,maia-relative-strength-100.pgn,maia2-1700__vs__maia2-1900.pgn
maia2-1700__vs__maia2-1900,99,50,MAIA2 1700,MAIA2 1900,maia2,maia2,1700,1900,White,MAIA2 1700,MAIA2 1900,1/2-1/2,0.5,threefold repetition,116,cde579021c1d63968668b841dacae24b4808be6b7e49c5239e1b4da8327d4ebd,maia-relative-strength-100.pgn,maia2-1700__vs__maia2-1900.pgn
maia2-1700__vs__maia2-1900,100,50,MAIA2 1700,MAIA2 1900,maia2,maia2,1700,1900,Black,MAIA2 1900,MAIA2 1700,1-0,0.0,checkmate,95,cde579021c1d63968668b841dacae24b4808be6b7e49c5239e1b4da8327d4ebd,maia-relative-strength-100.pgn,maia2-1700__vs__maia2-1900.pgn
maia2-1700__vs__maia2-1900,101,51,MAIA2 1700,MAIA2 1900,maia2,maia2,1700,1900,White,MAIA2 1700,MAIA2 1900,0-1,0.0,checkmate,54,cde579021c1d63968668b841dacae24b4808be6b7e49c5239e1b4da8327d4ebd,maia-relative-strength-100.pgn,maia2-1700__vs__maia2-1900.pgn
maia2-1700__vs__maia2-1900,102,51,MAIA2 1700,MAIA2 1900,maia2,maia2,1700,1900,Black,MAIA2 1900,MAIA2 1700,1-0,0.0,checkmate,87,cde579021c1d63968668b841dacae24b4808be6b7e49c5239e1b4da8327d4ebd,maia-relative-strength-100.pgn,maia2-1700__vs__maia2-1900.pgn
maia2-1700__vs__maia2-1900,103,52,MAIA2 1700,MAIA2 1900,maia2,maia2,1700,1900,White,MAIA2 1700,MAIA2 1900,1-0,1.0,checkmate,115,cde579021c1d63968668b841dacae24b4808be6b7e49c5239e1b4da8327d4ebd,maia-relative-strength-100.pgn,maia2-1700__vs__maia2-1900.pgn
maia2-1700__vs__maia2-1900,104,52,MAIA2 1700,MAIA2 1900,maia2,maia2,1700,1900,Black,MAIA2 1900,MAIA2 1700,1-0,0.0,checkmate,61,cde579021c1d63968668b841dacae24b4808be6b7e49c5239e1b4da8327d4ebd,maia-relative-strength-100.pgn,maia2-1700__vs__maia2-1900.pgn
maia2-1700__vs__maia2-1900,105,53,MAIA2 1700,MAIA2 1900,maia2,maia2,1700,1900,White,MAIA2 1700,MAIA2 1900,0-1,0.0,checkmate,66,cde579021c1d63968668b841dacae24b4808be6b7e49c5239e1b4da8327d4ebd,maia-relative-strength-100.pgn,maia2-1700__vs__maia2-1900.pgn
maia2-1700__vs__maia2-1900,106,53,MAIA2 1700,MAIA2 1900,maia2,maia2,1700,1900,Black,MAIA2 1900,MAIA2 1700,0-1,1.0,checkmate,64,cde579021c1d63968668b841dacae24b4808be6b7e49c5239e1b4da8327d4ebd,maia-relative-strength-100.pgn,maia2-1700__vs__maia2-1900.pgn
maia2-1700__vs__maia2-1900,107,54,MAIA2 1700,MAIA2 1900,maia2,maia2,1700,1900,White,MAIA2 1700,MAIA2 1900,1-0,1.0,checkmate,135,cde579021c1d63968668b841dacae24b4808be6b7e49c5239e1b4da8327d4ebd,maia-relative-strength-100.pgn,maia2-1700__vs__maia2-1900.pgn
maia2-1700__vs__maia2-1900,108,54,MAIA2 1700,MAIA2 1900,maia2,maia2,1700,1900,Black,MAIA2 1900,MAIA2 1700,1-0,0.0,checkmate,55,cde579021c1d63968668b841dacae24b4808be6b7e49c5239e1b4da8327d4ebd,maia-relative-strength-100.pgn,maia2-1700__vs__maia2-1900.pgn
maia2-1700__vs__maia2-1900,109,55,MAIA2 1700,MAIA2 1900,maia2,maia2,1700,1900,White,MAIA2 1700,MAIA2 1900,0-1,0.0,checkmate,48,cde579021c1d63968668b841dacae24b4808be6b7e49c5239e1b4da8327d4ebd,maia-relative-strength-100.pgn,maia2-1700__vs__maia2-1900.pgn
maia2-1700__vs__maia2-1900,110,55,MAIA2 1700,MAIA2 1900,maia2,maia2,1700,1900,Black,MAIA2 1900,MAIA2 1700,1/2-1/2,0.5,threefold repetition,74,cde579021c1d63968668b841dacae24b4808be6b7e49c5239e1b4da8327d4ebd,maia-relative-strength-100.pgn,maia2-1700__vs__maia2-1900.pgn
maia2-1700__vs__maia2-1900,111,56,MAIA2 1700,MAIA2 1900,maia2,maia2,1700,1900,White,MAIA2 1700,MAIA2 1900,0-1,0.0,checkmate,144,cde579021c1d63968668b841dacae24b4808be6b7e49c5239e1b4da8327d4ebd,maia-relative-strength-100.pgn,maia2-1700__vs__maia2-1900.pgn
maia2-1700__vs__maia2-1900,112,56,MAIA2 1700,MAIA2 1900,maia2,maia2,1700,1900,Black,MAIA2 1900,MAIA2 1700,1/2-1/2,0.5,threefold repetition,83,cde579021c1d63968668b841dacae24b4808be6b7e49c5239e1b4da8327d4ebd,maia-relative-strength-100.pgn,maia2-1700__vs__maia2-1900.pgn
maia2-1700__vs__maia2-1900,113,57,MAIA2 1700,MAIA2 1900,maia2,maia2,1700,1900,White,MAIA2 1700,MAIA2 1900,1/2-1/2,0.5,threefold repetition,149,cde579021c1d63968668b841dacae24b4808be6b7e49c5239e1b4da8327d4ebd,maia-relative-strength-100.pgn,maia2-1700__vs__maia2-1900.pgn
maia2-1700__vs__maia2-1900,114,57,MAIA2 1700,MAIA2 1900,maia2,maia2,1700,1900,Black,MAIA2 1900,MAIA2 1700,0-1,1.0,checkmate,108,cde579021c1d63968668b841dacae24b4808be6b7e49c5239e1b4da8327d4ebd,maia-relative-strength-100.pgn,maia2-1700__vs__maia2-1900.pgn
maia2-1700__vs__maia2-1900,115,58,MAIA2 1700,MAIA2 1900,maia2,maia2,1700,1900,White,MAIA2 1700,MAIA2 1900,1/2-1/2,0.5,stalemate,123,cde579021c1d63968668b841dacae24b4808be6b7e49c5239e1b4da8327d4ebd,maia-relative-strength-100.pgn,maia2-1700__vs__maia2-1900.pgn
maia2-1700__vs__maia2-1900,116,58,MAIA2 1700,MAIA2 1900,maia2,maia2,1700,1900,Black,MAIA2 1900,MAIA2 1700,1/2-1/2,0.5,threefold repetition,118,cde579021c1d63968668b841dacae24b4808be6b7e49c5239e1b4da8327d4ebd,maia-relative-strength-100.pgn,maia2-1700__vs__maia2-1900.pgn
maia2-1700__vs__maia2-1900,117,59,MAIA2 1700,MAIA2 1900,maia2,maia2,1700,1900,White,MAIA2 1700,MAIA2 1900,0-1,0.0,checkmate,114,cde579021c1d63968668b841dacae24b4808be6b7e49c5239e1b4da8327d4ebd,maia-relative-strength-100.pgn,maia2-1700__vs__maia2-1900.pgn
maia2-1700__vs__maia2-1900,118,59,MAIA2 1700,MAIA2 1900,maia2,maia2,1700,1900,Black,MAIA2 1900,MAIA2 1700,0-1,1.0,checkmate,90,cde579021c1d63968668b841dacae24b4808be6b7e49c5239e1b4da8327d4ebd,maia-relative-strength-100.pgn,maia2-1700__vs__maia2-1900.pgn
maia2-1700__vs__maia2-1900,119,60,MAIA2 1700,MAIA2 1900,maia2,maia2,1700,1900,White,MAIA2 1700,MAIA2 1900,1/2-1/2,0.5,threefold repetition,96,cde579021c1d63968668b841dacae24b4808be6b7e49c5239e1b4da8327d4ebd,maia-relative-strength-100.pgn,maia2-1700__vs__maia2-1900.pgn
maia2-1700__vs__maia2-1900,120,60,MAIA2 1700,MAIA2 1900,maia2,maia2,1700,1900,Black,MAIA2 1900,MAIA2 1700,1/2-1/2,0.5,threefold repetition,112,cde579021c1d63968668b841dacae24b4808be6b7e49c5239e1b4da8327d4ebd,maia-relative-strength-100.pgn,maia2-1700__vs__maia2-1900.pgn
maia2-1700__vs__maia2-1900,121,61,MAIA2 1700,MAIA2 1900,maia2,maia2,1700,1900,White,MAIA2 1700,MAIA2 1900,1-0,1.0,checkmate,107,cde579021c1d63968668b841dacae24b4808be6b7e49c5239e1b4da8327d4ebd,maia-relative-strength-100.pgn,maia2-1700__vs__maia2-1900.pgn
maia2-1700__vs__maia2-1900,122,61,MAIA2 1700,MAIA2 1900,maia2,maia2,1700,1900,Black,MAIA2 1900,MAIA2 1700,1/2-1/2,0.5,threefold repetition,135,cde579021c1d63968668b841dacae24b4808be6b7e49c5239e1b4da8327d4ebd,maia-relative-strength-100.pgn,maia2-1700__vs__maia2-1900.pgn
maia2-1700__vs__maia2-1900,123,62,MAIA2 1700,MAIA2 1900,maia2,maia2,1700,1900,White,MAIA2 1700,MAIA2 1900,0-1,0.0,checkmate,44,cde579021c1d63968668b841dacae24b4808be6b7e49c5239e1b4da8327d4ebd,maia-relative-strength-100.pgn,maia2-1700__vs__maia2-1900.pgn
maia2-1700__vs__maia2-1900,124,62,MAIA2 1700,MAIA2 1900,maia2,maia2,1700,1900,Black,MAIA2 1900,MAIA2 1700,0-1,1.0,checkmate,44,cde579021c1d63968668b841dacae24b4808be6b7e49c5239e1b4da8327d4ebd,maia-relative-strength-100.pgn,maia2-1700__vs__maia2-1900.pgn
maia2-1700__vs__maia2-1900,125,63,MAIA2 1700,MAIA2 1900,maia2,maia2,1700,1900,White,MAIA2 1700,MAIA2 1900,1/2-1/2,0.5,threefold repetition,64,cde579021c1d63968668b841dacae24b4808be6b7e49c5239e1b4da8327d4ebd,maia-relative-strength-100.pgn,maia2-1700__vs__maia2-1900.pgn
maia2-1700__vs__maia2-1900,126,63,MAIA2 1700,MAIA2 1900,maia2,maia2,1700,1900,Black,MAIA2 1900,MAIA2 1700,1-0,0.0,checkmate,71,cde579021c1d63968668b841dacae24b4808be6b7e49c5239e1b4da8327d4ebd,maia-relative-strength-100.pgn,maia2-1700__vs__maia2-1900.pgn
maia2-1700__vs__maia2-1900,127,64,MAIA2 1700,MAIA2 1900,maia2,maia2,1700,1900,White,MAIA2 1700,MAIA2 1900,0-1,0.0,checkmate,90,cde579021c1d63968668b841dacae24b4808be6b7e49c5239e1b4da8327d4ebd,maia-relative-strength-100.pgn,maia2-1700__vs__maia2-1900.pgn
maia2-1700__vs__maia2-1900,128,64,MAIA2 1700,MAIA2 1900,maia2,maia2,1700,1900,Black,MAIA2 1900,MAIA2 1700,1/2-1/2,0.5,threefold repetition,68,cde579021c1d63968668b841dacae24b4808be6b7e49c5239e1b4da8327d4ebd,maia-relative-strength-100.pgn,maia2-1700__vs__maia2-1900.pgn
maia2-1700__vs__maia2-1900,129,65,MAIA2 1700,MAIA2 1900,maia2,maia2,1700,1900,White,MAIA2 1700,MAIA2 1900,1-0,1.0,checkmate,77,cde579021c1d63968668b841dacae24b4808be6b7e49c5239e1b4da8327d4ebd,maia-relative-strength-100.pgn,maia2-1700__vs__maia2-1900.pgn
maia2-1700__vs__maia2-1900,130,65,MAIA2 1700,MAIA2 1900,maia2,maia2,1700,1900,Black,MAIA2 1900,MAIA2 1700,1-0,0.0,checkmate,67,cde579021c1d63968668b841dacae24b4808be6b7e49c5239e1b4da8327d4ebd,maia-relative-strength-100.pgn,maia2-1700__vs__maia2-1900.pgn
maia2-1700__vs__maia2-1900,131,66,MAIA2 1700,MAIA2 1900,maia2,maia2,1700,1900,White,MAIA2 1700,MAIA2 1900,0-1,0.0,checkmate,132,cde579021c1d63968668b841dacae24b4808be6b7e49c5239e1b4da8327d4ebd,maia-relative-strength-100.pgn,maia2-1700__vs__maia2-1900.pgn
maia2-1700__vs__maia2-1900,132,66,MAIA2 1700,MAIA2 1900,maia2,maia2,1700,1900,Black,MAIA2 1900,MAIA2 1700,1-0,0.0,checkmate,91,cde579021c1d63968668b841dacae24b4808be6b7e49c5239e1b4da8327d4ebd,maia-relative-strength-100.pgn,maia2-1700__vs__maia2-1900.pgn
maia2-1700__vs__maia2-1900,133,67,MAIA2 1700,MAIA2 1900,maia2,maia2,1700,1900,White,MAIA2 1700,MAIA2 1900,0-1,0.0,checkmate,60,cde579021c1d63968668b841dacae24b4808be6b7e49c5239e1b4da8327d4ebd,maia-relative-strength-100.pgn,maia2-1700__vs__maia2-1900.pgn
maia2-1700__vs__maia2-1900,134,67,MAIA2 1700,MAIA2 1900,maia2,maia2,1700,1900,Black,MAIA2 1900,MAIA2 1700,1-0,0.0,checkmate,45,cde579021c1d63968668b841dacae24b4808be6b7e49c5239e1b4da8327d4ebd,maia-relative-strength-100.pgn,maia2-1700__vs__maia2-1900.pgn
maia2-1700__vs__maia2-1900,135,68,MAIA2 1700,MAIA2 1900,maia2,maia2,1700,1900,White,MAIA2 1700,MAIA2 1900,1/2-1/2,0.5,threefold repetition,43,cde579021c1d63968668b841dacae24b4808be6b7e49c5239e1b4da8327d4ebd,maia-relative-strength-100.pgn,maia2-1700__vs__maia2-1900.pgn
maia2-1700__vs__maia2-1900,136,68,MAIA2 1700,MAIA2 1900,maia2,maia2,1700,1900,Black,MAIA2 1900,MAIA2 1700,1/2-1/2,0.5,threefold repetition,70,cde579021c1d63968668b841dacae24b4808be6b7e49c5239e1b4da8327d4ebd,maia-relative-strength-100.pgn,maia2-1700__vs__maia2-1900.pgn
maia2-1700__vs__maia2-1900,137,69,MAIA2 1700,MAIA2 1900,maia2,maia2,1700,1900,White,MAIA2 1700,MAIA2 1900,1/2-1/2,0.5,threefold repetition,104,cde579021c1d63968668b841dacae24b4808be6b7e49c5239e1b4da8327d4ebd,maia-relative-strength-100.pgn,maia2-1700__vs__maia2-1900.pgn
maia2-1700__vs__maia2-1900,138,69,MAIA2 1700,MAIA2 1900,maia2,maia2,1700,1900,Black,MAIA2 1900,MAIA2 1700,0-1,1.0,checkmate,56,cde579021c1d63968668b841dacae24b4808be6b7e49c5239e1b4da8327d4ebd,maia-relative-strength-100.pgn,maia2-1700__vs__maia2-1900.pgn
maia2-1700__vs__maia2-1900,139,70,MAIA2 1700,MAIA2 1900,maia2,maia2,1700,1900,White,MAIA2 1700,MAIA2 1900,0-1,0.0,checkmate,152,cde579021c1d63968668b841dacae24b4808be6b7e49c5239e1b4da8327d4ebd,maia-relative-strength-100.pgn,maia2-1700__vs__maia2-1900.pgn
maia2-1700__vs__maia2-1900,140,70,MAIA2 1700,MAIA2 1900,maia2,maia2,1700,1900,Black,MAIA2 1900,MAIA2 1700,1/2-1/2,0.5,threefold repetition,86,cde579021c1d63968668b841dacae24b4808be6b7e49c5239e1b4da8327d4ebd,maia-relative-strength-100.pgn,maia2-1700__vs__maia2-1900.pgn
maia2-1700__vs__maia2-1900,141,71,MAIA2 1700,MAIA2 1900,maia2,maia2,1700,1900,White,MAIA2 1700,MAIA2 1900,1/2-1/2,0.5,stalemate,145,cde579021c1d63968668b841dacae24b4808be6b7e49c5239e1b4da8327d4ebd,maia-relative-strength-100.pgn,maia2-1700__vs__maia2-1900.pgn
maia2-1700__vs__maia2-1900,142,71,MAIA2 1700,MAIA2 1900,maia2,maia2,1700,1900,Black,MAIA2 1900,MAIA2 1700,1/2-1/2,0.5,threefold repetition,101,cde579021c1d63968668b841dacae24b4808be6b7e49c5239e1b4da8327d4ebd,maia-relative-strength-100.pgn,maia2-1700__vs__maia2-1900.pgn
maia2-1700__vs__maia2-1900,143,72,MAIA2 1700,MAIA2 1900,maia2,maia2,1700,1900,White,MAIA2 1700,MAIA2 1900,1-0,1.0,checkmate,87,cde579021c1d63968668b841dacae24b4808be6b7e49c5239e1b4da8327d4ebd,maia-relative-strength-100.pgn,maia2-1700__vs__maia2-1900.pgn
maia2-1700__vs__maia2-1900,144,72,MAIA2 1700,MAIA2 1900,maia2,maia2,1700,1900,Black,MAIA2 1900,MAIA2 1700,1/2-1/2,0.5,threefold repetition,63,cde579021c1d63968668b841dacae24b4808be6b7e49c5239e1b4da8327d4ebd,maia-relative-strength-100.pgn,maia2-1700__vs__maia2-1900.pgn
maia2-1700__vs__maia2-1900,145,73,MAIA2 1700,MAIA2 1900,maia2,maia2,1700,1900,White,MAIA2 1700,MAIA2 1900,0-1,0.0,checkmate,106,cde579021c1d63968668b841dacae24b4808be6b7e49c5239e1b4da8327d4ebd,maia-relative-strength-100.pgn,maia2-1700__vs__maia2-1900.pgn
maia2-1700__vs__maia2-1900,146,73,MAIA2 1700,MAIA2 1900,maia2,maia2,1700,1900,Black,MAIA2 1900,MAIA2 1700,0-1,1.0,checkmate,104,cde579021c1d63968668b841dacae24b4808be6b7e49c5239e1b4da8327d4ebd,maia-relative-strength-100.pgn,maia2-1700__vs__maia2-1900.pgn
maia2-1700__vs__maia2-1900,147,74,MAIA2 1700,MAIA2 1900,maia2,maia2,1700,1900,White,MAIA2 1700,MAIA2 1900,1-0,1.0,checkmate,71,cde579021c1d63968668b841dacae24b4808be6b7e49c5239e1b4da8327d4ebd,maia-relative-strength-100.pgn,maia2-1700__vs__maia2-1900.pgn
maia2-1700__vs__maia2-1900,148,74,MAIA2 1700,MAIA2 1900,maia2,maia2,1700,1900,Black,MAIA2 1900,MAIA2 1700,1/2-1/2,0.5,stalemate,111,cde579021c1d63968668b841dacae24b4808be6b7e49c5239e1b4da8327d4ebd,maia-relative-strength-100.pgn,maia2-1700__vs__maia2-1900.pgn
maia2-1700__vs__maia2-1900,149,75,MAIA2 1700,MAIA2 1900,maia2,maia2,1700,1900,White,MAIA2 1700,MAIA2 1900,0-1,0.0,checkmate,62,cde579021c1d63968668b841dacae24b4808be6b7e49c5239e1b4da8327d4ebd,maia-relative-strength-100.pgn,maia2-1700__vs__maia2-1900.pgn
maia2-1700__vs__maia2-1900,150,75,MAIA2 1700,MAIA2 1900,maia2,maia2,1700,1900,Black,MAIA2 1900,MAIA2 1700,1/2-1/2,0.5,threefold repetition,115,cde579021c1d63968668b841dacae24b4808be6b7e49c5239e1b4da8327d4ebd,maia-relative-strength-100.pgn,maia2-1700__vs__maia2-1900.pgn
maia2-1700__vs__maia2-1900,151,76,MAIA2 1700,MAIA2 1900,maia2,maia2,1700,1900,White,MAIA2 1700,MAIA2 1900,0-1,0.0,checkmate,130,cde579021c1d63968668b841dacae24b4808be6b7e49c5239e1b4da8327d4ebd,maia-relative-strength-100.pgn,maia2-1700__vs__maia2-1900.pgn
maia2-1700__vs__maia2-1900,152,76,MAIA2 1700,MAIA2 1900,maia2,maia2,1700,1900,Black,MAIA2 1900,MAIA2 1700,1-0,0.0,checkmate,127,cde579021c1d63968668b841dacae24b4808be6b7e49c5239e1b4da8327d4ebd,maia-relative-strength-100.pgn,maia2-1700__vs__maia2-1900.pgn
maia2-1700__vs__maia2-1900,153,77,MAIA2 1700,MAIA2 1900,maia2,maia2,1700,1900,White,MAIA2 1700,MAIA2 1900,0-1,0.0,checkmate,80,cde579021c1d63968668b841dacae24b4808be6b7e49c5239e1b4da8327d4ebd,maia-relative-strength-100.pgn,maia2-1700__vs__maia2-1900.pgn
maia2-1700__vs__maia2-1900,154,77,MAIA2 1700,MAIA2 1900,maia2,maia2,1700,1900,Black,MAIA2 1900,MAIA2 1700,0-1,1.0,checkmate,124,cde579021c1d63968668b841dacae24b4808be6b7e49c5239e1b4da8327d4ebd,maia-relative-strength-100.pgn,maia2-1700__vs__maia2-1900.pgn
maia2-1700__vs__maia2-1900,155,78,MAIA2 1700,MAIA2 1900,maia2,maia2,1700,1900,White,MAIA2 1700,MAIA2 1900,0-1,0.0,checkmate,106,cde579021c1d63968668b841dacae24b4808be6b7e49c5239e1b4da8327d4ebd,maia-relative-strength-100.pgn,maia2-1700__vs__maia2-1900.pgn
maia2-1700__vs__maia2-1900,156,78,MAIA2 1700,MAIA2 1900,maia2,maia2,1700,1900,Black,MAIA2 1900,MAIA2 1700,0-1,1.0,checkmate,74,cde579021c1d63968668b841dacae24b4808be6b7e49c5239e1b4da8327d4ebd,maia-relative-strength-100.pgn,maia2-1700__vs__maia2-1900.pgn
maia2-1700__vs__maia2-1900,157,79,MAIA2 1700,MAIA2 1900,maia2,maia2,1700,1900,White,MAIA2 1700,MAIA2 1900,1/2-1/2,0.5,threefold repetition,110,cde579021c1d63968668b841dacae24b4808be6b7e49c5239e1b4da8327d4ebd,maia-relative-strength-100.pgn,maia2-1700__vs__maia2-1900.pgn
maia2-1700__vs__maia2-1900,158,79,MAIA2 1700,MAIA2 1900,maia2,maia2,1700,1900,Black,MAIA2 1900,MAIA2 1700,1-0,0.0,checkmate,37,cde579021c1d63968668b841dacae24b4808be6b7e49c5239e1b4da8327d4ebd,maia-relative-strength-100.pgn,maia2-1700__vs__maia2-1900.pgn
maia2-1700__vs__maia2-1900,159,80,MAIA2 1700,MAIA2 1900,maia2,maia2,1700,1900,White,MAIA2 1700,MAIA2 1900,1-0,1.0,checkmate,147,cde579021c1d63968668b841dacae24b4808be6b7e49c5239e1b4da8327d4ebd,maia-relative-strength-100.pgn,maia2-1700__vs__maia2-1900.pgn
maia2-1700__vs__maia2-1900,160,80,MAIA2 1700,MAIA2 1900,maia2,maia2,1700,1900,Black,MAIA2 1900,MAIA2 1700,1/2-1/2,0.5,threefold repetition,81,cde579021c1d63968668b841dacae24b4808be6b7e49c5239e1b4da8327d4ebd,maia-relative-strength-100.pgn,maia2-1700__vs__maia2-1900.pgn
maia2-1700__vs__maia2-1900,161,81,MAIA2 1700,MAIA2 1900,maia2,maia2,1700,1900,White,MAIA2 1700,MAIA2 1900,1/2-1/2,0.5,threefold repetition,83,cde579021c1d63968668b841dacae24b4808be6b7e49c5239e1b4da8327d4ebd,maia-relative-strength-100.pgn,maia2-1700__vs__maia2-1900.pgn
maia2-1700__vs__maia2-1900,162,81,MAIA2 1700,MAIA2 1900,maia2,maia2,1700,1900,Black,MAIA2 1900,MAIA2 1700,1-0,0.0,checkmate,75,cde579021c1d63968668b841dacae24b4808be6b7e49c5239e1b4da8327d4ebd,maia-relative-strength-100.pgn,maia2-1700__vs__maia2-1900.pgn
maia2-1700__vs__maia2-1900,163,82,MAIA2 1700,MAIA2 1900,maia2,maia2,1700,1900,White,MAIA2 1700,MAIA2 1900,0-1,0.0,checkmate,68,cde579021c1d63968668b841dacae24b4808be6b7e49c5239e1b4da8327d4ebd,maia-relative-strength-100.pgn,maia2-1700__vs__maia2-1900.pgn
maia2-1700__vs__maia2-1900,164,82,MAIA2 1700,MAIA2 1900,maia2,maia2,1700,1900,Black,MAIA2 1900,MAIA2 1700,0-1,1.0,checkmate,80,cde579021c1d63968668b841dacae24b4808be6b7e49c5239e1b4da8327d4ebd,maia-relative-strength-100.pgn,maia2-1700__vs__maia2-1900.pgn
maia2-1700__vs__maia2-1900,165,83,MAIA2 1700,MAIA2 1900,maia2,maia2,1700,1900,White,MAIA2 1700,MAIA2 1900,0-1,0.0,checkmate,134,cde579021c1d63968668b841dacae24b4808be6b7e49c5239e1b4da8327d4ebd,maia-relative-strength-100.pgn,maia2-1700__vs__maia2-1900.pgn
maia2-1700__vs__maia2-1900,166,83,MAIA2 1700,MAIA2 1900,maia2,maia2,1700,1900,Black,MAIA2 1900,MAIA2 1700,1-0,0.0,checkmate,45,cde579021c1d63968668b841dacae24b4808be6b7e49c5239e1b4da8327d4ebd,maia-relative-strength-100.pgn,maia2-1700__vs__maia2-1900.pgn
maia2-1700__vs__maia2-1900,167,84,MAIA2 1700,MAIA2 1900,maia2,maia2,1700,1900,White,MAIA2 1700,MAIA2 1900,1-0,1.0,checkmate,87,cde579021c1d63968668b841dacae24b4808be6b7e49c5239e1b4da8327d4ebd,maia-relative-strength-100.pgn,maia2-1700__vs__maia2-1900.pgn
maia2-1700__vs__maia2-1900,168,84,MAIA2 1700,MAIA2 1900,maia2,maia2,1700,1900,Black,MAIA2 1900,MAIA2 1700,1/2-1/2,0.5,threefold repetition,83,cde579021c1d63968668b841dacae24b4808be6b7e49c5239e1b4da8327d4ebd,maia-relative-strength-100.pgn,maia2-1700__vs__maia2-1900.pgn
maia2-1700__vs__maia2-1900,169,85,MAIA2 1700,MAIA2 1900,maia2,maia2,1700,1900,White,MAIA2 1700,MAIA2 1900,0-1,0.0,checkmate,42,cde579021c1d63968668b841dacae24b4808be6b7e49c5239e1b4da8327d4ebd,maia-relative-strength-100.pgn,maia2-1700__vs__maia2-1900.pgn
maia2-1700__vs__maia2-1900,170,85,MAIA2 1700,MAIA2 1900,maia2,maia2,1700,1900,Black,MAIA2 1900,MAIA2 1700,1-0,0.0,checkmate,105,cde579021c1d63968668b841dacae24b4808be6b7e49c5239e1b4da8327d4ebd,maia-relative-strength-100.pgn,maia2-1700__vs__maia2-1900.pgn
maia2-1700__vs__maia2-1900,171,86,MAIA2 1700,MAIA2 1900,maia2,maia2,1700,1900,White,MAIA2 1700,MAIA2 1900,0-1,0.0,checkmate,74,cde579021c1d63968668b841dacae24b4808be6b7e49c5239e1b4da8327d4ebd,maia-relative-strength-100.pgn,maia2-1700__vs__maia2-1900.pgn
maia2-1700__vs__maia2-1900,172,86,MAIA2 1700,MAIA2 1900,maia2,maia2,1700,1900,Black,MAIA2 1900,MAIA2 1700,1/2-1/2,0.5,threefold repetition,38,cde579021c1d63968668b841dacae24b4808be6b7e49c5239e1b4da8327d4ebd,maia-relative-strength-100.pgn,maia2-1700__vs__maia2-1900.pgn
maia2-1700__vs__maia2-1900,173,87,MAIA2 1700,MAIA2 1900,maia2,maia2,1700,1900,White,MAIA2 1700,MAIA2 1900,1/2-1/2,0.5,threefold repetition,156,cde579021c1d63968668b841dacae24b4808be6b7e49c5239e1b4da8327d4ebd,maia-relative-strength-100.pgn,maia2-1700__vs__maia2-1900.pgn
maia2-1700__vs__maia2-1900,174,87,MAIA2 1700,MAIA2 1900,maia2,maia2,1700,1900,Black,MAIA2 1900,MAIA2 1700,0-1,1.0,checkmate,98,cde579021c1d63968668b841dacae24b4808be6b7e49c5239e1b4da8327d4ebd,maia-relative-strength-100.pgn,maia2-1700__vs__maia2-1900.pgn
maia2-1700__vs__maia2-1900,175,88,MAIA2 1700,MAIA2 1900,maia2,maia2,1700,1900,White,MAIA2 1700,MAIA2 1900,0-1,0.0,checkmate,58,cde579021c1d63968668b841dacae24b4808be6b7e49c5239e1b4da8327d4ebd,maia-relative-strength-100.pgn,maia2-1700__vs__maia2-1900.pgn
maia2-1700__vs__maia2-1900,176,88,MAIA2 1700,MAIA2 1900,maia2,maia2,1700,1900,Black,MAIA2 1900,MAIA2 1700,1/2-1/2,0.5,threefold repetition,81,cde579021c1d63968668b841dacae24b4808be6b7e49c5239e1b4da8327d4ebd,maia-relative-strength-100.pgn,maia2-1700__vs__maia2-1900.pgn
maia2-1700__vs__maia2-1900,177,89,MAIA2 1700,MAIA2 1900,maia2,maia2,1700,1900,White,MAIA2 1700,MAIA2 1900,1/2-1/2,0.5,stalemate,125,cde579021c1d63968668b841dacae24b4808be6b7e49c5239e1b4da8327d4ebd,maia-relative-strength-100.pgn,maia2-1700__vs__maia2-1900.pgn
maia2-1700__vs__maia2-1900,178,89,MAIA2 1700,MAIA2 1900,maia2,maia2,1700,1900,Black,MAIA2 1900,MAIA2 1700,0-1,1.0,checkmate,84,cde579021c1d63968668b841dacae24b4808be6b7e49c5239e1b4da8327d4ebd,maia-relative-strength-100.pgn,maia2-1700__vs__maia2-1900.pgn
maia2-1700__vs__maia2-1900,179,90,MAIA2 1700,MAIA2 1900,maia2,maia2,1700,1900,White,MAIA2 1700,MAIA2 1900,1/2-1/2,0.5,threefold repetition,51,cde579021c1d63968668b841dacae24b4808be6b7e49c5239e1b4da8327d4ebd,maia-relative-strength-100.pgn,maia2-1700__vs__maia2-1900.pgn
maia2-1700__vs__maia2-1900,180,90,MAIA2 1700,MAIA2 1900,maia2,maia2,1700,1900,Black,MAIA2 1900,MAIA2 1700,1-0,0.0,checkmate,45,cde579021c1d63968668b841dacae24b4808be6b7e49c5239e1b4da8327d4ebd,maia-relative-strength-100.pgn,maia2-1700__vs__maia2-1900.pgn
maia2-1700__vs__maia2-1900,181,91,MAIA2 1700,MAIA2 1900,maia2,maia2,1700,1900,White,MAIA2 1700,MAIA2 1900,1-0,1.0,checkmate,135,cde579021c1d63968668b841dacae24b4808be6b7e49c5239e1b4da8327d4ebd,maia-relative-strength-100.pgn,maia2-1700__vs__maia2-1900.pgn
maia2-1700__vs__maia2-1900,182,91,MAIA2 1700,MAIA2 1900,maia2,maia2,1700,1900,Black,MAIA2 1900,MAIA2 1700,1-0,0.0,checkmate,99,cde579021c1d63968668b841dacae24b4808be6b7e49c5239e1b4da8327d4ebd,maia-relative-strength-100.pgn,maia2-1700__vs__maia2-1900.pgn
maia2-1700__vs__maia2-1900,183,92,MAIA2 1700,MAIA2 1900,maia2,maia2,1700,1900,White,MAIA2 1700,MAIA2 1900,1-0,1.0,checkmate,17,cde579021c1d63968668b841dacae24b4808be6b7e49c5239e1b4da8327d4ebd,maia-relative-strength-100.pgn,maia2-1700__vs__maia2-1900.pgn
maia2-1700__vs__maia2-1900,184,92,MAIA2 1700,MAIA2 1900,maia2,maia2,1700,1900,Black,MAIA2 1900,MAIA2 1700,0-1,1.0,checkmate,108,cde579021c1d63968668b841dacae24b4808be6b7e49c5239e1b4da8327d4ebd,maia-relative-strength-100.pgn,maia2-1700__vs__maia2-1900.pgn
maia2-1700__vs__maia2-1900,185,93,MAIA2 1700,MAIA2 1900,maia2,maia2,1700,1900,White,MAIA2 1700,MAIA2 1900,0-1,0.0,checkmate,134,cde579021c1d63968668b841dacae24b4808be6b7e49c5239e1b4da8327d4ebd,maia-relative-strength-100.pgn,maia2-1700__vs__maia2-1900.pgn
maia2-1700__vs__maia2-1900,186,93,MAIA2 1700,MAIA2 1900,maia2,maia2,1700,1900,Black,MAIA2 1900,MAIA2 1700,1-0,0.0,checkmate,45,cde579021c1d63968668b841dacae24b4808be6b7e49c5239e1b4da8327d4ebd,maia-relative-strength-100.pgn,maia2-1700__vs__maia2-1900.pgn
maia2-1700__vs__maia2-1900,187,94,MAIA2 1700,MAIA2 1900,maia2,maia2,1700,1900,White,MAIA2 1700,MAIA2 1900,1/2-1/2,0.5,threefold repetition,113,cde579021c1d63968668b841dacae24b4808be6b7e49c5239e1b4da8327d4ebd,maia-relative-strength-100.pgn,maia2-1700__vs__maia2-1900.pgn
maia2-1700__vs__maia2-1900,188,94,MAIA2 1700,MAIA2 1900,maia2,maia2,1700,1900,Black,MAIA2 1900,MAIA2 1700,1-0,0.0,checkmate,111,cde579021c1d63968668b841dacae24b4808be6b7e49c5239e1b4da8327d4ebd,maia-relative-strength-100.pgn,maia2-1700__vs__maia2-1900.pgn
maia2-1700__vs__maia2-1900,189,95,MAIA2 1700,MAIA2 1900,maia2,maia2,1700,1900,White,MAIA2 1700,MAIA2 1900,1-0,1.0,checkmate,113,cde579021c1d63968668b841dacae24b4808be6b7e49c5239e1b4da8327d4ebd,maia-relative-strength-100.pgn,maia2-1700__vs__maia2-1900.pgn
maia2-1700__vs__maia2-1900,190,95,MAIA2 1700,MAIA2 1900,maia2,maia2,1700,1900,Black,MAIA2 1900,MAIA2 1700,1-0,0.0,checkmate,131,cde579021c1d63968668b841dacae24b4808be6b7e49c5239e1b4da8327d4ebd,maia-relative-strength-100.pgn,maia2-1700__vs__maia2-1900.pgn
maia2-1700__vs__maia2-1900,191,96,MAIA2 1700,MAIA2 1900,maia2,maia2,1700,1900,White,MAIA2 1700,MAIA2 1900,1/2-1/2,0.5,threefold repetition,48,cde579021c1d63968668b841dacae24b4808be6b7e49c5239e1b4da8327d4ebd,maia-relative-strength-100.pgn,maia2-1700__vs__maia2-1900.pgn
maia2-1700__vs__maia2-1900,192,96,MAIA2 1700,MAIA2 1900,maia2,maia2,1700,1900,Black,MAIA2 1900,MAIA2 1700,1-0,0.0,checkmate,59,cde579021c1d63968668b841dacae24b4808be6b7e49c5239e1b4da8327d4ebd,maia-relative-strength-100.pgn,maia2-1700__vs__maia2-1900.pgn
maia2-1700__vs__maia2-1900,193,97,MAIA2 1700,MAIA2 1900,maia2,maia2,1700,1900,White,MAIA2 1700,MAIA2 1900,1/2-1/2,0.5,threefold repetition,33,cde579021c1d63968668b841dacae24b4808be6b7e49c5239e1b4da8327d4ebd,maia-relative-strength-100.pgn,maia2-1700__vs__maia2-1900.pgn
maia2-1700__vs__maia2-1900,194,97,MAIA2 1700,MAIA2 1900,maia2,maia2,1700,1900,Black,MAIA2 1900,MAIA2 1700,1/2-1/2,0.5,threefold repetition,33,cde579021c1d63968668b841dacae24b4808be6b7e49c5239e1b4da8327d4ebd,maia-relative-strength-100.pgn,maia2-1700__vs__maia2-1900.pgn
maia2-1700__vs__maia2-1900,195,98,MAIA2 1700,MAIA2 1900,maia2,maia2,1700,1900,White,MAIA2 1700,MAIA2 1900,1-0,1.0,checkmate,77,cde579021c1d63968668b841dacae24b4808be6b7e49c5239e1b4da8327d4ebd,maia-relative-strength-100.pgn,maia2-1700__vs__maia2-1900.pgn
maia2-1700__vs__maia2-1900,196,98,MAIA2 1700,MAIA2 1900,maia2,maia2,1700,1900,Black,MAIA2 1900,MAIA2 1700,1/2-1/2,0.5,threefold repetition,102,cde579021c1d63968668b841dacae24b4808be6b7e49c5239e1b4da8327d4ebd,maia-relative-strength-100.pgn,maia2-1700__vs__maia2-1900.pgn
maia2-1700__vs__maia2-1900,197,99,MAIA2 1700,MAIA2 1900,maia2,maia2,1700,1900,White,MAIA2 1700,MAIA2 1900,1/2-1/2,0.5,threefold repetition,56,cde579021c1d63968668b841dacae24b4808be6b7e49c5239e1b4da8327d4ebd,maia-relative-strength-100.pgn,maia2-1700__vs__maia2-1900.pgn
maia2-1700__vs__maia2-1900,198,99,MAIA2 1700,MAIA2 1900,maia2,maia2,1700,1900,Black,MAIA2 1900,MAIA2 1700,1-0,0.0,checkmate,145,cde579021c1d63968668b841dacae24b4808be6b7e49c5239e1b4da8327d4ebd,maia-relative-strength-100.pgn,maia2-1700__vs__maia2-1900.pgn
maia2-1700__vs__maia2-1900,199,100,MAIA2 1700,MAIA2 1900,maia2,maia2,1700,1900,White,MAIA2 1700,MAIA2 1900,0-1,0.0,checkmate,58,cde579021c1d63968668b841dacae24b4808be6b7e49c5239e1b4da8327d4ebd,maia-relative-strength-100.pgn,maia2-1700__vs__maia2-1900.pgn
maia2-1700__vs__maia2-1900,200,100,MAIA2 1700,MAIA2 1900,maia2,maia2,1700,1900,Black,MAIA2 1900,MAIA2 1700,1/2-1/2,0.5,threefold repetition,81,cde579021c1d63968668b841dacae24b4808be6b7e49c5239e1b4da8327d4ebd,maia-relative-strength-100.pgn,maia2-1700__vs__maia2-1900.pgn
maia2-1700__vs__maia3-1700,1,1,MAIA2 1700,MAIA3 1700,maia2,maia3,1700,1700,White,MAIA2 1700,MAIA3 1700,1-0,1.0,checkmate,151,8768409b3362b7e491d33978c9cc6d0a81ca7d36365fd0731596d821d9316edb,maia-relative-strength-100.pgn,maia2-1700__vs__maia3-1700.pgn
maia2-1700__vs__maia3-1700,2,1,MAIA2 1700,MAIA3 1700,maia2,maia3,1700,1700,Black,MAIA3 1700,MAIA2 1700,0-1,1.0,checkmate,50,8768409b3362b7e491d33978c9cc6d0a81ca7d36365fd0731596d821d9316edb,maia-relative-strength-100.pgn,maia2-1700__vs__maia3-1700.pgn
maia2-1700__vs__maia3-1700,3,2,MAIA2 1700,MAIA3 1700,maia2,maia3,1700,1700,White,MAIA2 1700,MAIA3 1700,1-0,1.0,checkmate,73,8768409b3362b7e491d33978c9cc6d0a81ca7d36365fd0731596d821d9316edb,maia-relative-strength-100.pgn,maia2-1700__vs__maia3-1700.pgn
maia2-1700__vs__maia3-1700,4,2,MAIA2 1700,MAIA3 1700,maia2,maia3,1700,1700,Black,MAIA3 1700,MAIA2 1700,1-0,0.0,checkmate,65,8768409b3362b7e491d33978c9cc6d0a81ca7d36365fd0731596d821d9316edb,maia-relative-strength-100.pgn,maia2-1700__vs__maia3-1700.pgn
maia2-1700__vs__maia3-1700,5,3,MAIA2 1700,MAIA3 1700,maia2,maia3,1700,1700,White,MAIA2 1700,MAIA3 1700,0-1,0.0,checkmate,64,8768409b3362b7e491d33978c9cc6d0a81ca7d36365fd0731596d821d9316edb,maia-relative-strength-100.pgn,maia2-1700__vs__maia3-1700.pgn
maia2-1700__vs__maia3-1700,6,3,MAIA2 1700,MAIA3 1700,maia2,maia3,1700,1700,Black,MAIA3 1700,MAIA2 1700,1-0,0.0,checkmate,67,8768409b3362b7e491d33978c9cc6d0a81ca7d36365fd0731596d821d9316edb,maia-relative-strength-100.pgn,maia2-1700__vs__maia3-1700.pgn
maia2-1700__vs__maia3-1700,7,4,MAIA2 1700,MAIA3 1700,maia2,maia3,1700,1700,White,MAIA2 1700,MAIA3 1700,0-1,0.0,checkmate,92,8768409b3362b7e491d33978c9cc6d0a81ca7d36365fd0731596d821d9316edb,maia-relative-strength-100.pgn,maia2-1700__vs__maia3-1700.pgn
maia2-1700__vs__maia3-1700,8,4,MAIA2 1700,MAIA3 1700,maia2,maia3,1700,1700,Black,MAIA3 1700,MAIA2 1700,0-1,1.0,checkmate,140,8768409b3362b7e491d33978c9cc6d0a81ca7d36365fd0731596d821d9316edb,maia-relative-strength-100.pgn,maia2-1700__vs__maia3-1700.pgn
maia2-1700__vs__maia3-1700,9,5,MAIA2 1700,MAIA3 1700,maia2,maia3,1700,1700,White,MAIA2 1700,MAIA3 1700,0-1,0.0,checkmate,108,8768409b3362b7e491d33978c9cc6d0a81ca7d36365fd0731596d821d9316edb,maia-relative-strength-100.pgn,maia2-1700__vs__maia3-1700.pgn
maia2-1700__vs__maia3-1700,10,5,MAIA2 1700,MAIA3 1700,maia2,maia3,1700,1700,Black,MAIA3 1700,MAIA2 1700,1/2-1/2,0.5,stalemate,140,8768409b3362b7e491d33978c9cc6d0a81ca7d36365fd0731596d821d9316edb,maia-relative-strength-100.pgn,maia2-1700__vs__maia3-1700.pgn
maia2-1700__vs__maia3-1700,11,6,MAIA2 1700,MAIA3 1700,maia2,maia3,1700,1700,White,MAIA2 1700,MAIA3 1700,1-0,1.0,checkmate,31,8768409b3362b7e491d33978c9cc6d0a81ca7d36365fd0731596d821d9316edb,maia-relative-strength-100.pgn,maia2-1700__vs__maia3-1700.pgn
maia2-1700__vs__maia3-1700,12,6,MAIA2 1700,MAIA3 1700,maia2,maia3,1700,1700,Black,MAIA3 1700,MAIA2 1700,1/2-1/2,0.5,threefold repetition,96,8768409b3362b7e491d33978c9cc6d0a81ca7d36365fd0731596d821d9316edb,maia-relative-strength-100.pgn,maia2-1700__vs__maia3-1700.pgn
maia2-1700__vs__maia3-1700,13,7,MAIA2 1700,MAIA3 1700,maia2,maia3,1700,1700,White,MAIA2 1700,MAIA3 1700,1-0,1.0,checkmate,121,8768409b3362b7e491d33978c9cc6d0a81ca7d36365fd0731596d821d9316edb,maia-relative-strength-100.pgn,maia2-1700__vs__maia3-1700.pgn
maia2-1700__vs__maia3-1700,14,7,MAIA2 1700,MAIA3 1700,maia2,maia3,1700,1700,Black,MAIA3 1700,MAIA2 1700,1-0,0.0,checkmate,69,8768409b3362b7e491d33978c9cc6d0a81ca7d36365fd0731596d821d9316edb,maia-relative-strength-100.pgn,maia2-1700__vs__maia3-1700.pgn
maia2-1700__vs__maia3-1700,15,8,MAIA2 1700,MAIA3 1700,maia2,maia3,1700,1700,White,MAIA2 1700,MAIA3 1700,1-0,1.0,checkmate,71,8768409b3362b7e491d33978c9cc6d0a81ca7d36365fd0731596d821d9316edb,maia-relative-strength-100.pgn,maia2-1700__vs__maia3-1700.pgn
maia2-1700__vs__maia3-1700,16,8,MAIA2 1700,MAIA3 1700,maia2,maia3,1700,1700,Black,MAIA3 1700,MAIA2 1700,1/2-1/2,0.5,threefold repetition,107,8768409b3362b7e491d33978c9cc6d0a81ca7d36365fd0731596d821d9316edb,maia-relative-strength-100.pgn,maia2-1700__vs__maia3-1700.pgn
maia2-1700__vs__maia3-1700,17,9,MAIA2 1700,MAIA3 1700,maia2,maia3,1700,1700,White,MAIA2 1700,MAIA3 1700,1/2-1/2,0.5,insufficient material,112,8768409b3362b7e491d33978c9cc6d0a81ca7d36365fd0731596d821d9316edb,maia-relative-strength-100.pgn,maia2-1700__vs__maia3-1700.pgn
maia2-1700__vs__maia3-1700,18,9,MAIA2 1700,MAIA3 1700,maia2,maia3,1700,1700,Black,MAIA3 1700,MAIA2 1700,1-0,0.0,checkmate,113,8768409b3362b7e491d33978c9cc6d0a81ca7d36365fd0731596d821d9316edb,maia-relative-strength-100.pgn,maia2-1700__vs__maia3-1700.pgn
maia2-1700__vs__maia3-1700,19,10,MAIA2 1700,MAIA3 1700,maia2,maia3,1700,1700,White,MAIA2 1700,MAIA3 1700,1/2-1/2,0.5,threefold repetition,87,8768409b3362b7e491d33978c9cc6d0a81ca7d36365fd0731596d821d9316edb,maia-relative-strength-100.pgn,maia2-1700__vs__maia3-1700.pgn
maia2-1700__vs__maia3-1700,20,10,MAIA2 1700,MAIA3 1700,maia2,maia3,1700,1700,Black,MAIA3 1700,MAIA2 1700,1-0,0.0,checkmate,43,8768409b3362b7e491d33978c9cc6d0a81ca7d36365fd0731596d821d9316edb,maia-relative-strength-100.pgn,maia2-1700__vs__maia3-1700.pgn
maia2-1700__vs__maia3-1700,21,11,MAIA2 1700,MAIA3 1700,maia2,maia3,1700,1700,White,MAIA2 1700,MAIA3 1700,0-1,0.0,checkmate,106,8768409b3362b7e491d33978c9cc6d0a81ca7d36365fd0731596d821d9316edb,maia-relative-strength-100.pgn,maia2-1700__vs__maia3-1700.pgn
maia2-1700__vs__maia3-1700,22,11,MAIA2 1700,MAIA3 1700,maia2,maia3,1700,1700,Black,MAIA3 1700,MAIA2 1700,1-0,0.0,checkmate,125,8768409b3362b7e491d33978c9cc6d0a81ca7d36365fd0731596d821d9316edb,maia-relative-strength-100.pgn,maia2-1700__vs__maia3-1700.pgn
maia2-1700__vs__maia3-1700,23,12,MAIA2 1700,MAIA3 1700,maia2,maia3,1700,1700,White,MAIA2 1700,MAIA3 1700,0-1,0.0,checkmate,72,8768409b3362b7e491d33978c9cc6d0a81ca7d36365fd0731596d821d9316edb,maia-relative-strength-100.pgn,maia2-1700__vs__maia3-1700.pgn
maia2-1700__vs__maia3-1700,24,12,MAIA2 1700,MAIA3 1700,maia2,maia3,1700,1700,Black,MAIA3 1700,MAIA2 1700,1/2-1/2,0.5,threefold repetition,57,8768409b3362b7e491d33978c9cc6d0a81ca7d36365fd0731596d821d9316edb,maia-relative-strength-100.pgn,maia2-1700__vs__maia3-1700.pgn
maia2-1700__vs__maia3-1700,25,13,MAIA2 1700,MAIA3 1700,maia2,maia3,1700,1700,White,MAIA2 1700,MAIA3 1700,0-1,0.0,checkmate,68,8768409b3362b7e491d33978c9cc6d0a81ca7d36365fd0731596d821d9316edb,maia-relative-strength-100.pgn,maia2-1700__vs__maia3-1700.pgn
maia2-1700__vs__maia3-1700,26,13,MAIA2 1700,MAIA3 1700,maia2,maia3,1700,1700,Black,MAIA3 1700,MAIA2 1700,1/2-1/2,0.5,threefold repetition,46,8768409b3362b7e491d33978c9cc6d0a81ca7d36365fd0731596d821d9316edb,maia-relative-strength-100.pgn,maia2-1700__vs__maia3-1700.pgn
maia2-1700__vs__maia3-1700,27,14,MAIA2 1700,MAIA3 1700,maia2,maia3,1700,1700,White,MAIA2 1700,MAIA3 1700,0-1,0.0,checkmate,52,8768409b3362b7e491d33978c9cc6d0a81ca7d36365fd0731596d821d9316edb,maia-relative-strength-100.pgn,maia2-1700__vs__maia3-1700.pgn
maia2-1700__vs__maia3-1700,28,14,MAIA2 1700,MAIA3 1700,maia2,maia3,1700,1700,Black,MAIA3 1700,MAIA2 1700,1-0,0.0,checkmate,123,8768409b3362b7e491d33978c9cc6d0a81ca7d36365fd0731596d821d9316edb,maia-relative-strength-100.pgn,maia2-1700__vs__maia3-1700.pgn
maia2-1700__vs__maia3-1700,29,15,MAIA2 1700,MAIA3 1700,maia2,maia3,1700,1700,White,MAIA2 1700,MAIA3 1700,1/2-1/2,0.5,stalemate,147,8768409b3362b7e491d33978c9cc6d0a81ca7d36365fd0731596d821d9316edb,maia-relative-strength-100.pgn,maia2-1700__vs__maia3-1700.pgn
maia2-1700__vs__maia3-1700,30,15,MAIA2 1700,MAIA3 1700,maia2,maia3,1700,1700,Black,MAIA3 1700,MAIA2 1700,1-0,0.0,checkmate,81,8768409b3362b7e491d33978c9cc6d0a81ca7d36365fd0731596d821d9316edb,maia-relative-strength-100.pgn,maia2-1700__vs__maia3-1700.pgn
maia2-1700__vs__maia3-1700,31,16,MAIA2 1700,MAIA3 1700,maia2,maia3,1700,1700,White,MAIA2 1700,MAIA3 1700,1/2-1/2,0.5,threefold repetition,41,8768409b3362b7e491d33978c9cc6d0a81ca7d36365fd0731596d821d9316edb,maia-relative-strength-100.pgn,maia2-1700__vs__maia3-1700.pgn
maia2-1700__vs__maia3-1700,32,16,MAIA2 1700,MAIA3 1700,maia2,maia3,1700,1700,Black,MAIA3 1700,MAIA2 1700,1-0,0.0,checkmate,139,8768409b3362b7e491d33978c9cc6d0a81ca7d36365fd0731596d821d9316edb,maia-relative-strength-100.pgn,maia2-1700__vs__maia3-1700.pgn
maia2-1700__vs__maia3-1700,33,17,MAIA2 1700,MAIA3 1700,maia2,maia3,1700,1700,White,MAIA2 1700,MAIA3 1700,1/2-1/2,0.5,threefold repetition,79,8768409b3362b7e491d33978c9cc6d0a81ca7d36365fd0731596d821d9316edb,maia-relative-strength-100.pgn,maia2-1700__vs__maia3-1700.pgn
maia2-1700__vs__maia3-1700,34,17,MAIA2 1700,MAIA3 1700,maia2,maia3,1700,1700,Black,MAIA3 1700,MAIA2 1700,1-0,0.0,checkmate,75,8768409b3362b7e491d33978c9cc6d0a81ca7d36365fd0731596d821d9316edb,maia-relative-strength-100.pgn,maia2-1700__vs__maia3-1700.pgn
maia2-1700__vs__maia3-1700,35,18,MAIA2 1700,MAIA3 1700,maia2,maia3,1700,1700,White,MAIA2 1700,MAIA3 1700,1-0,1.0,checkmate,75,8768409b3362b7e491d33978c9cc6d0a81ca7d36365fd0731596d821d9316edb,maia-relative-strength-100.pgn,maia2-1700__vs__maia3-1700.pgn
maia2-1700__vs__maia3-1700,36,18,MAIA2 1700,MAIA3 1700,maia2,maia3,1700,1700,Black,MAIA3 1700,MAIA2 1700,1-0,0.0,checkmate,141,8768409b3362b7e491d33978c9cc6d0a81ca7d36365fd0731596d821d9316edb,maia-relative-strength-100.pgn,maia2-1700__vs__maia3-1700.pgn
maia2-1700__vs__maia3-1700,37,19,MAIA2 1700,MAIA3 1700,maia2,maia3,1700,1700,White,MAIA2 1700,MAIA3 1700,1/2-1/2,0.5,threefold repetition,63,8768409b3362b7e491d33978c9cc6d0a81ca7d36365fd0731596d821d9316edb,maia-relative-strength-100.pgn,maia2-1700__vs__maia3-1700.pgn
maia2-1700__vs__maia3-1700,38,19,MAIA2 1700,MAIA3 1700,maia2,maia3,1700,1700,Black,MAIA3 1700,MAIA2 1700,1-0,0.0,checkmate,137,8768409b3362b7e491d33978c9cc6d0a81ca7d36365fd0731596d821d9316edb,maia-relative-strength-100.pgn,maia2-1700__vs__maia3-1700.pgn
maia2-1700__vs__maia3-1700,39,20,MAIA2 1700,MAIA3 1700,maia2,maia3,1700,1700,White,MAIA2 1700,MAIA3 1700,1/2-1/2,0.5,insufficient material,139,8768409b3362b7e491d33978c9cc6d0a81ca7d36365fd0731596d821d9316edb,maia-relative-strength-100.pgn,maia2-1700__vs__maia3-1700.pgn
maia2-1700__vs__maia3-1700,40,20,MAIA2 1700,MAIA3 1700,maia2,maia3,1700,1700,Black,MAIA3 1700,MAIA2 1700,1/2-1/2,0.5,threefold repetition,55,8768409b3362b7e491d33978c9cc6d0a81ca7d36365fd0731596d821d9316edb,maia-relative-strength-100.pgn,maia2-1700__vs__maia3-1700.pgn
maia2-1700__vs__maia3-1700,41,21,MAIA2 1700,MAIA3 1700,maia2,maia3,1700,1700,White,MAIA2 1700,MAIA3 1700,1/2-1/2,0.5,threefold repetition,46,8768409b3362b7e491d33978c9cc6d0a81ca7d36365fd0731596d821d9316edb,maia-relative-strength-100.pgn,maia2-1700__vs__maia3-1700.pgn
maia2-1700__vs__maia3-1700,42,21,MAIA2 1700,MAIA3 1700,maia2,maia3,1700,1700,Black,MAIA3 1700,MAIA2 1700,1/2-1/2,0.5,threefold repetition,85,8768409b3362b7e491d33978c9cc6d0a81ca7d36365fd0731596d821d9316edb,maia-relative-strength-100.pgn,maia2-1700__vs__maia3-1700.pgn
maia2-1700__vs__maia3-1700,43,22,MAIA2 1700,MAIA3 1700,maia2,maia3,1700,1700,White,MAIA2 1700,MAIA3 1700,0-1,0.0,checkmate,124,8768409b3362b7e491d33978c9cc6d0a81ca7d36365fd0731596d821d9316edb,maia-relative-strength-100.pgn,maia2-1700__vs__maia3-1700.pgn
maia2-1700__vs__maia3-1700,44,22,MAIA2 1700,MAIA3 1700,maia2,maia3,1700,1700,Black,MAIA3 1700,MAIA2 1700,1-0,0.0,checkmate,115,8768409b3362b7e491d33978c9cc6d0a81ca7d36365fd0731596d821d9316edb,maia-relative-strength-100.pgn,maia2-1700__vs__maia3-1700.pgn
maia2-1700__vs__maia3-1700,45,23,MAIA2 1700,MAIA3 1700,maia2,maia3,1700,1700,White,MAIA2 1700,MAIA3 1700,1-0,1.0,checkmate,25,8768409b3362b7e491d33978c9cc6d0a81ca7d36365fd0731596d821d9316edb,maia-relative-strength-100.pgn,maia2-1700__vs__maia3-1700.pgn
maia2-1700__vs__maia3-1700,46,23,MAIA2 1700,MAIA3 1700,maia2,maia3,1700,1700,Black,MAIA3 1700,MAIA2 1700,1-0,0.0,checkmate,83,8768409b3362b7e491d33978c9cc6d0a81ca7d36365fd0731596d821d9316edb,maia-relative-strength-100.pgn,maia2-1700__vs__maia3-1700.pgn
maia2-1700__vs__maia3-1700,47,24,MAIA2 1700,MAIA3 1700,maia2,maia3,1700,1700,White,MAIA2 1700,MAIA3 1700,0-1,0.0,checkmate,98,8768409b3362b7e491d33978c9cc6d0a81ca7d36365fd0731596d821d9316edb,maia-relative-strength-100.pgn,maia2-1700__vs__maia3-1700.pgn
maia2-1700__vs__maia3-1700,48,24,MAIA2 1700,MAIA3 1700,maia2,maia3,1700,1700,Black,MAIA3 1700,MAIA2 1700,0-1,1.0,checkmate,64,8768409b3362b7e491d33978c9cc6d0a81ca7d36365fd0731596d821d9316edb,maia-relative-strength-100.pgn,maia2-1700__vs__maia3-1700.pgn
maia2-1700__vs__maia3-1700,49,25,MAIA2 1700,MAIA3 1700,maia2,maia3,1700,1700,White,MAIA2 1700,MAIA3 1700,1-0,1.0,checkmate,55,8768409b3362b7e491d33978c9cc6d0a81ca7d36365fd0731596d821d9316edb,maia-relative-strength-100.pgn,maia2-1700__vs__maia3-1700.pgn
maia2-1700__vs__maia3-1700,50,25,MAIA2 1700,MAIA3 1700,maia2,maia3,1700,1700,Black,MAIA3 1700,MAIA2 1700,0-1,1.0,checkmate,70,8768409b3362b7e491d33978c9cc6d0a81ca7d36365fd0731596d821d9316edb,maia-relative-strength-100.pgn,maia2-1700__vs__maia3-1700.pgn
maia2-1700__vs__maia3-1700,51,26,MAIA2 1700,MAIA3 1700,maia2,maia3,1700,1700,White,MAIA2 1700,MAIA3 1700,0-1,0.0,checkmate,70,8768409b3362b7e491d33978c9cc6d0a81ca7d36365fd0731596d821d9316edb,maia-relative-strength-100.pgn,maia2-1700__vs__maia3-1700.pgn
maia2-1700__vs__maia3-1700,52,26,MAIA2 1700,MAIA3 1700,maia2,maia3,1700,1700,Black,MAIA3 1700,MAIA2 1700,1/2-1/2,0.5,threefold repetition,56,8768409b3362b7e491d33978c9cc6d0a81ca7d36365fd0731596d821d9316edb,maia-relative-strength-100.pgn,maia2-1700__vs__maia3-1700.pgn
maia2-1700__vs__maia3-1700,53,27,MAIA2 1700,MAIA3 1700,maia2,maia3,1700,1700,White,MAIA2 1700,MAIA3 1700,0-1,0.0,checkmate,132,8768409b3362b7e491d33978c9cc6d0a81ca7d36365fd0731596d821d9316edb,maia-relative-strength-100.pgn,maia2-1700__vs__maia3-1700.pgn
maia2-1700__vs__maia3-1700,54,27,MAIA2 1700,MAIA3 1700,maia2,maia3,1700,1700,Black,MAIA3 1700,MAIA2 1700,1-0,0.0,checkmate,59,8768409b3362b7e491d33978c9cc6d0a81ca7d36365fd0731596d821d9316edb,maia-relative-strength-100.pgn,maia2-1700__vs__maia3-1700.pgn
maia2-1700__vs__maia3-1700,55,28,MAIA2 1700,MAIA3 1700,maia2,maia3,1700,1700,White,MAIA2 1700,MAIA3 1700,1/2-1/2,0.5,threefold repetition,80,8768409b3362b7e491d33978c9cc6d0a81ca7d36365fd0731596d821d9316edb,maia-relative-strength-100.pgn,maia2-1700__vs__maia3-1700.pgn
maia2-1700__vs__maia3-1700,56,28,MAIA2 1700,MAIA3 1700,maia2,maia3,1700,1700,Black,MAIA3 1700,MAIA2 1700,1-0,0.0,checkmate,167,8768409b3362b7e491d33978c9cc6d0a81ca7d36365fd0731596d821d9316edb,maia-relative-strength-100.pgn,maia2-1700__vs__maia3-1700.pgn
maia2-1700__vs__maia3-1700,57,29,MAIA2 1700,MAIA3 1700,maia2,maia3,1700,1700,White,MAIA2 1700,MAIA3 1700,1-0,1.0,checkmate,59,8768409b3362b7e491d33978c9cc6d0a81ca7d36365fd0731596d821d9316edb,maia-relative-strength-100.pgn,maia2-1700__vs__maia3-1700.pgn
maia2-1700__vs__maia3-1700,58,29,MAIA2 1700,MAIA3 1700,maia2,maia3,1700,1700,Black,MAIA3 1700,MAIA2 1700,1-0,0.0,checkmate,71,8768409b3362b7e491d33978c9cc6d0a81ca7d36365fd0731596d821d9316edb,maia-relative-strength-100.pgn,maia2-1700__vs__maia3-1700.pgn
maia2-1700__vs__maia3-1700,59,30,MAIA2 1700,MAIA3 1700,maia2,maia3,1700,1700,White,MAIA2 1700,MAIA3 1700,0-1,0.0,checkmate,82,8768409b3362b7e491d33978c9cc6d0a81ca7d36365fd0731596d821d9316edb,maia-relative-strength-100.pgn,maia2-1700__vs__maia3-1700.pgn
maia2-1700__vs__maia3-1700,60,30,MAIA2 1700,MAIA3 1700,maia2,maia3,1700,1700,Black,MAIA3 1700,MAIA2 1700,1-0,0.0,checkmate,111,8768409b3362b7e491d33978c9cc6d0a81ca7d36365fd0731596d821d9316edb,maia-relative-strength-100.pgn,maia2-1700__vs__maia3-1700.pgn
maia2-1700__vs__maia3-1700,61,31,MAIA2 1700,MAIA3 1700,maia2,maia3,1700,1700,White,MAIA2 1700,MAIA3 1700,0-1,0.0,checkmate,146,8768409b3362b7e491d33978c9cc6d0a81ca7d36365fd0731596d821d9316edb,maia-relative-strength-100.pgn,maia2-1700__vs__maia3-1700.pgn
maia2-1700__vs__maia3-1700,62,31,MAIA2 1700,MAIA3 1700,maia2,maia3,1700,1700,Black,MAIA3 1700,MAIA2 1700,0-1,1.0,checkmate,40,8768409b3362b7e491d33978c9cc6d0a81ca7d36365fd0731596d821d9316edb,maia-relative-strength-100.pgn,maia2-1700__vs__maia3-1700.pgn
maia2-1700__vs__maia3-1700,63,32,MAIA2 1700,MAIA3 1700,maia2,maia3,1700,1700,White,MAIA2 1700,MAIA3 1700,1-0,1.0,checkmate,67,8768409b3362b7e491d33978c9cc6d0a81ca7d36365fd0731596d821d9316edb,maia-relative-strength-100.pgn,maia2-1700__vs__maia3-1700.pgn
maia2-1700__vs__maia3-1700,64,32,MAIA2 1700,MAIA3 1700,maia2,maia3,1700,1700,Black,MAIA3 1700,MAIA2 1700,1/2-1/2,0.5,insufficient material,162,8768409b3362b7e491d33978c9cc6d0a81ca7d36365fd0731596d821d9316edb,maia-relative-strength-100.pgn,maia2-1700__vs__maia3-1700.pgn
maia2-1700__vs__maia3-1700,65,33,MAIA2 1700,MAIA3 1700,maia2,maia3,1700,1700,White,MAIA2 1700,MAIA3 1700,0-1,0.0,checkmate,130,8768409b3362b7e491d33978c9cc6d0a81ca7d36365fd0731596d821d9316edb,maia-relative-strength-100.pgn,maia2-1700__vs__maia3-1700.pgn
maia2-1700__vs__maia3-1700,66,33,MAIA2 1700,MAIA3 1700,maia2,maia3,1700,1700,Black,MAIA3 1700,MAIA2 1700,1-0,0.0,checkmate,101,8768409b3362b7e491d33978c9cc6d0a81ca7d36365fd0731596d821d9316edb,maia-relative-strength-100.pgn,maia2-1700__vs__maia3-1700.pgn
maia2-1700__vs__maia3-1700,67,34,MAIA2 1700,MAIA3 1700,maia2,maia3,1700,1700,White,MAIA2 1700,MAIA3 1700,1-0,1.0,checkmate,33,8768409b3362b7e491d33978c9cc6d0a81ca7d36365fd0731596d821d9316edb,maia-relative-strength-100.pgn,maia2-1700__vs__maia3-1700.pgn
maia2-1700__vs__maia3-1700,68,34,MAIA2 1700,MAIA3 1700,maia2,maia3,1700,1700,Black,MAIA3 1700,MAIA2 1700,1-0,0.0,checkmate,169,8768409b3362b7e491d33978c9cc6d0a81ca7d36365fd0731596d821d9316edb,maia-relative-strength-100.pgn,maia2-1700__vs__maia3-1700.pgn
maia2-1700__vs__maia3-1700,69,35,MAIA2 1700,MAIA3 1700,maia2,maia3,1700,1700,White,MAIA2 1700,MAIA3 1700,0-1,0.0,checkmate,52,8768409b3362b7e491d33978c9cc6d0a81ca7d36365fd0731596d821d9316edb,maia-relative-strength-100.pgn,maia2-1700__vs__maia3-1700.pgn
maia2-1700__vs__maia3-1700,70,35,MAIA2 1700,MAIA3 1700,maia2,maia3,1700,1700,Black,MAIA3 1700,MAIA2 1700,1-0,0.0,checkmate,121,8768409b3362b7e491d33978c9cc6d0a81ca7d36365fd0731596d821d9316edb,maia-relative-strength-100.pgn,maia2-1700__vs__maia3-1700.pgn
maia2-1700__vs__maia3-1700,71,36,MAIA2 1700,MAIA3 1700,maia2,maia3,1700,1700,White,MAIA2 1700,MAIA3 1700,0-1,0.0,checkmate,94,8768409b3362b7e491d33978c9cc6d0a81ca7d36365fd0731596d821d9316edb,maia-relative-strength-100.pgn,maia2-1700__vs__maia3-1700.pgn
maia2-1700__vs__maia3-1700,72,36,MAIA2 1700,MAIA3 1700,maia2,maia3,1700,1700,Black,MAIA3 1700,MAIA2 1700,0-1,1.0,checkmate,40,8768409b3362b7e491d33978c9cc6d0a81ca7d36365fd0731596d821d9316edb,maia-relative-strength-100.pgn,maia2-1700__vs__maia3-1700.pgn
maia2-1700__vs__maia3-1700,73,37,MAIA2 1700,MAIA3 1700,maia2,maia3,1700,1700,White,MAIA2 1700,MAIA3 1700,0-1,0.0,checkmate,62,8768409b3362b7e491d33978c9cc6d0a81ca7d36365fd0731596d821d9316edb,maia-relative-strength-100.pgn,maia2-1700__vs__maia3-1700.pgn
maia2-1700__vs__maia3-1700,74,37,MAIA2 1700,MAIA3 1700,maia2,maia3,1700,1700,Black,MAIA3 1700,MAIA2 1700,0-1,1.0,checkmate,54,8768409b3362b7e491d33978c9cc6d0a81ca7d36365fd0731596d821d9316edb,maia-relative-strength-100.pgn,maia2-1700__vs__maia3-1700.pgn
maia2-1700__vs__maia3-1700,75,38,MAIA2 1700,MAIA3 1700,maia2,maia3,1700,1700,White,MAIA2 1700,MAIA3 1700,1/2-1/2,0.5,threefold repetition,38,8768409b3362b7e491d33978c9cc6d0a81ca7d36365fd0731596d821d9316edb,maia-relative-strength-100.pgn,maia2-1700__vs__maia3-1700.pgn
maia2-1700__vs__maia3-1700,76,38,MAIA2 1700,MAIA3 1700,maia2,maia3,1700,1700,Black,MAIA3 1700,MAIA2 1700,1-0,0.0,checkmate,55,8768409b3362b7e491d33978c9cc6d0a81ca7d36365fd0731596d821d9316edb,maia-relative-strength-100.pgn,maia2-1700__vs__maia3-1700.pgn
maia2-1700__vs__maia3-1700,77,39,MAIA2 1700,MAIA3 1700,maia2,maia3,1700,1700,White,MAIA2 1700,MAIA3 1700,1-0,1.0,checkmate,61,8768409b3362b7e491d33978c9cc6d0a81ca7d36365fd0731596d821d9316edb,maia-relative-strength-100.pgn,maia2-1700__vs__maia3-1700.pgn
maia2-1700__vs__maia3-1700,78,39,MAIA2 1700,MAIA3 1700,maia2,maia3,1700,1700,Black,MAIA3 1700,MAIA2 1700,1/2-1/2,0.5,stalemate,101,8768409b3362b7e491d33978c9cc6d0a81ca7d36365fd0731596d821d9316edb,maia-relative-strength-100.pgn,maia2-1700__vs__maia3-1700.pgn
maia2-1700__vs__maia3-1700,79,40,MAIA2 1700,MAIA3 1700,maia2,maia3,1700,1700,White,MAIA2 1700,MAIA3 1700,0-1,0.0,checkmate,94,8768409b3362b7e491d33978c9cc6d0a81ca7d36365fd0731596d821d9316edb,maia-relative-strength-100.pgn,maia2-1700__vs__maia3-1700.pgn
maia2-1700__vs__maia3-1700,80,40,MAIA2 1700,MAIA3 1700,maia2,maia3,1700,1700,Black,MAIA3 1700,MAIA2 1700,1-0,0.0,checkmate,63,8768409b3362b7e491d33978c9cc6d0a81ca7d36365fd0731596d821d9316edb,maia-relative-strength-100.pgn,maia2-1700__vs__maia3-1700.pgn
maia2-1700__vs__maia3-1700,81,41,MAIA2 1700,MAIA3 1700,maia2,maia3,1700,1700,White,MAIA2 1700,MAIA3 1700,0-1,0.0,checkmate,74,8768409b3362b7e491d33978c9cc6d0a81ca7d36365fd0731596d821d9316edb,maia-relative-strength-100.pgn,maia2-1700__vs__maia3-1700.pgn
maia2-1700__vs__maia3-1700,82,41,MAIA2 1700,MAIA3 1700,maia2,maia3,1700,1700,Black,MAIA3 1700,MAIA2 1700,0-1,1.0,checkmate,118,8768409b3362b7e491d33978c9cc6d0a81ca7d36365fd0731596d821d9316edb,maia-relative-strength-100.pgn,maia2-1700__vs__maia3-1700.pgn
maia2-1700__vs__maia3-1700,83,42,MAIA2 1700,MAIA3 1700,maia2,maia3,1700,1700,White,MAIA2 1700,MAIA3 1700,0-1,0.0,checkmate,56,8768409b3362b7e491d33978c9cc6d0a81ca7d36365fd0731596d821d9316edb,maia-relative-strength-100.pgn,maia2-1700__vs__maia3-1700.pgn
maia2-1700__vs__maia3-1700,84,42,MAIA2 1700,MAIA3 1700,maia2,maia3,1700,1700,Black,MAIA3 1700,MAIA2 1700,0-1,1.0,checkmate,62,8768409b3362b7e491d33978c9cc6d0a81ca7d36365fd0731596d821d9316edb,maia-relative-strength-100.pgn,maia2-1700__vs__maia3-1700.pgn
maia2-1700__vs__maia3-1700,85,43,MAIA2 1700,MAIA3 1700,maia2,maia3,1700,1700,White,MAIA2 1700,MAIA3 1700,0-1,0.0,checkmate,34,8768409b3362b7e491d33978c9cc6d0a81ca7d36365fd0731596d821d9316edb,maia-relative-strength-100.pgn,maia2-1700__vs__maia3-1700.pgn
maia2-1700__vs__maia3-1700,86,43,MAIA2 1700,MAIA3 1700,maia2,maia3,1700,1700,Black,MAIA3 1700,MAIA2 1700,1-0,0.0,checkmate,53,8768409b3362b7e491d33978c9cc6d0a81ca7d36365fd0731596d821d9316edb,maia-relative-strength-100.pgn,maia2-1700__vs__maia3-1700.pgn
maia2-1700__vs__maia3-1700,87,44,MAIA2 1700,MAIA3 1700,maia2,maia3,1700,1700,White,MAIA2 1700,MAIA3 1700,0-1,0.0,checkmate,130,8768409b3362b7e491d33978c9cc6d0a81ca7d36365fd0731596d821d9316edb,maia-relative-strength-100.pgn,maia2-1700__vs__maia3-1700.pgn
maia2-1700__vs__maia3-1700,88,44,MAIA2 1700,MAIA3 1700,maia2,maia3,1700,1700,Black,MAIA3 1700,MAIA2 1700,1/2-1/2,0.5,threefold repetition,97,8768409b3362b7e491d33978c9cc6d0a81ca7d36365fd0731596d821d9316edb,maia-relative-strength-100.pgn,maia2-1700__vs__maia3-1700.pgn
maia2-1700__vs__maia3-1700,89,45,MAIA2 1700,MAIA3 1700,maia2,maia3,1700,1700,White,MAIA2 1700,MAIA3 1700,1-0,1.0,checkmate,103,8768409b3362b7e491d33978c9cc6d0a81ca7d36365fd0731596d821d9316edb,maia-relative-strength-100.pgn,maia2-1700__vs__maia3-1700.pgn
maia2-1700__vs__maia3-1700,90,45,MAIA2 1700,MAIA3 1700,maia2,maia3,1700,1700,Black,MAIA3 1700,MAIA2 1700,1/2-1/2,0.5,insufficient material,118,8768409b3362b7e491d33978c9cc6d0a81ca7d36365fd0731596d821d9316edb,maia-relative-strength-100.pgn,maia2-1700__vs__maia3-1700.pgn
maia2-1700__vs__maia3-1700,91,46,MAIA2 1700,MAIA3 1700,maia2,maia3,1700,1700,White,MAIA2 1700,MAIA3 1700,0-1,0.0,checkmate,128,8768409b3362b7e491d33978c9cc6d0a81ca7d36365fd0731596d821d9316edb,maia-relative-strength-100.pgn,maia2-1700__vs__maia3-1700.pgn
maia2-1700__vs__maia3-1700,92,46,MAIA2 1700,MAIA3 1700,maia2,maia3,1700,1700,Black,MAIA3 1700,MAIA2 1700,1/2-1/2,0.5,threefold repetition,107,8768409b3362b7e491d33978c9cc6d0a81ca7d36365fd0731596d821d9316edb,maia-relative-strength-100.pgn,maia2-1700__vs__maia3-1700.pgn
maia2-1700__vs__maia3-1700,93,47,MAIA2 1700,MAIA3 1700,maia2,maia3,1700,1700,White,MAIA2 1700,MAIA3 1700,0-1,0.0,checkmate,48,8768409b3362b7e491d33978c9cc6d0a81ca7d36365fd0731596d821d9316edb,maia-relative-strength-100.pgn,maia2-1700__vs__maia3-1700.pgn
maia2-1700__vs__maia3-1700,94,47,MAIA2 1700,MAIA3 1700,maia2,maia3,1700,1700,Black,MAIA3 1700,MAIA2 1700,0-1,1.0,checkmate,88,8768409b3362b7e491d33978c9cc6d0a81ca7d36365fd0731596d821d9316edb,maia-relative-strength-100.pgn,maia2-1700__vs__maia3-1700.pgn
maia2-1700__vs__maia3-1700,95,48,MAIA2 1700,MAIA3 1700,maia2,maia3,1700,1700,White,MAIA2 1700,MAIA3 1700,1/2-1/2,0.5,threefold repetition,71,8768409b3362b7e491d33978c9cc6d0a81ca7d36365fd0731596d821d9316edb,maia-relative-strength-100.pgn,maia2-1700__vs__maia3-1700.pgn
maia2-1700__vs__maia3-1700,96,48,MAIA2 1700,MAIA3 1700,maia2,maia3,1700,1700,Black,MAIA3 1700,MAIA2 1700,1/2-1/2,0.5,threefold repetition,73,8768409b3362b7e491d33978c9cc6d0a81ca7d36365fd0731596d821d9316edb,maia-relative-strength-100.pgn,maia2-1700__vs__maia3-1700.pgn
maia2-1700__vs__maia3-1700,97,49,MAIA2 1700,MAIA3 1700,maia2,maia3,1700,1700,White,MAIA2 1700,MAIA3 1700,0-1,0.0,checkmate,98,8768409b3362b7e491d33978c9cc6d0a81ca7d36365fd0731596d821d9316edb,maia-relative-strength-100.pgn,maia2-1700__vs__maia3-1700.pgn
maia2-1700__vs__maia3-1700,98,49,MAIA2 1700,MAIA3 1700,maia2,maia3,1700,1700,Black,MAIA3 1700,MAIA2 1700,1/2-1/2,0.5,threefold repetition,101,8768409b3362b7e491d33978c9cc6d0a81ca7d36365fd0731596d821d9316edb,maia-relative-strength-100.pgn,maia2-1700__vs__maia3-1700.pgn
maia2-1700__vs__maia3-1700,99,50,MAIA2 1700,MAIA3 1700,maia2,maia3,1700,1700,White,MAIA2 1700,MAIA3 1700,1-0,1.0,checkmate,107,8768409b3362b7e491d33978c9cc6d0a81ca7d36365fd0731596d821d9316edb,maia-relative-strength-100.pgn,maia2-1700__vs__maia3-1700.pgn
maia2-1700__vs__maia3-1700,100,50,MAIA2 1700,MAIA3 1700,maia2,maia3,1700,1700,Black,MAIA3 1700,MAIA2 1700,1-0,0.0,checkmate,113,8768409b3362b7e491d33978c9cc6d0a81ca7d36365fd0731596d821d9316edb,maia-relative-strength-100.pgn,maia2-1700__vs__maia3-1700.pgn
maia2-1700__vs__maia3-1700,101,51,MAIA2 1700,MAIA3 1700,maia2,maia3,1700,1700,White,MAIA2 1700,MAIA3 1700,1/2-1/2,0.5,threefold repetition,97,8768409b3362b7e491d33978c9cc6d0a81ca7d36365fd0731596d821d9316edb,maia-relative-strength-100.pgn,maia2-1700__vs__maia3-1700.pgn
maia2-1700__vs__maia3-1700,102,51,MAIA2 1700,MAIA3 1700,maia2,maia3,1700,1700,Black,MAIA3 1700,MAIA2 1700,1-0,0.0,checkmate,47,8768409b3362b7e491d33978c9cc6d0a81ca7d36365fd0731596d821d9316edb,maia-relative-strength-100.pgn,maia2-1700__vs__maia3-1700.pgn
maia2-1700__vs__maia3-1700,103,52,MAIA2 1700,MAIA3 1700,maia2,maia3,1700,1700,White,MAIA2 1700,MAIA3 1700,0-1,0.0,checkmate,108,8768409b3362b7e491d33978c9cc6d0a81ca7d36365fd0731596d821d9316edb,maia-relative-strength-100.pgn,maia2-1700__vs__maia3-1700.pgn
maia2-1700__vs__maia3-1700,104,52,MAIA2 1700,MAIA3 1700,maia2,maia3,1700,1700,Black,MAIA3 1700,MAIA2 1700,1-0,0.0,checkmate,65,8768409b3362b7e491d33978c9cc6d0a81ca7d36365fd0731596d821d9316edb,maia-relative-strength-100.pgn,maia2-1700__vs__maia3-1700.pgn
maia2-1700__vs__maia3-1700,105,53,MAIA2 1700,MAIA3 1700,maia2,maia3,1700,1700,White,MAIA2 1700,MAIA3 1700,1-0,1.0,checkmate,129,8768409b3362b7e491d33978c9cc6d0a81ca7d36365fd0731596d821d9316edb,maia-relative-strength-100.pgn,maia2-1700__vs__maia3-1700.pgn
maia2-1700__vs__maia3-1700,106,53,MAIA2 1700,MAIA3 1700,maia2,maia3,1700,1700,Black,MAIA3 1700,MAIA2 1700,0-1,1.0,checkmate,90,8768409b3362b7e491d33978c9cc6d0a81ca7d36365fd0731596d821d9316edb,maia-relative-strength-100.pgn,maia2-1700__vs__maia3-1700.pgn
maia2-1700__vs__maia3-1700,107,54,MAIA2 1700,MAIA3 1700,maia2,maia3,1700,1700,White,MAIA2 1700,MAIA3 1700,1-0,1.0,checkmate,145,8768409b3362b7e491d33978c9cc6d0a81ca7d36365fd0731596d821d9316edb,maia-relative-strength-100.pgn,maia2-1700__vs__maia3-1700.pgn
maia2-1700__vs__maia3-1700,108,54,MAIA2 1700,MAIA3 1700,maia2,maia3,1700,1700,Black,MAIA3 1700,MAIA2 1700,1-0,0.0,checkmate,91,8768409b3362b7e491d33978c9cc6d0a81ca7d36365fd0731596d821d9316edb,maia-relative-strength-100.pgn,maia2-1700__vs__maia3-1700.pgn
maia2-1700__vs__maia3-1700,109,55,MAIA2 1700,MAIA3 1700,maia2,maia3,1700,1700,White,MAIA2 1700,MAIA3 1700,0-1,0.0,checkmate,114,8768409b3362b7e491d33978c9cc6d0a81ca7d36365fd0731596d821d9316edb,maia-relative-strength-100.pgn,maia2-1700__vs__maia3-1700.pgn
maia2-1700__vs__maia3-1700,110,55,MAIA2 1700,MAIA3 1700,maia2,maia3,1700,1700,Black,MAIA3 1700,MAIA2 1700,1/2-1/2,0.5,threefold repetition,68,8768409b3362b7e491d33978c9cc6d0a81ca7d36365fd0731596d821d9316edb,maia-relative-strength-100.pgn,maia2-1700__vs__maia3-1700.pgn
maia2-1700__vs__maia3-1700,111,56,MAIA2 1700,MAIA3 1700,maia2,maia3,1700,1700,White,MAIA2 1700,MAIA3 1700,0-1,0.0,checkmate,86,8768409b3362b7e491d33978c9cc6d0a81ca7d36365fd0731596d821d9316edb,maia-relative-strength-100.pgn,maia2-1700__vs__maia3-1700.pgn
maia2-1700__vs__maia3-1700,112,56,MAIA2 1700,MAIA3 1700,maia2,maia3,1700,1700,Black,MAIA3 1700,MAIA2 1700,1-0,0.0,checkmate,139,8768409b3362b7e491d33978c9cc6d0a81ca7d36365fd0731596d821d9316edb,maia-relative-strength-100.pgn,maia2-1700__vs__maia3-1700.pgn
maia2-1700__vs__maia3-1700,113,57,MAIA2 1700,MAIA3 1700,maia2,maia3,1700,1700,White,MAIA2 1700,MAIA3 1700,1/2-1/2,0.5,threefold repetition,83,8768409b3362b7e491d33978c9cc6d0a81ca7d36365fd0731596d821d9316edb,maia-relative-strength-100.pgn,maia2-1700__vs__maia3-1700.pgn
maia2-1700__vs__maia3-1700,114,57,MAIA2 1700,MAIA3 1700,maia2,maia3,1700,1700,Black,MAIA3 1700,MAIA2 1700,1-0,0.0,checkmate,135,8768409b3362b7e491d33978c9cc6d0a81ca7d36365fd0731596d821d9316edb,maia-relative-strength-100.pgn,maia2-1700__vs__maia3-1700.pgn
maia2-1700__vs__maia3-1700,115,58,MAIA2 1700,MAIA3 1700,maia2,maia3,1700,1700,White,MAIA2 1700,MAIA3 1700,1/2-1/2,0.5,threefold repetition,59,8768409b3362b7e491d33978c9cc6d0a81ca7d36365fd0731596d821d9316edb,maia-relative-strength-100.pgn,maia2-1700__vs__maia3-1700.pgn
maia2-1700__vs__maia3-1700,116,58,MAIA2 1700,MAIA3 1700,maia2,maia3,1700,1700,Black,MAIA3 1700,MAIA2 1700,1/2-1/2,0.5,threefold repetition,88,8768409b3362b7e491d33978c9cc6d0a81ca7d36365fd0731596d821d9316edb,maia-relative-strength-100.pgn,maia2-1700__vs__maia3-1700.pgn
maia2-1700__vs__maia3-1700,117,59,MAIA2 1700,MAIA3 1700,maia2,maia3,1700,1700,White,MAIA2 1700,MAIA3 1700,0-1,0.0,checkmate,134,8768409b3362b7e491d33978c9cc6d0a81ca7d36365fd0731596d821d9316edb,maia-relative-strength-100.pgn,maia2-1700__vs__maia3-1700.pgn
maia2-1700__vs__maia3-1700,118,59,MAIA2 1700,MAIA3 1700,maia2,maia3,1700,1700,Black,MAIA3 1700,MAIA2 1700,1-0,0.0,checkmate,59,8768409b3362b7e491d33978c9cc6d0a81ca7d36365fd0731596d821d9316edb,maia-relative-strength-100.pgn,maia2-1700__vs__maia3-1700.pgn
maia2-1700__vs__maia3-1700,119,60,MAIA2 1700,MAIA3 1700,maia2,maia3,1700,1700,White,MAIA2 1700,MAIA3 1700,0-1,0.0,checkmate,114,8768409b3362b7e491d33978c9cc6d0a81ca7d36365fd0731596d821d9316edb,maia-relative-strength-100.pgn,maia2-1700__vs__maia3-1700.pgn
maia2-1700__vs__maia3-1700,120,60,MAIA2 1700,MAIA3 1700,maia2,maia3,1700,1700,Black,MAIA3 1700,MAIA2 1700,1-0,0.0,checkmate,99,8768409b3362b7e491d33978c9cc6d0a81ca7d36365fd0731596d821d9316edb,maia-relative-strength-100.pgn,maia2-1700__vs__maia3-1700.pgn
maia2-1700__vs__maia3-1700,121,61,MAIA2 1700,MAIA3 1700,maia2,maia3,1700,1700,White,MAIA2 1700,MAIA3 1700,1/2-1/2,0.5,threefold repetition,103,8768409b3362b7e491d33978c9cc6d0a81ca7d36365fd0731596d821d9316edb,maia-relative-strength-100.pgn,maia2-1700__vs__maia3-1700.pgn
maia2-1700__vs__maia3-1700,122,61,MAIA2 1700,MAIA3 1700,maia2,maia3,1700,1700,Black,MAIA3 1700,MAIA2 1700,1-0,0.0,checkmate,115,8768409b3362b7e491d33978c9cc6d0a81ca7d36365fd0731596d821d9316edb,maia-relative-strength-100.pgn,maia2-1700__vs__maia3-1700.pgn
maia2-1700__vs__maia3-1700,123,62,MAIA2 1700,MAIA3 1700,maia2,maia3,1700,1700,White,MAIA2 1700,MAIA3 1700,0-1,0.0,checkmate,52,8768409b3362b7e491d33978c9cc6d0a81ca7d36365fd0731596d821d9316edb,maia-relative-strength-100.pgn,maia2-1700__vs__maia3-1700.pgn
maia2-1700__vs__maia3-1700,124,62,MAIA2 1700,MAIA3 1700,maia2,maia3,1700,1700,Black,MAIA3 1700,MAIA2 1700,1-0,0.0,checkmate,123,8768409b3362b7e491d33978c9cc6d0a81ca7d36365fd0731596d821d9316edb,maia-relative-strength-100.pgn,maia2-1700__vs__maia3-1700.pgn
maia2-1700__vs__maia3-1700,125,63,MAIA2 1700,MAIA3 1700,maia2,maia3,1700,1700,White,MAIA2 1700,MAIA3 1700,1/2-1/2,0.5,threefold repetition,68,8768409b3362b7e491d33978c9cc6d0a81ca7d36365fd0731596d821d9316edb,maia-relative-strength-100.pgn,maia2-1700__vs__maia3-1700.pgn
maia2-1700__vs__maia3-1700,126,63,MAIA2 1700,MAIA3 1700,maia2,maia3,1700,1700,Black,MAIA3 1700,MAIA2 1700,1-0,0.0,checkmate,129,8768409b3362b7e491d33978c9cc6d0a81ca7d36365fd0731596d821d9316edb,maia-relative-strength-100.pgn,maia2-1700__vs__maia3-1700.pgn
maia2-1700__vs__maia3-1700,127,64,MAIA2 1700,MAIA3 1700,maia2,maia3,1700,1700,White,MAIA2 1700,MAIA3 1700,0-1,0.0,checkmate,88,8768409b3362b7e491d33978c9cc6d0a81ca7d36365fd0731596d821d9316edb,maia-relative-strength-100.pgn,maia2-1700__vs__maia3-1700.pgn
maia2-1700__vs__maia3-1700,128,64,MAIA2 1700,MAIA3 1700,maia2,maia3,1700,1700,Black,MAIA3 1700,MAIA2 1700,1-0,0.0,checkmate,95,8768409b3362b7e491d33978c9cc6d0a81ca7d36365fd0731596d821d9316edb,maia-relative-strength-100.pgn,maia2-1700__vs__maia3-1700.pgn
maia2-1700__vs__maia3-1700,129,65,MAIA2 1700,MAIA3 1700,maia2,maia3,1700,1700,White,MAIA2 1700,MAIA3 1700,1/2-1/2,0.5,threefold repetition,73,8768409b3362b7e491d33978c9cc6d0a81ca7d36365fd0731596d821d9316edb,maia-relative-strength-100.pgn,maia2-1700__vs__maia3-1700.pgn
maia2-1700__vs__maia3-1700,130,65,MAIA2 1700,MAIA3 1700,maia2,maia3,1700,1700,Black,MAIA3 1700,MAIA2 1700,1-0,0.0,checkmate,117,8768409b3362b7e491d33978c9cc6d0a81ca7d36365fd0731596d821d9316edb,maia-relative-strength-100.pgn,maia2-1700__vs__maia3-1700.pgn
maia2-1700__vs__maia3-1700,131,66,MAIA2 1700,MAIA3 1700,maia2,maia3,1700,1700,White,MAIA2 1700,MAIA3 1700,1/2-1/2,0.5,threefold repetition,64,8768409b3362b7e491d33978c9cc6d0a81ca7d36365fd0731596d821d9316edb,maia-relative-strength-100.pgn,maia2-1700__vs__maia3-1700.pgn
maia2-1700__vs__maia3-1700,132,66,MAIA2 1700,MAIA3 1700,maia2,maia3,1700,1700,Black,MAIA3 1700,MAIA2 1700,1/2-1/2,0.5,threefold repetition,102,8768409b3362b7e491d33978c9cc6d0a81ca7d36365fd0731596d821d9316edb,maia-relative-strength-100.pgn,maia2-1700__vs__maia3-1700.pgn
maia2-1700__vs__maia3-1700,133,67,MAIA2 1700,MAIA3 1700,maia2,maia3,1700,1700,White,MAIA2 1700,MAIA3 1700,0-1,0.0,checkmate,114,8768409b3362b7e491d33978c9cc6d0a81ca7d36365fd0731596d821d9316edb,maia-relative-strength-100.pgn,maia2-1700__vs__maia3-1700.pgn
maia2-1700__vs__maia3-1700,134,67,MAIA2 1700,MAIA3 1700,maia2,maia3,1700,1700,Black,MAIA3 1700,MAIA2 1700,1-0,0.0,checkmate,87,8768409b3362b7e491d33978c9cc6d0a81ca7d36365fd0731596d821d9316edb,maia-relative-strength-100.pgn,maia2-1700__vs__maia3-1700.pgn
maia2-1700__vs__maia3-1700,135,68,MAIA2 1700,MAIA3 1700,maia2,maia3,1700,1700,White,MAIA2 1700,MAIA3 1700,1-0,1.0,checkmate,47,8768409b3362b7e491d33978c9cc6d0a81ca7d36365fd0731596d821d9316edb,maia-relative-strength-100.pgn,maia2-1700__vs__maia3-1700.pgn
maia2-1700__vs__maia3-1700,136,68,MAIA2 1700,MAIA3 1700,maia2,maia3,1700,1700,Black,MAIA3 1700,MAIA2 1700,1/2-1/2,0.5,threefold repetition,34,8768409b3362b7e491d33978c9cc6d0a81ca7d36365fd0731596d821d9316edb,maia-relative-strength-100.pgn,maia2-1700__vs__maia3-1700.pgn
maia2-1700__vs__maia3-1700,137,69,MAIA2 1700,MAIA3 1700,maia2,maia3,1700,1700,White,MAIA2 1700,MAIA3 1700,0-1,0.0,checkmate,120,8768409b3362b7e491d33978c9cc6d0a81ca7d36365fd0731596d821d9316edb,maia-relative-strength-100.pgn,maia2-1700__vs__maia3-1700.pgn
maia2-1700__vs__maia3-1700,138,69,MAIA2 1700,MAIA3 1700,maia2,maia3,1700,1700,Black,MAIA3 1700,MAIA2 1700,0-1,1.0,checkmate,114,8768409b3362b7e491d33978c9cc6d0a81ca7d36365fd0731596d821d9316edb,maia-relative-strength-100.pgn,maia2-1700__vs__maia3-1700.pgn
maia2-1700__vs__maia3-1700,139,70,MAIA2 1700,MAIA3 1700,maia2,maia3,1700,1700,White,MAIA2 1700,MAIA3 1700,0-1,0.0,checkmate,58,8768409b3362b7e491d33978c9cc6d0a81ca7d36365fd0731596d821d9316edb,maia-relative-strength-100.pgn,maia2-1700__vs__maia3-1700.pgn
maia2-1700__vs__maia3-1700,140,70,MAIA2 1700,MAIA3 1700,maia2,maia3,1700,1700,Black,MAIA3 1700,MAIA2 1700,0-1,1.0,checkmate,62,8768409b3362b7e491d33978c9cc6d0a81ca7d36365fd0731596d821d9316edb,maia-relative-strength-100.pgn,maia2-1700__vs__maia3-1700.pgn
maia2-1700__vs__maia3-1700,141,71,MAIA2 1700,MAIA3 1700,maia2,maia3,1700,1700,White,MAIA2 1700,MAIA3 1700,1/2-1/2,0.5,threefold repetition,59,8768409b3362b7e491d33978c9cc6d0a81ca7d36365fd0731596d821d9316edb,maia-relative-strength-100.pgn,maia2-1700__vs__maia3-1700.pgn
maia2-1700__vs__maia3-1700,142,71,MAIA2 1700,MAIA3 1700,maia2,maia3,1700,1700,Black,MAIA3 1700,MAIA2 1700,0-1,1.0,checkmate,118,8768409b3362b7e491d33978c9cc6d0a81ca7d36365fd0731596d821d9316edb,maia-relative-strength-100.pgn,maia2-1700__vs__maia3-1700.pgn
maia2-1700__vs__maia3-1700,143,72,MAIA2 1700,MAIA3 1700,maia2,maia3,1700,1700,White,MAIA2 1700,MAIA3 1700,1/2-1/2,0.5,threefold repetition,82,8768409b3362b7e491d33978c9cc6d0a81ca7d36365fd0731596d821d9316edb,maia-relative-strength-100.pgn,maia2-1700__vs__maia3-1700.pgn
maia2-1700__vs__maia3-1700,144,72,MAIA2 1700,MAIA3 1700,maia2,maia3,1700,1700,Black,MAIA3 1700,MAIA2 1700,0-1,1.0,checkmate,92,8768409b3362b7e491d33978c9cc6d0a81ca7d36365fd0731596d821d9316edb,maia-relative-strength-100.pgn,maia2-1700__vs__maia3-1700.pgn
maia2-1700__vs__maia3-1700,145,73,MAIA2 1700,MAIA3 1700,maia2,maia3,1700,1700,White,MAIA2 1700,MAIA3 1700,0-1,0.0,checkmate,96,8768409b3362b7e491d33978c9cc6d0a81ca7d36365fd0731596d821d9316edb,maia-relative-strength-100.pgn,maia2-1700__vs__maia3-1700.pgn
maia2-1700__vs__maia3-1700,146,73,MAIA2 1700,MAIA3 1700,maia2,maia3,1700,1700,Black,MAIA3 1700,MAIA2 1700,1-0,0.0,checkmate,67,8768409b3362b7e491d33978c9cc6d0a81ca7d36365fd0731596d821d9316edb,maia-relative-strength-100.pgn,maia2-1700__vs__maia3-1700.pgn
maia2-1700__vs__maia3-1700,147,74,MAIA2 1700,MAIA3 1700,maia2,maia3,1700,1700,White,MAIA2 1700,MAIA3 1700,0-1,0.0,checkmate,40,8768409b3362b7e491d33978c9cc6d0a81ca7d36365fd0731596d821d9316edb,maia-relative-strength-100.pgn,maia2-1700__vs__maia3-1700.pgn
maia2-1700__vs__maia3-1700,148,74,MAIA2 1700,MAIA3 1700,maia2,maia3,1700,1700,Black,MAIA3 1700,MAIA2 1700,0-1,1.0,checkmate,152,8768409b3362b7e491d33978c9cc6d0a81ca7d36365fd0731596d821d9316edb,maia-relative-strength-100.pgn,maia2-1700__vs__maia3-1700.pgn
maia2-1700__vs__maia3-1700,149,75,MAIA2 1700,MAIA3 1700,maia2,maia3,1700,1700,White,MAIA2 1700,MAIA3 1700,1-0,1.0,checkmate,113,8768409b3362b7e491d33978c9cc6d0a81ca7d36365fd0731596d821d9316edb,maia-relative-strength-100.pgn,maia2-1700__vs__maia3-1700.pgn
maia2-1700__vs__maia3-1700,150,75,MAIA2 1700,MAIA3 1700,maia2,maia3,1700,1700,Black,MAIA3 1700,MAIA2 1700,1-0,0.0,checkmate,139,8768409b3362b7e491d33978c9cc6d0a81ca7d36365fd0731596d821d9316edb,maia-relative-strength-100.pgn,maia2-1700__vs__maia3-1700.pgn
maia2-1700__vs__maia3-1700,151,76,MAIA2 1700,MAIA3 1700,maia2,maia3,1700,1700,White,MAIA2 1700,MAIA3 1700,0-1,0.0,checkmate,94,8768409b3362b7e491d33978c9cc6d0a81ca7d36365fd0731596d821d9316edb,maia-relative-strength-100.pgn,maia2-1700__vs__maia3-1700.pgn
maia2-1700__vs__maia3-1700,152,76,MAIA2 1700,MAIA3 1700,maia2,maia3,1700,1700,Black,MAIA3 1700,MAIA2 1700,1-0,0.0,checkmate,63,8768409b3362b7e491d33978c9cc6d0a81ca7d36365fd0731596d821d9316edb,maia-relative-strength-100.pgn,maia2-1700__vs__maia3-1700.pgn
maia2-1700__vs__maia3-1700,153,77,MAIA2 1700,MAIA3 1700,maia2,maia3,1700,1700,White,MAIA2 1700,MAIA3 1700,1/2-1/2,0.5,threefold repetition,114,8768409b3362b7e491d33978c9cc6d0a81ca7d36365fd0731596d821d9316edb,maia-relative-strength-100.pgn,maia2-1700__vs__maia3-1700.pgn
maia2-1700__vs__maia3-1700,154,77,MAIA2 1700,MAIA3 1700,maia2,maia3,1700,1700,Black,MAIA3 1700,MAIA2 1700,1/2-1/2,0.5,stalemate,105,8768409b3362b7e491d33978c9cc6d0a81ca7d36365fd0731596d821d9316edb,maia-relative-strength-100.pgn,maia2-1700__vs__maia3-1700.pgn
maia2-1700__vs__maia3-1700,155,78,MAIA2 1700,MAIA3 1700,maia2,maia3,1700,1700,White,MAIA2 1700,MAIA3 1700,0-1,0.0,checkmate,44,8768409b3362b7e491d33978c9cc6d0a81ca7d36365fd0731596d821d9316edb,maia-relative-strength-100.pgn,maia2-1700__vs__maia3-1700.pgn
maia2-1700__vs__maia3-1700,156,78,MAIA2 1700,MAIA3 1700,maia2,maia3,1700,1700,Black,MAIA3 1700,MAIA2 1700,1-0,0.0,checkmate,87,8768409b3362b7e491d33978c9cc6d0a81ca7d36365fd0731596d821d9316edb,maia-relative-strength-100.pgn,maia2-1700__vs__maia3-1700.pgn
maia2-1700__vs__maia3-1700,157,79,MAIA2 1700,MAIA3 1700,maia2,maia3,1700,1700,White,MAIA2 1700,MAIA3 1700,1/2-1/2,0.5,stalemate,132,8768409b3362b7e491d33978c9cc6d0a81ca7d36365fd0731596d821d9316edb,maia-relative-strength-100.pgn,maia2-1700__vs__maia3-1700.pgn
maia2-1700__vs__maia3-1700,158,79,MAIA2 1700,MAIA3 1700,maia2,maia3,1700,1700,Black,MAIA3 1700,MAIA2 1700,1-0,0.0,checkmate,129,8768409b3362b7e491d33978c9cc6d0a81ca7d36365fd0731596d821d9316edb,maia-relative-strength-100.pgn,maia2-1700__vs__maia3-1700.pgn
maia2-1700__vs__maia3-1700,159,80,MAIA2 1700,MAIA3 1700,maia2,maia3,1700,1700,White,MAIA2 1700,MAIA3 1700,1-0,1.0,checkmate,147,8768409b3362b7e491d33978c9cc6d0a81ca7d36365fd0731596d821d9316edb,maia-relative-strength-100.pgn,maia2-1700__vs__maia3-1700.pgn
maia2-1700__vs__maia3-1700,160,80,MAIA2 1700,MAIA3 1700,maia2,maia3,1700,1700,Black,MAIA3 1700,MAIA2 1700,1/2-1/2,0.5,stalemate,115,8768409b3362b7e491d33978c9cc6d0a81ca7d36365fd0731596d821d9316edb,maia-relative-strength-100.pgn,maia2-1700__vs__maia3-1700.pgn
maia2-1700__vs__maia3-1700,161,81,MAIA2 1700,MAIA3 1700,maia2,maia3,1700,1700,White,MAIA2 1700,MAIA3 1700,1-0,1.0,checkmate,103,8768409b3362b7e491d33978c9cc6d0a81ca7d36365fd0731596d821d9316edb,maia-relative-strength-100.pgn,maia2-1700__vs__maia3-1700.pgn
maia2-1700__vs__maia3-1700,162,81,MAIA2 1700,MAIA3 1700,maia2,maia3,1700,1700,Black,MAIA3 1700,MAIA2 1700,1-0,0.0,checkmate,85,8768409b3362b7e491d33978c9cc6d0a81ca7d36365fd0731596d821d9316edb,maia-relative-strength-100.pgn,maia2-1700__vs__maia3-1700.pgn
maia2-1700__vs__maia3-1700,163,82,MAIA2 1700,MAIA3 1700,maia2,maia3,1700,1700,White,MAIA2 1700,MAIA3 1700,1/2-1/2,0.5,threefold repetition,98,8768409b3362b7e491d33978c9cc6d0a81ca7d36365fd0731596d821d9316edb,maia-relative-strength-100.pgn,maia2-1700__vs__maia3-1700.pgn
maia2-1700__vs__maia3-1700,164,82,MAIA2 1700,MAIA3 1700,maia2,maia3,1700,1700,Black,MAIA3 1700,MAIA2 1700,1/2-1/2,0.5,threefold repetition,65,8768409b3362b7e491d33978c9cc6d0a81ca7d36365fd0731596d821d9316edb,maia-relative-strength-100.pgn,maia2-1700__vs__maia3-1700.pgn
maia2-1700__vs__maia3-1700,165,83,MAIA2 1700,MAIA3 1700,maia2,maia3,1700,1700,White,MAIA2 1700,MAIA3 1700,1/2-1/2,0.5,threefold repetition,48,8768409b3362b7e491d33978c9cc6d0a81ca7d36365fd0731596d821d9316edb,maia-relative-strength-100.pgn,maia2-1700__vs__maia3-1700.pgn
maia2-1700__vs__maia3-1700,166,83,MAIA2 1700,MAIA3 1700,maia2,maia3,1700,1700,Black,MAIA3 1700,MAIA2 1700,1-0,0.0,checkmate,51,8768409b3362b7e491d33978c9cc6d0a81ca7d36365fd0731596d821d9316edb,maia-relative-strength-100.pgn,maia2-1700__vs__maia3-1700.pgn
maia2-1700__vs__maia3-1700,167,84,MAIA2 1700,MAIA3 1700,maia2,maia3,1700,1700,White,MAIA2 1700,MAIA3 1700,1-0,1.0,checkmate,55,8768409b3362b7e491d33978c9cc6d0a81ca7d36365fd0731596d821d9316edb,maia-relative-strength-100.pgn,maia2-1700__vs__maia3-1700.pgn
maia2-1700__vs__maia3-1700,168,84,MAIA2 1700,MAIA3 1700,maia2,maia3,1700,1700,Black,MAIA3 1700,MAIA2 1700,1-0,0.0,checkmate,67,8768409b3362b7e491d33978c9cc6d0a81ca7d36365fd0731596d821d9316edb,maia-relative-strength-100.pgn,maia2-1700__vs__maia3-1700.pgn
maia2-1700__vs__maia3-1700,169,85,MAIA2 1700,MAIA3 1700,maia2,maia3,1700,1700,White,MAIA2 1700,MAIA3 1700,1-0,1.0,checkmate,113,8768409b3362b7e491d33978c9cc6d0a81ca7d36365fd0731596d821d9316edb,maia-relative-strength-100.pgn,maia2-1700__vs__maia3-1700.pgn
maia2-1700__vs__maia3-1700,170,85,MAIA2 1700,MAIA3 1700,maia2,maia3,1700,1700,Black,MAIA3 1700,MAIA2 1700,1-0,0.0,checkmate,103,8768409b3362b7e491d33978c9cc6d0a81ca7d36365fd0731596d821d9316edb,maia-relative-strength-100.pgn,maia2-1700__vs__maia3-1700.pgn
maia2-1700__vs__maia3-1700,171,86,MAIA2 1700,MAIA3 1700,maia2,maia3,1700,1700,White,MAIA2 1700,MAIA3 1700,1/2-1/2,0.5,threefold repetition,115,8768409b3362b7e491d33978c9cc6d0a81ca7d36365fd0731596d821d9316edb,maia-relative-strength-100.pgn,maia2-1700__vs__maia3-1700.pgn
maia2-1700__vs__maia3-1700,172,86,MAIA2 1700,MAIA3 1700,maia2,maia3,1700,1700,Black,MAIA3 1700,MAIA2 1700,0-1,1.0,checkmate,60,8768409b3362b7e491d33978c9cc6d0a81ca7d36365fd0731596d821d9316edb,maia-relative-strength-100.pgn,maia2-1700__vs__maia3-1700.pgn
maia2-1700__vs__maia3-1700,173,87,MAIA2 1700,MAIA3 1700,maia2,maia3,1700,1700,White,MAIA2 1700,MAIA3 1700,1/2-1/2,0.5,threefold repetition,76,8768409b3362b7e491d33978c9cc6d0a81ca7d36365fd0731596d821d9316edb,maia-relative-strength-100.pgn,maia2-1700__vs__maia3-1700.pgn
maia2-1700__vs__maia3-1700,174,87,MAIA2 1700,MAIA3 1700,maia2,maia3,1700,1700,Black,MAIA3 1700,MAIA2 1700,1/2-1/2,0.5,stalemate,151,8768409b3362b7e491d33978c9cc6d0a81ca7d36365fd0731596d821d9316edb,maia-relative-strength-100.pgn,maia2-1700__vs__maia3-1700.pgn
maia2-1700__vs__maia3-1700,175,88,MAIA2 1700,MAIA3 1700,maia2,maia3,1700,1700,White,MAIA2 1700,MAIA3 1700,0-1,0.0,checkmate,100,8768409b3362b7e491d33978c9cc6d0a81ca7d36365fd0731596d821d9316edb,maia-relative-strength-100.pgn,maia2-1700__vs__maia3-1700.pgn
maia2-1700__vs__maia3-1700,176,88,MAIA2 1700,MAIA3 1700,maia2,maia3,1700,1700,Black,MAIA3 1700,MAIA2 1700,1-0,0.0,checkmate,93,8768409b3362b7e491d33978c9cc6d0a81ca7d36365fd0731596d821d9316edb,maia-relative-strength-100.pgn,maia2-1700__vs__maia3-1700.pgn
maia2-1700__vs__maia3-1700,177,89,MAIA2 1700,MAIA3 1700,maia2,maia3,1700,1700,White,MAIA2 1700,MAIA3 1700,1/2-1/2,0.5,threefold repetition,91,8768409b3362b7e491d33978c9cc6d0a81ca7d36365fd0731596d821d9316edb,maia-relative-strength-100.pgn,maia2-1700__vs__maia3-1700.pgn
maia2-1700__vs__maia3-1700,178,89,MAIA2 1700,MAIA3 1700,maia2,maia3,1700,1700,Black,MAIA3 1700,MAIA2 1700,1/2-1/2,0.5,threefold repetition,60,8768409b3362b7e491d33978c9cc6d0a81ca7d36365fd0731596d821d9316edb,maia-relative-strength-100.pgn,maia2-1700__vs__maia3-1700.pgn
maia2-1700__vs__maia3-1700,179,90,MAIA2 1700,MAIA3 1700,maia2,maia3,1700,1700,White,MAIA2 1700,MAIA3 1700,0-1,0.0,checkmate,132,8768409b3362b7e491d33978c9cc6d0a81ca7d36365fd0731596d821d9316edb,maia-relative-strength-100.pgn,maia2-1700__vs__maia3-1700.pgn
maia2-1700__vs__maia3-1700,180,90,MAIA2 1700,MAIA3 1700,maia2,maia3,1700,1700,Black,MAIA3 1700,MAIA2 1700,1-0,0.0,checkmate,151,8768409b3362b7e491d33978c9cc6d0a81ca7d36365fd0731596d821d9316edb,maia-relative-strength-100.pgn,maia2-1700__vs__maia3-1700.pgn
maia2-1700__vs__maia3-1700,181,91,MAIA2 1700,MAIA3 1700,maia2,maia3,1700,1700,White,MAIA2 1700,MAIA3 1700,1-0,1.0,checkmate,211,8768409b3362b7e491d33978c9cc6d0a81ca7d36365fd0731596d821d9316edb,maia-relative-strength-100.pgn,maia2-1700__vs__maia3-1700.pgn
maia2-1700__vs__maia3-1700,182,91,MAIA2 1700,MAIA3 1700,maia2,maia3,1700,1700,Black,MAIA3 1700,MAIA2 1700,0-1,1.0,checkmate,108,8768409b3362b7e491d33978c9cc6d0a81ca7d36365fd0731596d821d9316edb,maia-relative-strength-100.pgn,maia2-1700__vs__maia3-1700.pgn
maia2-1700__vs__maia3-1700,183,92,MAIA2 1700,MAIA3 1700,maia2,maia3,1700,1700,White,MAIA2 1700,MAIA3 1700,1/2-1/2,0.5,threefold repetition,110,8768409b3362b7e491d33978c9cc6d0a81ca7d36365fd0731596d821d9316edb,maia-relative-strength-100.pgn,maia2-1700__vs__maia3-1700.pgn
maia2-1700__vs__maia3-1700,184,92,MAIA2 1700,MAIA3 1700,maia2,maia3,1700,1700,Black,MAIA3 1700,MAIA2 1700,1-0,0.0,checkmate,17,8768409b3362b7e491d33978c9cc6d0a81ca7d36365fd0731596d821d9316edb,maia-relative-strength-100.pgn,maia2-1700__vs__maia3-1700.pgn
maia2-1700__vs__maia3-1700,185,93,MAIA2 1700,MAIA3 1700,maia2,maia3,1700,1700,White,MAIA2 1700,MAIA3 1700,1-0,1.0,checkmate,51,8768409b3362b7e491d33978c9cc6d0a81ca7d36365fd0731596d821d9316edb,maia-relative-strength-100.pgn,maia2-1700__vs__maia3-1700.pgn
maia2-1700__vs__maia3-1700,186,93,MAIA2 1700,MAIA3 1700,maia2,maia3,1700,1700,Black,MAIA3 1700,MAIA2 1700,0-1,1.0,checkmate,46,8768409b3362b7e491d33978c9cc6d0a81ca7d36365fd0731596d821d9316edb,maia-relative-strength-100.pgn,maia2-1700__vs__maia3-1700.pgn
maia2-1700__vs__maia3-1700,187,94,MAIA2 1700,MAIA3 1700,maia2,maia3,1700,1700,White,MAIA2 1700,MAIA3 1700,1/2-1/2,0.5,threefold repetition,86,8768409b3362b7e491d33978c9cc6d0a81ca7d36365fd0731596d821d9316edb,maia-relative-strength-100.pgn,maia2-1700__vs__maia3-1700.pgn
maia2-1700__vs__maia3-1700,188,94,MAIA2 1700,MAIA3 1700,maia2,maia3,1700,1700,Black,MAIA3 1700,MAIA2 1700,1-0,0.0,checkmate,153,8768409b3362b7e491d33978c9cc6d0a81ca7d36365fd0731596d821d9316edb,maia-relative-strength-100.pgn,maia2-1700__vs__maia3-1700.pgn
maia2-1700__vs__maia3-1700,189,95,MAIA2 1700,MAIA3 1700,maia2,maia3,1700,1700,White,MAIA2 1700,MAIA3 1700,0-1,0.0,checkmate,36,8768409b3362b7e491d33978c9cc6d0a81ca7d36365fd0731596d821d9316edb,maia-relative-strength-100.pgn,maia2-1700__vs__maia3-1700.pgn
maia2-1700__vs__maia3-1700,190,95,MAIA2 1700,MAIA3 1700,maia2,maia3,1700,1700,Black,MAIA3 1700,MAIA2 1700,0-1,1.0,checkmate,164,8768409b3362b7e491d33978c9cc6d0a81ca7d36365fd0731596d821d9316edb,maia-relative-strength-100.pgn,maia2-1700__vs__maia3-1700.pgn
maia2-1700__vs__maia3-1700,191,96,MAIA2 1700,MAIA3 1700,maia2,maia3,1700,1700,White,MAIA2 1700,MAIA3 1700,1/2-1/2,0.5,threefold repetition,66,8768409b3362b7e491d33978c9cc6d0a81ca7d36365fd0731596d821d9316edb,maia-relative-strength-100.pgn,maia2-1700__vs__maia3-1700.pgn
maia2-1700__vs__maia3-1700,192,96,MAIA2 1700,MAIA3 1700,maia2,maia3,1700,1700,Black,MAIA3 1700,MAIA2 1700,1-0,0.0,checkmate,45,8768409b3362b7e491d33978c9cc6d0a81ca7d36365fd0731596d821d9316edb,maia-relative-strength-100.pgn,maia2-1700__vs__maia3-1700.pgn
maia2-1700__vs__maia3-1700,193,97,MAIA2 1700,MAIA3 1700,maia2,maia3,1700,1700,White,MAIA2 1700,MAIA3 1700,1-0,1.0,checkmate,93,8768409b3362b7e491d33978c9cc6d0a81ca7d36365fd0731596d821d9316edb,maia-relative-strength-100.pgn,maia2-1700__vs__maia3-1700.pgn
maia2-1700__vs__maia3-1700,194,97,MAIA2 1700,MAIA3 1700,maia2,maia3,1700,1700,Black,MAIA3 1700,MAIA2 1700,1/2-1/2,0.5,threefold repetition,33,8768409b3362b7e491d33978c9cc6d0a81ca7d36365fd0731596d821d9316edb,maia-relative-strength-100.pgn,maia2-1700__vs__maia3-1700.pgn
maia2-1700__vs__maia3-1700,195,98,MAIA2 1700,MAIA3 1700,maia2,maia3,1700,1700,White,MAIA2 1700,MAIA3 1700,0-1,0.0,checkmate,122,8768409b3362b7e491d33978c9cc6d0a81ca7d36365fd0731596d821d9316edb,maia-relative-strength-100.pgn,maia2-1700__vs__maia3-1700.pgn
maia2-1700__vs__maia3-1700,196,98,MAIA2 1700,MAIA3 1700,maia2,maia3,1700,1700,Black,MAIA3 1700,MAIA2 1700,1/2-1/2,0.5,threefold repetition,73,8768409b3362b7e491d33978c9cc6d0a81ca7d36365fd0731596d821d9316edb,maia-relative-strength-100.pgn,maia2-1700__vs__maia3-1700.pgn
maia2-1700__vs__maia3-1700,197,99,MAIA2 1700,MAIA3 1700,maia2,maia3,1700,1700,White,MAIA2 1700,MAIA3 1700,1-0,1.0,checkmate,89,8768409b3362b7e491d33978c9cc6d0a81ca7d36365fd0731596d821d9316edb,maia-relative-strength-100.pgn,maia2-1700__vs__maia3-1700.pgn
maia2-1700__vs__maia3-1700,198,99,MAIA2 1700,MAIA3 1700,maia2,maia3,1700,1700,Black,MAIA3 1700,MAIA2 1700,1/2-1/2,0.5,threefold repetition,84,8768409b3362b7e491d33978c9cc6d0a81ca7d36365fd0731596d821d9316edb,maia-relative-strength-100.pgn,maia2-1700__vs__maia3-1700.pgn
maia2-1700__vs__maia3-1700,199,100,MAIA2 1700,MAIA3 1700,maia2,maia3,1700,1700,White,MAIA2 1700,MAIA3 1700,0-1,0.0,checkmate,100,8768409b3362b7e491d33978c9cc6d0a81ca7d36365fd0731596d821d9316edb,maia-relative-strength-100.pgn,maia2-1700__vs__maia3-1700.pgn
maia2-1700__vs__maia3-1700,200,100,MAIA2 1700,MAIA3 1700,maia2,maia3,1700,1700,Black,MAIA3 1700,MAIA2 1700,1-0,0.0,checkmate,93,8768409b3362b7e491d33978c9cc6d0a81ca7d36365fd0731596d821d9316edb,maia-relative-strength-100.pgn,maia2-1700__vs__maia3-1700.pgn
maia2-1900__vs__maia3-1900,1,1,MAIA2 1900,MAIA3 1900,maia2,maia3,1900,1900,White,MAIA2 1900,MAIA3 1900,0-1,0.0,checkmate,110,d915e69ae7c67086d89e198177e30ae98f60459ab37f1dae3d13f001c2e54425,maia-relative-strength-100.pgn,maia2-1900__vs__maia3-1900.pgn
maia2-1900__vs__maia3-1900,2,1,MAIA2 1900,MAIA3 1900,maia2,maia3,1900,1900,Black,MAIA3 1900,MAIA2 1900,1-0,0.0,checkmate,95,d915e69ae7c67086d89e198177e30ae98f60459ab37f1dae3d13f001c2e54425,maia-relative-strength-100.pgn,maia2-1900__vs__maia3-1900.pgn
maia2-1900__vs__maia3-1900,3,2,MAIA2 1900,MAIA3 1900,maia2,maia3,1900,1900,White,MAIA2 1900,MAIA3 1900,0-1,0.0,checkmate,84,d915e69ae7c67086d89e198177e30ae98f60459ab37f1dae3d13f001c2e54425,maia-relative-strength-100.pgn,maia2-1900__vs__maia3-1900.pgn
maia2-1900__vs__maia3-1900,4,2,MAIA2 1900,MAIA3 1900,maia2,maia3,1900,1900,Black,MAIA3 1900,MAIA2 1900,1-0,0.0,checkmate,79,d915e69ae7c67086d89e198177e30ae98f60459ab37f1dae3d13f001c2e54425,maia-relative-strength-100.pgn,maia2-1900__vs__maia3-1900.pgn
maia2-1900__vs__maia3-1900,5,3,MAIA2 1900,MAIA3 1900,maia2,maia3,1900,1900,White,MAIA2 1900,MAIA3 1900,1-0,1.0,checkmate,65,d915e69ae7c67086d89e198177e30ae98f60459ab37f1dae3d13f001c2e54425,maia-relative-strength-100.pgn,maia2-1900__vs__maia3-1900.pgn
maia2-1900__vs__maia3-1900,6,3,MAIA2 1900,MAIA3 1900,maia2,maia3,1900,1900,Black,MAIA3 1900,MAIA2 1900,1-0,0.0,checkmate,87,d915e69ae7c67086d89e198177e30ae98f60459ab37f1dae3d13f001c2e54425,maia-relative-strength-100.pgn,maia2-1900__vs__maia3-1900.pgn
maia2-1900__vs__maia3-1900,7,4,MAIA2 1900,MAIA3 1900,maia2,maia3,1900,1900,White,MAIA2 1900,MAIA3 1900,1-0,1.0,checkmate,91,d915e69ae7c67086d89e198177e30ae98f60459ab37f1dae3d13f001c2e54425,maia-relative-strength-100.pgn,maia2-1900__vs__maia3-1900.pgn
maia2-1900__vs__maia3-1900,8,4,MAIA2 1900,MAIA3 1900,maia2,maia3,1900,1900,Black,MAIA3 1900,MAIA2 1900,1-0,0.0,checkmate,95,d915e69ae7c67086d89e198177e30ae98f60459ab37f1dae3d13f001c2e54425,maia-relative-strength-100.pgn,maia2-1900__vs__maia3-1900.pgn
maia2-1900__vs__maia3-1900,9,5,MAIA2 1900,MAIA3 1900,maia2,maia3,1900,1900,White,MAIA2 1900,MAIA3 1900,0-1,0.0,checkmate,146,d915e69ae7c67086d89e198177e30ae98f60459ab37f1dae3d13f001c2e54425,maia-relative-strength-100.pgn,maia2-1900__vs__maia3-1900.pgn
maia2-1900__vs__maia3-1900,10,5,MAIA2 1900,MAIA3 1900,maia2,maia3,1900,1900,Black,MAIA3 1900,MAIA2 1900,1/2-1/2,0.5,threefold repetition,86,d915e69ae7c67086d89e198177e30ae98f60459ab37f1dae3d13f001c2e54425,maia-relative-strength-100.pgn,maia2-1900__vs__maia3-1900.pgn
maia2-1900__vs__maia3-1900,11,6,MAIA2 1900,MAIA3 1900,maia2,maia3,1900,1900,White,MAIA2 1900,MAIA3 1900,0-1,0.0,checkmate,142,d915e69ae7c67086d89e198177e30ae98f60459ab37f1dae3d13f001c2e54425,maia-relative-strength-100.pgn,maia2-1900__vs__maia3-1900.pgn
maia2-1900__vs__maia3-1900,12,6,MAIA2 1900,MAIA3 1900,maia2,maia3,1900,1900,Black,MAIA3 1900,MAIA2 1900,1/2-1/2,0.5,threefold repetition,43,d915e69ae7c67086d89e198177e30ae98f60459ab37f1dae3d13f001c2e54425,maia-relative-strength-100.pgn,maia2-1900__vs__maia3-1900.pgn
maia2-1900__vs__maia3-1900,13,7,MAIA2 1900,MAIA3 1900,maia2,maia3,1900,1900,White,MAIA2 1900,MAIA3 1900,1/2-1/2,0.5,threefold repetition,95,d915e69ae7c67086d89e198177e30ae98f60459ab37f1dae3d13f001c2e54425,maia-relative-strength-100.pgn,maia2-1900__vs__maia3-1900.pgn
maia2-1900__vs__maia3-1900,14,7,MAIA2 1900,MAIA3 1900,maia2,maia3,1900,1900,Black,MAIA3 1900,MAIA2 1900,0-1,1.0,checkmate,72,d915e69ae7c67086d89e198177e30ae98f60459ab37f1dae3d13f001c2e54425,maia-relative-strength-100.pgn,maia2-1900__vs__maia3-1900.pgn
maia2-1900__vs__maia3-1900,15,8,MAIA2 1900,MAIA3 1900,maia2,maia3,1900,1900,White,MAIA2 1900,MAIA3 1900,1/2-1/2,0.5,threefold repetition,107,d915e69ae7c67086d89e198177e30ae98f60459ab37f1dae3d13f001c2e54425,maia-relative-strength-100.pgn,maia2-1900__vs__maia3-1900.pgn
maia2-1900__vs__maia3-1900,16,8,MAIA2 1900,MAIA3 1900,maia2,maia3,1900,1900,Black,MAIA3 1900,MAIA2 1900,1-0,0.0,checkmate,107,d915e69ae7c67086d89e198177e30ae98f60459ab37f1dae3d13f001c2e54425,maia-relative-strength-100.pgn,maia2-1900__vs__maia3-1900.pgn
maia2-1900__vs__maia3-1900,17,9,MAIA2 1900,MAIA3 1900,maia2,maia3,1900,1900,White,MAIA2 1900,MAIA3 1900,1-0,1.0,checkmate,97,d915e69ae7c67086d89e198177e30ae98f60459ab37f1dae3d13f001c2e54425,maia-relative-strength-100.pgn,maia2-1900__vs__maia3-1900.pgn
maia2-1900__vs__maia3-1900,18,9,MAIA2 1900,MAIA3 1900,maia2,maia3,1900,1900,Black,MAIA3 1900,MAIA2 1900,1-0,0.0,checkmate,45,d915e69ae7c67086d89e198177e30ae98f60459ab37f1dae3d13f001c2e54425,maia-relative-strength-100.pgn,maia2-1900__vs__maia3-1900.pgn
maia2-1900__vs__maia3-1900,19,10,MAIA2 1900,MAIA3 1900,maia2,maia3,1900,1900,White,MAIA2 1900,MAIA3 1900,0-1,0.0,checkmate,92,d915e69ae7c67086d89e198177e30ae98f60459ab37f1dae3d13f001c2e54425,maia-relative-strength-100.pgn,maia2-1900__vs__maia3-1900.pgn
maia2-1900__vs__maia3-1900,20,10,MAIA2 1900,MAIA3 1900,maia2,maia3,1900,1900,Black,MAIA3 1900,MAIA2 1900,1/2-1/2,0.5,threefold repetition,83,d915e69ae7c67086d89e198177e30ae98f60459ab37f1dae3d13f001c2e54425,maia-relative-strength-100.pgn,maia2-1900__vs__maia3-1900.pgn
maia2-1900__vs__maia3-1900,21,11,MAIA2 1900,MAIA3 1900,maia2,maia3,1900,1900,White,MAIA2 1900,MAIA3 1900,0-1,0.0,checkmate,102,d915e69ae7c67086d89e198177e30ae98f60459ab37f1dae3d13f001c2e54425,maia-relative-strength-100.pgn,maia2-1900__vs__maia3-1900.pgn
maia2-1900__vs__maia3-1900,22,11,MAIA2 1900,MAIA3 1900,maia2,maia3,1900,1900,Black,MAIA3 1900,MAIA2 1900,1/2-1/2,0.5,threefold repetition,97,d915e69ae7c67086d89e198177e30ae98f60459ab37f1dae3d13f001c2e54425,maia-relative-strength-100.pgn,maia2-1900__vs__maia3-1900.pgn
maia2-1900__vs__maia3-1900,23,12,MAIA2 1900,MAIA3 1900,maia2,maia3,1900,1900,White,MAIA2 1900,MAIA3 1900,0-1,0.0,checkmate,92,d915e69ae7c67086d89e198177e30ae98f60459ab37f1dae3d13f001c2e54425,maia-relative-strength-100.pgn,maia2-1900__vs__maia3-1900.pgn
maia2-1900__vs__maia3-1900,24,12,MAIA2 1900,MAIA3 1900,maia2,maia3,1900,1900,Black,MAIA3 1900,MAIA2 1900,1-0,0.0,checkmate,51,d915e69ae7c67086d89e198177e30ae98f60459ab37f1dae3d13f001c2e54425,maia-relative-strength-100.pgn,maia2-1900__vs__maia3-1900.pgn
maia2-1900__vs__maia3-1900,25,13,MAIA2 1900,MAIA3 1900,maia2,maia3,1900,1900,White,MAIA2 1900,MAIA3 1900,0-1,0.0,checkmate,102,d915e69ae7c67086d89e198177e30ae98f60459ab37f1dae3d13f001c2e54425,maia-relative-strength-100.pgn,maia2-1900__vs__maia3-1900.pgn
maia2-1900__vs__maia3-1900,26,13,MAIA2 1900,MAIA3 1900,maia2,maia3,1900,1900,Black,MAIA3 1900,MAIA2 1900,1-0,0.0,checkmate,51,d915e69ae7c67086d89e198177e30ae98f60459ab37f1dae3d13f001c2e54425,maia-relative-strength-100.pgn,maia2-1900__vs__maia3-1900.pgn
maia2-1900__vs__maia3-1900,27,14,MAIA2 1900,MAIA3 1900,maia2,maia3,1900,1900,White,MAIA2 1900,MAIA3 1900,0-1,0.0,checkmate,122,d915e69ae7c67086d89e198177e30ae98f60459ab37f1dae3d13f001c2e54425,maia-relative-strength-100.pgn,maia2-1900__vs__maia3-1900.pgn
maia2-1900__vs__maia3-1900,28,14,MAIA2 1900,MAIA3 1900,maia2,maia3,1900,1900,Black,MAIA3 1900,MAIA2 1900,1/2-1/2,0.5,threefold repetition,173,d915e69ae7c67086d89e198177e30ae98f60459ab37f1dae3d13f001c2e54425,maia-relative-strength-100.pgn,maia2-1900__vs__maia3-1900.pgn
maia2-1900__vs__maia3-1900,29,15,MAIA2 1900,MAIA3 1900,maia2,maia3,1900,1900,White,MAIA2 1900,MAIA3 1900,0-1,0.0,checkmate,66,d915e69ae7c67086d89e198177e30ae98f60459ab37f1dae3d13f001c2e54425,maia-relative-strength-100.pgn,maia2-1900__vs__maia3-1900.pgn
maia2-1900__vs__maia3-1900,30,15,MAIA2 1900,MAIA3 1900,maia2,maia3,1900,1900,Black,MAIA3 1900,MAIA2 1900,0-1,1.0,checkmate,160,d915e69ae7c67086d89e198177e30ae98f60459ab37f1dae3d13f001c2e54425,maia-relative-strength-100.pgn,maia2-1900__vs__maia3-1900.pgn
maia2-1900__vs__maia3-1900,31,16,MAIA2 1900,MAIA3 1900,maia2,maia3,1900,1900,White,MAIA2 1900,MAIA3 1900,1/2-1/2,0.5,threefold repetition,41,d915e69ae7c67086d89e198177e30ae98f60459ab37f1dae3d13f001c2e54425,maia-relative-strength-100.pgn,maia2-1900__vs__maia3-1900.pgn
maia2-1900__vs__maia3-1900,32,16,MAIA2 1900,MAIA3 1900,maia2,maia3,1900,1900,Black,MAIA3 1900,MAIA2 1900,1-0,0.0,checkmate,81,d915e69ae7c67086d89e198177e30ae98f60459ab37f1dae3d13f001c2e54425,maia-relative-strength-100.pgn,maia2-1900__vs__maia3-1900.pgn
maia2-1900__vs__maia3-1900,33,17,MAIA2 1900,MAIA3 1900,maia2,maia3,1900,1900,White,MAIA2 1900,MAIA3 1900,0-1,0.0,checkmate,58,d915e69ae7c67086d89e198177e30ae98f60459ab37f1dae3d13f001c2e54425,maia-relative-strength-100.pgn,maia2-1900__vs__maia3-1900.pgn
maia2-1900__vs__maia3-1900,34,17,MAIA2 1900,MAIA3 1900,maia2,maia3,1900,1900,Black,MAIA3 1900,MAIA2 1900,1-0,0.0,checkmate,99,d915e69ae7c67086d89e198177e30ae98f60459ab37f1dae3d13f001c2e54425,maia-relative-strength-100.pgn,maia2-1900__vs__maia3-1900.pgn
maia2-1900__vs__maia3-1900,35,18,MAIA2 1900,MAIA3 1900,maia2,maia3,1900,1900,White,MAIA2 1900,MAIA3 1900,1/2-1/2,0.5,threefold repetition,45,d915e69ae7c67086d89e198177e30ae98f60459ab37f1dae3d13f001c2e54425,maia-relative-strength-100.pgn,maia2-1900__vs__maia3-1900.pgn
maia2-1900__vs__maia3-1900,36,18,MAIA2 1900,MAIA3 1900,maia2,maia3,1900,1900,Black,MAIA3 1900,MAIA2 1900,0-1,1.0,checkmate,106,d915e69ae7c67086d89e198177e30ae98f60459ab37f1dae3d13f001c2e54425,maia-relative-strength-100.pgn,maia2-1900__vs__maia3-1900.pgn
maia2-1900__vs__maia3-1900,37,19,MAIA2 1900,MAIA3 1900,maia2,maia3,1900,1900,White,MAIA2 1900,MAIA3 1900,1/2-1/2,0.5,threefold repetition,53,d915e69ae7c67086d89e198177e30ae98f60459ab37f1dae3d13f001c2e54425,maia-relative-strength-100.pgn,maia2-1900__vs__maia3-1900.pgn
maia2-1900__vs__maia3-1900,38,19,MAIA2 1900,MAIA3 1900,maia2,maia3,1900,1900,Black,MAIA3 1900,MAIA2 1900,0-1,1.0,checkmate,86,d915e69ae7c67086d89e198177e30ae98f60459ab37f1dae3d13f001c2e54425,maia-relative-strength-100.pgn,maia2-1900__vs__maia3-1900.pgn
maia2-1900__vs__maia3-1900,39,20,MAIA2 1900,MAIA3 1900,maia2,maia3,1900,1900,White,MAIA2 1900,MAIA3 1900,0-1,0.0,checkmate,58,d915e69ae7c67086d89e198177e30ae98f60459ab37f1dae3d13f001c2e54425,maia-relative-strength-100.pgn,maia2-1900__vs__maia3-1900.pgn
maia2-1900__vs__maia3-1900,40,20,MAIA2 1900,MAIA3 1900,maia2,maia3,1900,1900,Black,MAIA3 1900,MAIA2 1900,1/2-1/2,0.5,insufficient material,113,d915e69ae7c67086d89e198177e30ae98f60459ab37f1dae3d13f001c2e54425,maia-relative-strength-100.pgn,maia2-1900__vs__maia3-1900.pgn
maia2-1900__vs__maia3-1900,41,21,MAIA2 1900,MAIA3 1900,maia2,maia3,1900,1900,White,MAIA2 1900,MAIA3 1900,1/2-1/2,0.5,threefold repetition,122,d915e69ae7c67086d89e198177e30ae98f60459ab37f1dae3d13f001c2e54425,maia-relative-strength-100.pgn,maia2-1900__vs__maia3-1900.pgn
maia2-1900__vs__maia3-1900,42,21,MAIA2 1900,MAIA3 1900,maia2,maia3,1900,1900,Black,MAIA3 1900,MAIA2 1900,1-0,0.0,checkmate,111,d915e69ae7c67086d89e198177e30ae98f60459ab37f1dae3d13f001c2e54425,maia-relative-strength-100.pgn,maia2-1900__vs__maia3-1900.pgn
maia2-1900__vs__maia3-1900,43,22,MAIA2 1900,MAIA3 1900,maia2,maia3,1900,1900,White,MAIA2 1900,MAIA3 1900,0-1,0.0,checkmate,60,d915e69ae7c67086d89e198177e30ae98f60459ab37f1dae3d13f001c2e54425,maia-relative-strength-100.pgn,maia2-1900__vs__maia3-1900.pgn
maia2-1900__vs__maia3-1900,44,22,MAIA2 1900,MAIA3 1900,maia2,maia3,1900,1900,Black,MAIA3 1900,MAIA2 1900,1-0,0.0,checkmate,71,d915e69ae7c67086d89e198177e30ae98f60459ab37f1dae3d13f001c2e54425,maia-relative-strength-100.pgn,maia2-1900__vs__maia3-1900.pgn
maia2-1900__vs__maia3-1900,45,23,MAIA2 1900,MAIA3 1900,maia2,maia3,1900,1900,White,MAIA2 1900,MAIA3 1900,1-0,1.0,checkmate,25,d915e69ae7c67086d89e198177e30ae98f60459ab37f1dae3d13f001c2e54425,maia-relative-strength-100.pgn,maia2-1900__vs__maia3-1900.pgn
maia2-1900__vs__maia3-1900,46,23,MAIA2 1900,MAIA3 1900,maia2,maia3,1900,1900,Black,MAIA3 1900,MAIA2 1900,1-0,0.0,checkmate,39,d915e69ae7c67086d89e198177e30ae98f60459ab37f1dae3d13f001c2e54425,maia-relative-strength-100.pgn,maia2-1900__vs__maia3-1900.pgn
maia2-1900__vs__maia3-1900,47,24,MAIA2 1900,MAIA3 1900,maia2,maia3,1900,1900,White,MAIA2 1900,MAIA3 1900,1/2-1/2,0.5,threefold repetition,107,d915e69ae7c67086d89e198177e30ae98f60459ab37f1dae3d13f001c2e54425,maia-relative-strength-100.pgn,maia2-1900__vs__maia3-1900.pgn
maia2-1900__vs__maia3-1900,48,24,MAIA2 1900,MAIA3 1900,maia2,maia3,1900,1900,Black,MAIA3 1900,MAIA2 1900,1-0,0.0,checkmate,177,d915e69ae7c67086d89e198177e30ae98f60459ab37f1dae3d13f001c2e54425,maia-relative-strength-100.pgn,maia2-1900__vs__maia3-1900.pgn
maia2-1900__vs__maia3-1900,49,25,MAIA2 1900,MAIA3 1900,maia2,maia3,1900,1900,White,MAIA2 1900,MAIA3 1900,1-0,1.0,checkmate,61,d915e69ae7c67086d89e198177e30ae98f60459ab37f1dae3d13f001c2e54425,maia-relative-strength-100.pgn,maia2-1900__vs__maia3-1900.pgn
maia2-1900__vs__maia3-1900,50,25,MAIA2 1900,MAIA3 1900,maia2,maia3,1900,1900,Black,MAIA3 1900,MAIA2 1900,1-0,0.0,checkmate,73,d915e69ae7c67086d89e198177e30ae98f60459ab37f1dae3d13f001c2e54425,maia-relative-strength-100.pgn,maia2-1900__vs__maia3-1900.pgn
maia2-1900__vs__maia3-1900,51,26,MAIA2 1900,MAIA3 1900,maia2,maia3,1900,1900,White,MAIA2 1900,MAIA3 1900,0-1,0.0,checkmate,106,d915e69ae7c67086d89e198177e30ae98f60459ab37f1dae3d13f001c2e54425,maia-relative-strength-100.pgn,maia2-1900__vs__maia3-1900.pgn
maia2-1900__vs__maia3-1900,52,26,MAIA2 1900,MAIA3 1900,maia2,maia3,1900,1900,Black,MAIA3 1900,MAIA2 1900,0-1,1.0,checkmate,72,d915e69ae7c67086d89e198177e30ae98f60459ab37f1dae3d13f001c2e54425,maia-relative-strength-100.pgn,maia2-1900__vs__maia3-1900.pgn
maia2-1900__vs__maia3-1900,53,27,MAIA2 1900,MAIA3 1900,maia2,maia3,1900,1900,White,MAIA2 1900,MAIA3 1900,0-1,0.0,checkmate,56,d915e69ae7c67086d89e198177e30ae98f60459ab37f1dae3d13f001c2e54425,maia-relative-strength-100.pgn,maia2-1900__vs__maia3-1900.pgn
maia2-1900__vs__maia3-1900,54,27,MAIA2 1900,MAIA3 1900,maia2,maia3,1900,1900,Black,MAIA3 1900,MAIA2 1900,1-0,0.0,checkmate,81,d915e69ae7c67086d89e198177e30ae98f60459ab37f1dae3d13f001c2e54425,maia-relative-strength-100.pgn,maia2-1900__vs__maia3-1900.pgn
maia2-1900__vs__maia3-1900,55,28,MAIA2 1900,MAIA3 1900,maia2,maia3,1900,1900,White,MAIA2 1900,MAIA3 1900,1/2-1/2,0.5,threefold repetition,71,d915e69ae7c67086d89e198177e30ae98f60459ab37f1dae3d13f001c2e54425,maia-relative-strength-100.pgn,maia2-1900__vs__maia3-1900.pgn
maia2-1900__vs__maia3-1900,56,28,MAIA2 1900,MAIA3 1900,maia2,maia3,1900,1900,Black,MAIA3 1900,MAIA2 1900,1-0,0.0,checkmate,119,d915e69ae7c67086d89e198177e30ae98f60459ab37f1dae3d13f001c2e54425,maia-relative-strength-100.pgn,maia2-1900__vs__maia3-1900.pgn
maia2-1900__vs__maia3-1900,57,29,MAIA2 1900,MAIA3 1900,maia2,maia3,1900,1900,White,MAIA2 1900,MAIA3 1900,0-1,0.0,checkmate,84,d915e69ae7c67086d89e198177e30ae98f60459ab37f1dae3d13f001c2e54425,maia-relative-strength-100.pgn,maia2-1900__vs__maia3-1900.pgn
maia2-1900__vs__maia3-1900,58,29,MAIA2 1900,MAIA3 1900,maia2,maia3,1900,1900,Black,MAIA3 1900,MAIA2 1900,1/2-1/2,0.5,threefold repetition,118,d915e69ae7c67086d89e198177e30ae98f60459ab37f1dae3d13f001c2e54425,maia-relative-strength-100.pgn,maia2-1900__vs__maia3-1900.pgn
maia2-1900__vs__maia3-1900,59,30,MAIA2 1900,MAIA3 1900,maia2,maia3,1900,1900,White,MAIA2 1900,MAIA3 1900,1-0,1.0,checkmate,79,d915e69ae7c67086d89e198177e30ae98f60459ab37f1dae3d13f001c2e54425,maia-relative-strength-100.pgn,maia2-1900__vs__maia3-1900.pgn
maia2-1900__vs__maia3-1900,60,30,MAIA2 1900,MAIA3 1900,maia2,maia3,1900,1900,Black,MAIA3 1900,MAIA2 1900,1-0,0.0,checkmate,71,d915e69ae7c67086d89e198177e30ae98f60459ab37f1dae3d13f001c2e54425,maia-relative-strength-100.pgn,maia2-1900__vs__maia3-1900.pgn
maia2-1900__vs__maia3-1900,61,31,MAIA2 1900,MAIA3 1900,maia2,maia3,1900,1900,White,MAIA2 1900,MAIA3 1900,0-1,0.0,checkmate,54,d915e69ae7c67086d89e198177e30ae98f60459ab37f1dae3d13f001c2e54425,maia-relative-strength-100.pgn,maia2-1900__vs__maia3-1900.pgn
maia2-1900__vs__maia3-1900,62,31,MAIA2 1900,MAIA3 1900,maia2,maia3,1900,1900,Black,MAIA3 1900,MAIA2 1900,1/2-1/2,0.5,threefold repetition,75,d915e69ae7c67086d89e198177e30ae98f60459ab37f1dae3d13f001c2e54425,maia-relative-strength-100.pgn,maia2-1900__vs__maia3-1900.pgn
maia2-1900__vs__maia3-1900,63,32,MAIA2 1900,MAIA3 1900,maia2,maia3,1900,1900,White,MAIA2 1900,MAIA3 1900,0-1,0.0,checkmate,130,d915e69ae7c67086d89e198177e30ae98f60459ab37f1dae3d13f001c2e54425,maia-relative-strength-100.pgn,maia2-1900__vs__maia3-1900.pgn
maia2-1900__vs__maia3-1900,64,32,MAIA2 1900,MAIA3 1900,maia2,maia3,1900,1900,Black,MAIA3 1900,MAIA2 1900,0-1,1.0,checkmate,52,d915e69ae7c67086d89e198177e30ae98f60459ab37f1dae3d13f001c2e54425,maia-relative-strength-100.pgn,maia2-1900__vs__maia3-1900.pgn
maia2-1900__vs__maia3-1900,65,33,MAIA2 1900,MAIA3 1900,maia2,maia3,1900,1900,White,MAIA2 1900,MAIA3 1900,0-1,0.0,checkmate,158,d915e69ae7c67086d89e198177e30ae98f60459ab37f1dae3d13f001c2e54425,maia-relative-strength-100.pgn,maia2-1900__vs__maia3-1900.pgn
maia2-1900__vs__maia3-1900,66,33,MAIA2 1900,MAIA3 1900,maia2,maia3,1900,1900,Black,MAIA3 1900,MAIA2 1900,1-0,0.0,checkmate,87,d915e69ae7c67086d89e198177e30ae98f60459ab37f1dae3d13f001c2e54425,maia-relative-strength-100.pgn,maia2-1900__vs__maia3-1900.pgn
maia2-1900__vs__maia3-1900,67,34,MAIA2 1900,MAIA3 1900,maia2,maia3,1900,1900,White,MAIA2 1900,MAIA3 1900,1-0,1.0,checkmate,27,d915e69ae7c67086d89e198177e30ae98f60459ab37f1dae3d13f001c2e54425,maia-relative-strength-100.pgn,maia2-1900__vs__maia3-1900.pgn
maia2-1900__vs__maia3-1900,68,34,MAIA2 1900,MAIA3 1900,maia2,maia3,1900,1900,Black,MAIA3 1900,MAIA2 1900,1-0,0.0,checkmate,137,d915e69ae7c67086d89e198177e30ae98f60459ab37f1dae3d13f001c2e54425,maia-relative-strength-100.pgn,maia2-1900__vs__maia3-1900.pgn
maia2-1900__vs__maia3-1900,69,35,MAIA2 1900,MAIA3 1900,maia2,maia3,1900,1900,White,MAIA2 1900,MAIA3 1900,0-1,0.0,checkmate,128,d915e69ae7c67086d89e198177e30ae98f60459ab37f1dae3d13f001c2e54425,maia-relative-strength-100.pgn,maia2-1900__vs__maia3-1900.pgn
maia2-1900__vs__maia3-1900,70,35,MAIA2 1900,MAIA3 1900,maia2,maia3,1900,1900,Black,MAIA3 1900,MAIA2 1900,1-0,0.0,checkmate,125,d915e69ae7c67086d89e198177e30ae98f60459ab37f1dae3d13f001c2e54425,maia-relative-strength-100.pgn,maia2-1900__vs__maia3-1900.pgn
maia2-1900__vs__maia3-1900,71,36,MAIA2 1900,MAIA3 1900,maia2,maia3,1900,1900,White,MAIA2 1900,MAIA3 1900,0-1,0.0,checkmate,30,d915e69ae7c67086d89e198177e30ae98f60459ab37f1dae3d13f001c2e54425,maia-relative-strength-100.pgn,maia2-1900__vs__maia3-1900.pgn
maia2-1900__vs__maia3-1900,72,36,MAIA2 1900,MAIA3 1900,maia2,maia3,1900,1900,Black,MAIA3 1900,MAIA2 1900,0-1,1.0,checkmate,48,d915e69ae7c67086d89e198177e30ae98f60459ab37f1dae3d13f001c2e54425,maia-relative-strength-100.pgn,maia2-1900__vs__maia3-1900.pgn
maia2-1900__vs__maia3-1900,73,37,MAIA2 1900,MAIA3 1900,maia2,maia3,1900,1900,White,MAIA2 1900,MAIA3 1900,0-1,0.0,checkmate,46,d915e69ae7c67086d89e198177e30ae98f60459ab37f1dae3d13f001c2e54425,maia-relative-strength-100.pgn,maia2-1900__vs__maia3-1900.pgn
maia2-1900__vs__maia3-1900,74,37,MAIA2 1900,MAIA3 1900,maia2,maia3,1900,1900,Black,MAIA3 1900,MAIA2 1900,0-1,1.0,checkmate,54,d915e69ae7c67086d89e198177e30ae98f60459ab37f1dae3d13f001c2e54425,maia-relative-strength-100.pgn,maia2-1900__vs__maia3-1900.pgn
maia2-1900__vs__maia3-1900,75,38,MAIA2 1900,MAIA3 1900,maia2,maia3,1900,1900,White,MAIA2 1900,MAIA3 1900,0-1,0.0,checkmate,90,d915e69ae7c67086d89e198177e30ae98f60459ab37f1dae3d13f001c2e54425,maia-relative-strength-100.pgn,maia2-1900__vs__maia3-1900.pgn
maia2-1900__vs__maia3-1900,76,38,MAIA2 1900,MAIA3 1900,maia2,maia3,1900,1900,Black,MAIA3 1900,MAIA2 1900,1-0,0.0,checkmate,119,d915e69ae7c67086d89e198177e30ae98f60459ab37f1dae3d13f001c2e54425,maia-relative-strength-100.pgn,maia2-1900__vs__maia3-1900.pgn
maia2-1900__vs__maia3-1900,77,39,MAIA2 1900,MAIA3 1900,maia2,maia3,1900,1900,White,MAIA2 1900,MAIA3 1900,1-0,1.0,checkmate,75,d915e69ae7c67086d89e198177e30ae98f60459ab37f1dae3d13f001c2e54425,maia-relative-strength-100.pgn,maia2-1900__vs__maia3-1900.pgn
maia2-1900__vs__maia3-1900,78,39,MAIA2 1900,MAIA3 1900,maia2,maia3,1900,1900,Black,MAIA3 1900,MAIA2 1900,1-0,0.0,checkmate,65,d915e69ae7c67086d89e198177e30ae98f60459ab37f1dae3d13f001c2e54425,maia-relative-strength-100.pgn,maia2-1900__vs__maia3-1900.pgn
maia2-1900__vs__maia3-1900,79,40,MAIA2 1900,MAIA3 1900,maia2,maia3,1900,1900,White,MAIA2 1900,MAIA3 1900,0-1,0.0,checkmate,60,d915e69ae7c67086d89e198177e30ae98f60459ab37f1dae3d13f001c2e54425,maia-relative-strength-100.pgn,maia2-1900__vs__maia3-1900.pgn
maia2-1900__vs__maia3-1900,80,40,MAIA2 1900,MAIA3 1900,maia2,maia3,1900,1900,Black,MAIA3 1900,MAIA2 1900,1-0,0.0,checkmate,39,d915e69ae7c67086d89e198177e30ae98f60459ab37f1dae3d13f001c2e54425,maia-relative-strength-100.pgn,maia2-1900__vs__maia3-1900.pgn
maia2-1900__vs__maia3-1900,81,41,MAIA2 1900,MAIA3 1900,maia2,maia3,1900,1900,White,MAIA2 1900,MAIA3 1900,0-1,0.0,checkmate,122,d915e69ae7c67086d89e198177e30ae98f60459ab37f1dae3d13f001c2e54425,maia-relative-strength-100.pgn,maia2-1900__vs__maia3-1900.pgn
maia2-1900__vs__maia3-1900,82,41,MAIA2 1900,MAIA3 1900,maia2,maia3,1900,1900,Black,MAIA3 1900,MAIA2 1900,0-1,1.0,checkmate,116,d915e69ae7c67086d89e198177e30ae98f60459ab37f1dae3d13f001c2e54425,maia-relative-strength-100.pgn,maia2-1900__vs__maia3-1900.pgn
maia2-1900__vs__maia3-1900,83,42,MAIA2 1900,MAIA3 1900,maia2,maia3,1900,1900,White,MAIA2 1900,MAIA3 1900,0-1,0.0,checkmate,110,d915e69ae7c67086d89e198177e30ae98f60459ab37f1dae3d13f001c2e54425,maia-relative-strength-100.pgn,maia2-1900__vs__maia3-1900.pgn
maia2-1900__vs__maia3-1900,84,42,MAIA2 1900,MAIA3 1900,maia2,maia3,1900,1900,Black,MAIA3 1900,MAIA2 1900,1-0,0.0,checkmate,53,d915e69ae7c67086d89e198177e30ae98f60459ab37f1dae3d13f001c2e54425,maia-relative-strength-100.pgn,maia2-1900__vs__maia3-1900.pgn
maia2-1900__vs__maia3-1900,85,43,MAIA2 1900,MAIA3 1900,maia2,maia3,1900,1900,White,MAIA2 1900,MAIA3 1900,0-1,0.0,checkmate,56,d915e69ae7c67086d89e198177e30ae98f60459ab37f1dae3d13f001c2e54425,maia-relative-strength-100.pgn,maia2-1900__vs__maia3-1900.pgn
maia2-1900__vs__maia3-1900,86,43,MAIA2 1900,MAIA3 1900,maia2,maia3,1900,1900,Black,MAIA3 1900,MAIA2 1900,1-0,0.0,checkmate,167,d915e69ae7c67086d89e198177e30ae98f60459ab37f1dae3d13f001c2e54425,maia-relative-strength-100.pgn,maia2-1900__vs__maia3-1900.pgn
maia2-1900__vs__maia3-1900,87,44,MAIA2 1900,MAIA3 1900,maia2,maia3,1900,1900,White,MAIA2 1900,MAIA3 1900,1-0,1.0,checkmate,51,d915e69ae7c67086d89e198177e30ae98f60459ab37f1dae3d13f001c2e54425,maia-relative-strength-100.pgn,maia2-1900__vs__maia3-1900.pgn
maia2-1900__vs__maia3-1900,88,44,MAIA2 1900,MAIA3 1900,maia2,maia3,1900,1900,Black,MAIA3 1900,MAIA2 1900,1-0,0.0,checkmate,115,d915e69ae7c67086d89e198177e30ae98f60459ab37f1dae3d13f001c2e54425,maia-relative-strength-100.pgn,maia2-1900__vs__maia3-1900.pgn
maia2-1900__vs__maia3-1900,89,45,MAIA2 1900,MAIA3 1900,maia2,maia3,1900,1900,White,MAIA2 1900,MAIA3 1900,1/2-1/2,0.5,threefold repetition,66,d915e69ae7c67086d89e198177e30ae98f60459ab37f1dae3d13f001c2e54425,maia-relative-strength-100.pgn,maia2-1900__vs__maia3-1900.pgn
maia2-1900__vs__maia3-1900,90,45,MAIA2 1900,MAIA3 1900,maia2,maia3,1900,1900,Black,MAIA3 1900,MAIA2 1900,0-1,1.0,checkmate,102,d915e69ae7c67086d89e198177e30ae98f60459ab37f1dae3d13f001c2e54425,maia-relative-strength-100.pgn,maia2-1900__vs__maia3-1900.pgn
maia2-1900__vs__maia3-1900,91,46,MAIA2 1900,MAIA3 1900,maia2,maia3,1900,1900,White,MAIA2 1900,MAIA3 1900,1/2-1/2,0.5,threefold repetition,89,d915e69ae7c67086d89e198177e30ae98f60459ab37f1dae3d13f001c2e54425,maia-relative-strength-100.pgn,maia2-1900__vs__maia3-1900.pgn
maia2-1900__vs__maia3-1900,92,46,MAIA2 1900,MAIA3 1900,maia2,maia3,1900,1900,Black,MAIA3 1900,MAIA2 1900,0-1,1.0,checkmate,82,d915e69ae7c67086d89e198177e30ae98f60459ab37f1dae3d13f001c2e54425,maia-relative-strength-100.pgn,maia2-1900__vs__maia3-1900.pgn
maia2-1900__vs__maia3-1900,93,47,MAIA2 1900,MAIA3 1900,maia2,maia3,1900,1900,White,MAIA2 1900,MAIA3 1900,0-1,0.0,checkmate,60,d915e69ae7c67086d89e198177e30ae98f60459ab37f1dae3d13f001c2e54425,maia-relative-strength-100.pgn,maia2-1900__vs__maia3-1900.pgn
maia2-1900__vs__maia3-1900,94,47,MAIA2 1900,MAIA3 1900,maia2,maia3,1900,1900,Black,MAIA3 1900,MAIA2 1900,1-0,0.0,checkmate,137,d915e69ae7c67086d89e198177e30ae98f60459ab37f1dae3d13f001c2e54425,maia-relative-strength-100.pgn,maia2-1900__vs__maia3-1900.pgn
maia2-1900__vs__maia3-1900,95,48,MAIA2 1900,MAIA3 1900,maia2,maia3,1900,1900,White,MAIA2 1900,MAIA3 1900,0-1,0.0,checkmate,80,d915e69ae7c67086d89e198177e30ae98f60459ab37f1dae3d13f001c2e54425,maia-relative-strength-100.pgn,maia2-1900__vs__maia3-1900.pgn
maia2-1900__vs__maia3-1900,96,48,MAIA2 1900,MAIA3 1900,maia2,maia3,1900,1900,Black,MAIA3 1900,MAIA2 1900,1-0,0.0,checkmate,91,d915e69ae7c67086d89e198177e30ae98f60459ab37f1dae3d13f001c2e54425,maia-relative-strength-100.pgn,maia2-1900__vs__maia3-1900.pgn
maia2-1900__vs__maia3-1900,97,49,MAIA2 1900,MAIA3 1900,maia2,maia3,1900,1900,White,MAIA2 1900,MAIA3 1900,1-0,1.0,checkmate,89,d915e69ae7c67086d89e198177e30ae98f60459ab37f1dae3d13f001c2e54425,maia-relative-strength-100.pgn,maia2-1900__vs__maia3-1900.pgn
maia2-1900__vs__maia3-1900,98,49,MAIA2 1900,MAIA3 1900,maia2,maia3,1900,1900,Black,MAIA3 1900,MAIA2 1900,1-0,0.0,checkmate,119,d915e69ae7c67086d89e198177e30ae98f60459ab37f1dae3d13f001c2e54425,maia-relative-strength-100.pgn,maia2-1900__vs__maia3-1900.pgn
maia2-1900__vs__maia3-1900,99,50,MAIA2 1900,MAIA3 1900,maia2,maia3,1900,1900,White,MAIA2 1900,MAIA3 1900,0-1,0.0,checkmate,52,d915e69ae7c67086d89e198177e30ae98f60459ab37f1dae3d13f001c2e54425,maia-relative-strength-100.pgn,maia2-1900__vs__maia3-1900.pgn
maia2-1900__vs__maia3-1900,100,50,MAIA2 1900,MAIA3 1900,maia2,maia3,1900,1900,Black,MAIA3 1900,MAIA2 1900,1-0,0.0,checkmate,111,d915e69ae7c67086d89e198177e30ae98f60459ab37f1dae3d13f001c2e54425,maia-relative-strength-100.pgn,maia2-1900__vs__maia3-1900.pgn
maia2-1900__vs__maia3-1900,101,51,MAIA2 1900,MAIA3 1900,maia2,maia3,1900,1900,White,MAIA2 1900,MAIA3 1900,1-0,1.0,checkmate,47,d915e69ae7c67086d89e198177e30ae98f60459ab37f1dae3d13f001c2e54425,maia-relative-strength-100.pgn,maia2-1900__vs__maia3-1900.pgn
maia2-1900__vs__maia3-1900,102,51,MAIA2 1900,MAIA3 1900,maia2,maia3,1900,1900,Black,MAIA3 1900,MAIA2 1900,1/2-1/2,0.5,threefold repetition,70,d915e69ae7c67086d89e198177e30ae98f60459ab37f1dae3d13f001c2e54425,maia-relative-strength-100.pgn,maia2-1900__vs__maia3-1900.pgn
maia2-1900__vs__maia3-1900,103,52,MAIA2 1900,MAIA3 1900,maia2,maia3,1900,1900,White,MAIA2 1900,MAIA3 1900,0-1,0.0,checkmate,52,d915e69ae7c67086d89e198177e30ae98f60459ab37f1dae3d13f001c2e54425,maia-relative-strength-100.pgn,maia2-1900__vs__maia3-1900.pgn
maia2-1900__vs__maia3-1900,104,52,MAIA2 1900,MAIA3 1900,maia2,maia3,1900,1900,Black,MAIA3 1900,MAIA2 1900,1-0,0.0,checkmate,147,d915e69ae7c67086d89e198177e30ae98f60459ab37f1dae3d13f001c2e54425,maia-relative-strength-100.pgn,maia2-1900__vs__maia3-1900.pgn
maia2-1900__vs__maia3-1900,105,53,MAIA2 1900,MAIA3 1900,maia2,maia3,1900,1900,White,MAIA2 1900,MAIA3 1900,1-0,1.0,checkmate,53,d915e69ae7c67086d89e198177e30ae98f60459ab37f1dae3d13f001c2e54425,maia-relative-strength-100.pgn,maia2-1900__vs__maia3-1900.pgn
maia2-1900__vs__maia3-1900,106,53,MAIA2 1900,MAIA3 1900,maia2,maia3,1900,1900,Black,MAIA3 1900,MAIA2 1900,0-1,1.0,checkmate,50,d915e69ae7c67086d89e198177e30ae98f60459ab37f1dae3d13f001c2e54425,maia-relative-strength-100.pgn,maia2-1900__vs__maia3-1900.pgn
maia2-1900__vs__maia3-1900,107,54,MAIA2 1900,MAIA3 1900,maia2,maia3,1900,1900,White,MAIA2 1900,MAIA3 1900,1-0,1.0,checkmate,59,d915e69ae7c67086d89e198177e30ae98f60459ab37f1dae3d13f001c2e54425,maia-relative-strength-100.pgn,maia2-1900__vs__maia3-1900.pgn
maia2-1900__vs__maia3-1900,108,54,MAIA2 1900,MAIA3 1900,maia2,maia3,1900,1900,Black,MAIA3 1900,MAIA2 1900,1-0,0.0,checkmate,115,d915e69ae7c67086d89e198177e30ae98f60459ab37f1dae3d13f001c2e54425,maia-relative-strength-100.pgn,maia2-1900__vs__maia3-1900.pgn
maia2-1900__vs__maia3-1900,109,55,MAIA2 1900,MAIA3 1900,maia2,maia3,1900,1900,White,MAIA2 1900,MAIA3 1900,1/2-1/2,0.5,threefold repetition,87,d915e69ae7c67086d89e198177e30ae98f60459ab37f1dae3d13f001c2e54425,maia-relative-strength-100.pgn,maia2-1900__vs__maia3-1900.pgn
maia2-1900__vs__maia3-1900,110,55,MAIA2 1900,MAIA3 1900,maia2,maia3,1900,1900,Black,MAIA3 1900,MAIA2 1900,1-0,0.0,checkmate,127,d915e69ae7c67086d89e198177e30ae98f60459ab37f1dae3d13f001c2e54425,maia-relative-strength-100.pgn,maia2-1900__vs__maia3-1900.pgn
maia2-1900__vs__maia3-1900,111,56,MAIA2 1900,MAIA3 1900,maia2,maia3,1900,1900,White,MAIA2 1900,MAIA3 1900,1/2-1/2,0.5,threefold repetition,47,d915e69ae7c67086d89e198177e30ae98f60459ab37f1dae3d13f001c2e54425,maia-relative-strength-100.pgn,maia2-1900__vs__maia3-1900.pgn
maia2-1900__vs__maia3-1900,112,56,MAIA2 1900,MAIA3 1900,maia2,maia3,1900,1900,Black,MAIA3 1900,MAIA2 1900,1-0,0.0,checkmate,119,d915e69ae7c67086d89e198177e30ae98f60459ab37f1dae3d13f001c2e54425,maia-relative-strength-100.pgn,maia2-1900__vs__maia3-1900.pgn
maia2-1900__vs__maia3-1900,113,57,MAIA2 1900,MAIA3 1900,maia2,maia3,1900,1900,White,MAIA2 1900,MAIA3 1900,1/2-1/2,0.5,threefold repetition,159,d915e69ae7c67086d89e198177e30ae98f60459ab37f1dae3d13f001c2e54425,maia-relative-strength-100.pgn,maia2-1900__vs__maia3-1900.pgn
maia2-1900__vs__maia3-1900,114,57,MAIA2 1900,MAIA3 1900,maia2,maia3,1900,1900,Black,MAIA3 1900,MAIA2 1900,1/2-1/2,0.5,stalemate,101,d915e69ae7c67086d89e198177e30ae98f60459ab37f1dae3d13f001c2e54425,maia-relative-strength-100.pgn,maia2-1900__vs__maia3-1900.pgn
maia2-1900__vs__maia3-1900,115,58,MAIA2 1900,MAIA3 1900,maia2,maia3,1900,1900,White,MAIA2 1900,MAIA3 1900,0-1,0.0,checkmate,112,d915e69ae7c67086d89e198177e30ae98f60459ab37f1dae3d13f001c2e54425,maia-relative-strength-100.pgn,maia2-1900__vs__maia3-1900.pgn
maia2-1900__vs__maia3-1900,116,58,MAIA2 1900,MAIA3 1900,maia2,maia3,1900,1900,Black,MAIA3 1900,MAIA2 1900,1-0,0.0,checkmate,137,d915e69ae7c67086d89e198177e30ae98f60459ab37f1dae3d13f001c2e54425,maia-relative-strength-100.pgn,maia2-1900__vs__maia3-1900.pgn
maia2-1900__vs__maia3-1900,117,59,MAIA2 1900,MAIA3 1900,maia2,maia3,1900,1900,White,MAIA2 1900,MAIA3 1900,1/2-1/2,0.5,threefold repetition,94,d915e69ae7c67086d89e198177e30ae98f60459ab37f1dae3d13f001c2e54425,maia-relative-strength-100.pgn,maia2-1900__vs__maia3-1900.pgn
maia2-1900__vs__maia3-1900,118,59,MAIA2 1900,MAIA3 1900,maia2,maia3,1900,1900,Black,MAIA3 1900,MAIA2 1900,1-0,0.0,checkmate,151,d915e69ae7c67086d89e198177e30ae98f60459ab37f1dae3d13f001c2e54425,maia-relative-strength-100.pgn,maia2-1900__vs__maia3-1900.pgn
maia2-1900__vs__maia3-1900,119,60,MAIA2 1900,MAIA3 1900,maia2,maia3,1900,1900,White,MAIA2 1900,MAIA3 1900,0-1,0.0,checkmate,66,d915e69ae7c67086d89e198177e30ae98f60459ab37f1dae3d13f001c2e54425,maia-relative-strength-100.pgn,maia2-1900__vs__maia3-1900.pgn
maia2-1900__vs__maia3-1900,120,60,MAIA2 1900,MAIA3 1900,maia2,maia3,1900,1900,Black,MAIA3 1900,MAIA2 1900,1-0,0.0,checkmate,159,d915e69ae7c67086d89e198177e30ae98f60459ab37f1dae3d13f001c2e54425,maia-relative-strength-100.pgn,maia2-1900__vs__maia3-1900.pgn
maia2-1900__vs__maia3-1900,121,61,MAIA2 1900,MAIA3 1900,maia2,maia3,1900,1900,White,MAIA2 1900,MAIA3 1900,0-1,0.0,checkmate,94,d915e69ae7c67086d89e198177e30ae98f60459ab37f1dae3d13f001c2e54425,maia-relative-strength-100.pgn,maia2-1900__vs__maia3-1900.pgn
maia2-1900__vs__maia3-1900,122,61,MAIA2 1900,MAIA3 1900,maia2,maia3,1900,1900,Black,MAIA3 1900,MAIA2 1900,1/2-1/2,0.5,threefold repetition,106,d915e69ae7c67086d89e198177e30ae98f60459ab37f1dae3d13f001c2e54425,maia-relative-strength-100.pgn,maia2-1900__vs__maia3-1900.pgn
maia2-1900__vs__maia3-1900,123,62,MAIA2 1900,MAIA3 1900,maia2,maia3,1900,1900,White,MAIA2 1900,MAIA3 1900,0-1,0.0,checkmate,122,d915e69ae7c67086d89e198177e30ae98f60459ab37f1dae3d13f001c2e54425,maia-relative-strength-100.pgn,maia2-1900__vs__maia3-1900.pgn
maia2-1900__vs__maia3-1900,124,62,MAIA2 1900,MAIA3 1900,maia2,maia3,1900,1900,Black,MAIA3 1900,MAIA2 1900,1/2-1/2,0.5,threefold repetition,173,d915e69ae7c67086d89e198177e30ae98f60459ab37f1dae3d13f001c2e54425,maia-relative-strength-100.pgn,maia2-1900__vs__maia3-1900.pgn
maia2-1900__vs__maia3-1900,125,63,MAIA2 1900,MAIA3 1900,maia2,maia3,1900,1900,White,MAIA2 1900,MAIA3 1900,0-1,0.0,checkmate,102,d915e69ae7c67086d89e198177e30ae98f60459ab37f1dae3d13f001c2e54425,maia-relative-strength-100.pgn,maia2-1900__vs__maia3-1900.pgn
maia2-1900__vs__maia3-1900,126,63,MAIA2 1900,MAIA3 1900,maia2,maia3,1900,1900,Black,MAIA3 1900,MAIA2 1900,1-0,0.0,checkmate,83,d915e69ae7c67086d89e198177e30ae98f60459ab37f1dae3d13f001c2e54425,maia-relative-strength-100.pgn,maia2-1900__vs__maia3-1900.pgn
maia2-1900__vs__maia3-1900,127,64,MAIA2 1900,MAIA3 1900,maia2,maia3,1900,1900,White,MAIA2 1900,MAIA3 1900,0-1,0.0,checkmate,74,d915e69ae7c67086d89e198177e30ae98f60459ab37f1dae3d13f001c2e54425,maia-relative-strength-100.pgn,maia2-1900__vs__maia3-1900.pgn
maia2-1900__vs__maia3-1900,128,64,MAIA2 1900,MAIA3 1900,maia2,maia3,1900,1900,Black,MAIA3 1900,MAIA2 1900,1/2-1/2,0.5,threefold repetition,79,d915e69ae7c67086d89e198177e30ae98f60459ab37f1dae3d13f001c2e54425,maia-relative-strength-100.pgn,maia2-1900__vs__maia3-1900.pgn
maia2-1900__vs__maia3-1900,129,65,MAIA2 1900,MAIA3 1900,maia2,maia3,1900,1900,White,MAIA2 1900,MAIA3 1900,0-1,0.0,checkmate,126,d915e69ae7c67086d89e198177e30ae98f60459ab37f1dae3d13f001c2e54425,maia-relative-strength-100.pgn,maia2-1900__vs__maia3-1900.pgn
maia2-1900__vs__maia3-1900,130,65,MAIA2 1900,MAIA3 1900,maia2,maia3,1900,1900,Black,MAIA3 1900,MAIA2 1900,1-0,0.0,checkmate,125,d915e69ae7c67086d89e198177e30ae98f60459ab37f1dae3d13f001c2e54425,maia-relative-strength-100.pgn,maia2-1900__vs__maia3-1900.pgn
maia2-1900__vs__maia3-1900,131,66,MAIA2 1900,MAIA3 1900,maia2,maia3,1900,1900,White,MAIA2 1900,MAIA3 1900,0-1,0.0,checkmate,134,d915e69ae7c67086d89e198177e30ae98f60459ab37f1dae3d13f001c2e54425,maia-relative-strength-100.pgn,maia2-1900__vs__maia3-1900.pgn
maia2-1900__vs__maia3-1900,132,66,MAIA2 1900,MAIA3 1900,maia2,maia3,1900,1900,Black,MAIA3 1900,MAIA2 1900,1/2-1/2,0.5,threefold repetition,126,d915e69ae7c67086d89e198177e30ae98f60459ab37f1dae3d13f001c2e54425,maia-relative-strength-100.pgn,maia2-1900__vs__maia3-1900.pgn
maia2-1900__vs__maia3-1900,133,67,MAIA2 1900,MAIA3 1900,maia2,maia3,1900,1900,White,MAIA2 1900,MAIA3 1900,1/2-1/2,0.5,threefold repetition,106,d915e69ae7c67086d89e198177e30ae98f60459ab37f1dae3d13f001c2e54425,maia-relative-strength-100.pgn,maia2-1900__vs__maia3-1900.pgn
maia2-1900__vs__maia3-1900,134,67,MAIA2 1900,MAIA3 1900,maia2,maia3,1900,1900,Black,MAIA3 1900,MAIA2 1900,1-0,0.0,checkmate,59,d915e69ae7c67086d89e198177e30ae98f60459ab37f1dae3d13f001c2e54425,maia-relative-strength-100.pgn,maia2-1900__vs__maia3-1900.pgn
maia2-1900__vs__maia3-1900,135,68,MAIA2 1900,MAIA3 1900,maia2,maia3,1900,1900,White,MAIA2 1900,MAIA3 1900,1-0,1.0,checkmate,113,d915e69ae7c67086d89e198177e30ae98f60459ab37f1dae3d13f001c2e54425,maia-relative-strength-100.pgn,maia2-1900__vs__maia3-1900.pgn
maia2-1900__vs__maia3-1900,136,68,MAIA2 1900,MAIA3 1900,maia2,maia3,1900,1900,Black,MAIA3 1900,MAIA2 1900,1-0,0.0,checkmate,75,d915e69ae7c67086d89e198177e30ae98f60459ab37f1dae3d13f001c2e54425,maia-relative-strength-100.pgn,maia2-1900__vs__maia3-1900.pgn
maia2-1900__vs__maia3-1900,137,69,MAIA2 1900,MAIA3 1900,maia2,maia3,1900,1900,White,MAIA2 1900,MAIA3 1900,1/2-1/2,0.5,threefold repetition,133,d915e69ae7c67086d89e198177e30ae98f60459ab37f1dae3d13f001c2e54425,maia-relative-strength-100.pgn,maia2-1900__vs__maia3-1900.pgn
maia2-1900__vs__maia3-1900,138,69,MAIA2 1900,MAIA3 1900,maia2,maia3,1900,1900,Black,MAIA3 1900,MAIA2 1900,0-1,1.0,checkmate,146,d915e69ae7c67086d89e198177e30ae98f60459ab37f1dae3d13f001c2e54425,maia-relative-strength-100.pgn,maia2-1900__vs__maia3-1900.pgn
maia2-1900__vs__maia3-1900,139,70,MAIA2 1900,MAIA3 1900,maia2,maia3,1900,1900,White,MAIA2 1900,MAIA3 1900,0-1,0.0,checkmate,130,d915e69ae7c67086d89e198177e30ae98f60459ab37f1dae3d13f001c2e54425,maia-relative-strength-100.pgn,maia2-1900__vs__maia3-1900.pgn
maia2-1900__vs__maia3-1900,140,70,MAIA2 1900,MAIA3 1900,maia2,maia3,1900,1900,Black,MAIA3 1900,MAIA2 1900,1-0,0.0,checkmate,63,d915e69ae7c67086d89e198177e30ae98f60459ab37f1dae3d13f001c2e54425,maia-relative-strength-100.pgn,maia2-1900__vs__maia3-1900.pgn
maia2-1900__vs__maia3-1900,141,71,MAIA2 1900,MAIA3 1900,maia2,maia3,1900,1900,White,MAIA2 1900,MAIA3 1900,1-0,1.0,checkmate,107,d915e69ae7c67086d89e198177e30ae98f60459ab37f1dae3d13f001c2e54425,maia-relative-strength-100.pgn,maia2-1900__vs__maia3-1900.pgn
maia2-1900__vs__maia3-1900,142,71,MAIA2 1900,MAIA3 1900,maia2,maia3,1900,1900,Black,MAIA3 1900,MAIA2 1900,0-1,1.0,checkmate,152,d915e69ae7c67086d89e198177e30ae98f60459ab37f1dae3d13f001c2e54425,maia-relative-strength-100.pgn,maia2-1900__vs__maia3-1900.pgn
maia2-1900__vs__maia3-1900,143,72,MAIA2 1900,MAIA3 1900,maia2,maia3,1900,1900,White,MAIA2 1900,MAIA3 1900,1-0,1.0,checkmate,151,d915e69ae7c67086d89e198177e30ae98f60459ab37f1dae3d13f001c2e54425,maia-relative-strength-100.pgn,maia2-1900__vs__maia3-1900.pgn
maia2-1900__vs__maia3-1900,144,72,MAIA2 1900,MAIA3 1900,maia2,maia3,1900,1900,Black,MAIA3 1900,MAIA2 1900,1-0,0.0,checkmate,111,d915e69ae7c67086d89e198177e30ae98f60459ab37f1dae3d13f001c2e54425,maia-relative-strength-100.pgn,maia2-1900__vs__maia3-1900.pgn
maia2-1900__vs__maia3-1900,145,73,MAIA2 1900,MAIA3 1900,maia2,maia3,1900,1900,White,MAIA2 1900,MAIA3 1900,1/2-1/2,0.5,threefold repetition,75,d915e69ae7c67086d89e198177e30ae98f60459ab37f1dae3d13f001c2e54425,maia-relative-strength-100.pgn,maia2-1900__vs__maia3-1900.pgn
maia2-1900__vs__maia3-1900,146,73,MAIA2 1900,MAIA3 1900,maia2,maia3,1900,1900,Black,MAIA3 1900,MAIA2 1900,1-0,0.0,checkmate,67,d915e69ae7c67086d89e198177e30ae98f60459ab37f1dae3d13f001c2e54425,maia-relative-strength-100.pgn,maia2-1900__vs__maia3-1900.pgn
maia2-1900__vs__maia3-1900,147,74,MAIA2 1900,MAIA3 1900,maia2,maia3,1900,1900,White,MAIA2 1900,MAIA3 1900,0-1,0.0,checkmate,130,d915e69ae7c67086d89e198177e30ae98f60459ab37f1dae3d13f001c2e54425,maia-relative-strength-100.pgn,maia2-1900__vs__maia3-1900.pgn
maia2-1900__vs__maia3-1900,148,74,MAIA2 1900,MAIA3 1900,maia2,maia3,1900,1900,Black,MAIA3 1900,MAIA2 1900,1-0,0.0,checkmate,141,d915e69ae7c67086d89e198177e30ae98f60459ab37f1dae3d13f001c2e54425,maia-relative-strength-100.pgn,maia2-1900__vs__maia3-1900.pgn
maia2-1900__vs__maia3-1900,149,75,MAIA2 1900,MAIA3 1900,maia2,maia3,1900,1900,White,MAIA2 1900,MAIA3 1900,1/2-1/2,0.5,threefold repetition,61,d915e69ae7c67086d89e198177e30ae98f60459ab37f1dae3d13f001c2e54425,maia-relative-strength-100.pgn,maia2-1900__vs__maia3-1900.pgn
maia2-1900__vs__maia3-1900,150,75,MAIA2 1900,MAIA3 1900,maia2,maia3,1900,1900,Black,MAIA3 1900,MAIA2 1900,1-0,0.0,checkmate,113,d915e69ae7c67086d89e198177e30ae98f60459ab37f1dae3d13f001c2e54425,maia-relative-strength-100.pgn,maia2-1900__vs__maia3-1900.pgn
maia2-1900__vs__maia3-1900,151,76,MAIA2 1900,MAIA3 1900,maia2,maia3,1900,1900,White,MAIA2 1900,MAIA3 1900,0-1,0.0,checkmate,138,d915e69ae7c67086d89e198177e30ae98f60459ab37f1dae3d13f001c2e54425,maia-relative-strength-100.pgn,maia2-1900__vs__maia3-1900.pgn
maia2-1900__vs__maia3-1900,152,76,MAIA2 1900,MAIA3 1900,maia2,maia3,1900,1900,Black,MAIA3 1900,MAIA2 1900,1/2-1/2,0.5,stalemate,116,d915e69ae7c67086d89e198177e30ae98f60459ab37f1dae3d13f001c2e54425,maia-relative-strength-100.pgn,maia2-1900__vs__maia3-1900.pgn
maia2-1900__vs__maia3-1900,153,77,MAIA2 1900,MAIA3 1900,maia2,maia3,1900,1900,White,MAIA2 1900,MAIA3 1900,0-1,0.0,checkmate,110,d915e69ae7c67086d89e198177e30ae98f60459ab37f1dae3d13f001c2e54425,maia-relative-strength-100.pgn,maia2-1900__vs__maia3-1900.pgn
maia2-1900__vs__maia3-1900,154,77,MAIA2 1900,MAIA3 1900,maia2,maia3,1900,1900,Black,MAIA3 1900,MAIA2 1900,1-0,0.0,checkmate,89,d915e69ae7c67086d89e198177e30ae98f60459ab37f1dae3d13f001c2e54425,maia-relative-strength-100.pgn,maia2-1900__vs__maia3-1900.pgn
maia2-1900__vs__maia3-1900,155,78,MAIA2 1900,MAIA3 1900,maia2,maia3,1900,1900,White,MAIA2 1900,MAIA3 1900,0-1,0.0,checkmate,90,d915e69ae7c67086d89e198177e30ae98f60459ab37f1dae3d13f001c2e54425,maia-relative-strength-100.pgn,maia2-1900__vs__maia3-1900.pgn
maia2-1900__vs__maia3-1900,156,78,MAIA2 1900,MAIA3 1900,maia2,maia3,1900,1900,Black,MAIA3 1900,MAIA2 1900,1-0,0.0,checkmate,131,d915e69ae7c67086d89e198177e30ae98f60459ab37f1dae3d13f001c2e54425,maia-relative-strength-100.pgn,maia2-1900__vs__maia3-1900.pgn
maia2-1900__vs__maia3-1900,157,79,MAIA2 1900,MAIA3 1900,maia2,maia3,1900,1900,White,MAIA2 1900,MAIA3 1900,0-1,0.0,checkmate,72,d915e69ae7c67086d89e198177e30ae98f60459ab37f1dae3d13f001c2e54425,maia-relative-strength-100.pgn,maia2-1900__vs__maia3-1900.pgn
maia2-1900__vs__maia3-1900,158,79,MAIA2 1900,MAIA3 1900,maia2,maia3,1900,1900,Black,MAIA3 1900,MAIA2 1900,1-0,0.0,checkmate,51,d915e69ae7c67086d89e198177e30ae98f60459ab37f1dae3d13f001c2e54425,maia-relative-strength-100.pgn,maia2-1900__vs__maia3-1900.pgn
maia2-1900__vs__maia3-1900,159,80,MAIA2 1900,MAIA3 1900,maia2,maia3,1900,1900,White,MAIA2 1900,MAIA3 1900,0-1,0.0,checkmate,120,d915e69ae7c67086d89e198177e30ae98f60459ab37f1dae3d13f001c2e54425,maia-relative-strength-100.pgn,maia2-1900__vs__maia3-1900.pgn
maia2-1900__vs__maia3-1900,160,80,MAIA2 1900,MAIA3 1900,maia2,maia3,1900,1900,Black,MAIA3 1900,MAIA2 1900,1/2-1/2,0.5,threefold repetition,73,d915e69ae7c67086d89e198177e30ae98f60459ab37f1dae3d13f001c2e54425,maia-relative-strength-100.pgn,maia2-1900__vs__maia3-1900.pgn
maia2-1900__vs__maia3-1900,161,81,MAIA2 1900,MAIA3 1900,maia2,maia3,1900,1900,White,MAIA2 1900,MAIA3 1900,0-1,0.0,checkmate,78,d915e69ae7c67086d89e198177e30ae98f60459ab37f1dae3d13f001c2e54425,maia-relative-strength-100.pgn,maia2-1900__vs__maia3-1900.pgn
maia2-1900__vs__maia3-1900,162,81,MAIA2 1900,MAIA3 1900,maia2,maia3,1900,1900,Black,MAIA3 1900,MAIA2 1900,0-1,1.0,checkmate,96,d915e69ae7c67086d89e198177e30ae98f60459ab37f1dae3d13f001c2e54425,maia-relative-strength-100.pgn,maia2-1900__vs__maia3-1900.pgn
maia2-1900__vs__maia3-1900,163,82,MAIA2 1900,MAIA3 1900,maia2,maia3,1900,1900,White,MAIA2 1900,MAIA3 1900,1-0,1.0,checkmate,85,d915e69ae7c67086d89e198177e30ae98f60459ab37f1dae3d13f001c2e54425,maia-relative-strength-100.pgn,maia2-1900__vs__maia3-1900.pgn
maia2-1900__vs__maia3-1900,164,82,MAIA2 1900,MAIA3 1900,maia2,maia3,1900,1900,Black,MAIA3 1900,MAIA2 1900,1-0,0.0,checkmate,105,d915e69ae7c67086d89e198177e30ae98f60459ab37f1dae3d13f001c2e54425,maia-relative-strength-100.pgn,maia2-1900__vs__maia3-1900.pgn
maia2-1900__vs__maia3-1900,165,83,MAIA2 1900,MAIA3 1900,maia2,maia3,1900,1900,White,MAIA2 1900,MAIA3 1900,0-1,0.0,checkmate,126,d915e69ae7c67086d89e198177e30ae98f60459ab37f1dae3d13f001c2e54425,maia-relative-strength-100.pgn,maia2-1900__vs__maia3-1900.pgn
maia2-1900__vs__maia3-1900,166,83,MAIA2 1900,MAIA3 1900,maia2,maia3,1900,1900,Black,MAIA3 1900,MAIA2 1900,1-0,0.0,checkmate,51,d915e69ae7c67086d89e198177e30ae98f60459ab37f1dae3d13f001c2e54425,maia-relative-strength-100.pgn,maia2-1900__vs__maia3-1900.pgn
maia2-1900__vs__maia3-1900,167,84,MAIA2 1900,MAIA3 1900,maia2,maia3,1900,1900,White,MAIA2 1900,MAIA3 1900,0-1,0.0,checkmate,102,d915e69ae7c67086d89e198177e30ae98f60459ab37f1dae3d13f001c2e54425,maia-relative-strength-100.pgn,maia2-1900__vs__maia3-1900.pgn
maia2-1900__vs__maia3-1900,168,84,MAIA2 1900,MAIA3 1900,maia2,maia3,1900,1900,Black,MAIA3 1900,MAIA2 1900,1-0,0.0,checkmate,103,d915e69ae7c67086d89e198177e30ae98f60459ab37f1dae3d13f001c2e54425,maia-relative-strength-100.pgn,maia2-1900__vs__maia3-1900.pgn
maia2-1900__vs__maia3-1900,169,85,MAIA2 1900,MAIA3 1900,maia2,maia3,1900,1900,White,MAIA2 1900,MAIA3 1900,0-1,0.0,checkmate,106,d915e69ae7c67086d89e198177e30ae98f60459ab37f1dae3d13f001c2e54425,maia-relative-strength-100.pgn,maia2-1900__vs__maia3-1900.pgn
maia2-1900__vs__maia3-1900,170,85,MAIA2 1900,MAIA3 1900,maia2,maia3,1900,1900,Black,MAIA3 1900,MAIA2 1900,1-0,0.0,checkmate,39,d915e69ae7c67086d89e198177e30ae98f60459ab37f1dae3d13f001c2e54425,maia-relative-strength-100.pgn,maia2-1900__vs__maia3-1900.pgn
maia2-1900__vs__maia3-1900,171,86,MAIA2 1900,MAIA3 1900,maia2,maia3,1900,1900,White,MAIA2 1900,MAIA3 1900,0-1,0.0,checkmate,110,d915e69ae7c67086d89e198177e30ae98f60459ab37f1dae3d13f001c2e54425,maia-relative-strength-100.pgn,maia2-1900__vs__maia3-1900.pgn
maia2-1900__vs__maia3-1900,172,86,MAIA2 1900,MAIA3 1900,maia2,maia3,1900,1900,Black,MAIA3 1900,MAIA2 1900,1-0,0.0,checkmate,71,d915e69ae7c67086d89e198177e30ae98f60459ab37f1dae3d13f001c2e54425,maia-relative-strength-100.pgn,maia2-1900__vs__maia3-1900.pgn
maia2-1900__vs__maia3-1900,173,87,MAIA2 1900,MAIA3 1900,maia2,maia3,1900,1900,White,MAIA2 1900,MAIA3 1900,0-1,0.0,checkmate,112,d915e69ae7c67086d89e198177e30ae98f60459ab37f1dae3d13f001c2e54425,maia-relative-strength-100.pgn,maia2-1900__vs__maia3-1900.pgn
maia2-1900__vs__maia3-1900,174,87,MAIA2 1900,MAIA3 1900,maia2,maia3,1900,1900,Black,MAIA3 1900,MAIA2 1900,0-1,1.0,checkmate,68,d915e69ae7c67086d89e198177e30ae98f60459ab37f1dae3d13f001c2e54425,maia-relative-strength-100.pgn,maia2-1900__vs__maia3-1900.pgn
maia2-1900__vs__maia3-1900,175,88,MAIA2 1900,MAIA3 1900,maia2,maia3,1900,1900,White,MAIA2 1900,MAIA3 1900,0-1,0.0,checkmate,70,d915e69ae7c67086d89e198177e30ae98f60459ab37f1dae3d13f001c2e54425,maia-relative-strength-100.pgn,maia2-1900__vs__maia3-1900.pgn
maia2-1900__vs__maia3-1900,176,88,MAIA2 1900,MAIA3 1900,maia2,maia3,1900,1900,Black,MAIA3 1900,MAIA2 1900,1/2-1/2,0.5,stalemate,125,d915e69ae7c67086d89e198177e30ae98f60459ab37f1dae3d13f001c2e54425,maia-relative-strength-100.pgn,maia2-1900__vs__maia3-1900.pgn
maia2-1900__vs__maia3-1900,177,89,MAIA2 1900,MAIA3 1900,maia2,maia3,1900,1900,White,MAIA2 1900,MAIA3 1900,1/2-1/2,0.5,threefold repetition,102,d915e69ae7c67086d89e198177e30ae98f60459ab37f1dae3d13f001c2e54425,maia-relative-strength-100.pgn,maia2-1900__vs__maia3-1900.pgn
maia2-1900__vs__maia3-1900,178,89,MAIA2 1900,MAIA3 1900,maia2,maia3,1900,1900,Black,MAIA3 1900,MAIA2 1900,1/2-1/2,0.5,threefold repetition,104,d915e69ae7c67086d89e198177e30ae98f60459ab37f1dae3d13f001c2e54425,maia-relative-strength-100.pgn,maia2-1900__vs__maia3-1900.pgn
maia2-1900__vs__maia3-1900,179,90,MAIA2 1900,MAIA3 1900,maia2,maia3,1900,1900,White,MAIA2 1900,MAIA3 1900,0-1,0.0,checkmate,126,d915e69ae7c67086d89e198177e30ae98f60459ab37f1dae3d13f001c2e54425,maia-relative-strength-100.pgn,maia2-1900__vs__maia3-1900.pgn
maia2-1900__vs__maia3-1900,180,90,MAIA2 1900,MAIA3 1900,maia2,maia3,1900,1900,Black,MAIA3 1900,MAIA2 1900,1-0,0.0,checkmate,147,d915e69ae7c67086d89e198177e30ae98f60459ab37f1dae3d13f001c2e54425,maia-relative-strength-100.pgn,maia2-1900__vs__maia3-1900.pgn
maia2-1900__vs__maia3-1900,181,91,MAIA2 1900,MAIA3 1900,maia2,maia3,1900,1900,White,MAIA2 1900,MAIA3 1900,1/2-1/2,0.5,threefold repetition,71,d915e69ae7c67086d89e198177e30ae98f60459ab37f1dae3d13f001c2e54425,maia-relative-strength-100.pgn,maia2-1900__vs__maia3-1900.pgn
maia2-1900__vs__maia3-1900,182,91,MAIA2 1900,MAIA3 1900,maia2,maia3,1900,1900,Black,MAIA3 1900,MAIA2 1900,1/2-1/2,0.5,threefold repetition,86,d915e69ae7c67086d89e198177e30ae98f60459ab37f1dae3d13f001c2e54425,maia-relative-strength-100.pgn,maia2-1900__vs__maia3-1900.pgn
maia2-1900__vs__maia3-1900,183,92,MAIA2 1900,MAIA3 1900,maia2,maia3,1900,1900,White,MAIA2 1900,MAIA3 1900,1-0,1.0,checkmate,17,d915e69ae7c67086d89e198177e30ae98f60459ab37f1dae3d13f001c2e54425,maia-relative-strength-100.pgn,maia2-1900__vs__maia3-1900.pgn
maia2-1900__vs__maia3-1900,184,92,MAIA2 1900,MAIA3 1900,maia2,maia3,1900,1900,Black,MAIA3 1900,MAIA2 1900,1-0,0.0,checkmate,55,d915e69ae7c67086d89e198177e30ae98f60459ab37f1dae3d13f001c2e54425,maia-relative-strength-100.pgn,maia2-1900__vs__maia3-1900.pgn
maia2-1900__vs__maia3-1900,185,93,MAIA2 1900,MAIA3 1900,maia2,maia3,1900,1900,White,MAIA2 1900,MAIA3 1900,0-1,0.0,checkmate,54,d915e69ae7c67086d89e198177e30ae98f60459ab37f1dae3d13f001c2e54425,maia-relative-strength-100.pgn,maia2-1900__vs__maia3-1900.pgn
maia2-1900__vs__maia3-1900,186,93,MAIA2 1900,MAIA3 1900,maia2,maia3,1900,1900,Black,MAIA3 1900,MAIA2 1900,1-0,0.0,checkmate,83,d915e69ae7c67086d89e198177e30ae98f60459ab37f1dae3d13f001c2e54425,maia-relative-strength-100.pgn,maia2-1900__vs__maia3-1900.pgn
maia2-1900__vs__maia3-1900,187,94,MAIA2 1900,MAIA3 1900,maia2,maia3,1900,1900,White,MAIA2 1900,MAIA3 1900,0-1,0.0,checkmate,94,d915e69ae7c67086d89e198177e30ae98f60459ab37f1dae3d13f001c2e54425,maia-relative-strength-100.pgn,maia2-1900__vs__maia3-1900.pgn
maia2-1900__vs__maia3-1900,188,94,MAIA2 1900,MAIA3 1900,maia2,maia3,1900,1900,Black,MAIA3 1900,MAIA2 1900,1-0,0.0,checkmate,53,d915e69ae7c67086d89e198177e30ae98f60459ab37f1dae3d13f001c2e54425,maia-relative-strength-100.pgn,maia2-1900__vs__maia3-1900.pgn
maia2-1900__vs__maia3-1900,189,95,MAIA2 1900,MAIA3 1900,maia2,maia3,1900,1900,White,MAIA2 1900,MAIA3 1900,1-0,1.0,checkmate,113,d915e69ae7c67086d89e198177e30ae98f60459ab37f1dae3d13f001c2e54425,maia-relative-strength-100.pgn,maia2-1900__vs__maia3-1900.pgn
maia2-1900__vs__maia3-1900,190,95,MAIA2 1900,MAIA3 1900,maia2,maia3,1900,1900,Black,MAIA3 1900,MAIA2 1900,1/2-1/2,0.5,threefold repetition,116,d915e69ae7c67086d89e198177e30ae98f60459ab37f1dae3d13f001c2e54425,maia-relative-strength-100.pgn,maia2-1900__vs__maia3-1900.pgn
maia2-1900__vs__maia3-1900,191,96,MAIA2 1900,MAIA3 1900,maia2,maia3,1900,1900,White,MAIA2 1900,MAIA3 1900,1/2-1/2,0.5,threefold repetition,106,d915e69ae7c67086d89e198177e30ae98f60459ab37f1dae3d13f001c2e54425,maia-relative-strength-100.pgn,maia2-1900__vs__maia3-1900.pgn
maia2-1900__vs__maia3-1900,192,96,MAIA2 1900,MAIA3 1900,maia2,maia3,1900,1900,Black,MAIA3 1900,MAIA2 1900,1/2-1/2,0.5,threefold repetition,169,d915e69ae7c67086d89e198177e30ae98f60459ab37f1dae3d13f001c2e54425,maia-relative-strength-100.pgn,maia2-1900__vs__maia3-1900.pgn
maia2-1900__vs__maia3-1900,193,97,MAIA2 1900,MAIA3 1900,maia2,maia3,1900,1900,White,MAIA2 1900,MAIA3 1900,1-0,1.0,checkmate,111,d915e69ae7c67086d89e198177e30ae98f60459ab37f1dae3d13f001c2e54425,maia-relative-strength-100.pgn,maia2-1900__vs__maia3-1900.pgn
maia2-1900__vs__maia3-1900,194,97,MAIA2 1900,MAIA3 1900,maia2,maia3,1900,1900,Black,MAIA3 1900,MAIA2 1900,1/2-1/2,0.5,threefold repetition,33,d915e69ae7c67086d89e198177e30ae98f60459ab37f1dae3d13f001c2e54425,maia-relative-strength-100.pgn,maia2-1900__vs__maia3-1900.pgn
maia2-1900__vs__maia3-1900,195,98,MAIA2 1900,MAIA3 1900,maia2,maia3,1900,1900,White,MAIA2 1900,MAIA3 1900,0-1,0.0,checkmate,114,d915e69ae7c67086d89e198177e30ae98f60459ab37f1dae3d13f001c2e54425,maia-relative-strength-100.pgn,maia2-1900__vs__maia3-1900.pgn
maia2-1900__vs__maia3-1900,196,98,MAIA2 1900,MAIA3 1900,maia2,maia3,1900,1900,Black,MAIA3 1900,MAIA2 1900,1/2-1/2,0.5,stalemate,109,d915e69ae7c67086d89e198177e30ae98f60459ab37f1dae3d13f001c2e54425,maia-relative-strength-100.pgn,maia2-1900__vs__maia3-1900.pgn
maia2-1900__vs__maia3-1900,197,99,MAIA2 1900,MAIA3 1900,maia2,maia3,1900,1900,White,MAIA2 1900,MAIA3 1900,1/2-1/2,0.5,threefold repetition,138,d915e69ae7c67086d89e198177e30ae98f60459ab37f1dae3d13f001c2e54425,maia-relative-strength-100.pgn,maia2-1900__vs__maia3-1900.pgn
maia2-1900__vs__maia3-1900,198,99,MAIA2 1900,MAIA3 1900,maia2,maia3,1900,1900,Black,MAIA3 1900,MAIA2 1900,1-0,0.0,checkmate,139,d915e69ae7c67086d89e198177e30ae98f60459ab37f1dae3d13f001c2e54425,maia-relative-strength-100.pgn,maia2-1900__vs__maia3-1900.pgn
maia2-1900__vs__maia3-1900,199,100,MAIA2 1900,MAIA3 1900,maia2,maia3,1900,1900,White,MAIA2 1900,MAIA3 1900,0-1,0.0,checkmate,70,d915e69ae7c67086d89e198177e30ae98f60459ab37f1dae3d13f001c2e54425,maia-relative-strength-100.pgn,maia2-1900__vs__maia3-1900.pgn
maia2-1900__vs__maia3-1900,200,100,MAIA2 1900,MAIA3 1900,maia2,maia3,1900,1900,Black,MAIA3 1900,MAIA2 1900,1/2-1/2,0.5,stalemate,125,d915e69ae7c67086d89e198177e30ae98f60459ab37f1dae3d13f001c2e54425,maia-relative-strength-100.pgn,maia2-1900__vs__maia3-1900.pgn
maia3-1100__vs__maia3-1300,1,1,MAIA3 1100,MAIA3 1300,maia3,maia3,1100,1300,White,MAIA3 1100,MAIA3 1300,0-1,0.0,checkmate,82,0af5f90ceb971503c58dab7a1a68ad6439acdff5a371ea43477b45b2f800eb6a,maia-relative-strength-100.pgn,maia3-1100__vs__maia3-1300.pgn
maia3-1100__vs__maia3-1300,2,1,MAIA3 1100,MAIA3 1300,maia3,maia3,1100,1300,Black,MAIA3 1300,MAIA3 1100,1-0,0.0,checkmate,133,0af5f90ceb971503c58dab7a1a68ad6439acdff5a371ea43477b45b2f800eb6a,maia-relative-strength-100.pgn,maia3-1100__vs__maia3-1300.pgn
maia3-1100__vs__maia3-1300,3,2,MAIA3 1100,MAIA3 1300,maia3,maia3,1100,1300,White,MAIA3 1100,MAIA3 1300,0-1,0.0,checkmate,124,0af5f90ceb971503c58dab7a1a68ad6439acdff5a371ea43477b45b2f800eb6a,maia-relative-strength-100.pgn,maia3-1100__vs__maia3-1300.pgn
maia3-1100__vs__maia3-1300,4,2,MAIA3 1100,MAIA3 1300,maia3,maia3,1100,1300,Black,MAIA3 1300,MAIA3 1100,0-1,1.0,checkmate,126,0af5f90ceb971503c58dab7a1a68ad6439acdff5a371ea43477b45b2f800eb6a,maia-relative-strength-100.pgn,maia3-1100__vs__maia3-1300.pgn
maia3-1100__vs__maia3-1300,5,3,MAIA3 1100,MAIA3 1300,maia3,maia3,1100,1300,White,MAIA3 1100,MAIA3 1300,1-0,1.0,checkmate,23,0af5f90ceb971503c58dab7a1a68ad6439acdff5a371ea43477b45b2f800eb6a,maia-relative-strength-100.pgn,maia3-1100__vs__maia3-1300.pgn
maia3-1100__vs__maia3-1300,6,3,MAIA3 1100,MAIA3 1300,maia3,maia3,1100,1300,Black,MAIA3 1300,MAIA3 1100,1-0,0.0,checkmate,33,0af5f90ceb971503c58dab7a1a68ad6439acdff5a371ea43477b45b2f800eb6a,maia-relative-strength-100.pgn,maia3-1100__vs__maia3-1300.pgn
maia3-1100__vs__maia3-1300,7,4,MAIA3 1100,MAIA3 1300,maia3,maia3,1100,1300,White,MAIA3 1100,MAIA3 1300,1-0,1.0,checkmate,87,0af5f90ceb971503c58dab7a1a68ad6439acdff5a371ea43477b45b2f800eb6a,maia-relative-strength-100.pgn,maia3-1100__vs__maia3-1300.pgn
maia3-1100__vs__maia3-1300,8,4,MAIA3 1100,MAIA3 1300,maia3,maia3,1100,1300,Black,MAIA3 1300,MAIA3 1100,0-1,1.0,checkmate,134,0af5f90ceb971503c58dab7a1a68ad6439acdff5a371ea43477b45b2f800eb6a,maia-relative-strength-100.pgn,maia3-1100__vs__maia3-1300.pgn
maia3-1100__vs__maia3-1300,9,5,MAIA3 1100,MAIA3 1300,maia3,maia3,1100,1300,White,MAIA3 1100,MAIA3 1300,1/2-1/2,0.5,threefold repetition,130,0af5f90ceb971503c58dab7a1a68ad6439acdff5a371ea43477b45b2f800eb6a,maia-relative-strength-100.pgn,maia3-1100__vs__maia3-1300.pgn
maia3-1100__vs__maia3-1300,10,5,MAIA3 1100,MAIA3 1300,maia3,maia3,1100,1300,Black,MAIA3 1300,MAIA3 1100,1-0,0.0,checkmate,63,0af5f90ceb971503c58dab7a1a68ad6439acdff5a371ea43477b45b2f800eb6a,maia-relative-strength-100.pgn,maia3-1100__vs__maia3-1300.pgn
maia3-1100__vs__maia3-1300,11,6,MAIA3 1100,MAIA3 1300,maia3,maia3,1100,1300,White,MAIA3 1100,MAIA3 1300,0-1,0.0,checkmate,118,0af5f90ceb971503c58dab7a1a68ad6439acdff5a371ea43477b45b2f800eb6a,maia-relative-strength-100.pgn,maia3-1100__vs__maia3-1300.pgn
maia3-1100__vs__maia3-1300,12,6,MAIA3 1100,MAIA3 1300,maia3,maia3,1100,1300,Black,MAIA3 1300,MAIA3 1100,1-0,0.0,checkmate,37,0af5f90ceb971503c58dab7a1a68ad6439acdff5a371ea43477b45b2f800eb6a,maia-relative-strength-100.pgn,maia3-1100__vs__maia3-1300.pgn
maia3-1100__vs__maia3-1300,13,7,MAIA3 1100,MAIA3 1300,maia3,maia3,1100,1300,White,MAIA3 1100,MAIA3 1300,1-0,1.0,checkmate,65,0af5f90ceb971503c58dab7a1a68ad6439acdff5a371ea43477b45b2f800eb6a,maia-relative-strength-100.pgn,maia3-1100__vs__maia3-1300.pgn
maia3-1100__vs__maia3-1300,14,7,MAIA3 1100,MAIA3 1300,maia3,maia3,1100,1300,Black,MAIA3 1300,MAIA3 1100,1/2-1/2,0.5,stalemate,151,0af5f90ceb971503c58dab7a1a68ad6439acdff5a371ea43477b45b2f800eb6a,maia-relative-strength-100.pgn,maia3-1100__vs__maia3-1300.pgn
maia3-1100__vs__maia3-1300,15,8,MAIA3 1100,MAIA3 1300,maia3,maia3,1100,1300,White,MAIA3 1100,MAIA3 1300,0-1,0.0,checkmate,128,0af5f90ceb971503c58dab7a1a68ad6439acdff5a371ea43477b45b2f800eb6a,maia-relative-strength-100.pgn,maia3-1100__vs__maia3-1300.pgn
maia3-1100__vs__maia3-1300,16,8,MAIA3 1100,MAIA3 1300,maia3,maia3,1100,1300,Black,MAIA3 1300,MAIA3 1100,1-0,0.0,checkmate,41,0af5f90ceb971503c58dab7a1a68ad6439acdff5a371ea43477b45b2f800eb6a,maia-relative-strength-100.pgn,maia3-1100__vs__maia3-1300.pgn
maia3-1100__vs__maia3-1300,17,9,MAIA3 1100,MAIA3 1300,maia3,maia3,1100,1300,White,MAIA3 1100,MAIA3 1300,1-0,1.0,checkmate,73,0af5f90ceb971503c58dab7a1a68ad6439acdff5a371ea43477b45b2f800eb6a,maia-relative-strength-100.pgn,maia3-1100__vs__maia3-1300.pgn
maia3-1100__vs__maia3-1300,18,9,MAIA3 1100,MAIA3 1300,maia3,maia3,1100,1300,Black,MAIA3 1300,MAIA3 1100,1/2-1/2,0.5,threefold repetition,79,0af5f90ceb971503c58dab7a1a68ad6439acdff5a371ea43477b45b2f800eb6a,maia-relative-strength-100.pgn,maia3-1100__vs__maia3-1300.pgn
maia3-1100__vs__maia3-1300,19,10,MAIA3 1100,MAIA3 1300,maia3,maia3,1100,1300,White,MAIA3 1100,MAIA3 1300,0-1,0.0,checkmate,34,0af5f90ceb971503c58dab7a1a68ad6439acdff5a371ea43477b45b2f800eb6a,maia-relative-strength-100.pgn,maia3-1100__vs__maia3-1300.pgn
maia3-1100__vs__maia3-1300,20,10,MAIA3 1100,MAIA3 1300,maia3,maia3,1100,1300,Black,MAIA3 1300,MAIA3 1100,1-0,0.0,checkmate,101,0af5f90ceb971503c58dab7a1a68ad6439acdff5a371ea43477b45b2f800eb6a,maia-relative-strength-100.pgn,maia3-1100__vs__maia3-1300.pgn
maia3-1100__vs__maia3-1300,21,11,MAIA3 1100,MAIA3 1300,maia3,maia3,1100,1300,White,MAIA3 1100,MAIA3 1300,0-1,0.0,checkmate,96,0af5f90ceb971503c58dab7a1a68ad6439acdff5a371ea43477b45b2f800eb6a,maia-relative-strength-100.pgn,maia3-1100__vs__maia3-1300.pgn
maia3-1100__vs__maia3-1300,22,11,MAIA3 1100,MAIA3 1300,maia3,maia3,1100,1300,Black,MAIA3 1300,MAIA3 1100,1-0,0.0,checkmate,61,0af5f90ceb971503c58dab7a1a68ad6439acdff5a371ea43477b45b2f800eb6a,maia-relative-strength-100.pgn,maia3-1100__vs__maia3-1300.pgn
maia3-1100__vs__maia3-1300,23,12,MAIA3 1100,MAIA3 1300,maia3,maia3,1100,1300,White,MAIA3 1100,MAIA3 1300,1/2-1/2,0.5,threefold repetition,118,0af5f90ceb971503c58dab7a1a68ad6439acdff5a371ea43477b45b2f800eb6a,maia-relative-strength-100.pgn,maia3-1100__vs__maia3-1300.pgn
maia3-1100__vs__maia3-1300,24,12,MAIA3 1100,MAIA3 1300,maia3,maia3,1100,1300,Black,MAIA3 1300,MAIA3 1100,1-0,0.0,checkmate,49,0af5f90ceb971503c58dab7a1a68ad6439acdff5a371ea43477b45b2f800eb6a,maia-relative-strength-100.pgn,maia3-1100__vs__maia3-1300.pgn
maia3-1100__vs__maia3-1300,25,13,MAIA3 1100,MAIA3 1300,maia3,maia3,1100,1300,White,MAIA3 1100,MAIA3 1300,1/2-1/2,0.5,threefold repetition,41,0af5f90ceb971503c58dab7a1a68ad6439acdff5a371ea43477b45b2f800eb6a,maia-relative-strength-100.pgn,maia3-1100__vs__maia3-1300.pgn
maia3-1100__vs__maia3-1300,26,13,MAIA3 1100,MAIA3 1300,maia3,maia3,1100,1300,Black,MAIA3 1300,MAIA3 1100,1-0,0.0,checkmate,61,0af5f90ceb971503c58dab7a1a68ad6439acdff5a371ea43477b45b2f800eb6a,maia-relative-strength-100.pgn,maia3-1100__vs__maia3-1300.pgn
maia3-1100__vs__maia3-1300,27,14,MAIA3 1100,MAIA3 1300,maia3,maia3,1100,1300,White,MAIA3 1100,MAIA3 1300,1-0,1.0,checkmate,57,0af5f90ceb971503c58dab7a1a68ad6439acdff5a371ea43477b45b2f800eb6a,maia-relative-strength-100.pgn,maia3-1100__vs__maia3-1300.pgn
maia3-1100__vs__maia3-1300,28,14,MAIA3 1100,MAIA3 1300,maia3,maia3,1100,1300,Black,MAIA3 1300,MAIA3 1100,1/2-1/2,0.5,threefold repetition,84,0af5f90ceb971503c58dab7a1a68ad6439acdff5a371ea43477b45b2f800eb6a,maia-relative-strength-100.pgn,maia3-1100__vs__maia3-1300.pgn
maia3-1100__vs__maia3-1300,29,15,MAIA3 1100,MAIA3 1300,maia3,maia3,1100,1300,White,MAIA3 1100,MAIA3 1300,1-0,1.0,checkmate,59,0af5f90ceb971503c58dab7a1a68ad6439acdff5a371ea43477b45b2f800eb6a,maia-relative-strength-100.pgn,maia3-1100__vs__maia3-1300.pgn
maia3-1100__vs__maia3-1300,30,15,MAIA3 1100,MAIA3 1300,maia3,maia3,1100,1300,Black,MAIA3 1300,MAIA3 1100,1-0,0.0,checkmate,121,0af5f90ceb971503c58dab7a1a68ad6439acdff5a371ea43477b45b2f800eb6a,maia-relative-strength-100.pgn,maia3-1100__vs__maia3-1300.pgn
maia3-1100__vs__maia3-1300,31,16,MAIA3 1100,MAIA3 1300,maia3,maia3,1100,1300,White,MAIA3 1100,MAIA3 1300,1/2-1/2,0.5,threefold repetition,37,0af5f90ceb971503c58dab7a1a68ad6439acdff5a371ea43477b45b2f800eb6a,maia-relative-strength-100.pgn,maia3-1100__vs__maia3-1300.pgn
maia3-1100__vs__maia3-1300,32,16,MAIA3 1100,MAIA3 1300,maia3,maia3,1100,1300,Black,MAIA3 1300,MAIA3 1100,1/2-1/2,0.5,threefold repetition,37,0af5f90ceb971503c58dab7a1a68ad6439acdff5a371ea43477b45b2f800eb6a,maia-relative-strength-100.pgn,maia3-1100__vs__maia3-1300.pgn
maia3-1100__vs__maia3-1300,33,17,MAIA3 1100,MAIA3 1300,maia3,maia3,1100,1300,White,MAIA3 1100,MAIA3 1300,0-1,0.0,checkmate,44,0af5f90ceb971503c58dab7a1a68ad6439acdff5a371ea43477b45b2f800eb6a,maia-relative-strength-100.pgn,maia3-1100__vs__maia3-1300.pgn
maia3-1100__vs__maia3-1300,34,17,MAIA3 1100,MAIA3 1300,maia3,maia3,1100,1300,Black,MAIA3 1300,MAIA3 1100,1/2-1/2,0.5,threefold repetition,78,0af5f90ceb971503c58dab7a1a68ad6439acdff5a371ea43477b45b2f800eb6a,maia-relative-strength-100.pgn,maia3-1100__vs__maia3-1300.pgn
maia3-1100__vs__maia3-1300,35,18,MAIA3 1100,MAIA3 1300,maia3,maia3,1100,1300,White,MAIA3 1100,MAIA3 1300,0-1,0.0,checkmate,146,0af5f90ceb971503c58dab7a1a68ad6439acdff5a371ea43477b45b2f800eb6a,maia-relative-strength-100.pgn,maia3-1100__vs__maia3-1300.pgn
maia3-1100__vs__maia3-1300,36,18,MAIA3 1100,MAIA3 1300,maia3,maia3,1100,1300,Black,MAIA3 1300,MAIA3 1100,0-1,1.0,checkmate,54,0af5f90ceb971503c58dab7a1a68ad6439acdff5a371ea43477b45b2f800eb6a,maia-relative-strength-100.pgn,maia3-1100__vs__maia3-1300.pgn
maia3-1100__vs__maia3-1300,37,19,MAIA3 1100,MAIA3 1300,maia3,maia3,1100,1300,White,MAIA3 1100,MAIA3 1300,1-0,1.0,checkmate,119,0af5f90ceb971503c58dab7a1a68ad6439acdff5a371ea43477b45b2f800eb6a,maia-relative-strength-100.pgn,maia3-1100__vs__maia3-1300.pgn
maia3-1100__vs__maia3-1300,38,19,MAIA3 1100,MAIA3 1300,maia3,maia3,1100,1300,Black,MAIA3 1300,MAIA3 1100,1-0,0.0,checkmate,59,0af5f90ceb971503c58dab7a1a68ad6439acdff5a371ea43477b45b2f800eb6a,maia-relative-strength-100.pgn,maia3-1100__vs__maia3-1300.pgn
maia3-1100__vs__maia3-1300,39,20,MAIA3 1100,MAIA3 1300,maia3,maia3,1100,1300,White,MAIA3 1100,MAIA3 1300,1/2-1/2,0.5,stalemate,102,0af5f90ceb971503c58dab7a1a68ad6439acdff5a371ea43477b45b2f800eb6a,maia-relative-strength-100.pgn,maia3-1100__vs__maia3-1300.pgn
maia3-1100__vs__maia3-1300,40,20,MAIA3 1100,MAIA3 1300,maia3,maia3,1100,1300,Black,MAIA3 1300,MAIA3 1100,1/2-1/2,0.5,threefold repetition,72,0af5f90ceb971503c58dab7a1a68ad6439acdff5a371ea43477b45b2f800eb6a,maia-relative-strength-100.pgn,maia3-1100__vs__maia3-1300.pgn
maia3-1100__vs__maia3-1300,41,21,MAIA3 1100,MAIA3 1300,maia3,maia3,1100,1300,White,MAIA3 1100,MAIA3 1300,1-0,1.0,checkmate,75,0af5f90ceb971503c58dab7a1a68ad6439acdff5a371ea43477b45b2f800eb6a,maia-relative-strength-100.pgn,maia3-1100__vs__maia3-1300.pgn
maia3-1100__vs__maia3-1300,42,21,MAIA3 1100,MAIA3 1300,maia3,maia3,1100,1300,Black,MAIA3 1300,MAIA3 1100,1-0,0.0,checkmate,91,0af5f90ceb971503c58dab7a1a68ad6439acdff5a371ea43477b45b2f800eb6a,maia-relative-strength-100.pgn,maia3-1100__vs__maia3-1300.pgn
maia3-1100__vs__maia3-1300,43,22,MAIA3 1100,MAIA3 1300,maia3,maia3,1100,1300,White,MAIA3 1100,MAIA3 1300,0-1,0.0,checkmate,86,0af5f90ceb971503c58dab7a1a68ad6439acdff5a371ea43477b45b2f800eb6a,maia-relative-strength-100.pgn,maia3-1100__vs__maia3-1300.pgn
maia3-1100__vs__maia3-1300,44,22,MAIA3 1100,MAIA3 1300,maia3,maia3,1100,1300,Black,MAIA3 1300,MAIA3 1100,1-0,0.0,checkmate,79,0af5f90ceb971503c58dab7a1a68ad6439acdff5a371ea43477b45b2f800eb6a,maia-relative-strength-100.pgn,maia3-1100__vs__maia3-1300.pgn
maia3-1100__vs__maia3-1300,45,23,MAIA3 1100,MAIA3 1300,maia3,maia3,1100,1300,White,MAIA3 1100,MAIA3 1300,1/2-1/2,0.5,threefold repetition,76,0af5f90ceb971503c58dab7a1a68ad6439acdff5a371ea43477b45b2f800eb6a,maia-relative-strength-100.pgn,maia3-1100__vs__maia3-1300.pgn
maia3-1100__vs__maia3-1300,46,23,MAIA3 1100,MAIA3 1300,maia3,maia3,1100,1300,Black,MAIA3 1300,MAIA3 1100,1-0,0.0,checkmate,21,0af5f90ceb971503c58dab7a1a68ad6439acdff5a371ea43477b45b2f800eb6a,maia-relative-strength-100.pgn,maia3-1100__vs__maia3-1300.pgn
maia3-1100__vs__maia3-1300,47,24,MAIA3 1100,MAIA3 1300,maia3,maia3,1100,1300,White,MAIA3 1100,MAIA3 1300,0-1,0.0,checkmate,88,0af5f90ceb971503c58dab7a1a68ad6439acdff5a371ea43477b45b2f800eb6a,maia-relative-strength-100.pgn,maia3-1100__vs__maia3-1300.pgn
maia3-1100__vs__maia3-1300,48,24,MAIA3 1100,MAIA3 1300,maia3,maia3,1100,1300,Black,MAIA3 1300,MAIA3 1100,1-0,0.0,checkmate,69,0af5f90ceb971503c58dab7a1a68ad6439acdff5a371ea43477b45b2f800eb6a,maia-relative-strength-100.pgn,maia3-1100__vs__maia3-1300.pgn
maia3-1100__vs__maia3-1300,49,25,MAIA3 1100,MAIA3 1300,maia3,maia3,1100,1300,White,MAIA3 1100,MAIA3 1300,0-1,0.0,checkmate,50,0af5f90ceb971503c58dab7a1a68ad6439acdff5a371ea43477b45b2f800eb6a,maia-relative-strength-100.pgn,maia3-1100__vs__maia3-1300.pgn
maia3-1100__vs__maia3-1300,50,25,MAIA3 1100,MAIA3 1300,maia3,maia3,1100,1300,Black,MAIA3 1300,MAIA3 1100,1-0,0.0,checkmate,117,0af5f90ceb971503c58dab7a1a68ad6439acdff5a371ea43477b45b2f800eb6a,maia-relative-strength-100.pgn,maia3-1100__vs__maia3-1300.pgn
maia3-1100__vs__maia3-1300,51,26,MAIA3 1100,MAIA3 1300,maia3,maia3,1100,1300,White,MAIA3 1100,MAIA3 1300,0-1,0.0,checkmate,84,0af5f90ceb971503c58dab7a1a68ad6439acdff5a371ea43477b45b2f800eb6a,maia-relative-strength-100.pgn,maia3-1100__vs__maia3-1300.pgn
maia3-1100__vs__maia3-1300,52,26,MAIA3 1100,MAIA3 1300,maia3,maia3,1100,1300,Black,MAIA3 1300,MAIA3 1100,1/2-1/2,0.5,threefold repetition,57,0af5f90ceb971503c58dab7a1a68ad6439acdff5a371ea43477b45b2f800eb6a,maia-relative-strength-100.pgn,maia3-1100__vs__maia3-1300.pgn
maia3-1100__vs__maia3-1300,53,27,MAIA3 1100,MAIA3 1300,maia3,maia3,1100,1300,White,MAIA3 1100,MAIA3 1300,1/2-1/2,0.5,threefold repetition,86,0af5f90ceb971503c58dab7a1a68ad6439acdff5a371ea43477b45b2f800eb6a,maia-relative-strength-100.pgn,maia3-1100__vs__maia3-1300.pgn
maia3-1100__vs__maia3-1300,54,27,MAIA3 1100,MAIA3 1300,maia3,maia3,1100,1300,Black,MAIA3 1300,MAIA3 1100,1-0,0.0,checkmate,81,0af5f90ceb971503c58dab7a1a68ad6439acdff5a371ea43477b45b2f800eb6a,maia-relative-strength-100.pgn,maia3-1100__vs__maia3-1300.pgn
maia3-1100__vs__maia3-1300,55,28,MAIA3 1100,MAIA3 1300,maia3,maia3,1100,1300,White,MAIA3 1100,MAIA3 1300,1-0,1.0,checkmate,67,0af5f90ceb971503c58dab7a1a68ad6439acdff5a371ea43477b45b2f800eb6a,maia-relative-strength-100.pgn,maia3-1100__vs__maia3-1300.pgn
maia3-1100__vs__maia3-1300,56,28,MAIA3 1100,MAIA3 1300,maia3,maia3,1100,1300,Black,MAIA3 1300,MAIA3 1100,1-0,0.0,checkmate,37,0af5f90ceb971503c58dab7a1a68ad6439acdff5a371ea43477b45b2f800eb6a,maia-relative-strength-100.pgn,maia3-1100__vs__maia3-1300.pgn
maia3-1100__vs__maia3-1300,57,29,MAIA3 1100,MAIA3 1300,maia3,maia3,1100,1300,White,MAIA3 1100,MAIA3 1300,1/2-1/2,0.5,threefold repetition,49,0af5f90ceb971503c58dab7a1a68ad6439acdff5a371ea43477b45b2f800eb6a,maia-relative-strength-100.pgn,maia3-1100__vs__maia3-1300.pgn
maia3-1100__vs__maia3-1300,58,29,MAIA3 1100,MAIA3 1300,maia3,maia3,1100,1300,Black,MAIA3 1300,MAIA3 1100,1-0,0.0,checkmate,61,0af5f90ceb971503c58dab7a1a68ad6439acdff5a371ea43477b45b2f800eb6a,maia-relative-strength-100.pgn,maia3-1100__vs__maia3-1300.pgn
maia3-1100__vs__maia3-1300,59,30,MAIA3 1100,MAIA3 1300,maia3,maia3,1100,1300,White,MAIA3 1100,MAIA3 1300,1-0,1.0,checkmate,131,0af5f90ceb971503c58dab7a1a68ad6439acdff5a371ea43477b45b2f800eb6a,maia-relative-strength-100.pgn,maia3-1100__vs__maia3-1300.pgn
maia3-1100__vs__maia3-1300,60,30,MAIA3 1100,MAIA3 1300,maia3,maia3,1100,1300,Black,MAIA3 1300,MAIA3 1100,1-0,0.0,checkmate,55,0af5f90ceb971503c58dab7a1a68ad6439acdff5a371ea43477b45b2f800eb6a,maia-relative-strength-100.pgn,maia3-1100__vs__maia3-1300.pgn
maia3-1100__vs__maia3-1300,61,31,MAIA3 1100,MAIA3 1300,maia3,maia3,1100,1300,White,MAIA3 1100,MAIA3 1300,1/2-1/2,0.5,threefold repetition,108,0af5f90ceb971503c58dab7a1a68ad6439acdff5a371ea43477b45b2f800eb6a,maia-relative-strength-100.pgn,maia3-1100__vs__maia3-1300.pgn
maia3-1100__vs__maia3-1300,62,31,MAIA3 1100,MAIA3 1300,maia3,maia3,1100,1300,Black,MAIA3 1300,MAIA3 1100,1-0,0.0,checkmate,99,0af5f90ceb971503c58dab7a1a68ad6439acdff5a371ea43477b45b2f800eb6a,maia-relative-strength-100.pgn,maia3-1100__vs__maia3-1300.pgn
maia3-1100__vs__maia3-1300,63,32,MAIA3 1100,MAIA3 1300,maia3,maia3,1100,1300,White,MAIA3 1100,MAIA3 1300,1/2-1/2,0.5,stalemate,127,0af5f90ceb971503c58dab7a1a68ad6439acdff5a371ea43477b45b2f800eb6a,maia-relative-strength-100.pgn,maia3-1100__vs__maia3-1300.pgn
maia3-1100__vs__maia3-1300,64,32,MAIA3 1100,MAIA3 1300,maia3,maia3,1100,1300,Black,MAIA3 1300,MAIA3 1100,0-1,1.0,checkmate,78,0af5f90ceb971503c58dab7a1a68ad6439acdff5a371ea43477b45b2f800eb6a,maia-relative-strength-100.pgn,maia3-1100__vs__maia3-1300.pgn
maia3-1100__vs__maia3-1300,65,33,MAIA3 1100,MAIA3 1300,maia3,maia3,1100,1300,White,MAIA3 1100,MAIA3 1300,1/2-1/2,0.5,stalemate,79,0af5f90ceb971503c58dab7a1a68ad6439acdff5a371ea43477b45b2f800eb6a,maia-relative-strength-100.pgn,maia3-1100__vs__maia3-1300.pgn
maia3-1100__vs__maia3-1300,66,33,MAIA3 1100,MAIA3 1300,maia3,maia3,1100,1300,Black,MAIA3 1300,MAIA3 1100,1/2-1/2,0.5,stalemate,89,0af5f90ceb971503c58dab7a1a68ad6439acdff5a371ea43477b45b2f800eb6a,maia-relative-strength-100.pgn,maia3-1100__vs__maia3-1300.pgn
maia3-1100__vs__maia3-1300,67,34,MAIA3 1100,MAIA3 1300,maia3,maia3,1100,1300,White,MAIA3 1100,MAIA3 1300,0-1,0.0,checkmate,50,0af5f90ceb971503c58dab7a1a68ad6439acdff5a371ea43477b45b2f800eb6a,maia-relative-strength-100.pgn,maia3-1100__vs__maia3-1300.pgn
maia3-1100__vs__maia3-1300,68,34,MAIA3 1100,MAIA3 1300,maia3,maia3,1100,1300,Black,MAIA3 1300,MAIA3 1100,1-0,0.0,checkmate,35,0af5f90ceb971503c58dab7a1a68ad6439acdff5a371ea43477b45b2f800eb6a,maia-relative-strength-100.pgn,maia3-1100__vs__maia3-1300.pgn
maia3-1100__vs__maia3-1300,69,35,MAIA3 1100,MAIA3 1300,maia3,maia3,1100,1300,White,MAIA3 1100,MAIA3 1300,0-1,0.0,checkmate,72,0af5f90ceb971503c58dab7a1a68ad6439acdff5a371ea43477b45b2f800eb6a,maia-relative-strength-100.pgn,maia3-1100__vs__maia3-1300.pgn
maia3-1100__vs__maia3-1300,70,35,MAIA3 1100,MAIA3 1300,maia3,maia3,1100,1300,Black,MAIA3 1300,MAIA3 1100,0-1,1.0,checkmate,72,0af5f90ceb971503c58dab7a1a68ad6439acdff5a371ea43477b45b2f800eb6a,maia-relative-strength-100.pgn,maia3-1100__vs__maia3-1300.pgn
maia3-1100__vs__maia3-1300,71,36,MAIA3 1100,MAIA3 1300,maia3,maia3,1100,1300,White,MAIA3 1100,MAIA3 1300,0-1,0.0,checkmate,24,0af5f90ceb971503c58dab7a1a68ad6439acdff5a371ea43477b45b2f800eb6a,maia-relative-strength-100.pgn,maia3-1100__vs__maia3-1300.pgn
maia3-1100__vs__maia3-1300,72,36,MAIA3 1100,MAIA3 1300,maia3,maia3,1100,1300,Black,MAIA3 1300,MAIA3 1100,1-0,0.0,checkmate,31,0af5f90ceb971503c58dab7a1a68ad6439acdff5a371ea43477b45b2f800eb6a,maia-relative-strength-100.pgn,maia3-1100__vs__maia3-1300.pgn
maia3-1100__vs__maia3-1300,73,37,MAIA3 1100,MAIA3 1300,maia3,maia3,1100,1300,White,MAIA3 1100,MAIA3 1300,1-0,1.0,checkmate,43,0af5f90ceb971503c58dab7a1a68ad6439acdff5a371ea43477b45b2f800eb6a,maia-relative-strength-100.pgn,maia3-1100__vs__maia3-1300.pgn
maia3-1100__vs__maia3-1300,74,37,MAIA3 1100,MAIA3 1300,maia3,maia3,1100,1300,Black,MAIA3 1300,MAIA3 1100,0-1,1.0,checkmate,92,0af5f90ceb971503c58dab7a1a68ad6439acdff5a371ea43477b45b2f800eb6a,maia-relative-strength-100.pgn,maia3-1100__vs__maia3-1300.pgn
maia3-1100__vs__maia3-1300,75,38,MAIA3 1100,MAIA3 1300,maia3,maia3,1100,1300,White,MAIA3 1100,MAIA3 1300,0-1,0.0,checkmate,52,0af5f90ceb971503c58dab7a1a68ad6439acdff5a371ea43477b45b2f800eb6a,maia-relative-strength-100.pgn,maia3-1100__vs__maia3-1300.pgn
maia3-1100__vs__maia3-1300,76,38,MAIA3 1100,MAIA3 1300,maia3,maia3,1100,1300,Black,MAIA3 1300,MAIA3 1100,1/2-1/2,0.5,insufficient material,152,0af5f90ceb971503c58dab7a1a68ad6439acdff5a371ea43477b45b2f800eb6a,maia-relative-strength-100.pgn,maia3-1100__vs__maia3-1300.pgn
maia3-1100__vs__maia3-1300,77,39,MAIA3 1100,MAIA3 1300,maia3,maia3,1100,1300,White,MAIA3 1100,MAIA3 1300,0-1,0.0,checkmate,44,0af5f90ceb971503c58dab7a1a68ad6439acdff5a371ea43477b45b2f800eb6a,maia-relative-strength-100.pgn,maia3-1100__vs__maia3-1300.pgn
maia3-1100__vs__maia3-1300,78,39,MAIA3 1100,MAIA3 1300,maia3,maia3,1100,1300,Black,MAIA3 1300,MAIA3 1100,1-0,0.0,checkmate,47,0af5f90ceb971503c58dab7a1a68ad6439acdff5a371ea43477b45b2f800eb6a,maia-relative-strength-100.pgn,maia3-1100__vs__maia3-1300.pgn
maia3-1100__vs__maia3-1300,79,40,MAIA3 1100,MAIA3 1300,maia3,maia3,1100,1300,White,MAIA3 1100,MAIA3 1300,0-1,0.0,checkmate,98,0af5f90ceb971503c58dab7a1a68ad6439acdff5a371ea43477b45b2f800eb6a,maia-relative-strength-100.pgn,maia3-1100__vs__maia3-1300.pgn
maia3-1100__vs__maia3-1300,80,40,MAIA3 1100,MAIA3 1300,maia3,maia3,1100,1300,Black,MAIA3 1300,MAIA3 1100,1/2-1/2,0.5,threefold repetition,58,0af5f90ceb971503c58dab7a1a68ad6439acdff5a371ea43477b45b2f800eb6a,maia-relative-strength-100.pgn,maia3-1100__vs__maia3-1300.pgn
maia3-1100__vs__maia3-1300,81,41,MAIA3 1100,MAIA3 1300,maia3,maia3,1100,1300,White,MAIA3 1100,MAIA3 1300,0-1,0.0,checkmate,56,0af5f90ceb971503c58dab7a1a68ad6439acdff5a371ea43477b45b2f800eb6a,maia-relative-strength-100.pgn,maia3-1100__vs__maia3-1300.pgn
maia3-1100__vs__maia3-1300,82,41,MAIA3 1100,MAIA3 1300,maia3,maia3,1100,1300,Black,MAIA3 1300,MAIA3 1100,0-1,1.0,checkmate,70,0af5f90ceb971503c58dab7a1a68ad6439acdff5a371ea43477b45b2f800eb6a,maia-relative-strength-100.pgn,maia3-1100__vs__maia3-1300.pgn
maia3-1100__vs__maia3-1300,83,42,MAIA3 1100,MAIA3 1300,maia3,maia3,1100,1300,White,MAIA3 1100,MAIA3 1300,1/2-1/2,0.5,threefold repetition,55,0af5f90ceb971503c58dab7a1a68ad6439acdff5a371ea43477b45b2f800eb6a,maia-relative-strength-100.pgn,maia3-1100__vs__maia3-1300.pgn
maia3-1100__vs__maia3-1300,84,42,MAIA3 1100,MAIA3 1300,maia3,maia3,1100,1300,Black,MAIA3 1300,MAIA3 1100,1/2-1/2,0.5,threefold repetition,94,0af5f90ceb971503c58dab7a1a68ad6439acdff5a371ea43477b45b2f800eb6a,maia-relative-strength-100.pgn,maia3-1100__vs__maia3-1300.pgn
maia3-1100__vs__maia3-1300,85,43,MAIA3 1100,MAIA3 1300,maia3,maia3,1100,1300,White,MAIA3 1100,MAIA3 1300,1-0,1.0,checkmate,59,0af5f90ceb971503c58dab7a1a68ad6439acdff5a371ea43477b45b2f800eb6a,maia-relative-strength-100.pgn,maia3-1100__vs__maia3-1300.pgn
maia3-1100__vs__maia3-1300,86,43,MAIA3 1100,MAIA3 1300,maia3,maia3,1100,1300,Black,MAIA3 1300,MAIA3 1100,1-0,0.0,checkmate,35,0af5f90ceb971503c58dab7a1a68ad6439acdff5a371ea43477b45b2f800eb6a,maia-relative-strength-100.pgn,maia3-1100__vs__maia3-1300.pgn
maia3-1100__vs__maia3-1300,87,44,MAIA3 1100,MAIA3 1300,maia3,maia3,1100,1300,White,MAIA3 1100,MAIA3 1300,1-0,1.0,checkmate,107,0af5f90ceb971503c58dab7a1a68ad6439acdff5a371ea43477b45b2f800eb6a,maia-relative-strength-100.pgn,maia3-1100__vs__maia3-1300.pgn
maia3-1100__vs__maia3-1300,88,44,MAIA3 1100,MAIA3 1300,maia3,maia3,1100,1300,Black,MAIA3 1300,MAIA3 1100,0-1,1.0,checkmate,78,0af5f90ceb971503c58dab7a1a68ad6439acdff5a371ea43477b45b2f800eb6a,maia-relative-strength-100.pgn,maia3-1100__vs__maia3-1300.pgn
maia3-1100__vs__maia3-1300,89,45,MAIA3 1100,MAIA3 1300,maia3,maia3,1100,1300,White,MAIA3 1100,MAIA3 1300,0-1,0.0,checkmate,122,0af5f90ceb971503c58dab7a1a68ad6439acdff5a371ea43477b45b2f800eb6a,maia-relative-strength-100.pgn,maia3-1100__vs__maia3-1300.pgn
maia3-1100__vs__maia3-1300,90,45,MAIA3 1100,MAIA3 1300,maia3,maia3,1100,1300,Black,MAIA3 1300,MAIA3 1100,0-1,1.0,checkmate,108,0af5f90ceb971503c58dab7a1a68ad6439acdff5a371ea43477b45b2f800eb6a,maia-relative-strength-100.pgn,maia3-1100__vs__maia3-1300.pgn
maia3-1100__vs__maia3-1300,91,46,MAIA3 1100,MAIA3 1300,maia3,maia3,1100,1300,White,MAIA3 1100,MAIA3 1300,1/2-1/2,0.5,threefold repetition,95,0af5f90ceb971503c58dab7a1a68ad6439acdff5a371ea43477b45b2f800eb6a,maia-relative-strength-100.pgn,maia3-1100__vs__maia3-1300.pgn
maia3-1100__vs__maia3-1300,92,46,MAIA3 1100,MAIA3 1300,maia3,maia3,1100,1300,Black,MAIA3 1300,MAIA3 1100,0-1,1.0,checkmate,58,0af5f90ceb971503c58dab7a1a68ad6439acdff5a371ea43477b45b2f800eb6a,maia-relative-strength-100.pgn,maia3-1100__vs__maia3-1300.pgn
maia3-1100__vs__maia3-1300,93,47,MAIA3 1100,MAIA3 1300,maia3,maia3,1100,1300,White,MAIA3 1100,MAIA3 1300,1/2-1/2,0.5,threefold repetition,96,0af5f90ceb971503c58dab7a1a68ad6439acdff5a371ea43477b45b2f800eb6a,maia-relative-strength-100.pgn,maia3-1100__vs__maia3-1300.pgn
maia3-1100__vs__maia3-1300,94,47,MAIA3 1100,MAIA3 1300,maia3,maia3,1100,1300,Black,MAIA3 1300,MAIA3 1100,1/2-1/2,0.5,stalemate,102,0af5f90ceb971503c58dab7a1a68ad6439acdff5a371ea43477b45b2f800eb6a,maia-relative-strength-100.pgn,maia3-1100__vs__maia3-1300.pgn
maia3-1100__vs__maia3-1300,95,48,MAIA3 1100,MAIA3 1300,maia3,maia3,1100,1300,White,MAIA3 1100,MAIA3 1300,0-1,0.0,checkmate,62,0af5f90ceb971503c58dab7a1a68ad6439acdff5a371ea43477b45b2f800eb6a,maia-relative-strength-100.pgn,maia3-1100__vs__maia3-1300.pgn
maia3-1100__vs__maia3-1300,96,48,MAIA3 1100,MAIA3 1300,maia3,maia3,1100,1300,Black,MAIA3 1300,MAIA3 1100,1/2-1/2,0.5,threefold repetition,48,0af5f90ceb971503c58dab7a1a68ad6439acdff5a371ea43477b45b2f800eb6a,maia-relative-strength-100.pgn,maia3-1100__vs__maia3-1300.pgn
maia3-1100__vs__maia3-1300,97,49,MAIA3 1100,MAIA3 1300,maia3,maia3,1100,1300,White,MAIA3 1100,MAIA3 1300,1/2-1/2,0.5,threefold repetition,131,0af5f90ceb971503c58dab7a1a68ad6439acdff5a371ea43477b45b2f800eb6a,maia-relative-strength-100.pgn,maia3-1100__vs__maia3-1300.pgn
maia3-1100__vs__maia3-1300,98,49,MAIA3 1100,MAIA3 1300,maia3,maia3,1100,1300,Black,MAIA3 1300,MAIA3 1100,1/2-1/2,0.5,threefold repetition,63,0af5f90ceb971503c58dab7a1a68ad6439acdff5a371ea43477b45b2f800eb6a,maia-relative-strength-100.pgn,maia3-1100__vs__maia3-1300.pgn
maia3-1100__vs__maia3-1300,99,50,MAIA3 1100,MAIA3 1300,maia3,maia3,1100,1300,White,MAIA3 1100,MAIA3 1300,0-1,0.0,checkmate,104,0af5f90ceb971503c58dab7a1a68ad6439acdff5a371ea43477b45b2f800eb6a,maia-relative-strength-100.pgn,maia3-1100__vs__maia3-1300.pgn
maia3-1100__vs__maia3-1300,100,50,MAIA3 1100,MAIA3 1300,maia3,maia3,1100,1300,Black,MAIA3 1300,MAIA3 1100,1/2-1/2,0.5,threefold repetition,52,0af5f90ceb971503c58dab7a1a68ad6439acdff5a371ea43477b45b2f800eb6a,maia-relative-strength-100.pgn,maia3-1100__vs__maia3-1300.pgn
maia3-1100__vs__maia3-1300,101,51,MAIA3 1100,MAIA3 1300,maia3,maia3,1100,1300,White,MAIA3 1100,MAIA3 1300,0-1,0.0,checkmate,56,0af5f90ceb971503c58dab7a1a68ad6439acdff5a371ea43477b45b2f800eb6a,maia-relative-strength-100.pgn,maia3-1100__vs__maia3-1300.pgn
maia3-1100__vs__maia3-1300,102,51,MAIA3 1100,MAIA3 1300,maia3,maia3,1100,1300,Black,MAIA3 1300,MAIA3 1100,0-1,1.0,checkmate,134,0af5f90ceb971503c58dab7a1a68ad6439acdff5a371ea43477b45b2f800eb6a,maia-relative-strength-100.pgn,maia3-1100__vs__maia3-1300.pgn
maia3-1100__vs__maia3-1300,103,52,MAIA3 1100,MAIA3 1300,maia3,maia3,1100,1300,White,MAIA3 1100,MAIA3 1300,1/2-1/2,0.5,threefold repetition,72,0af5f90ceb971503c58dab7a1a68ad6439acdff5a371ea43477b45b2f800eb6a,maia-relative-strength-100.pgn,maia3-1100__vs__maia3-1300.pgn
maia3-1100__vs__maia3-1300,104,52,MAIA3 1100,MAIA3 1300,maia3,maia3,1100,1300,Black,MAIA3 1300,MAIA3 1100,0-1,1.0,checkmate,106,0af5f90ceb971503c58dab7a1a68ad6439acdff5a371ea43477b45b2f800eb6a,maia-relative-strength-100.pgn,maia3-1100__vs__maia3-1300.pgn
maia3-1100__vs__maia3-1300,105,53,MAIA3 1100,MAIA3 1300,maia3,maia3,1100,1300,White,MAIA3 1100,MAIA3 1300,1-0,1.0,checkmate,91,0af5f90ceb971503c58dab7a1a68ad6439acdff5a371ea43477b45b2f800eb6a,maia-relative-strength-100.pgn,maia3-1100__vs__maia3-1300.pgn
maia3-1100__vs__maia3-1300,106,53,MAIA3 1100,MAIA3 1300,maia3,maia3,1100,1300,Black,MAIA3 1300,MAIA3 1100,1/2-1/2,0.5,threefold repetition,64,0af5f90ceb971503c58dab7a1a68ad6439acdff5a371ea43477b45b2f800eb6a,maia-relative-strength-100.pgn,maia3-1100__vs__maia3-1300.pgn
maia3-1100__vs__maia3-1300,107,54,MAIA3 1100,MAIA3 1300,maia3,maia3,1100,1300,White,MAIA3 1100,MAIA3 1300,0-1,0.0,checkmate,48,0af5f90ceb971503c58dab7a1a68ad6439acdff5a371ea43477b45b2f800eb6a,maia-relative-strength-100.pgn,maia3-1100__vs__maia3-1300.pgn
maia3-1100__vs__maia3-1300,108,54,MAIA3 1100,MAIA3 1300,maia3,maia3,1100,1300,Black,MAIA3 1300,MAIA3 1100,1-0,0.0,checkmate,65,0af5f90ceb971503c58dab7a1a68ad6439acdff5a371ea43477b45b2f800eb6a,maia-relative-strength-100.pgn,maia3-1100__vs__maia3-1300.pgn
maia3-1100__vs__maia3-1300,109,55,MAIA3 1100,MAIA3 1300,maia3,maia3,1100,1300,White,MAIA3 1100,MAIA3 1300,0-1,0.0,checkmate,54,0af5f90ceb971503c58dab7a1a68ad6439acdff5a371ea43477b45b2f800eb6a,maia-relative-strength-100.pgn,maia3-1100__vs__maia3-1300.pgn
maia3-1100__vs__maia3-1300,110,55,MAIA3 1100,MAIA3 1300,maia3,maia3,1100,1300,Black,MAIA3 1300,MAIA3 1100,1-0,0.0,checkmate,61,0af5f90ceb971503c58dab7a1a68ad6439acdff5a371ea43477b45b2f800eb6a,maia-relative-strength-100.pgn,maia3-1100__vs__maia3-1300.pgn
maia3-1100__vs__maia3-1300,111,56,MAIA3 1100,MAIA3 1300,maia3,maia3,1100,1300,White,MAIA3 1100,MAIA3 1300,0-1,0.0,checkmate,56,0af5f90ceb971503c58dab7a1a68ad6439acdff5a371ea43477b45b2f800eb6a,maia-relative-strength-100.pgn,maia3-1100__vs__maia3-1300.pgn
maia3-1100__vs__maia3-1300,112,56,MAIA3 1100,MAIA3 1300,maia3,maia3,1100,1300,Black,MAIA3 1300,MAIA3 1100,1/2-1/2,0.5,stalemate,83,0af5f90ceb971503c58dab7a1a68ad6439acdff5a371ea43477b45b2f800eb6a,maia-relative-strength-100.pgn,maia3-1100__vs__maia3-1300.pgn
maia3-1100__vs__maia3-1300,113,57,MAIA3 1100,MAIA3 1300,maia3,maia3,1100,1300,White,MAIA3 1100,MAIA3 1300,0-1,0.0,checkmate,60,0af5f90ceb971503c58dab7a1a68ad6439acdff5a371ea43477b45b2f800eb6a,maia-relative-strength-100.pgn,maia3-1100__vs__maia3-1300.pgn
maia3-1100__vs__maia3-1300,114,57,MAIA3 1100,MAIA3 1300,maia3,maia3,1100,1300,Black,MAIA3 1300,MAIA3 1100,0-1,1.0,checkmate,94,0af5f90ceb971503c58dab7a1a68ad6439acdff5a371ea43477b45b2f800eb6a,maia-relative-strength-100.pgn,maia3-1100__vs__maia3-1300.pgn
maia3-1100__vs__maia3-1300,115,58,MAIA3 1100,MAIA3 1300,maia3,maia3,1100,1300,White,MAIA3 1100,MAIA3 1300,0-1,0.0,checkmate,96,0af5f90ceb971503c58dab7a1a68ad6439acdff5a371ea43477b45b2f800eb6a,maia-relative-strength-100.pgn,maia3-1100__vs__maia3-1300.pgn
maia3-1100__vs__maia3-1300,116,58,MAIA3 1100,MAIA3 1300,maia3,maia3,1100,1300,Black,MAIA3 1300,MAIA3 1100,1-0,0.0,checkmate,139,0af5f90ceb971503c58dab7a1a68ad6439acdff5a371ea43477b45b2f800eb6a,maia-relative-strength-100.pgn,maia3-1100__vs__maia3-1300.pgn
maia3-1100__vs__maia3-1300,117,59,MAIA3 1100,MAIA3 1300,maia3,maia3,1100,1300,White,MAIA3 1100,MAIA3 1300,1-0,1.0,checkmate,41,0af5f90ceb971503c58dab7a1a68ad6439acdff5a371ea43477b45b2f800eb6a,maia-relative-strength-100.pgn,maia3-1100__vs__maia3-1300.pgn
maia3-1100__vs__maia3-1300,118,59,MAIA3 1100,MAIA3 1300,maia3,maia3,1100,1300,Black,MAIA3 1300,MAIA3 1100,1-0,0.0,checkmate,141,0af5f90ceb971503c58dab7a1a68ad6439acdff5a371ea43477b45b2f800eb6a,maia-relative-strength-100.pgn,maia3-1100__vs__maia3-1300.pgn
maia3-1100__vs__maia3-1300,119,60,MAIA3 1100,MAIA3 1300,maia3,maia3,1100,1300,White,MAIA3 1100,MAIA3 1300,1-0,1.0,checkmate,47,0af5f90ceb971503c58dab7a1a68ad6439acdff5a371ea43477b45b2f800eb6a,maia-relative-strength-100.pgn,maia3-1100__vs__maia3-1300.pgn
maia3-1100__vs__maia3-1300,120,60,MAIA3 1100,MAIA3 1300,maia3,maia3,1100,1300,Black,MAIA3 1300,MAIA3 1100,1-0,0.0,checkmate,53,0af5f90ceb971503c58dab7a1a68ad6439acdff5a371ea43477b45b2f800eb6a,maia-relative-strength-100.pgn,maia3-1100__vs__maia3-1300.pgn
maia3-1100__vs__maia3-1300,121,61,MAIA3 1100,MAIA3 1300,maia3,maia3,1100,1300,White,MAIA3 1100,MAIA3 1300,0-1,0.0,checkmate,32,0af5f90ceb971503c58dab7a1a68ad6439acdff5a371ea43477b45b2f800eb6a,maia-relative-strength-100.pgn,maia3-1100__vs__maia3-1300.pgn
maia3-1100__vs__maia3-1300,122,61,MAIA3 1100,MAIA3 1300,maia3,maia3,1100,1300,Black,MAIA3 1300,MAIA3 1100,1-0,0.0,checkmate,53,0af5f90ceb971503c58dab7a1a68ad6439acdff5a371ea43477b45b2f800eb6a,maia-relative-strength-100.pgn,maia3-1100__vs__maia3-1300.pgn
maia3-1100__vs__maia3-1300,123,62,MAIA3 1100,MAIA3 1300,maia3,maia3,1100,1300,White,MAIA3 1100,MAIA3 1300,1/2-1/2,0.5,stalemate,93,0af5f90ceb971503c58dab7a1a68ad6439acdff5a371ea43477b45b2f800eb6a,maia-relative-strength-100.pgn,maia3-1100__vs__maia3-1300.pgn
maia3-1100__vs__maia3-1300,124,62,MAIA3 1100,MAIA3 1300,maia3,maia3,1100,1300,Black,MAIA3 1300,MAIA3 1100,1-0,0.0,checkmate,65,0af5f90ceb971503c58dab7a1a68ad6439acdff5a371ea43477b45b2f800eb6a,maia-relative-strength-100.pgn,maia3-1100__vs__maia3-1300.pgn
maia3-1100__vs__maia3-1300,125,63,MAIA3 1100,MAIA3 1300,maia3,maia3,1100,1300,White,MAIA3 1100,MAIA3 1300,1-0,1.0,checkmate,75,0af5f90ceb971503c58dab7a1a68ad6439acdff5a371ea43477b45b2f800eb6a,maia-relative-strength-100.pgn,maia3-1100__vs__maia3-1300.pgn
maia3-1100__vs__maia3-1300,126,63,MAIA3 1100,MAIA3 1300,maia3,maia3,1100,1300,Black,MAIA3 1300,MAIA3 1100,0-1,1.0,checkmate,116,0af5f90ceb971503c58dab7a1a68ad6439acdff5a371ea43477b45b2f800eb6a,maia-relative-strength-100.pgn,maia3-1100__vs__maia3-1300.pgn
maia3-1100__vs__maia3-1300,127,64,MAIA3 1100,MAIA3 1300,maia3,maia3,1100,1300,White,MAIA3 1100,MAIA3 1300,0-1,0.0,checkmate,108,0af5f90ceb971503c58dab7a1a68ad6439acdff5a371ea43477b45b2f800eb6a,maia-relative-strength-100.pgn,maia3-1100__vs__maia3-1300.pgn
maia3-1100__vs__maia3-1300,128,64,MAIA3 1100,MAIA3 1300,maia3,maia3,1100,1300,Black,MAIA3 1300,MAIA3 1100,0-1,1.0,checkmate,48,0af5f90ceb971503c58dab7a1a68ad6439acdff5a371ea43477b45b2f800eb6a,maia-relative-strength-100.pgn,maia3-1100__vs__maia3-1300.pgn
maia3-1100__vs__maia3-1300,129,65,MAIA3 1100,MAIA3 1300,maia3,maia3,1100,1300,White,MAIA3 1100,MAIA3 1300,1-0,1.0,checkmate,155,0af5f90ceb971503c58dab7a1a68ad6439acdff5a371ea43477b45b2f800eb6a,maia-relative-strength-100.pgn,maia3-1100__vs__maia3-1300.pgn
maia3-1100__vs__maia3-1300,130,65,MAIA3 1100,MAIA3 1300,maia3,maia3,1100,1300,Black,MAIA3 1300,MAIA3 1100,1/2-1/2,0.5,stalemate,115,0af5f90ceb971503c58dab7a1a68ad6439acdff5a371ea43477b45b2f800eb6a,maia-relative-strength-100.pgn,maia3-1100__vs__maia3-1300.pgn
maia3-1100__vs__maia3-1300,131,66,MAIA3 1100,MAIA3 1300,maia3,maia3,1100,1300,White,MAIA3 1100,MAIA3 1300,1-0,1.0,checkmate,93,0af5f90ceb971503c58dab7a1a68ad6439acdff5a371ea43477b45b2f800eb6a,maia-relative-strength-100.pgn,maia3-1100__vs__maia3-1300.pgn
maia3-1100__vs__maia3-1300,132,66,MAIA3 1100,MAIA3 1300,maia3,maia3,1100,1300,Black,MAIA3 1300,MAIA3 1100,1-0,0.0,checkmate,81,0af5f90ceb971503c58dab7a1a68ad6439acdff5a371ea43477b45b2f800eb6a,maia-relative-strength-100.pgn,maia3-1100__vs__maia3-1300.pgn
maia3-1100__vs__maia3-1300,133,67,MAIA3 1100,MAIA3 1300,maia3,maia3,1100,1300,White,MAIA3 1100,MAIA3 1300,0-1,0.0,checkmate,160,0af5f90ceb971503c58dab7a1a68ad6439acdff5a371ea43477b45b2f800eb6a,maia-relative-strength-100.pgn,maia3-1100__vs__maia3-1300.pgn
maia3-1100__vs__maia3-1300,134,67,MAIA3 1100,MAIA3 1300,maia3,maia3,1100,1300,Black,MAIA3 1300,MAIA3 1100,1-0,0.0,checkmate,47,0af5f90ceb971503c58dab7a1a68ad6439acdff5a371ea43477b45b2f800eb6a,maia-relative-strength-100.pgn,maia3-1100__vs__maia3-1300.pgn
maia3-1100__vs__maia3-1300,135,68,MAIA3 1100,MAIA3 1300,maia3,maia3,1100,1300,White,MAIA3 1100,MAIA3 1300,0-1,0.0,checkmate,132,0af5f90ceb971503c58dab7a1a68ad6439acdff5a371ea43477b45b2f800eb6a,maia-relative-strength-100.pgn,maia3-1100__vs__maia3-1300.pgn
maia3-1100__vs__maia3-1300,136,68,MAIA3 1100,MAIA3 1300,maia3,maia3,1100,1300,Black,MAIA3 1300,MAIA3 1100,1/2-1/2,0.5,threefold repetition,68,0af5f90ceb971503c58dab7a1a68ad6439acdff5a371ea43477b45b2f800eb6a,maia-relative-strength-100.pgn,maia3-1100__vs__maia3-1300.pgn
maia3-1100__vs__maia3-1300,137,69,MAIA3 1100,MAIA3 1300,maia3,maia3,1100,1300,White,MAIA3 1100,MAIA3 1300,1-0,1.0,checkmate,77,0af5f90ceb971503c58dab7a1a68ad6439acdff5a371ea43477b45b2f800eb6a,maia-relative-strength-100.pgn,maia3-1100__vs__maia3-1300.pgn
maia3-1100__vs__maia3-1300,138,69,MAIA3 1100,MAIA3 1300,maia3,maia3,1100,1300,Black,MAIA3 1300,MAIA3 1100,1-0,0.0,checkmate,79,0af5f90ceb971503c58dab7a1a68ad6439acdff5a371ea43477b45b2f800eb6a,maia-relative-strength-100.pgn,maia3-1100__vs__maia3-1300.pgn
maia3-1100__vs__maia3-1300,139,70,MAIA3 1100,MAIA3 1300,maia3,maia3,1100,1300,White,MAIA3 1100,MAIA3 1300,0-1,0.0,checkmate,110,0af5f90ceb971503c58dab7a1a68ad6439acdff5a371ea43477b45b2f800eb6a,maia-relative-strength-100.pgn,maia3-1100__vs__maia3-1300.pgn
maia3-1100__vs__maia3-1300,140,70,MAIA3 1100,MAIA3 1300,maia3,maia3,1100,1300,Black,MAIA3 1300,MAIA3 1100,1/2-1/2,0.5,threefold repetition,109,0af5f90ceb971503c58dab7a1a68ad6439acdff5a371ea43477b45b2f800eb6a,maia-relative-strength-100.pgn,maia3-1100__vs__maia3-1300.pgn
maia3-1100__vs__maia3-1300,141,71,MAIA3 1100,MAIA3 1300,maia3,maia3,1100,1300,White,MAIA3 1100,MAIA3 1300,1-0,1.0,checkmate,61,0af5f90ceb971503c58dab7a1a68ad6439acdff5a371ea43477b45b2f800eb6a,maia-relative-strength-100.pgn,maia3-1100__vs__maia3-1300.pgn
maia3-1100__vs__maia3-1300,142,71,MAIA3 1100,MAIA3 1300,maia3,maia3,1100,1300,Black,MAIA3 1300,MAIA3 1100,0-1,1.0,checkmate,44,0af5f90ceb971503c58dab7a1a68ad6439acdff5a371ea43477b45b2f800eb6a,maia-relative-strength-100.pgn,maia3-1100__vs__maia3-1300.pgn
maia3-1100__vs__maia3-1300,143,72,MAIA3 1100,MAIA3 1300,maia3,maia3,1100,1300,White,MAIA3 1100,MAIA3 1300,1-0,1.0,checkmate,53,0af5f90ceb971503c58dab7a1a68ad6439acdff5a371ea43477b45b2f800eb6a,maia-relative-strength-100.pgn,maia3-1100__vs__maia3-1300.pgn
maia3-1100__vs__maia3-1300,144,72,MAIA3 1100,MAIA3 1300,maia3,maia3,1100,1300,Black,MAIA3 1300,MAIA3 1100,1-0,0.0,checkmate,55,0af5f90ceb971503c58dab7a1a68ad6439acdff5a371ea43477b45b2f800eb6a,maia-relative-strength-100.pgn,maia3-1100__vs__maia3-1300.pgn
maia3-1100__vs__maia3-1300,145,73,MAIA3 1100,MAIA3 1300,maia3,maia3,1100,1300,White,MAIA3 1100,MAIA3 1300,0-1,0.0,checkmate,68,0af5f90ceb971503c58dab7a1a68ad6439acdff5a371ea43477b45b2f800eb6a,maia-relative-strength-100.pgn,maia3-1100__vs__maia3-1300.pgn
maia3-1100__vs__maia3-1300,146,73,MAIA3 1100,MAIA3 1300,maia3,maia3,1100,1300,Black,MAIA3 1300,MAIA3 1100,1-0,0.0,checkmate,39,0af5f90ceb971503c58dab7a1a68ad6439acdff5a371ea43477b45b2f800eb6a,maia-relative-strength-100.pgn,maia3-1100__vs__maia3-1300.pgn
maia3-1100__vs__maia3-1300,147,74,MAIA3 1100,MAIA3 1300,maia3,maia3,1100,1300,White,MAIA3 1100,MAIA3 1300,0-1,0.0,checkmate,70,0af5f90ceb971503c58dab7a1a68ad6439acdff5a371ea43477b45b2f800eb6a,maia-relative-strength-100.pgn,maia3-1100__vs__maia3-1300.pgn
maia3-1100__vs__maia3-1300,148,74,MAIA3 1100,MAIA3 1300,maia3,maia3,1100,1300,Black,MAIA3 1300,MAIA3 1100,1-0,0.0,checkmate,33,0af5f90ceb971503c58dab7a1a68ad6439acdff5a371ea43477b45b2f800eb6a,maia-relative-strength-100.pgn,maia3-1100__vs__maia3-1300.pgn
maia3-1100__vs__maia3-1300,149,75,MAIA3 1100,MAIA3 1300,maia3,maia3,1100,1300,White,MAIA3 1100,MAIA3 1300,0-1,0.0,checkmate,70,0af5f90ceb971503c58dab7a1a68ad6439acdff5a371ea43477b45b2f800eb6a,maia-relative-strength-100.pgn,maia3-1100__vs__maia3-1300.pgn
maia3-1100__vs__maia3-1300,150,75,MAIA3 1100,MAIA3 1300,maia3,maia3,1100,1300,Black,MAIA3 1300,MAIA3 1100,1-0,0.0,checkmate,59,0af5f90ceb971503c58dab7a1a68ad6439acdff5a371ea43477b45b2f800eb6a,maia-relative-strength-100.pgn,maia3-1100__vs__maia3-1300.pgn
maia3-1100__vs__maia3-1300,151,76,MAIA3 1100,MAIA3 1300,maia3,maia3,1100,1300,White,MAIA3 1100,MAIA3 1300,0-1,0.0,checkmate,80,0af5f90ceb971503c58dab7a1a68ad6439acdff5a371ea43477b45b2f800eb6a,maia-relative-strength-100.pgn,maia3-1100__vs__maia3-1300.pgn
maia3-1100__vs__maia3-1300,152,76,MAIA3 1100,MAIA3 1300,maia3,maia3,1100,1300,Black,MAIA3 1300,MAIA3 1100,1-0,0.0,checkmate,107,0af5f90ceb971503c58dab7a1a68ad6439acdff5a371ea43477b45b2f800eb6a,maia-relative-strength-100.pgn,maia3-1100__vs__maia3-1300.pgn
maia3-1100__vs__maia3-1300,153,77,MAIA3 1100,MAIA3 1300,maia3,maia3,1100,1300,White,MAIA3 1100,MAIA3 1300,1/2-1/2,0.5,threefold repetition,71,0af5f90ceb971503c58dab7a1a68ad6439acdff5a371ea43477b45b2f800eb6a,maia-relative-strength-100.pgn,maia3-1100__vs__maia3-1300.pgn
maia3-1100__vs__maia3-1300,154,77,MAIA3 1100,MAIA3 1300,maia3,maia3,1100,1300,Black,MAIA3 1300,MAIA3 1100,1-0,0.0,checkmate,31,0af5f90ceb971503c58dab7a1a68ad6439acdff5a371ea43477b45b2f800eb6a,maia-relative-strength-100.pgn,maia3-1100__vs__maia3-1300.pgn
maia3-1100__vs__maia3-1300,155,78,MAIA3 1100,MAIA3 1300,maia3,maia3,1100,1300,White,MAIA3 1100,MAIA3 1300,0-1,0.0,checkmate,54,0af5f90ceb971503c58dab7a1a68ad6439acdff5a371ea43477b45b2f800eb6a,maia-relative-strength-100.pgn,maia3-1100__vs__maia3-1300.pgn
maia3-1100__vs__maia3-1300,156,78,MAIA3 1100,MAIA3 1300,maia3,maia3,1100,1300,Black,MAIA3 1300,MAIA3 1100,0-1,1.0,checkmate,66,0af5f90ceb971503c58dab7a1a68ad6439acdff5a371ea43477b45b2f800eb6a,maia-relative-strength-100.pgn,maia3-1100__vs__maia3-1300.pgn
maia3-1100__vs__maia3-1300,157,79,MAIA3 1100,MAIA3 1300,maia3,maia3,1100,1300,White,MAIA3 1100,MAIA3 1300,1-0,1.0,checkmate,47,0af5f90ceb971503c58dab7a1a68ad6439acdff5a371ea43477b45b2f800eb6a,maia-relative-strength-100.pgn,maia3-1100__vs__maia3-1300.pgn
maia3-1100__vs__maia3-1300,158,79,MAIA3 1100,MAIA3 1300,maia3,maia3,1100,1300,Black,MAIA3 1300,MAIA3 1100,1-0,0.0,checkmate,85,0af5f90ceb971503c58dab7a1a68ad6439acdff5a371ea43477b45b2f800eb6a,maia-relative-strength-100.pgn,maia3-1100__vs__maia3-1300.pgn
maia3-1100__vs__maia3-1300,159,80,MAIA3 1100,MAIA3 1300,maia3,maia3,1100,1300,White,MAIA3 1100,MAIA3 1300,0-1,0.0,checkmate,70,0af5f90ceb971503c58dab7a1a68ad6439acdff5a371ea43477b45b2f800eb6a,maia-relative-strength-100.pgn,maia3-1100__vs__maia3-1300.pgn
maia3-1100__vs__maia3-1300,160,80,MAIA3 1100,MAIA3 1300,maia3,maia3,1100,1300,Black,MAIA3 1300,MAIA3 1100,1/2-1/2,0.5,threefold repetition,55,0af5f90ceb971503c58dab7a1a68ad6439acdff5a371ea43477b45b2f800eb6a,maia-relative-strength-100.pgn,maia3-1100__vs__maia3-1300.pgn
maia3-1100__vs__maia3-1300,161,81,MAIA3 1100,MAIA3 1300,maia3,maia3,1100,1300,White,MAIA3 1100,MAIA3 1300,1-0,1.0,checkmate,57,0af5f90ceb971503c58dab7a1a68ad6439acdff5a371ea43477b45b2f800eb6a,maia-relative-strength-100.pgn,maia3-1100__vs__maia3-1300.pgn
maia3-1100__vs__maia3-1300,162,81,MAIA3 1100,MAIA3 1300,maia3,maia3,1100,1300,Black,MAIA3 1300,MAIA3 1100,1/2-1/2,0.5,threefold repetition,73,0af5f90ceb971503c58dab7a1a68ad6439acdff5a371ea43477b45b2f800eb6a,maia-relative-strength-100.pgn,maia3-1100__vs__maia3-1300.pgn
maia3-1100__vs__maia3-1300,163,82,MAIA3 1100,MAIA3 1300,maia3,maia3,1100,1300,White,MAIA3 1100,MAIA3 1300,0-1,0.0,checkmate,136,0af5f90ceb971503c58dab7a1a68ad6439acdff5a371ea43477b45b2f800eb6a,maia-relative-strength-100.pgn,maia3-1100__vs__maia3-1300.pgn
maia3-1100__vs__maia3-1300,164,82,MAIA3 1100,MAIA3 1300,maia3,maia3,1100,1300,Black,MAIA3 1300,MAIA3 1100,1-0,0.0,checkmate,165,0af5f90ceb971503c58dab7a1a68ad6439acdff5a371ea43477b45b2f800eb6a,maia-relative-strength-100.pgn,maia3-1100__vs__maia3-1300.pgn
maia3-1100__vs__maia3-1300,165,83,MAIA3 1100,MAIA3 1300,maia3,maia3,1100,1300,White,MAIA3 1100,MAIA3 1300,0-1,0.0,checkmate,58,0af5f90ceb971503c58dab7a1a68ad6439acdff5a371ea43477b45b2f800eb6a,maia-relative-strength-100.pgn,maia3-1100__vs__maia3-1300.pgn
maia3-1100__vs__maia3-1300,166,83,MAIA3 1100,MAIA3 1300,maia3,maia3,1100,1300,Black,MAIA3 1300,MAIA3 1100,1/2-1/2,0.5,threefold repetition,72,0af5f90ceb971503c58dab7a1a68ad6439acdff5a371ea43477b45b2f800eb6a,maia-relative-strength-100.pgn,maia3-1100__vs__maia3-1300.pgn
maia3-1100__vs__maia3-1300,167,84,MAIA3 1100,MAIA3 1300,maia3,maia3,1100,1300,White,MAIA3 1100,MAIA3 1300,0-1,0.0,checkmate,72,0af5f90ceb971503c58dab7a1a68ad6439acdff5a371ea43477b45b2f800eb6a,maia-relative-strength-100.pgn,maia3-1100__vs__maia3-1300.pgn
maia3-1100__vs__maia3-1300,168,84,MAIA3 1100,MAIA3 1300,maia3,maia3,1100,1300,Black,MAIA3 1300,MAIA3 1100,1-0,0.0,checkmate,71,0af5f90ceb971503c58dab7a1a68ad6439acdff5a371ea43477b45b2f800eb6a,maia-relative-strength-100.pgn,maia3-1100__vs__maia3-1300.pgn
maia3-1100__vs__maia3-1300,169,85,MAIA3 1100,MAIA3 1300,maia3,maia3,1100,1300,White,MAIA3 1100,MAIA3 1300,0-1,0.0,checkmate,50,0af5f90ceb971503c58dab7a1a68ad6439acdff5a371ea43477b45b2f800eb6a,maia-relative-strength-100.pgn,maia3-1100__vs__maia3-1300.pgn
maia3-1100__vs__maia3-1300,170,85,MAIA3 1100,MAIA3 1300,maia3,maia3,1100,1300,Black,MAIA3 1300,MAIA3 1100,1-0,0.0,checkmate,39,0af5f90ceb971503c58dab7a1a68ad6439acdff5a371ea43477b45b2f800eb6a,maia-relative-strength-100.pgn,maia3-1100__vs__maia3-1300.pgn
maia3-1100__vs__maia3-1300,171,86,MAIA3 1100,MAIA3 1300,maia3,maia3,1100,1300,White,MAIA3 1100,MAIA3 1300,0-1,0.0,checkmate,48,0af5f90ceb971503c58dab7a1a68ad6439acdff5a371ea43477b45b2f800eb6a,maia-relative-strength-100.pgn,maia3-1100__vs__maia3-1300.pgn
maia3-1100__vs__maia3-1300,172,86,MAIA3 1100,MAIA3 1300,maia3,maia3,1100,1300,Black,MAIA3 1300,MAIA3 1100,0-1,1.0,checkmate,110,0af5f90ceb971503c58dab7a1a68ad6439acdff5a371ea43477b45b2f800eb6a,maia-relative-strength-100.pgn,maia3-1100__vs__maia3-1300.pgn
maia3-1100__vs__maia3-1300,173,87,MAIA3 1100,MAIA3 1300,maia3,maia3,1100,1300,White,MAIA3 1100,MAIA3 1300,0-1,0.0,checkmate,58,0af5f90ceb971503c58dab7a1a68ad6439acdff5a371ea43477b45b2f800eb6a,maia-relative-strength-100.pgn,maia3-1100__vs__maia3-1300.pgn
maia3-1100__vs__maia3-1300,174,87,MAIA3 1100,MAIA3 1300,maia3,maia3,1100,1300,Black,MAIA3 1300,MAIA3 1100,1-0,0.0,checkmate,53,0af5f90ceb971503c58dab7a1a68ad6439acdff5a371ea43477b45b2f800eb6a,maia-relative-strength-100.pgn,maia3-1100__vs__maia3-1300.pgn
maia3-1100__vs__maia3-1300,175,88,MAIA3 1100,MAIA3 1300,maia3,maia3,1100,1300,White,MAIA3 1100,MAIA3 1300,1/2-1/2,0.5,threefold repetition,124,0af5f90ceb971503c58dab7a1a68ad6439acdff5a371ea43477b45b2f800eb6a,maia-relative-strength-100.pgn,maia3-1100__vs__maia3-1300.pgn
maia3-1100__vs__maia3-1300,176,88,MAIA3 1100,MAIA3 1300,maia3,maia3,1100,1300,Black,MAIA3 1300,MAIA3 1100,1/2-1/2,0.5,stalemate,102,0af5f90ceb971503c58dab7a1a68ad6439acdff5a371ea43477b45b2f800eb6a,maia-relative-strength-100.pgn,maia3-1100__vs__maia3-1300.pgn
maia3-1100__vs__maia3-1300,177,89,MAIA3 1100,MAIA3 1300,maia3,maia3,1100,1300,White,MAIA3 1100,MAIA3 1300,0-1,0.0,checkmate,40,0af5f90ceb971503c58dab7a1a68ad6439acdff5a371ea43477b45b2f800eb6a,maia-relative-strength-100.pgn,maia3-1100__vs__maia3-1300.pgn
maia3-1100__vs__maia3-1300,178,89,MAIA3 1100,MAIA3 1300,maia3,maia3,1100,1300,Black,MAIA3 1300,MAIA3 1100,1-0,0.0,checkmate,111,0af5f90ceb971503c58dab7a1a68ad6439acdff5a371ea43477b45b2f800eb6a,maia-relative-strength-100.pgn,maia3-1100__vs__maia3-1300.pgn
maia3-1100__vs__maia3-1300,179,90,MAIA3 1100,MAIA3 1300,maia3,maia3,1100,1300,White,MAIA3 1100,MAIA3 1300,0-1,0.0,checkmate,64,0af5f90ceb971503c58dab7a1a68ad6439acdff5a371ea43477b45b2f800eb6a,maia-relative-strength-100.pgn,maia3-1100__vs__maia3-1300.pgn
maia3-1100__vs__maia3-1300,180,90,MAIA3 1100,MAIA3 1300,maia3,maia3,1100,1300,Black,MAIA3 1300,MAIA3 1100,1-0,0.0,checkmate,115,0af5f90ceb971503c58dab7a1a68ad6439acdff5a371ea43477b45b2f800eb6a,maia-relative-strength-100.pgn,maia3-1100__vs__maia3-1300.pgn
maia3-1100__vs__maia3-1300,181,91,MAIA3 1100,MAIA3 1300,maia3,maia3,1100,1300,White,MAIA3 1100,MAIA3 1300,0-1,0.0,checkmate,108,0af5f90ceb971503c58dab7a1a68ad6439acdff5a371ea43477b45b2f800eb6a,maia-relative-strength-100.pgn,maia3-1100__vs__maia3-1300.pgn
maia3-1100__vs__maia3-1300,182,91,MAIA3 1100,MAIA3 1300,maia3,maia3,1100,1300,Black,MAIA3 1300,MAIA3 1100,1-0,0.0,checkmate,91,0af5f90ceb971503c58dab7a1a68ad6439acdff5a371ea43477b45b2f800eb6a,maia-relative-strength-100.pgn,maia3-1100__vs__maia3-1300.pgn
maia3-1100__vs__maia3-1300,183,92,MAIA3 1100,MAIA3 1300,maia3,maia3,1100,1300,White,MAIA3 1100,MAIA3 1300,1-0,1.0,checkmate,17,0af5f90ceb971503c58dab7a1a68ad6439acdff5a371ea43477b45b2f800eb6a,maia-relative-strength-100.pgn,maia3-1100__vs__maia3-1300.pgn
maia3-1100__vs__maia3-1300,184,92,MAIA3 1100,MAIA3 1300,maia3,maia3,1100,1300,Black,MAIA3 1300,MAIA3 1100,1/2-1/2,0.5,threefold repetition,29,0af5f90ceb971503c58dab7a1a68ad6439acdff5a371ea43477b45b2f800eb6a,maia-relative-strength-100.pgn,maia3-1100__vs__maia3-1300.pgn
maia3-1100__vs__maia3-1300,185,93,MAIA3 1100,MAIA3 1300,maia3,maia3,1100,1300,White,MAIA3 1100,MAIA3 1300,1/2-1/2,0.5,threefold repetition,139,0af5f90ceb971503c58dab7a1a68ad6439acdff5a371ea43477b45b2f800eb6a,maia-relative-strength-100.pgn,maia3-1100__vs__maia3-1300.pgn
maia3-1100__vs__maia3-1300,186,93,MAIA3 1100,MAIA3 1300,maia3,maia3,1100,1300,Black,MAIA3 1300,MAIA3 1100,1/2-1/2,0.5,threefold repetition,79,0af5f90ceb971503c58dab7a1a68ad6439acdff5a371ea43477b45b2f800eb6a,maia-relative-strength-100.pgn,maia3-1100__vs__maia3-1300.pgn
maia3-1100__vs__maia3-1300,187,94,MAIA3 1100,MAIA3 1300,maia3,maia3,1100,1300,White,MAIA3 1100,MAIA3 1300,1/2-1/2,0.5,threefold repetition,83,0af5f90ceb971503c58dab7a1a68ad6439acdff5a371ea43477b45b2f800eb6a,maia-relative-strength-100.pgn,maia3-1100__vs__maia3-1300.pgn
maia3-1100__vs__maia3-1300,188,94,MAIA3 1100,MAIA3 1300,maia3,maia3,1100,1300,Black,MAIA3 1300,MAIA3 1100,0-1,1.0,checkmate,58,0af5f90ceb971503c58dab7a1a68ad6439acdff5a371ea43477b45b2f800eb6a,maia-relative-strength-100.pgn,maia3-1100__vs__maia3-1300.pgn
maia3-1100__vs__maia3-1300,189,95,MAIA3 1100,MAIA3 1300,maia3,maia3,1100,1300,White,MAIA3 1100,MAIA3 1300,0-1,0.0,checkmate,116,0af5f90ceb971503c58dab7a1a68ad6439acdff5a371ea43477b45b2f800eb6a,maia-relative-strength-100.pgn,maia3-1100__vs__maia3-1300.pgn
maia3-1100__vs__maia3-1300,190,95,MAIA3 1100,MAIA3 1300,maia3,maia3,1100,1300,Black,MAIA3 1300,MAIA3 1100,1-0,0.0,checkmate,77,0af5f90ceb971503c58dab7a1a68ad6439acdff5a371ea43477b45b2f800eb6a,maia-relative-strength-100.pgn,maia3-1100__vs__maia3-1300.pgn
maia3-1100__vs__maia3-1300,191,96,MAIA3 1100,MAIA3 1300,maia3,maia3,1100,1300,White,MAIA3 1100,MAIA3 1300,1/2-1/2,0.5,threefold repetition,65,0af5f90ceb971503c58dab7a1a68ad6439acdff5a371ea43477b45b2f800eb6a,maia-relative-strength-100.pgn,maia3-1100__vs__maia3-1300.pgn
maia3-1100__vs__maia3-1300,192,96,MAIA3 1100,MAIA3 1300,maia3,maia3,1100,1300,Black,MAIA3 1300,MAIA3 1100,1-0,0.0,checkmate,77,0af5f90ceb971503c58dab7a1a68ad6439acdff5a371ea43477b45b2f800eb6a,maia-relative-strength-100.pgn,maia3-1100__vs__maia3-1300.pgn
maia3-1100__vs__maia3-1300,193,97,MAIA3 1100,MAIA3 1300,maia3,maia3,1100,1300,White,MAIA3 1100,MAIA3 1300,0-1,0.0,checkmate,66,0af5f90ceb971503c58dab7a1a68ad6439acdff5a371ea43477b45b2f800eb6a,maia-relative-strength-100.pgn,maia3-1100__vs__maia3-1300.pgn
maia3-1100__vs__maia3-1300,194,97,MAIA3 1100,MAIA3 1300,maia3,maia3,1100,1300,Black,MAIA3 1300,MAIA3 1100,1-0,0.0,checkmate,105,0af5f90ceb971503c58dab7a1a68ad6439acdff5a371ea43477b45b2f800eb6a,maia-relative-strength-100.pgn,maia3-1100__vs__maia3-1300.pgn
maia3-1100__vs__maia3-1300,195,98,MAIA3 1100,MAIA3 1300,maia3,maia3,1100,1300,White,MAIA3 1100,MAIA3 1300,1-0,1.0,checkmate,47,0af5f90ceb971503c58dab7a1a68ad6439acdff5a371ea43477b45b2f800eb6a,maia-relative-strength-100.pgn,maia3-1100__vs__maia3-1300.pgn
maia3-1100__vs__maia3-1300,196,98,MAIA3 1100,MAIA3 1300,maia3,maia3,1100,1300,Black,MAIA3 1300,MAIA3 1100,1/2-1/2,0.5,threefold repetition,103,0af5f90ceb971503c58dab7a1a68ad6439acdff5a371ea43477b45b2f800eb6a,maia-relative-strength-100.pgn,maia3-1100__vs__maia3-1300.pgn
maia3-1100__vs__maia3-1300,197,99,MAIA3 1100,MAIA3 1300,maia3,maia3,1100,1300,White,MAIA3 1100,MAIA3 1300,0-1,0.0,checkmate,50,0af5f90ceb971503c58dab7a1a68ad6439acdff5a371ea43477b45b2f800eb6a,maia-relative-strength-100.pgn,maia3-1100__vs__maia3-1300.pgn
maia3-1100__vs__maia3-1300,198,99,MAIA3 1100,MAIA3 1300,maia3,maia3,1100,1300,Black,MAIA3 1300,MAIA3 1100,0-1,1.0,checkmate,50,0af5f90ceb971503c58dab7a1a68ad6439acdff5a371ea43477b45b2f800eb6a,maia-relative-strength-100.pgn,maia3-1100__vs__maia3-1300.pgn
maia3-1100__vs__maia3-1300,199,100,MAIA3 1100,MAIA3 1300,maia3,maia3,1100,1300,White,MAIA3 1100,MAIA3 1300,1/2-1/2,0.5,threefold repetition,124,0af5f90ceb971503c58dab7a1a68ad6439acdff5a371ea43477b45b2f800eb6a,maia-relative-strength-100.pgn,maia3-1100__vs__maia3-1300.pgn
maia3-1100__vs__maia3-1300,200,100,MAIA3 1100,MAIA3 1300,maia3,maia3,1100,1300,Black,MAIA3 1300,MAIA3 1100,1/2-1/2,0.5,stalemate,102,0af5f90ceb971503c58dab7a1a68ad6439acdff5a371ea43477b45b2f800eb6a,maia-relative-strength-100.pgn,maia3-1100__vs__maia3-1300.pgn
maia3-1100__vs__maia3-1900,1,1,MAIA3 1100,MAIA3 1900,maia3,maia3,1100,1900,White,MAIA3 1100,MAIA3 1900,0-1,0.0,checkmate,86,a5868b9f6971abfceab45ed4181616c0e34c042765cd4a9006ebbc36f3bf51d0,maia-relative-strength-100.pgn,maia3-1100__vs__maia3-1900.pgn
maia3-1100__vs__maia3-1900,2,1,MAIA3 1100,MAIA3 1900,maia3,maia3,1100,1900,Black,MAIA3 1900,MAIA3 1100,1-0,0.0,checkmate,53,a5868b9f6971abfceab45ed4181616c0e34c042765cd4a9006ebbc36f3bf51d0,maia-relative-strength-100.pgn,maia3-1100__vs__maia3-1900.pgn
maia3-1100__vs__maia3-1900,3,2,MAIA3 1100,MAIA3 1900,maia3,maia3,1100,1900,White,MAIA3 1100,MAIA3 1900,0-1,0.0,checkmate,126,a5868b9f6971abfceab45ed4181616c0e34c042765cd4a9006ebbc36f3bf51d0,maia-relative-strength-100.pgn,maia3-1100__vs__maia3-1900.pgn
maia3-1100__vs__maia3-1900,4,2,MAIA3 1100,MAIA3 1900,maia3,maia3,1100,1900,Black,MAIA3 1900,MAIA3 1100,1-0,0.0,checkmate,81,a5868b9f6971abfceab45ed4181616c0e34c042765cd4a9006ebbc36f3bf51d0,maia-relative-strength-100.pgn,maia3-1100__vs__maia3-1900.pgn
maia3-1100__vs__maia3-1900,5,3,MAIA3 1100,MAIA3 1900,maia3,maia3,1100,1900,White,MAIA3 1100,MAIA3 1900,0-1,0.0,checkmate,90,a5868b9f6971abfceab45ed4181616c0e34c042765cd4a9006ebbc36f3bf51d0,maia-relative-strength-100.pgn,maia3-1100__vs__maia3-1900.pgn
maia3-1100__vs__maia3-1900,6,3,MAIA3 1100,MAIA3 1900,maia3,maia3,1100,1900,Black,MAIA3 1900,MAIA3 1100,1-0,0.0,checkmate,91,a5868b9f6971abfceab45ed4181616c0e34c042765cd4a9006ebbc36f3bf51d0,maia-relative-strength-100.pgn,maia3-1100__vs__maia3-1900.pgn
maia3-1100__vs__maia3-1900,7,4,MAIA3 1100,MAIA3 1900,maia3,maia3,1100,1900,White,MAIA3 1100,MAIA3 1900,0-1,0.0,checkmate,130,a5868b9f6971abfceab45ed4181616c0e34c042765cd4a9006ebbc36f3bf51d0,maia-relative-strength-100.pgn,maia3-1100__vs__maia3-1900.pgn
maia3-1100__vs__maia3-1900,8,4,MAIA3 1100,MAIA3 1900,maia3,maia3,1100,1900,Black,MAIA3 1900,MAIA3 1100,1-0,0.0,checkmate,63,a5868b9f6971abfceab45ed4181616c0e34c042765cd4a9006ebbc36f3bf51d0,maia-relative-strength-100.pgn,maia3-1100__vs__maia3-1900.pgn
maia3-1100__vs__maia3-1900,9,5,MAIA3 1100,MAIA3 1900,maia3,maia3,1100,1900,White,MAIA3 1100,MAIA3 1900,0-1,0.0,checkmate,108,a5868b9f6971abfceab45ed4181616c0e34c042765cd4a9006ebbc36f3bf51d0,maia-relative-strength-100.pgn,maia3-1100__vs__maia3-1900.pgn
maia3-1100__vs__maia3-1900,10,5,MAIA3 1100,MAIA3 1900,maia3,maia3,1100,1900,Black,MAIA3 1900,MAIA3 1100,1/2-1/2,0.5,threefold repetition,70,a5868b9f6971abfceab45ed4181616c0e34c042765cd4a9006ebbc36f3bf51d0,maia-relative-strength-100.pgn,maia3-1100__vs__maia3-1900.pgn
maia3-1100__vs__maia3-1900,11,6,MAIA3 1100,MAIA3 1900,maia3,maia3,1100,1900,White,MAIA3 1100,MAIA3 1900,0-1,0.0,checkmate,116,a5868b9f6971abfceab45ed4181616c0e34c042765cd4a9006ebbc36f3bf51d0,maia-relative-strength-100.pgn,maia3-1100__vs__maia3-1900.pgn
maia3-1100__vs__maia3-1900,12,6,MAIA3 1100,MAIA3 1900,maia3,maia3,1100,1900,Black,MAIA3 1900,MAIA3 1100,0-1,1.0,checkmate,90,a5868b9f6971abfceab45ed4181616c0e34c042765cd4a9006ebbc36f3bf51d0,maia-relative-strength-100.pgn,maia3-1100__vs__maia3-1900.pgn
maia3-1100__vs__maia3-1900,13,7,MAIA3 1100,MAIA3 1900,maia3,maia3,1100,1900,White,MAIA3 1100,MAIA3 1900,0-1,0.0,checkmate,62,a5868b9f6971abfceab45ed4181616c0e34c042765cd4a9006ebbc36f3bf51d0,maia-relative-strength-100.pgn,maia3-1100__vs__maia3-1900.pgn
maia3-1100__vs__maia3-1900,14,7,MAIA3 1100,MAIA3 1900,maia3,maia3,1100,1900,Black,MAIA3 1900,MAIA3 1100,1-0,0.0,checkmate,69,a5868b9f6971abfceab45ed4181616c0e34c042765cd4a9006ebbc36f3bf51d0,maia-relative-strength-100.pgn,maia3-1100__vs__maia3-1900.pgn
maia3-1100__vs__maia3-1900,15,8,MAIA3 1100,MAIA3 1900,maia3,maia3,1100,1900,White,MAIA3 1100,MAIA3 1900,0-1,0.0,checkmate,70,a5868b9f6971abfceab45ed4181616c0e34c042765cd4a9006ebbc36f3bf51d0,maia-relative-strength-100.pgn,maia3-1100__vs__maia3-1900.pgn
maia3-1100__vs__maia3-1900,16,8,MAIA3 1100,MAIA3 1900,maia3,maia3,1100,1900,Black,MAIA3 1900,MAIA3 1100,1-0,0.0,checkmate,103,a5868b9f6971abfceab45ed4181616c0e34c042765cd4a9006ebbc36f3bf51d0,maia-relative-strength-100.pgn,maia3-1100__vs__maia3-1900.pgn
maia3-1100__vs__maia3-1900,17,9,MAIA3 1100,MAIA3 1900,maia3,maia3,1100,1900,White,MAIA3 1100,MAIA3 1900,0-1,0.0,checkmate,76,a5868b9f6971abfceab45ed4181616c0e34c042765cd4a9006ebbc36f3bf51d0,maia-relative-strength-100.pgn,maia3-1100__vs__maia3-1900.pgn
maia3-1100__vs__maia3-1900,18,9,MAIA3 1100,MAIA3 1900,maia3,maia3,1100,1900,Black,MAIA3 1900,MAIA3 1100,1-0,0.0,checkmate,35,a5868b9f6971abfceab45ed4181616c0e34c042765cd4a9006ebbc36f3bf51d0,maia-relative-strength-100.pgn,maia3-1100__vs__maia3-1900.pgn
maia3-1100__vs__maia3-1900,19,10,MAIA3 1100,MAIA3 1900,maia3,maia3,1100,1900,White,MAIA3 1100,MAIA3 1900,0-1,0.0,checkmate,154,a5868b9f6971abfceab45ed4181616c0e34c042765cd4a9006ebbc36f3bf51d0,maia-relative-strength-100.pgn,maia3-1100__vs__maia3-1900.pgn
maia3-1100__vs__maia3-1900,20,10,MAIA3 1100,MAIA3 1900,maia3,maia3,1100,1900,Black,MAIA3 1900,MAIA3 1100,1-0,0.0,checkmate,71,a5868b9f6971abfceab45ed4181616c0e34c042765cd4a9006ebbc36f3bf51d0,maia-relative-strength-100.pgn,maia3-1100__vs__maia3-1900.pgn
maia3-1100__vs__maia3-1900,21,11,MAIA3 1100,MAIA3 1900,maia3,maia3,1100,1900,White,MAIA3 1100,MAIA3 1900,0-1,0.0,checkmate,60,a5868b9f6971abfceab45ed4181616c0e34c042765cd4a9006ebbc36f3bf51d0,maia-relative-strength-100.pgn,maia3-1100__vs__maia3-1900.pgn
maia3-1100__vs__maia3-1900,22,11,MAIA3 1100,MAIA3 1900,maia3,maia3,1100,1900,Black,MAIA3 1900,MAIA3 1100,1-0,0.0,checkmate,67,a5868b9f6971abfceab45ed4181616c0e34c042765cd4a9006ebbc36f3bf51d0,maia-relative-strength-100.pgn,maia3-1100__vs__maia3-1900.pgn
maia3-1100__vs__maia3-1900,23,12,MAIA3 1100,MAIA3 1900,maia3,maia3,1100,1900,White,MAIA3 1100,MAIA3 1900,1-0,1.0,checkmate,89,a5868b9f6971abfceab45ed4181616c0e34c042765cd4a9006ebbc36f3bf51d0,maia-relative-strength-100.pgn,maia3-1100__vs__maia3-1900.pgn
maia3-1100__vs__maia3-1900,24,12,MAIA3 1100,MAIA3 1900,maia3,maia3,1100,1900,Black,MAIA3 1900,MAIA3 1100,1-0,0.0,checkmate,99,a5868b9f6971abfceab45ed4181616c0e34c042765cd4a9006ebbc36f3bf51d0,maia-relative-strength-100.pgn,maia3-1100__vs__maia3-1900.pgn
maia3-1100__vs__maia3-1900,25,13,MAIA3 1100,MAIA3 1900,maia3,maia3,1100,1900,White,MAIA3 1100,MAIA3 1900,0-1,0.0,checkmate,108,a5868b9f6971abfceab45ed4181616c0e34c042765cd4a9006ebbc36f3bf51d0,maia-relative-strength-100.pgn,maia3-1100__vs__maia3-1900.pgn
maia3-1100__vs__maia3-1900,26,13,MAIA3 1100,MAIA3 1900,maia3,maia3,1100,1900,Black,MAIA3 1900,MAIA3 1100,1-0,0.0,checkmate,77,a5868b9f6971abfceab45ed4181616c0e34c042765cd4a9006ebbc36f3bf51d0,maia-relative-strength-100.pgn,maia3-1100__vs__maia3-1900.pgn
maia3-1100__vs__maia3-1900,27,14,MAIA3 1100,MAIA3 1900,maia3,maia3,1100,1900,White,MAIA3 1100,MAIA3 1900,0-1,0.0,checkmate,60,a5868b9f6971abfceab45ed4181616c0e34c042765cd4a9006ebbc36f3bf51d0,maia-relative-strength-100.pgn,maia3-1100__vs__maia3-1900.pgn
maia3-1100__vs__maia3-1900,28,14,MAIA3 1100,MAIA3 1900,maia3,maia3,1100,1900,Black,MAIA3 1900,MAIA3 1100,1-0,0.0,checkmate,157,a5868b9f6971abfceab45ed4181616c0e34c042765cd4a9006ebbc36f3bf51d0,maia-relative-strength-100.pgn,maia3-1100__vs__maia3-1900.pgn
maia3-1100__vs__maia3-1900,29,15,MAIA3 1100,MAIA3 1900,maia3,maia3,1100,1900,White,MAIA3 1100,MAIA3 1900,0-1,0.0,checkmate,74,a5868b9f6971abfceab45ed4181616c0e34c042765cd4a9006ebbc36f3bf51d0,maia-relative-strength-100.pgn,maia3-1100__vs__maia3-1900.pgn
maia3-1100__vs__maia3-1900,30,15,MAIA3 1100,MAIA3 1900,maia3,maia3,1100,1900,Black,MAIA3 1900,MAIA3 1100,1/2-1/2,0.5,stalemate,75,a5868b9f6971abfceab45ed4181616c0e34c042765cd4a9006ebbc36f3bf51d0,maia-relative-strength-100.pgn,maia3-1100__vs__maia3-1900.pgn
maia3-1100__vs__maia3-1900,31,16,MAIA3 1100,MAIA3 1900,maia3,maia3,1100,1900,White,MAIA3 1100,MAIA3 1900,1-0,1.0,checkmate,41,a5868b9f6971abfceab45ed4181616c0e34c042765cd4a9006ebbc36f3bf51d0,maia-relative-strength-100.pgn,maia3-1100__vs__maia3-1900.pgn
maia3-1100__vs__maia3-1900,32,16,MAIA3 1100,MAIA3 1900,maia3,maia3,1100,1900,Black,MAIA3 1900,MAIA3 1100,1-0,0.0,checkmate,37,a5868b9f6971abfceab45ed4181616c0e34c042765cd4a9006ebbc36f3bf51d0,maia-relative-strength-100.pgn,maia3-1100__vs__maia3-1900.pgn
maia3-1100__vs__maia3-1900,33,17,MAIA3 1100,MAIA3 1900,maia3,maia3,1100,1900,White,MAIA3 1100,MAIA3 1900,0-1,0.0,checkmate,66,a5868b9f6971abfceab45ed4181616c0e34c042765cd4a9006ebbc36f3bf51d0,maia-relative-strength-100.pgn,maia3-1100__vs__maia3-1900.pgn
maia3-1100__vs__maia3-1900,34,17,MAIA3 1100,MAIA3 1900,maia3,maia3,1100,1900,Black,MAIA3 1900,MAIA3 1100,1/2-1/2,0.5,threefold repetition,85,a5868b9f6971abfceab45ed4181616c0e34c042765cd4a9006ebbc36f3bf51d0,maia-relative-strength-100.pgn,maia3-1100__vs__maia3-1900.pgn
maia3-1100__vs__maia3-1900,35,18,MAIA3 1100,MAIA3 1900,maia3,maia3,1100,1900,White,MAIA3 1100,MAIA3 1900,0-1,0.0,checkmate,150,a5868b9f6971abfceab45ed4181616c0e34c042765cd4a9006ebbc36f3bf51d0,maia-relative-strength-100.pgn,maia3-1100__vs__maia3-1900.pgn
maia3-1100__vs__maia3-1900,36,18,MAIA3 1100,MAIA3 1900,maia3,maia3,1100,1900,Black,MAIA3 1900,MAIA3 1100,1-0,0.0,checkmate,77,a5868b9f6971abfceab45ed4181616c0e34c042765cd4a9006ebbc36f3bf51d0,maia-relative-strength-100.pgn,maia3-1100__vs__maia3-1900.pgn
maia3-1100__vs__maia3-1900,37,19,MAIA3 1100,MAIA3 1900,maia3,maia3,1100,1900,White,MAIA3 1100,MAIA3 1900,0-1,0.0,checkmate,40,a5868b9f6971abfceab45ed4181616c0e34c042765cd4a9006ebbc36f3bf51d0,maia-relative-strength-100.pgn,maia3-1100__vs__maia3-1900.pgn
maia3-1100__vs__maia3-1900,38,19,MAIA3 1100,MAIA3 1900,maia3,maia3,1100,1900,Black,MAIA3 1900,MAIA3 1100,1/2-1/2,0.5,stalemate,125,a5868b9f6971abfceab45ed4181616c0e34c042765cd4a9006ebbc36f3bf51d0,maia-relative-strength-100.pgn,maia3-1100__vs__maia3-1900.pgn
maia3-1100__vs__maia3-1900,39,20,MAIA3 1100,MAIA3 1900,maia3,maia3,1100,1900,White,MAIA3 1100,MAIA3 1900,0-1,0.0,checkmate,124,a5868b9f6971abfceab45ed4181616c0e34c042765cd4a9006ebbc36f3bf51d0,maia-relative-strength-100.pgn,maia3-1100__vs__maia3-1900.pgn
maia3-1100__vs__maia3-1900,40,20,MAIA3 1100,MAIA3 1900,maia3,maia3,1100,1900,Black,MAIA3 1900,MAIA3 1100,1-0,0.0,checkmate,121,a5868b9f6971abfceab45ed4181616c0e34c042765cd4a9006ebbc36f3bf51d0,maia-relative-strength-100.pgn,maia3-1100__vs__maia3-1900.pgn
maia3-1100__vs__maia3-1900,41,21,MAIA3 1100,MAIA3 1900,maia3,maia3,1100,1900,White,MAIA3 1100,MAIA3 1900,0-1,0.0,checkmate,72,a5868b9f6971abfceab45ed4181616c0e34c042765cd4a9006ebbc36f3bf51d0,maia-relative-strength-100.pgn,maia3-1100__vs__maia3-1900.pgn
maia3-1100__vs__maia3-1900,42,21,MAIA3 1100,MAIA3 1900,maia3,maia3,1100,1900,Black,MAIA3 1900,MAIA3 1100,0-1,1.0,checkmate,120,a5868b9f6971abfceab45ed4181616c0e34c042765cd4a9006ebbc36f3bf51d0,maia-relative-strength-100.pgn,maia3-1100__vs__maia3-1900.pgn
maia3-1100__vs__maia3-1900,43,22,MAIA3 1100,MAIA3 1900,maia3,maia3,1100,1900,White,MAIA3 1100,MAIA3 1900,0-1,0.0,checkmate,94,a5868b9f6971abfceab45ed4181616c0e34c042765cd4a9006ebbc36f3bf51d0,maia-relative-strength-100.pgn,maia3-1100__vs__maia3-1900.pgn
maia3-1100__vs__maia3-1900,44,22,MAIA3 1100,MAIA3 1900,maia3,maia3,1100,1900,Black,MAIA3 1900,MAIA3 1100,1-0,0.0,checkmate,63,a5868b9f6971abfceab45ed4181616c0e34c042765cd4a9006ebbc36f3bf51d0,maia-relative-strength-100.pgn,maia3-1100__vs__maia3-1900.pgn
maia3-1100__vs__maia3-1900,45,23,MAIA3 1100,MAIA3 1900,maia3,maia3,1100,1900,White,MAIA3 1100,MAIA3 1900,0-1,0.0,checkmate,98,a5868b9f6971abfceab45ed4181616c0e34c042765cd4a9006ebbc36f3bf51d0,maia-relative-strength-100.pgn,maia3-1100__vs__maia3-1900.pgn
maia3-1100__vs__maia3-1900,46,23,MAIA3 1100,MAIA3 1900,maia3,maia3,1100,1900,Black,MAIA3 1900,MAIA3 1100,1-0,0.0,checkmate,119,a5868b9f6971abfceab45ed4181616c0e34c042765cd4a9006ebbc36f3bf51d0,maia-relative-strength-100.pgn,maia3-1100__vs__maia3-1900.pgn
maia3-1100__vs__maia3-1900,47,24,MAIA3 1100,MAIA3 1900,maia3,maia3,1100,1900,White,MAIA3 1100,MAIA3 1900,0-1,0.0,checkmate,106,a5868b9f6971abfceab45ed4181616c0e34c042765cd4a9006ebbc36f3bf51d0,maia-relative-strength-100.pgn,maia3-1100__vs__maia3-1900.pgn
maia3-1100__vs__maia3-1900,48,24,MAIA3 1100,MAIA3 1900,maia3,maia3,1100,1900,Black,MAIA3 1900,MAIA3 1100,1-0,0.0,checkmate,31,a5868b9f6971abfceab45ed4181616c0e34c042765cd4a9006ebbc36f3bf51d0,maia-relative-strength-100.pgn,maia3-1100__vs__maia3-1900.pgn
maia3-1100__vs__maia3-1900,49,25,MAIA3 1100,MAIA3 1900,maia3,maia3,1100,1900,White,MAIA3 1100,MAIA3 1900,0-1,0.0,checkmate,106,a5868b9f6971abfceab45ed4181616c0e34c042765cd4a9006ebbc36f3bf51d0,maia-relative-strength-100.pgn,maia3-1100__vs__maia3-1900.pgn
maia3-1100__vs__maia3-1900,50,25,MAIA3 1100,MAIA3 1900,maia3,maia3,1100,1900,Black,MAIA3 1900,MAIA3 1100,1-0,0.0,checkmate,45,a5868b9f6971abfceab45ed4181616c0e34c042765cd4a9006ebbc36f3bf51d0,maia-relative-strength-100.pgn,maia3-1100__vs__maia3-1900.pgn
maia3-1100__vs__maia3-1900,51,26,MAIA3 1100,MAIA3 1900,maia3,maia3,1100,1900,White,MAIA3 1100,MAIA3 1900,0-1,0.0,checkmate,120,a5868b9f6971abfceab45ed4181616c0e34c042765cd4a9006ebbc36f3bf51d0,maia-relative-strength-100.pgn,maia3-1100__vs__maia3-1900.pgn
maia3-1100__vs__maia3-1900,52,26,MAIA3 1100,MAIA3 1900,maia3,maia3,1100,1900,Black,MAIA3 1900,MAIA3 1100,1-0,0.0,checkmate,29,a5868b9f6971abfceab45ed4181616c0e34c042765cd4a9006ebbc36f3bf51d0,maia-relative-strength-100.pgn,maia3-1100__vs__maia3-1900.pgn
maia3-1100__vs__maia3-1900,53,27,MAIA3 1100,MAIA3 1900,maia3,maia3,1100,1900,White,MAIA3 1100,MAIA3 1900,1/2-1/2,0.5,fifty moves,239,a5868b9f6971abfceab45ed4181616c0e34c042765cd4a9006ebbc36f3bf51d0,maia-relative-strength-100.pgn,maia3-1100__vs__maia3-1900.pgn
maia3-1100__vs__maia3-1900,54,27,MAIA3 1100,MAIA3 1900,maia3,maia3,1100,1900,Black,MAIA3 1900,MAIA3 1100,1-0,0.0,checkmate,63,a5868b9f6971abfceab45ed4181616c0e34c042765cd4a9006ebbc36f3bf51d0,maia-relative-strength-100.pgn,maia3-1100__vs__maia3-1900.pgn
maia3-1100__vs__maia3-1900,55,28,MAIA3 1100,MAIA3 1900,maia3,maia3,1100,1900,White,MAIA3 1100,MAIA3 1900,0-1,0.0,checkmate,82,a5868b9f6971abfceab45ed4181616c0e34c042765cd4a9006ebbc36f3bf51d0,maia-relative-strength-100.pgn,maia3-1100__vs__maia3-1900.pgn
maia3-1100__vs__maia3-1900,56,28,MAIA3 1100,MAIA3 1900,maia3,maia3,1100,1900,Black,MAIA3 1900,MAIA3 1100,1-0,0.0,checkmate,59,a5868b9f6971abfceab45ed4181616c0e34c042765cd4a9006ebbc36f3bf51d0,maia-relative-strength-100.pgn,maia3-1100__vs__maia3-1900.pgn
maia3-1100__vs__maia3-1900,57,29,MAIA3 1100,MAIA3 1900,maia3,maia3,1100,1900,White,MAIA3 1100,MAIA3 1900,0-1,0.0,checkmate,70,a5868b9f6971abfceab45ed4181616c0e34c042765cd4a9006ebbc36f3bf51d0,maia-relative-strength-100.pgn,maia3-1100__vs__maia3-1900.pgn
maia3-1100__vs__maia3-1900,58,29,MAIA3 1100,MAIA3 1900,maia3,maia3,1100,1900,Black,MAIA3 1900,MAIA3 1100,1-0,0.0,checkmate,63,a5868b9f6971abfceab45ed4181616c0e34c042765cd4a9006ebbc36f3bf51d0,maia-relative-strength-100.pgn,maia3-1100__vs__maia3-1900.pgn
maia3-1100__vs__maia3-1900,59,30,MAIA3 1100,MAIA3 1900,maia3,maia3,1100,1900,White,MAIA3 1100,MAIA3 1900,0-1,0.0,checkmate,52,a5868b9f6971abfceab45ed4181616c0e34c042765cd4a9006ebbc36f3bf51d0,maia-relative-strength-100.pgn,maia3-1100__vs__maia3-1900.pgn
maia3-1100__vs__maia3-1900,60,30,MAIA3 1100,MAIA3 1900,maia3,maia3,1100,1900,Black,MAIA3 1900,MAIA3 1100,1/2-1/2,0.5,threefold repetition,130,a5868b9f6971abfceab45ed4181616c0e34c042765cd4a9006ebbc36f3bf51d0,maia-relative-strength-100.pgn,maia3-1100__vs__maia3-1900.pgn
maia3-1100__vs__maia3-1900,61,31,MAIA3 1100,MAIA3 1900,maia3,maia3,1100,1900,White,MAIA3 1100,MAIA3 1900,1/2-1/2,0.5,threefold repetition,71,a5868b9f6971abfceab45ed4181616c0e34c042765cd4a9006ebbc36f3bf51d0,maia-relative-strength-100.pgn,maia3-1100__vs__maia3-1900.pgn
maia3-1100__vs__maia3-1900,62,31,MAIA3 1100,MAIA3 1900,maia3,maia3,1100,1900,Black,MAIA3 1900,MAIA3 1100,1-0,0.0,checkmate,93,a5868b9f6971abfceab45ed4181616c0e34c042765cd4a9006ebbc36f3bf51d0,maia-relative-strength-100.pgn,maia3-1100__vs__maia3-1900.pgn
maia3-1100__vs__maia3-1900,63,32,MAIA3 1100,MAIA3 1900,maia3,maia3,1100,1900,White,MAIA3 1100,MAIA3 1900,1-0,1.0,checkmate,101,a5868b9f6971abfceab45ed4181616c0e34c042765cd4a9006ebbc36f3bf51d0,maia-relative-strength-100.pgn,maia3-1100__vs__maia3-1900.pgn
maia3-1100__vs__maia3-1900,64,32,MAIA3 1100,MAIA3 1900,maia3,maia3,1100,1900,Black,MAIA3 1900,MAIA3 1100,1-0,0.0,checkmate,149,a5868b9f6971abfceab45ed4181616c0e34c042765cd4a9006ebbc36f3bf51d0,maia-relative-strength-100.pgn,maia3-1100__vs__maia3-1900.pgn
maia3-1100__vs__maia3-1900,65,33,MAIA3 1100,MAIA3 1900,maia3,maia3,1100,1900,White,MAIA3 1100,MAIA3 1900,0-1,0.0,checkmate,78,a5868b9f6971abfceab45ed4181616c0e34c042765cd4a9006ebbc36f3bf51d0,maia-relative-strength-100.pgn,maia3-1100__vs__maia3-1900.pgn
maia3-1100__vs__maia3-1900,66,33,MAIA3 1100,MAIA3 1900,maia3,maia3,1100,1900,Black,MAIA3 1900,MAIA3 1100,1-0,0.0,checkmate,109,a5868b9f6971abfceab45ed4181616c0e34c042765cd4a9006ebbc36f3bf51d0,maia-relative-strength-100.pgn,maia3-1100__vs__maia3-1900.pgn
maia3-1100__vs__maia3-1900,67,34,MAIA3 1100,MAIA3 1900,maia3,maia3,1100,1900,White,MAIA3 1100,MAIA3 1900,1/2-1/2,0.5,threefold repetition,115,a5868b9f6971abfceab45ed4181616c0e34c042765cd4a9006ebbc36f3bf51d0,maia-relative-strength-100.pgn,maia3-1100__vs__maia3-1900.pgn
maia3-1100__vs__maia3-1900,68,34,MAIA3 1100,MAIA3 1900,maia3,maia3,1100,1900,Black,MAIA3 1900,MAIA3 1100,1-0,0.0,checkmate,63,a5868b9f6971abfceab45ed4181616c0e34c042765cd4a9006ebbc36f3bf51d0,maia-relative-strength-100.pgn,maia3-1100__vs__maia3-1900.pgn
maia3-1100__vs__maia3-1900,69,35,MAIA3 1100,MAIA3 1900,maia3,maia3,1100,1900,White,MAIA3 1100,MAIA3 1900,0-1,0.0,checkmate,56,a5868b9f6971abfceab45ed4181616c0e34c042765cd4a9006ebbc36f3bf51d0,maia-relative-strength-100.pgn,maia3-1100__vs__maia3-1900.pgn
maia3-1100__vs__maia3-1900,70,35,MAIA3 1100,MAIA3 1900,maia3,maia3,1100,1900,Black,MAIA3 1900,MAIA3 1100,1-0,0.0,checkmate,97,a5868b9f6971abfceab45ed4181616c0e34c042765cd4a9006ebbc36f3bf51d0,maia-relative-strength-100.pgn,maia3-1100__vs__maia3-1900.pgn
maia3-1100__vs__maia3-1900,71,36,MAIA3 1100,MAIA3 1900,maia3,maia3,1100,1900,White,MAIA3 1100,MAIA3 1900,0-1,0.0,checkmate,24,a5868b9f6971abfceab45ed4181616c0e34c042765cd4a9006ebbc36f3bf51d0,maia-relative-strength-100.pgn,maia3-1100__vs__maia3-1900.pgn
maia3-1100__vs__maia3-1900,72,36,MAIA3 1100,MAIA3 1900,maia3,maia3,1100,1900,Black,MAIA3 1900,MAIA3 1100,1-0,0.0,checkmate,53,a5868b9f6971abfceab45ed4181616c0e34c042765cd4a9006ebbc36f3bf51d0,maia-relative-strength-100.pgn,maia3-1100__vs__maia3-1900.pgn
maia3-1100__vs__maia3-1900,73,37,MAIA3 1100,MAIA3 1900,maia3,maia3,1100,1900,White,MAIA3 1100,MAIA3 1900,0-1,0.0,checkmate,54,a5868b9f6971abfceab45ed4181616c0e34c042765cd4a9006ebbc36f3bf51d0,maia-relative-strength-100.pgn,maia3-1100__vs__maia3-1900.pgn
maia3-1100__vs__maia3-1900,74,37,MAIA3 1100,MAIA3 1900,maia3,maia3,1100,1900,Black,MAIA3 1900,MAIA3 1100,1-0,0.0,checkmate,111,a5868b9f6971abfceab45ed4181616c0e34c042765cd4a9006ebbc36f3bf51d0,maia-relative-strength-100.pgn,maia3-1100__vs__maia3-1900.pgn
maia3-1100__vs__maia3-1900,75,38,MAIA3 1100,MAIA3 1900,maia3,maia3,1100,1900,White,MAIA3 1100,MAIA3 1900,0-1,0.0,checkmate,44,a5868b9f6971abfceab45ed4181616c0e34c042765cd4a9006ebbc36f3bf51d0,maia-relative-strength-100.pgn,maia3-1100__vs__maia3-1900.pgn
maia3-1100__vs__maia3-1900,76,38,MAIA3 1100,MAIA3 1900,maia3,maia3,1100,1900,Black,MAIA3 1900,MAIA3 1100,1-0,0.0,checkmate,45,a5868b9f6971abfceab45ed4181616c0e34c042765cd4a9006ebbc36f3bf51d0,maia-relative-strength-100.pgn,maia3-1100__vs__maia3-1900.pgn
maia3-1100__vs__maia3-1900,77,39,MAIA3 1100,MAIA3 1900,maia3,maia3,1100,1900,White,MAIA3 1100,MAIA3 1900,0-1,0.0,checkmate,124,a5868b9f6971abfceab45ed4181616c0e34c042765cd4a9006ebbc36f3bf51d0,maia-relative-strength-100.pgn,maia3-1100__vs__maia3-1900.pgn
maia3-1100__vs__maia3-1900,78,39,MAIA3 1100,MAIA3 1900,maia3,maia3,1100,1900,Black,MAIA3 1900,MAIA3 1100,1-0,0.0,checkmate,77,a5868b9f6971abfceab45ed4181616c0e34c042765cd4a9006ebbc36f3bf51d0,maia-relative-strength-100.pgn,maia3-1100__vs__maia3-1900.pgn
maia3-1100__vs__maia3-1900,79,40,MAIA3 1100,MAIA3 1900,maia3,maia3,1100,1900,White,MAIA3 1100,MAIA3 1900,1-0,1.0,checkmate,65,a5868b9f6971abfceab45ed4181616c0e34c042765cd4a9006ebbc36f3bf51d0,maia-relative-strength-100.pgn,maia3-1100__vs__maia3-1900.pgn
maia3-1100__vs__maia3-1900,80,40,MAIA3 1100,MAIA3 1900,maia3,maia3,1100,1900,Black,MAIA3 1900,MAIA3 1100,1-0,0.0,checkmate,27,a5868b9f6971abfceab45ed4181616c0e34c042765cd4a9006ebbc36f3bf51d0,maia-relative-strength-100.pgn,maia3-1100__vs__maia3-1900.pgn
maia3-1100__vs__maia3-1900,81,41,MAIA3 1100,MAIA3 1900,maia3,maia3,1100,1900,White,MAIA3 1100,MAIA3 1900,0-1,0.0,checkmate,128,a5868b9f6971abfceab45ed4181616c0e34c042765cd4a9006ebbc36f3bf51d0,maia-relative-strength-100.pgn,maia3-1100__vs__maia3-1900.pgn
maia3-1100__vs__maia3-1900,82,41,MAIA3 1100,MAIA3 1900,maia3,maia3,1100,1900,Black,MAIA3 1900,MAIA3 1100,1-0,0.0,checkmate,45,a5868b9f6971abfceab45ed4181616c0e34c042765cd4a9006ebbc36f3bf51d0,maia-relative-strength-100.pgn,maia3-1100__vs__maia3-1900.pgn
maia3-1100__vs__maia3-1900,83,42,MAIA3 1100,MAIA3 1900,maia3,maia3,1100,1900,White,MAIA3 1100,MAIA3 1900,0-1,0.0,checkmate,76,a5868b9f6971abfceab45ed4181616c0e34c042765cd4a9006ebbc36f3bf51d0,maia-relative-strength-100.pgn,maia3-1100__vs__maia3-1900.pgn
maia3-1100__vs__maia3-1900,84,42,MAIA3 1100,MAIA3 1900,maia3,maia3,1100,1900,Black,MAIA3 1900,MAIA3 1100,1-0,0.0,checkmate,45,a5868b9f6971abfceab45ed4181616c0e34c042765cd4a9006ebbc36f3bf51d0,maia-relative-strength-100.pgn,maia3-1100__vs__maia3-1900.pgn
maia3-1100__vs__maia3-1900,85,43,MAIA3 1100,MAIA3 1900,maia3,maia3,1100,1900,White,MAIA3 1100,MAIA3 1900,1/2-1/2,0.5,threefold repetition,111,a5868b9f6971abfceab45ed4181616c0e34c042765cd4a9006ebbc36f3bf51d0,maia-relative-strength-100.pgn,maia3-1100__vs__maia3-1900.pgn
maia3-1100__vs__maia3-1900,86,43,MAIA3 1100,MAIA3 1900,maia3,maia3,1100,1900,Black,MAIA3 1900,MAIA3 1100,1-0,0.0,checkmate,99,a5868b9f6971abfceab45ed4181616c0e34c042765cd4a9006ebbc36f3bf51d0,maia-relative-strength-100.pgn,maia3-1100__vs__maia3-1900.pgn
maia3-1100__vs__maia3-1900,87,44,MAIA3 1100,MAIA3 1900,maia3,maia3,1100,1900,White,MAIA3 1100,MAIA3 1900,0-1,0.0,checkmate,40,a5868b9f6971abfceab45ed4181616c0e34c042765cd4a9006ebbc36f3bf51d0,maia-relative-strength-100.pgn,maia3-1100__vs__maia3-1900.pgn
maia3-1100__vs__maia3-1900,88,44,MAIA3 1100,MAIA3 1900,maia3,maia3,1100,1900,Black,MAIA3 1900,MAIA3 1100,1-0,0.0,checkmate,149,a5868b9f6971abfceab45ed4181616c0e34c042765cd4a9006ebbc36f3bf51d0,maia-relative-strength-100.pgn,maia3-1100__vs__maia3-1900.pgn
maia3-1100__vs__maia3-1900,89,45,MAIA3 1100,MAIA3 1900,maia3,maia3,1100,1900,White,MAIA3 1100,MAIA3 1900,0-1,0.0,checkmate,46,a5868b9f6971abfceab45ed4181616c0e34c042765cd4a9006ebbc36f3bf51d0,maia-relative-strength-100.pgn,maia3-1100__vs__maia3-1900.pgn
maia3-1100__vs__maia3-1900,90,45,MAIA3 1100,MAIA3 1900,maia3,maia3,1100,1900,Black,MAIA3 1900,MAIA3 1100,1-0,0.0,checkmate,91,a5868b9f6971abfceab45ed4181616c0e34c042765cd4a9006ebbc36f3bf51d0,maia-relative-strength-100.pgn,maia3-1100__vs__maia3-1900.pgn
maia3-1100__vs__maia3-1900,91,46,MAIA3 1100,MAIA3 1900,maia3,maia3,1100,1900,White,MAIA3 1100,MAIA3 1900,0-1,0.0,checkmate,106,a5868b9f6971abfceab45ed4181616c0e34c042765cd4a9006ebbc36f3bf51d0,maia-relative-strength-100.pgn,maia3-1100__vs__maia3-1900.pgn
maia3-1100__vs__maia3-1900,92,46,MAIA3 1100,MAIA3 1900,maia3,maia3,1100,1900,Black,MAIA3 1900,MAIA3 1100,1-0,0.0,checkmate,39,a5868b9f6971abfceab45ed4181616c0e34c042765cd4a9006ebbc36f3bf51d0,maia-relative-strength-100.pgn,maia3-1100__vs__maia3-1900.pgn
maia3-1100__vs__maia3-1900,93,47,MAIA3 1100,MAIA3 1900,maia3,maia3,1100,1900,White,MAIA3 1100,MAIA3 1900,0-1,0.0,checkmate,50,a5868b9f6971abfceab45ed4181616c0e34c042765cd4a9006ebbc36f3bf51d0,maia-relative-strength-100.pgn,maia3-1100__vs__maia3-1900.pgn
maia3-1100__vs__maia3-1900,94,47,MAIA3 1100,MAIA3 1900,maia3,maia3,1100,1900,Black,MAIA3 1900,MAIA3 1100,1-0,0.0,checkmate,103,a5868b9f6971abfceab45ed4181616c0e34c042765cd4a9006ebbc36f3bf51d0,maia-relative-strength-100.pgn,maia3-1100__vs__maia3-1900.pgn
maia3-1100__vs__maia3-1900,95,48,MAIA3 1100,MAIA3 1900,maia3,maia3,1100,1900,White,MAIA3 1100,MAIA3 1900,0-1,0.0,checkmate,58,a5868b9f6971abfceab45ed4181616c0e34c042765cd4a9006ebbc36f3bf51d0,maia-relative-strength-100.pgn,maia3-1100__vs__maia3-1900.pgn
maia3-1100__vs__maia3-1900,96,48,MAIA3 1100,MAIA3 1900,maia3,maia3,1100,1900,Black,MAIA3 1900,MAIA3 1100,1-0,0.0,checkmate,49,a5868b9f6971abfceab45ed4181616c0e34c042765cd4a9006ebbc36f3bf51d0,maia-relative-strength-100.pgn,maia3-1100__vs__maia3-1900.pgn
maia3-1100__vs__maia3-1900,97,49,MAIA3 1100,MAIA3 1900,maia3,maia3,1100,1900,White,MAIA3 1100,MAIA3 1900,0-1,0.0,checkmate,72,a5868b9f6971abfceab45ed4181616c0e34c042765cd4a9006ebbc36f3bf51d0,maia-relative-strength-100.pgn,maia3-1100__vs__maia3-1900.pgn
maia3-1100__vs__maia3-1900,98,49,MAIA3 1100,MAIA3 1900,maia3,maia3,1100,1900,Black,MAIA3 1900,MAIA3 1100,1-0,0.0,checkmate,119,a5868b9f6971abfceab45ed4181616c0e34c042765cd4a9006ebbc36f3bf51d0,maia-relative-strength-100.pgn,maia3-1100__vs__maia3-1900.pgn
maia3-1100__vs__maia3-1900,99,50,MAIA3 1100,MAIA3 1900,maia3,maia3,1100,1900,White,MAIA3 1100,MAIA3 1900,0-1,0.0,checkmate,78,a5868b9f6971abfceab45ed4181616c0e34c042765cd4a9006ebbc36f3bf51d0,maia-relative-strength-100.pgn,maia3-1100__vs__maia3-1900.pgn
maia3-1100__vs__maia3-1900,100,50,MAIA3 1100,MAIA3 1900,maia3,maia3,1100,1900,Black,MAIA3 1900,MAIA3 1100,1-0,0.0,checkmate,83,a5868b9f6971abfceab45ed4181616c0e34c042765cd4a9006ebbc36f3bf51d0,maia-relative-strength-100.pgn,maia3-1100__vs__maia3-1900.pgn
maia3-1100__vs__maia3-1900,101,51,MAIA3 1100,MAIA3 1900,maia3,maia3,1100,1900,White,MAIA3 1100,MAIA3 1900,0-1,0.0,checkmate,60,a5868b9f6971abfceab45ed4181616c0e34c042765cd4a9006ebbc36f3bf51d0,maia-relative-strength-100.pgn,maia3-1100__vs__maia3-1900.pgn
maia3-1100__vs__maia3-1900,102,51,MAIA3 1100,MAIA3 1900,maia3,maia3,1100,1900,Black,MAIA3 1900,MAIA3 1100,1-0,0.0,checkmate,41,a5868b9f6971abfceab45ed4181616c0e34c042765cd4a9006ebbc36f3bf51d0,maia-relative-strength-100.pgn,maia3-1100__vs__maia3-1900.pgn
maia3-1100__vs__maia3-1900,103,52,MAIA3 1100,MAIA3 1900,maia3,maia3,1100,1900,White,MAIA3 1100,MAIA3 1900,0-1,0.0,checkmate,100,a5868b9f6971abfceab45ed4181616c0e34c042765cd4a9006ebbc36f3bf51d0,maia-relative-strength-100.pgn,maia3-1100__vs__maia3-1900.pgn
maia3-1100__vs__maia3-1900,104,52,MAIA3 1100,MAIA3 1900,maia3,maia3,1100,1900,Black,MAIA3 1900,MAIA3 1100,1-0,0.0,checkmate,51,a5868b9f6971abfceab45ed4181616c0e34c042765cd4a9006ebbc36f3bf51d0,maia-relative-strength-100.pgn,maia3-1100__vs__maia3-1900.pgn
maia3-1100__vs__maia3-1900,105,53,MAIA3 1100,MAIA3 1900,maia3,maia3,1100,1900,White,MAIA3 1100,MAIA3 1900,0-1,0.0,checkmate,114,a5868b9f6971abfceab45ed4181616c0e34c042765cd4a9006ebbc36f3bf51d0,maia-relative-strength-100.pgn,maia3-1100__vs__maia3-1900.pgn
maia3-1100__vs__maia3-1900,106,53,MAIA3 1100,MAIA3 1900,maia3,maia3,1100,1900,Black,MAIA3 1900,MAIA3 1100,1-0,0.0,checkmate,91,a5868b9f6971abfceab45ed4181616c0e34c042765cd4a9006ebbc36f3bf51d0,maia-relative-strength-100.pgn,maia3-1100__vs__maia3-1900.pgn
maia3-1100__vs__maia3-1900,107,54,MAIA3 1100,MAIA3 1900,maia3,maia3,1100,1900,White,MAIA3 1100,MAIA3 1900,0-1,0.0,checkmate,106,a5868b9f6971abfceab45ed4181616c0e34c042765cd4a9006ebbc36f3bf51d0,maia-relative-strength-100.pgn,maia3-1100__vs__maia3-1900.pgn
maia3-1100__vs__maia3-1900,108,54,MAIA3 1100,MAIA3 1900,maia3,maia3,1100,1900,Black,MAIA3 1900,MAIA3 1100,1-0,0.0,checkmate,83,a5868b9f6971abfceab45ed4181616c0e34c042765cd4a9006ebbc36f3bf51d0,maia-relative-strength-100.pgn,maia3-1100__vs__maia3-1900.pgn
maia3-1100__vs__maia3-1900,109,55,MAIA3 1100,MAIA3 1900,maia3,maia3,1100,1900,White,MAIA3 1100,MAIA3 1900,0-1,0.0,checkmate,134,a5868b9f6971abfceab45ed4181616c0e34c042765cd4a9006ebbc36f3bf51d0,maia-relative-strength-100.pgn,maia3-1100__vs__maia3-1900.pgn
maia3-1100__vs__maia3-1900,110,55,MAIA3 1100,MAIA3 1900,maia3,maia3,1100,1900,Black,MAIA3 1900,MAIA3 1100,1-0,0.0,checkmate,65,a5868b9f6971abfceab45ed4181616c0e34c042765cd4a9006ebbc36f3bf51d0,maia-relative-strength-100.pgn,maia3-1100__vs__maia3-1900.pgn
maia3-1100__vs__maia3-1900,111,56,MAIA3 1100,MAIA3 1900,maia3,maia3,1100,1900,White,MAIA3 1100,MAIA3 1900,1-0,1.0,checkmate,145,a5868b9f6971abfceab45ed4181616c0e34c042765cd4a9006ebbc36f3bf51d0,maia-relative-strength-100.pgn,maia3-1100__vs__maia3-1900.pgn
maia3-1100__vs__maia3-1900,112,56,MAIA3 1100,MAIA3 1900,maia3,maia3,1100,1900,Black,MAIA3 1900,MAIA3 1100,1-0,0.0,checkmate,79,a5868b9f6971abfceab45ed4181616c0e34c042765cd4a9006ebbc36f3bf51d0,maia-relative-strength-100.pgn,maia3-1100__vs__maia3-1900.pgn
maia3-1100__vs__maia3-1900,113,57,MAIA3 1100,MAIA3 1900,maia3,maia3,1100,1900,White,MAIA3 1100,MAIA3 1900,1-0,1.0,checkmate,101,a5868b9f6971abfceab45ed4181616c0e34c042765cd4a9006ebbc36f3bf51d0,maia-relative-strength-100.pgn,maia3-1100__vs__maia3-1900.pgn
maia3-1100__vs__maia3-1900,114,57,MAIA3 1100,MAIA3 1900,maia3,maia3,1100,1900,Black,MAIA3 1900,MAIA3 1100,1/2-1/2,0.5,stalemate,83,a5868b9f6971abfceab45ed4181616c0e34c042765cd4a9006ebbc36f3bf51d0,maia-relative-strength-100.pgn,maia3-1100__vs__maia3-1900.pgn
maia3-1100__vs__maia3-1900,115,58,MAIA3 1100,MAIA3 1900,maia3,maia3,1100,1900,White,MAIA3 1100,MAIA3 1900,0-1,0.0,checkmate,62,a5868b9f6971abfceab45ed4181616c0e34c042765cd4a9006ebbc36f3bf51d0,maia-relative-strength-100.pgn,maia3-1100__vs__maia3-1900.pgn
maia3-1100__vs__maia3-1900,116,58,MAIA3 1100,MAIA3 1900,maia3,maia3,1100,1900,Black,MAIA3 1900,MAIA3 1100,1-0,0.0,checkmate,91,a5868b9f6971abfceab45ed4181616c0e34c042765cd4a9006ebbc36f3bf51d0,maia-relative-strength-100.pgn,maia3-1100__vs__maia3-1900.pgn
maia3-1100__vs__maia3-1900,117,59,MAIA3 1100,MAIA3 1900,maia3,maia3,1100,1900,White,MAIA3 1100,MAIA3 1900,0-1,0.0,checkmate,66,a5868b9f6971abfceab45ed4181616c0e34c042765cd4a9006ebbc36f3bf51d0,maia-relative-strength-100.pgn,maia3-1100__vs__maia3-1900.pgn
maia3-1100__vs__maia3-1900,118,59,MAIA3 1100,MAIA3 1900,maia3,maia3,1100,1900,Black,MAIA3 1900,MAIA3 1100,1-0,0.0,checkmate,55,a5868b9f6971abfceab45ed4181616c0e34c042765cd4a9006ebbc36f3bf51d0,maia-relative-strength-100.pgn,maia3-1100__vs__maia3-1900.pgn
maia3-1100__vs__maia3-1900,119,60,MAIA3 1100,MAIA3 1900,maia3,maia3,1100,1900,White,MAIA3 1100,MAIA3 1900,0-1,0.0,checkmate,42,a5868b9f6971abfceab45ed4181616c0e34c042765cd4a9006ebbc36f3bf51d0,maia-relative-strength-100.pgn,maia3-1100__vs__maia3-1900.pgn
maia3-1100__vs__maia3-1900,120,60,MAIA3 1100,MAIA3 1900,maia3,maia3,1100,1900,Black,MAIA3 1900,MAIA3 1100,1-0,0.0,checkmate,83,a5868b9f6971abfceab45ed4181616c0e34c042765cd4a9006ebbc36f3bf51d0,maia-relative-strength-100.pgn,maia3-1100__vs__maia3-1900.pgn
maia3-1100__vs__maia3-1900,121,61,MAIA3 1100,MAIA3 1900,maia3,maia3,1100,1900,White,MAIA3 1100,MAIA3 1900,0-1,0.0,checkmate,162,a5868b9f6971abfceab45ed4181616c0e34c042765cd4a9006ebbc36f3bf51d0,maia-relative-strength-100.pgn,maia3-1100__vs__maia3-1900.pgn
maia3-1100__vs__maia3-1900,122,61,MAIA3 1100,MAIA3 1900,maia3,maia3,1100,1900,Black,MAIA3 1900,MAIA3 1100,1-0,0.0,checkmate,99,a5868b9f6971abfceab45ed4181616c0e34c042765cd4a9006ebbc36f3bf51d0,maia-relative-strength-100.pgn,maia3-1100__vs__maia3-1900.pgn
maia3-1100__vs__maia3-1900,123,62,MAIA3 1100,MAIA3 1900,maia3,maia3,1100,1900,White,MAIA3 1100,MAIA3 1900,0-1,0.0,checkmate,56,a5868b9f6971abfceab45ed4181616c0e34c042765cd4a9006ebbc36f3bf51d0,maia-relative-strength-100.pgn,maia3-1100__vs__maia3-1900.pgn
maia3-1100__vs__maia3-1900,124,62,MAIA3 1100,MAIA3 1900,maia3,maia3,1100,1900,Black,MAIA3 1900,MAIA3 1100,1-0,0.0,checkmate,157,a5868b9f6971abfceab45ed4181616c0e34c042765cd4a9006ebbc36f3bf51d0,maia-relative-strength-100.pgn,maia3-1100__vs__maia3-1900.pgn
maia3-1100__vs__maia3-1900,125,63,MAIA3 1100,MAIA3 1900,maia3,maia3,1100,1900,White,MAIA3 1100,MAIA3 1900,1-0,1.0,checkmate,119,a5868b9f6971abfceab45ed4181616c0e34c042765cd4a9006ebbc36f3bf51d0,maia-relative-strength-100.pgn,maia3-1100__vs__maia3-1900.pgn
maia3-1100__vs__maia3-1900,126,63,MAIA3 1100,MAIA3 1900,maia3,maia3,1100,1900,Black,MAIA3 1900,MAIA3 1100,1-0,0.0,checkmate,107,a5868b9f6971abfceab45ed4181616c0e34c042765cd4a9006ebbc36f3bf51d0,maia-relative-strength-100.pgn,maia3-1100__vs__maia3-1900.pgn
maia3-1100__vs__maia3-1900,127,64,MAIA3 1100,MAIA3 1900,maia3,maia3,1100,1900,White,MAIA3 1100,MAIA3 1900,0-1,0.0,checkmate,78,a5868b9f6971abfceab45ed4181616c0e34c042765cd4a9006ebbc36f3bf51d0,maia-relative-strength-100.pgn,maia3-1100__vs__maia3-1900.pgn
maia3-1100__vs__maia3-1900,128,64,MAIA3 1100,MAIA3 1900,maia3,maia3,1100,1900,Black,MAIA3 1900,MAIA3 1100,1-0,0.0,checkmate,47,a5868b9f6971abfceab45ed4181616c0e34c042765cd4a9006ebbc36f3bf51d0,maia-relative-strength-100.pgn,maia3-1100__vs__maia3-1900.pgn
maia3-1100__vs__maia3-1900,129,65,MAIA3 1100,MAIA3 1900,maia3,maia3,1100,1900,White,MAIA3 1100,MAIA3 1900,0-1,0.0,checkmate,34,a5868b9f6971abfceab45ed4181616c0e34c042765cd4a9006ebbc36f3bf51d0,maia-relative-strength-100.pgn,maia3-1100__vs__maia3-1900.pgn
maia3-1100__vs__maia3-1900,130,65,MAIA3 1100,MAIA3 1900,maia3,maia3,1100,1900,Black,MAIA3 1900,MAIA3 1100,1-0,0.0,checkmate,73,a5868b9f6971abfceab45ed4181616c0e34c042765cd4a9006ebbc36f3bf51d0,maia-relative-strength-100.pgn,maia3-1100__vs__maia3-1900.pgn
maia3-1100__vs__maia3-1900,131,66,MAIA3 1100,MAIA3 1900,maia3,maia3,1100,1900,White,MAIA3 1100,MAIA3 1900,0-1,0.0,checkmate,116,a5868b9f6971abfceab45ed4181616c0e34c042765cd4a9006ebbc36f3bf51d0,maia-relative-strength-100.pgn,maia3-1100__vs__maia3-1900.pgn
maia3-1100__vs__maia3-1900,132,66,MAIA3 1100,MAIA3 1900,maia3,maia3,1100,1900,Black,MAIA3 1900,MAIA3 1100,1-0,0.0,checkmate,105,a5868b9f6971abfceab45ed4181616c0e34c042765cd4a9006ebbc36f3bf51d0,maia-relative-strength-100.pgn,maia3-1100__vs__maia3-1900.pgn
maia3-1100__vs__maia3-1900,133,67,MAIA3 1100,MAIA3 1900,maia3,maia3,1100,1900,White,MAIA3 1100,MAIA3 1900,0-1,0.0,checkmate,88,a5868b9f6971abfceab45ed4181616c0e34c042765cd4a9006ebbc36f3bf51d0,maia-relative-strength-100.pgn,maia3-1100__vs__maia3-1900.pgn
maia3-1100__vs__maia3-1900,134,67,MAIA3 1100,MAIA3 1900,maia3,maia3,1100,1900,Black,MAIA3 1900,MAIA3 1100,1-0,0.0,checkmate,75,a5868b9f6971abfceab45ed4181616c0e34c042765cd4a9006ebbc36f3bf51d0,maia-relative-strength-100.pgn,maia3-1100__vs__maia3-1900.pgn
maia3-1100__vs__maia3-1900,135,68,MAIA3 1100,MAIA3 1900,maia3,maia3,1100,1900,White,MAIA3 1100,MAIA3 1900,0-1,0.0,checkmate,72,a5868b9f6971abfceab45ed4181616c0e34c042765cd4a9006ebbc36f3bf51d0,maia-relative-strength-100.pgn,maia3-1100__vs__maia3-1900.pgn
maia3-1100__vs__maia3-1900,136,68,MAIA3 1100,MAIA3 1900,maia3,maia3,1100,1900,Black,MAIA3 1900,MAIA3 1100,1-0,0.0,checkmate,43,a5868b9f6971abfceab45ed4181616c0e34c042765cd4a9006ebbc36f3bf51d0,maia-relative-strength-100.pgn,maia3-1100__vs__maia3-1900.pgn
maia3-1100__vs__maia3-1900,137,69,MAIA3 1100,MAIA3 1900,maia3,maia3,1100,1900,White,MAIA3 1100,MAIA3 1900,0-1,0.0,checkmate,134,a5868b9f6971abfceab45ed4181616c0e34c042765cd4a9006ebbc36f3bf51d0,maia-relative-strength-100.pgn,maia3-1100__vs__maia3-1900.pgn
maia3-1100__vs__maia3-1900,138,69,MAIA3 1100,MAIA3 1900,maia3,maia3,1100,1900,Black,MAIA3 1900,MAIA3 1100,1-0,0.0,checkmate,71,a5868b9f6971abfceab45ed4181616c0e34c042765cd4a9006ebbc36f3bf51d0,maia-relative-strength-100.pgn,maia3-1100__vs__maia3-1900.pgn
maia3-1100__vs__maia3-1900,139,70,MAIA3 1100,MAIA3 1900,maia3,maia3,1100,1900,White,MAIA3 1100,MAIA3 1900,0-1,0.0,checkmate,104,a5868b9f6971abfceab45ed4181616c0e34c042765cd4a9006ebbc36f3bf51d0,maia-relative-strength-100.pgn,maia3-1100__vs__maia3-1900.pgn
maia3-1100__vs__maia3-1900,140,70,MAIA3 1100,MAIA3 1900,maia3,maia3,1100,1900,Black,MAIA3 1900,MAIA3 1100,1/2-1/2,0.5,threefold repetition,124,a5868b9f6971abfceab45ed4181616c0e34c042765cd4a9006ebbc36f3bf51d0,maia-relative-strength-100.pgn,maia3-1100__vs__maia3-1900.pgn
maia3-1100__vs__maia3-1900,141,71,MAIA3 1100,MAIA3 1900,maia3,maia3,1100,1900,White,MAIA3 1100,MAIA3 1900,0-1,0.0,checkmate,54,a5868b9f6971abfceab45ed4181616c0e34c042765cd4a9006ebbc36f3bf51d0,maia-relative-strength-100.pgn,maia3-1100__vs__maia3-1900.pgn
maia3-1100__vs__maia3-1900,142,71,MAIA3 1100,MAIA3 1900,maia3,maia3,1100,1900,Black,MAIA3 1900,MAIA3 1100,1-0,0.0,checkmate,93,a5868b9f6971abfceab45ed4181616c0e34c042765cd4a9006ebbc36f3bf51d0,maia-relative-strength-100.pgn,maia3-1100__vs__maia3-1900.pgn
maia3-1100__vs__maia3-1900,143,72,MAIA3 1100,MAIA3 1900,maia3,maia3,1100,1900,White,MAIA3 1100,MAIA3 1900,0-1,0.0,checkmate,28,a5868b9f6971abfceab45ed4181616c0e34c042765cd4a9006ebbc36f3bf51d0,maia-relative-strength-100.pgn,maia3-1100__vs__maia3-1900.pgn
maia3-1100__vs__maia3-1900,144,72,MAIA3 1100,MAIA3 1900,maia3,maia3,1100,1900,Black,MAIA3 1900,MAIA3 1100,1-0,0.0,checkmate,97,a5868b9f6971abfceab45ed4181616c0e34c042765cd4a9006ebbc36f3bf51d0,maia-relative-strength-100.pgn,maia3-1100__vs__maia3-1900.pgn
maia3-1100__vs__maia3-1900,145,73,MAIA3 1100,MAIA3 1900,maia3,maia3,1100,1900,White,MAIA3 1100,MAIA3 1900,1-0,1.0,checkmate,27,a5868b9f6971abfceab45ed4181616c0e34c042765cd4a9006ebbc36f3bf51d0,maia-relative-strength-100.pgn,maia3-1100__vs__maia3-1900.pgn
maia3-1100__vs__maia3-1900,146,73,MAIA3 1100,MAIA3 1900,maia3,maia3,1100,1900,Black,MAIA3 1900,MAIA3 1100,1-0,0.0,checkmate,33,a5868b9f6971abfceab45ed4181616c0e34c042765cd4a9006ebbc36f3bf51d0,maia-relative-strength-100.pgn,maia3-1100__vs__maia3-1900.pgn
maia3-1100__vs__maia3-1900,147,74,MAIA3 1100,MAIA3 1900,maia3,maia3,1100,1900,White,MAIA3 1100,MAIA3 1900,0-1,0.0,checkmate,160,a5868b9f6971abfceab45ed4181616c0e34c042765cd4a9006ebbc36f3bf51d0,maia-relative-strength-100.pgn,maia3-1100__vs__maia3-1900.pgn
maia3-1100__vs__maia3-1900,148,74,MAIA3 1100,MAIA3 1900,maia3,maia3,1100,1900,Black,MAIA3 1900,MAIA3 1100,1-0,0.0,checkmate,85,a5868b9f6971abfceab45ed4181616c0e34c042765cd4a9006ebbc36f3bf51d0,maia-relative-strength-100.pgn,maia3-1100__vs__maia3-1900.pgn
maia3-1100__vs__maia3-1900,149,75,MAIA3 1100,MAIA3 1900,maia3,maia3,1100,1900,White,MAIA3 1100,MAIA3 1900,0-1,0.0,checkmate,46,a5868b9f6971abfceab45ed4181616c0e34c042765cd4a9006ebbc36f3bf51d0,maia-relative-strength-100.pgn,maia3-1100__vs__maia3-1900.pgn
maia3-1100__vs__maia3-1900,150,75,MAIA3 1100,MAIA3 1900,maia3,maia3,1100,1900,Black,MAIA3 1900,MAIA3 1100,1-0,0.0,checkmate,43,a5868b9f6971abfceab45ed4181616c0e34c042765cd4a9006ebbc36f3bf51d0,maia-relative-strength-100.pgn,maia3-1100__vs__maia3-1900.pgn
maia3-1100__vs__maia3-1900,151,76,MAIA3 1100,MAIA3 1900,maia3,maia3,1100,1900,White,MAIA3 1100,MAIA3 1900,0-1,0.0,checkmate,112,a5868b9f6971abfceab45ed4181616c0e34c042765cd4a9006ebbc36f3bf51d0,maia-relative-strength-100.pgn,maia3-1100__vs__maia3-1900.pgn
maia3-1100__vs__maia3-1900,152,76,MAIA3 1100,MAIA3 1900,maia3,maia3,1100,1900,Black,MAIA3 1900,MAIA3 1100,1-0,0.0,checkmate,131,a5868b9f6971abfceab45ed4181616c0e34c042765cd4a9006ebbc36f3bf51d0,maia-relative-strength-100.pgn,maia3-1100__vs__maia3-1900.pgn
maia3-1100__vs__maia3-1900,153,77,MAIA3 1100,MAIA3 1900,maia3,maia3,1100,1900,White,MAIA3 1100,MAIA3 1900,0-1,0.0,checkmate,80,a5868b9f6971abfceab45ed4181616c0e34c042765cd4a9006ebbc36f3bf51d0,maia-relative-strength-100.pgn,maia3-1100__vs__maia3-1900.pgn
maia3-1100__vs__maia3-1900,154,77,MAIA3 1100,MAIA3 1900,maia3,maia3,1100,1900,Black,MAIA3 1900,MAIA3 1100,1/2-1/2,0.5,threefold repetition,64,a5868b9f6971abfceab45ed4181616c0e34c042765cd4a9006ebbc36f3bf51d0,maia-relative-strength-100.pgn,maia3-1100__vs__maia3-1900.pgn
maia3-1100__vs__maia3-1900,155,78,MAIA3 1100,MAIA3 1900,maia3,maia3,1100,1900,White,MAIA3 1100,MAIA3 1900,0-1,0.0,checkmate,80,a5868b9f6971abfceab45ed4181616c0e34c042765cd4a9006ebbc36f3bf51d0,maia-relative-strength-100.pgn,maia3-1100__vs__maia3-1900.pgn
maia3-1100__vs__maia3-1900,156,78,MAIA3 1100,MAIA3 1900,maia3,maia3,1100,1900,Black,MAIA3 1900,MAIA3 1100,1-0,0.0,checkmate,49,a5868b9f6971abfceab45ed4181616c0e34c042765cd4a9006ebbc36f3bf51d0,maia-relative-strength-100.pgn,maia3-1100__vs__maia3-1900.pgn
maia3-1100__vs__maia3-1900,157,79,MAIA3 1100,MAIA3 1900,maia3,maia3,1100,1900,White,MAIA3 1100,MAIA3 1900,0-1,0.0,checkmate,110,a5868b9f6971abfceab45ed4181616c0e34c042765cd4a9006ebbc36f3bf51d0,maia-relative-strength-100.pgn,maia3-1100__vs__maia3-1900.pgn
maia3-1100__vs__maia3-1900,158,79,MAIA3 1100,MAIA3 1900,maia3,maia3,1100,1900,Black,MAIA3 1900,MAIA3 1100,1-0,0.0,checkmate,63,a5868b9f6971abfceab45ed4181616c0e34c042765cd4a9006ebbc36f3bf51d0,maia-relative-strength-100.pgn,maia3-1100__vs__maia3-1900.pgn
maia3-1100__vs__maia3-1900,159,80,MAIA3 1100,MAIA3 1900,maia3,maia3,1100,1900,White,MAIA3 1100,MAIA3 1900,0-1,0.0,checkmate,92,a5868b9f6971abfceab45ed4181616c0e34c042765cd4a9006ebbc36f3bf51d0,maia-relative-strength-100.pgn,maia3-1100__vs__maia3-1900.pgn
maia3-1100__vs__maia3-1900,160,80,MAIA3 1100,MAIA3 1900,maia3,maia3,1100,1900,Black,MAIA3 1900,MAIA3 1100,1-0,0.0,checkmate,107,a5868b9f6971abfceab45ed4181616c0e34c042765cd4a9006ebbc36f3bf51d0,maia-relative-strength-100.pgn,maia3-1100__vs__maia3-1900.pgn
maia3-1100__vs__maia3-1900,161,81,MAIA3 1100,MAIA3 1900,maia3,maia3,1100,1900,White,MAIA3 1100,MAIA3 1900,0-1,0.0,checkmate,54,a5868b9f6971abfceab45ed4181616c0e34c042765cd4a9006ebbc36f3bf51d0,maia-relative-strength-100.pgn,maia3-1100__vs__maia3-1900.pgn
maia3-1100__vs__maia3-1900,162,81,MAIA3 1100,MAIA3 1900,maia3,maia3,1100,1900,Black,MAIA3 1900,MAIA3 1100,1-0,0.0,checkmate,69,a5868b9f6971abfceab45ed4181616c0e34c042765cd4a9006ebbc36f3bf51d0,maia-relative-strength-100.pgn,maia3-1100__vs__maia3-1900.pgn
maia3-1100__vs__maia3-1900,163,82,MAIA3 1100,MAIA3 1900,maia3,maia3,1100,1900,White,MAIA3 1100,MAIA3 1900,1/2-1/2,0.5,stalemate,112,a5868b9f6971abfceab45ed4181616c0e34c042765cd4a9006ebbc36f3bf51d0,maia-relative-strength-100.pgn,maia3-1100__vs__maia3-1900.pgn
maia3-1100__vs__maia3-1900,164,82,MAIA3 1100,MAIA3 1900,maia3,maia3,1100,1900,Black,MAIA3 1900,MAIA3 1100,1-0,0.0,checkmate,107,a5868b9f6971abfceab45ed4181616c0e34c042765cd4a9006ebbc36f3bf51d0,maia-relative-strength-100.pgn,maia3-1100__vs__maia3-1900.pgn
maia3-1100__vs__maia3-1900,165,83,MAIA3 1100,MAIA3 1900,maia3,maia3,1100,1900,White,MAIA3 1100,MAIA3 1900,0-1,0.0,checkmate,118,a5868b9f6971abfceab45ed4181616c0e34c042765cd4a9006ebbc36f3bf51d0,maia-relative-strength-100.pgn,maia3-1100__vs__maia3-1900.pgn
maia3-1100__vs__maia3-1900,166,83,MAIA3 1100,MAIA3 1900,maia3,maia3,1100,1900,Black,MAIA3 1900,MAIA3 1100,1-0,0.0,checkmate,71,a5868b9f6971abfceab45ed4181616c0e34c042765cd4a9006ebbc36f3bf51d0,maia-relative-strength-100.pgn,maia3-1100__vs__maia3-1900.pgn
maia3-1100__vs__maia3-1900,167,84,MAIA3 1100,MAIA3 1900,maia3,maia3,1100,1900,White,MAIA3 1100,MAIA3 1900,0-1,0.0,checkmate,50,a5868b9f6971abfceab45ed4181616c0e34c042765cd4a9006ebbc36f3bf51d0,maia-relative-strength-100.pgn,maia3-1100__vs__maia3-1900.pgn
maia3-1100__vs__maia3-1900,168,84,MAIA3 1100,MAIA3 1900,maia3,maia3,1100,1900,Black,MAIA3 1900,MAIA3 1100,1-0,0.0,checkmate,67,a5868b9f6971abfceab45ed4181616c0e34c042765cd4a9006ebbc36f3bf51d0,maia-relative-strength-100.pgn,maia3-1100__vs__maia3-1900.pgn
maia3-1100__vs__maia3-1900,169,85,MAIA3 1100,MAIA3 1900,maia3,maia3,1100,1900,White,MAIA3 1100,MAIA3 1900,0-1,0.0,checkmate,48,a5868b9f6971abfceab45ed4181616c0e34c042765cd4a9006ebbc36f3bf51d0,maia-relative-strength-100.pgn,maia3-1100__vs__maia3-1900.pgn
maia3-1100__vs__maia3-1900,170,85,MAIA3 1100,MAIA3 1900,maia3,maia3,1100,1900,Black,MAIA3 1900,MAIA3 1100,1-0,0.0,checkmate,79,a5868b9f6971abfceab45ed4181616c0e34c042765cd4a9006ebbc36f3bf51d0,maia-relative-strength-100.pgn,maia3-1100__vs__maia3-1900.pgn
maia3-1100__vs__maia3-1900,171,86,MAIA3 1100,MAIA3 1900,maia3,maia3,1100,1900,White,MAIA3 1100,MAIA3 1900,0-1,0.0,checkmate,96,a5868b9f6971abfceab45ed4181616c0e34c042765cd4a9006ebbc36f3bf51d0,maia-relative-strength-100.pgn,maia3-1100__vs__maia3-1900.pgn
maia3-1100__vs__maia3-1900,172,86,MAIA3 1100,MAIA3 1900,maia3,maia3,1100,1900,Black,MAIA3 1900,MAIA3 1100,1-0,0.0,checkmate,41,a5868b9f6971abfceab45ed4181616c0e34c042765cd4a9006ebbc36f3bf51d0,maia-relative-strength-100.pgn,maia3-1100__vs__maia3-1900.pgn
maia3-1100__vs__maia3-1900,173,87,MAIA3 1100,MAIA3 1900,maia3,maia3,1100,1900,White,MAIA3 1100,MAIA3 1900,0-1,0.0,checkmate,126,a5868b9f6971abfceab45ed4181616c0e34c042765cd4a9006ebbc36f3bf51d0,maia-relative-strength-100.pgn,maia3-1100__vs__maia3-1900.pgn
maia3-1100__vs__maia3-1900,174,87,MAIA3 1100,MAIA3 1900,maia3,maia3,1100,1900,Black,MAIA3 1900,MAIA3 1100,1-0,0.0,checkmate,77,a5868b9f6971abfceab45ed4181616c0e34c042765cd4a9006ebbc36f3bf51d0,maia-relative-strength-100.pgn,maia3-1100__vs__maia3-1900.pgn
maia3-1100__vs__maia3-1900,175,88,MAIA3 1100,MAIA3 1900,maia3,maia3,1100,1900,White,MAIA3 1100,MAIA3 1900,0-1,0.0,checkmate,102,a5868b9f6971abfceab45ed4181616c0e34c042765cd4a9006ebbc36f3bf51d0,maia-relative-strength-100.pgn,maia3-1100__vs__maia3-1900.pgn
maia3-1100__vs__maia3-1900,176,88,MAIA3 1100,MAIA3 1900,maia3,maia3,1100,1900,Black,MAIA3 1900,MAIA3 1100,1-0,0.0,checkmate,115,a5868b9f6971abfceab45ed4181616c0e34c042765cd4a9006ebbc36f3bf51d0,maia-relative-strength-100.pgn,maia3-1100__vs__maia3-1900.pgn
maia3-1100__vs__maia3-1900,177,89,MAIA3 1100,MAIA3 1900,maia3,maia3,1100,1900,White,MAIA3 1100,MAIA3 1900,0-1,0.0,checkmate,56,a5868b9f6971abfceab45ed4181616c0e34c042765cd4a9006ebbc36f3bf51d0,maia-relative-strength-100.pgn,maia3-1100__vs__maia3-1900.pgn
maia3-1100__vs__maia3-1900,178,89,MAIA3 1100,MAIA3 1900,maia3,maia3,1100,1900,Black,MAIA3 1900,MAIA3 1100,1-0,0.0,checkmate,81,a5868b9f6971abfceab45ed4181616c0e34c042765cd4a9006ebbc36f3bf51d0,maia-relative-strength-100.pgn,maia3-1100__vs__maia3-1900.pgn
maia3-1100__vs__maia3-1900,179,90,MAIA3 1100,MAIA3 1900,maia3,maia3,1100,1900,White,MAIA3 1100,MAIA3 1900,0-1,0.0,checkmate,132,a5868b9f6971abfceab45ed4181616c0e34c042765cd4a9006ebbc36f3bf51d0,maia-relative-strength-100.pgn,maia3-1100__vs__maia3-1900.pgn
maia3-1100__vs__maia3-1900,180,90,MAIA3 1100,MAIA3 1900,maia3,maia3,1100,1900,Black,MAIA3 1900,MAIA3 1100,1-0,0.0,checkmate,61,a5868b9f6971abfceab45ed4181616c0e34c042765cd4a9006ebbc36f3bf51d0,maia-relative-strength-100.pgn,maia3-1100__vs__maia3-1900.pgn
maia3-1100__vs__maia3-1900,181,91,MAIA3 1100,MAIA3 1900,maia3,maia3,1100,1900,White,MAIA3 1100,MAIA3 1900,0-1,0.0,checkmate,90,a5868b9f6971abfceab45ed4181616c0e34c042765cd4a9006ebbc36f3bf51d0,maia-relative-strength-100.pgn,maia3-1100__vs__maia3-1900.pgn
maia3-1100__vs__maia3-1900,182,91,MAIA3 1100,MAIA3 1900,maia3,maia3,1100,1900,Black,MAIA3 1900,MAIA3 1100,1/2-1/2,0.5,threefold repetition,97,a5868b9f6971abfceab45ed4181616c0e34c042765cd4a9006ebbc36f3bf51d0,maia-relative-strength-100.pgn,maia3-1100__vs__maia3-1900.pgn
maia3-1100__vs__maia3-1900,183,92,MAIA3 1100,MAIA3 1900,maia3,maia3,1100,1900,White,MAIA3 1100,MAIA3 1900,1-0,1.0,checkmate,17,a5868b9f6971abfceab45ed4181616c0e34c042765cd4a9006ebbc36f3bf51d0,maia-relative-strength-100.pgn,maia3-1100__vs__maia3-1900.pgn
maia3-1100__vs__maia3-1900,184,92,MAIA3 1100,MAIA3 1900,maia3,maia3,1100,1900,Black,MAIA3 1900,MAIA3 1100,1-0,0.0,checkmate,51,a5868b9f6971abfceab45ed4181616c0e34c042765cd4a9006ebbc36f3bf51d0,maia-relative-strength-100.pgn,maia3-1100__vs__maia3-1900.pgn
maia3-1100__vs__maia3-1900,185,93,MAIA3 1100,MAIA3 1900,maia3,maia3,1100,1900,White,MAIA3 1100,MAIA3 1900,1-0,1.0,checkmate,117,a5868b9f6971abfceab45ed4181616c0e34c042765cd4a9006ebbc36f3bf51d0,maia-relative-strength-100.pgn,maia3-1100__vs__maia3-1900.pgn
maia3-1100__vs__maia3-1900,186,93,MAIA3 1100,MAIA3 1900,maia3,maia3,1100,1900,Black,MAIA3 1900,MAIA3 1100,1-0,0.0,checkmate,71,a5868b9f6971abfceab45ed4181616c0e34c042765cd4a9006ebbc36f3bf51d0,maia-relative-strength-100.pgn,maia3-1100__vs__maia3-1900.pgn
maia3-1100__vs__maia3-1900,187,94,MAIA3 1100,MAIA3 1900,maia3,maia3,1100,1900,White,MAIA3 1100,MAIA3 1900,0-1,0.0,checkmate,60,a5868b9f6971abfceab45ed4181616c0e34c042765cd4a9006ebbc36f3bf51d0,maia-relative-strength-100.pgn,maia3-1100__vs__maia3-1900.pgn
maia3-1100__vs__maia3-1900,188,94,MAIA3 1100,MAIA3 1900,maia3,maia3,1100,1900,Black,MAIA3 1900,MAIA3 1100,1-0,0.0,checkmate,105,a5868b9f6971abfceab45ed4181616c0e34c042765cd4a9006ebbc36f3bf51d0,maia-relative-strength-100.pgn,maia3-1100__vs__maia3-1900.pgn
maia3-1100__vs__maia3-1900,189,95,MAIA3 1100,MAIA3 1900,maia3,maia3,1100,1900,White,MAIA3 1100,MAIA3 1900,1-0,1.0,checkmate,127,a5868b9f6971abfceab45ed4181616c0e34c042765cd4a9006ebbc36f3bf51d0,maia-relative-strength-100.pgn,maia3-1100__vs__maia3-1900.pgn
maia3-1100__vs__maia3-1900,190,95,MAIA3 1100,MAIA3 1900,maia3,maia3,1100,1900,Black,MAIA3 1900,MAIA3 1100,1-0,0.0,checkmate,37,a5868b9f6971abfceab45ed4181616c0e34c042765cd4a9006ebbc36f3bf51d0,maia-relative-strength-100.pgn,maia3-1100__vs__maia3-1900.pgn
maia3-1100__vs__maia3-1900,191,96,MAIA3 1100,MAIA3 1900,maia3,maia3,1100,1900,White,MAIA3 1100,MAIA3 1900,0-1,0.0,checkmate,104,a5868b9f6971abfceab45ed4181616c0e34c042765cd4a9006ebbc36f3bf51d0,maia-relative-strength-100.pgn,maia3-1100__vs__maia3-1900.pgn
maia3-1100__vs__maia3-1900,192,96,MAIA3 1100,MAIA3 1900,maia3,maia3,1100,1900,Black,MAIA3 1900,MAIA3 1100,1-0,0.0,checkmate,23,a5868b9f6971abfceab45ed4181616c0e34c042765cd4a9006ebbc36f3bf51d0,maia-relative-strength-100.pgn,maia3-1100__vs__maia3-1900.pgn
maia3-1100__vs__maia3-1900,193,97,MAIA3 1100,MAIA3 1900,maia3,maia3,1100,1900,White,MAIA3 1100,MAIA3 1900,0-1,0.0,checkmate,46,a5868b9f6971abfceab45ed4181616c0e34c042765cd4a9006ebbc36f3bf51d0,maia-relative-strength-100.pgn,maia3-1100__vs__maia3-1900.pgn
maia3-1100__vs__maia3-1900,194,97,MAIA3 1100,MAIA3 1900,maia3,maia3,1100,1900,Black,MAIA3 1900,MAIA3 1100,1-0,0.0,checkmate,97,a5868b9f6971abfceab45ed4181616c0e34c042765cd4a9006ebbc36f3bf51d0,maia-relative-strength-100.pgn,maia3-1100__vs__maia3-1900.pgn
maia3-1100__vs__maia3-1900,195,98,MAIA3 1100,MAIA3 1900,maia3,maia3,1100,1900,White,MAIA3 1100,MAIA3 1900,0-1,0.0,checkmate,88,a5868b9f6971abfceab45ed4181616c0e34c042765cd4a9006ebbc36f3bf51d0,maia-relative-strength-100.pgn,maia3-1100__vs__maia3-1900.pgn
maia3-1100__vs__maia3-1900,196,98,MAIA3 1100,MAIA3 1900,maia3,maia3,1100,1900,Black,MAIA3 1900,MAIA3 1100,1-0,0.0,checkmate,83,a5868b9f6971abfceab45ed4181616c0e34c042765cd4a9006ebbc36f3bf51d0,maia-relative-strength-100.pgn,maia3-1100__vs__maia3-1900.pgn
maia3-1100__vs__maia3-1900,197,99,MAIA3 1100,MAIA3 1900,maia3,maia3,1100,1900,White,MAIA3 1100,MAIA3 1900,0-1,0.0,checkmate,96,a5868b9f6971abfceab45ed4181616c0e34c042765cd4a9006ebbc36f3bf51d0,maia-relative-strength-100.pgn,maia3-1100__vs__maia3-1900.pgn
maia3-1100__vs__maia3-1900,198,99,MAIA3 1100,MAIA3 1900,maia3,maia3,1100,1900,Black,MAIA3 1900,MAIA3 1100,1-0,0.0,checkmate,71,a5868b9f6971abfceab45ed4181616c0e34c042765cd4a9006ebbc36f3bf51d0,maia-relative-strength-100.pgn,maia3-1100__vs__maia3-1900.pgn
maia3-1100__vs__maia3-1900,199,100,MAIA3 1100,MAIA3 1900,maia3,maia3,1100,1900,White,MAIA3 1100,MAIA3 1900,1-0,1.0,checkmate,115,a5868b9f6971abfceab45ed4181616c0e34c042765cd4a9006ebbc36f3bf51d0,maia-relative-strength-100.pgn,maia3-1100__vs__maia3-1900.pgn
maia3-1100__vs__maia3-1900,200,100,MAIA3 1100,MAIA3 1900,maia3,maia3,1100,1900,Black,MAIA3 1900,MAIA3 1100,1-0,0.0,checkmate,115,a5868b9f6971abfceab45ed4181616c0e34c042765cd4a9006ebbc36f3bf51d0,maia-relative-strength-100.pgn,maia3-1100__vs__maia3-1900.pgn
maia3-1300__vs__maia3-1500,1,1,MAIA3 1300,MAIA3 1500,maia3,maia3,1300,1500,White,MAIA3 1300,MAIA3 1500,1/2-1/2,0.5,threefold repetition,49,d8c278d9517e02098e1c9ea6e3f49ebda132bf39bddacb905f79e89bfa3d0266,maia-relative-strength-100.pgn,maia3-1300__vs__maia3-1500.pgn
maia3-1300__vs__maia3-1500,2,1,MAIA3 1300,MAIA3 1500,maia3,maia3,1300,1500,Black,MAIA3 1500,MAIA3 1300,1/2-1/2,0.5,threefold repetition,104,d8c278d9517e02098e1c9ea6e3f49ebda132bf39bddacb905f79e89bfa3d0266,maia-relative-strength-100.pgn,maia3-1300__vs__maia3-1500.pgn
maia3-1300__vs__maia3-1500,3,2,MAIA3 1300,MAIA3 1500,maia3,maia3,1300,1500,White,MAIA3 1300,MAIA3 1500,1-0,1.0,checkmate,99,d8c278d9517e02098e1c9ea6e3f49ebda132bf39bddacb905f79e89bfa3d0266,maia-relative-strength-100.pgn,maia3-1300__vs__maia3-1500.pgn
maia3-1300__vs__maia3-1500,4,2,MAIA3 1300,MAIA3 1500,maia3,maia3,1300,1500,Black,MAIA3 1500,MAIA3 1300,1/2-1/2,0.5,threefold repetition,75,d8c278d9517e02098e1c9ea6e3f49ebda132bf39bddacb905f79e89bfa3d0266,maia-relative-strength-100.pgn,maia3-1300__vs__maia3-1500.pgn
maia3-1300__vs__maia3-1500,5,3,MAIA3 1300,MAIA3 1500,maia3,maia3,1300,1500,White,MAIA3 1300,MAIA3 1500,1/2-1/2,0.5,threefold repetition,115,d8c278d9517e02098e1c9ea6e3f49ebda132bf39bddacb905f79e89bfa3d0266,maia-relative-strength-100.pgn,maia3-1300__vs__maia3-1500.pgn
maia3-1300__vs__maia3-1500,6,3,MAIA3 1300,MAIA3 1500,maia3,maia3,1300,1500,Black,MAIA3 1500,MAIA3 1300,1-0,0.0,checkmate,27,d8c278d9517e02098e1c9ea6e3f49ebda132bf39bddacb905f79e89bfa3d0266,maia-relative-strength-100.pgn,maia3-1300__vs__maia3-1500.pgn
maia3-1300__vs__maia3-1500,7,4,MAIA3 1300,MAIA3 1500,maia3,maia3,1300,1500,White,MAIA3 1300,MAIA3 1500,1-0,1.0,checkmate,71,d8c278d9517e02098e1c9ea6e3f49ebda132bf39bddacb905f79e89bfa3d0266,maia-relative-strength-100.pgn,maia3-1300__vs__maia3-1500.pgn
maia3-1300__vs__maia3-1500,8,4,MAIA3 1300,MAIA3 1500,maia3,maia3,1300,1500,Black,MAIA3 1500,MAIA3 1300,1/2-1/2,0.5,insufficient material,103,d8c278d9517e02098e1c9ea6e3f49ebda132bf39bddacb905f79e89bfa3d0266,maia-relative-strength-100.pgn,maia3-1300__vs__maia3-1500.pgn
maia3-1300__vs__maia3-1500,9,5,MAIA3 1300,MAIA3 1500,maia3,maia3,1300,1500,White,MAIA3 1300,MAIA3 1500,0-1,0.0,checkmate,58,d8c278d9517e02098e1c9ea6e3f49ebda132bf39bddacb905f79e89bfa3d0266,maia-relative-strength-100.pgn,maia3-1300__vs__maia3-1500.pgn
maia3-1300__vs__maia3-1500,10,5,MAIA3 1300,MAIA3 1500,maia3,maia3,1300,1500,Black,MAIA3 1500,MAIA3 1300,0-1,1.0,checkmate,58,d8c278d9517e02098e1c9ea6e3f49ebda132bf39bddacb905f79e89bfa3d0266,maia-relative-strength-100.pgn,maia3-1300__vs__maia3-1500.pgn
maia3-1300__vs__maia3-1500,11,6,MAIA3 1300,MAIA3 1500,maia3,maia3,1300,1500,White,MAIA3 1300,MAIA3 1500,1-0,1.0,checkmate,31,d8c278d9517e02098e1c9ea6e3f49ebda132bf39bddacb905f79e89bfa3d0266,maia-relative-strength-100.pgn,maia3-1300__vs__maia3-1500.pgn
maia3-1300__vs__maia3-1500,12,6,MAIA3 1300,MAIA3 1500,maia3,maia3,1300,1500,Black,MAIA3 1500,MAIA3 1300,1-0,0.0,checkmate,37,d8c278d9517e02098e1c9ea6e3f49ebda132bf39bddacb905f79e89bfa3d0266,maia-relative-strength-100.pgn,maia3-1300__vs__maia3-1500.pgn
maia3-1300__vs__maia3-1500,13,7,MAIA3 1300,MAIA3 1500,maia3,maia3,1300,1500,White,MAIA3 1300,MAIA3 1500,0-1,0.0,checkmate,84,d8c278d9517e02098e1c9ea6e3f49ebda132bf39bddacb905f79e89bfa3d0266,maia-relative-strength-100.pgn,maia3-1300__vs__maia3-1500.pgn
maia3-1300__vs__maia3-1500,14,7,MAIA3 1300,MAIA3 1500,maia3,maia3,1300,1500,Black,MAIA3 1500,MAIA3 1300,1/2-1/2,0.5,threefold repetition,122,d8c278d9517e02098e1c9ea6e3f49ebda132bf39bddacb905f79e89bfa3d0266,maia-relative-strength-100.pgn,maia3-1300__vs__maia3-1500.pgn
maia3-1300__vs__maia3-1500,15,8,MAIA3 1300,MAIA3 1500,maia3,maia3,1300,1500,White,MAIA3 1300,MAIA3 1500,0-1,0.0,checkmate,122,d8c278d9517e02098e1c9ea6e3f49ebda132bf39bddacb905f79e89bfa3d0266,maia-relative-strength-100.pgn,maia3-1300__vs__maia3-1500.pgn
maia3-1300__vs__maia3-1500,16,8,MAIA3 1300,MAIA3 1500,maia3,maia3,1300,1500,Black,MAIA3 1500,MAIA3 1300,0-1,1.0,checkmate,90,d8c278d9517e02098e1c9ea6e3f49ebda132bf39bddacb905f79e89bfa3d0266,maia-relative-strength-100.pgn,maia3-1300__vs__maia3-1500.pgn
maia3-1300__vs__maia3-1500,17,9,MAIA3 1300,MAIA3 1500,maia3,maia3,1300,1500,White,MAIA3 1300,MAIA3 1500,1/2-1/2,0.5,threefold repetition,145,d8c278d9517e02098e1c9ea6e3f49ebda132bf39bddacb905f79e89bfa3d0266,maia-relative-strength-100.pgn,maia3-1300__vs__maia3-1500.pgn
maia3-1300__vs__maia3-1500,18,9,MAIA3 1300,MAIA3 1500,maia3,maia3,1300,1500,Black,MAIA3 1500,MAIA3 1300,1-0,0.0,checkmate,49,d8c278d9517e02098e1c9ea6e3f49ebda132bf39bddacb905f79e89bfa3d0266,maia-relative-strength-100.pgn,maia3-1300__vs__maia3-1500.pgn
maia3-1300__vs__maia3-1500,19,10,MAIA3 1300,MAIA3 1500,maia3,maia3,1300,1500,White,MAIA3 1300,MAIA3 1500,0-1,0.0,checkmate,68,d8c278d9517e02098e1c9ea6e3f49ebda132bf39bddacb905f79e89bfa3d0266,maia-relative-strength-100.pgn,maia3-1300__vs__maia3-1500.pgn
maia3-1300__vs__maia3-1500,20,10,MAIA3 1300,MAIA3 1500,maia3,maia3,1300,1500,Black,MAIA3 1500,MAIA3 1300,1-0,0.0,checkmate,137,d8c278d9517e02098e1c9ea6e3f49ebda132bf39bddacb905f79e89bfa3d0266,maia-relative-strength-100.pgn,maia3-1300__vs__maia3-1500.pgn
maia3-1300__vs__maia3-1500,21,11,MAIA3 1300,MAIA3 1500,maia3,maia3,1300,1500,White,MAIA3 1300,MAIA3 1500,1-0,1.0,checkmate,91,d8c278d9517e02098e1c9ea6e3f49ebda132bf39bddacb905f79e89bfa3d0266,maia-relative-strength-100.pgn,maia3-1300__vs__maia3-1500.pgn
maia3-1300__vs__maia3-1500,22,11,MAIA3 1300,MAIA3 1500,maia3,maia3,1300,1500,Black,MAIA3 1500,MAIA3 1300,1-0,0.0,checkmate,121,d8c278d9517e02098e1c9ea6e3f49ebda132bf39bddacb905f79e89bfa3d0266,maia-relative-strength-100.pgn,maia3-1300__vs__maia3-1500.pgn
maia3-1300__vs__maia3-1500,23,12,MAIA3 1300,MAIA3 1500,maia3,maia3,1300,1500,White,MAIA3 1300,MAIA3 1500,0-1,0.0,checkmate,102,d8c278d9517e02098e1c9ea6e3f49ebda132bf39bddacb905f79e89bfa3d0266,maia-relative-strength-100.pgn,maia3-1300__vs__maia3-1500.pgn
maia3-1300__vs__maia3-1500,24,12,MAIA3 1300,MAIA3 1500,maia3,maia3,1300,1500,Black,MAIA3 1500,MAIA3 1300,1-0,0.0,checkmate,105,d8c278d9517e02098e1c9ea6e3f49ebda132bf39bddacb905f79e89bfa3d0266,maia-relative-strength-100.pgn,maia3-1300__vs__maia3-1500.pgn
maia3-1300__vs__maia3-1500,25,13,MAIA3 1300,MAIA3 1500,maia3,maia3,1300,1500,White,MAIA3 1300,MAIA3 1500,0-1,0.0,checkmate,82,d8c278d9517e02098e1c9ea6e3f49ebda132bf39bddacb905f79e89bfa3d0266,maia-relative-strength-100.pgn,maia3-1300__vs__maia3-1500.pgn
maia3-1300__vs__maia3-1500,26,13,MAIA3 1300,MAIA3 1500,maia3,maia3,1300,1500,Black,MAIA3 1500,MAIA3 1300,1-0,0.0,checkmate,75,d8c278d9517e02098e1c9ea6e3f49ebda132bf39bddacb905f79e89bfa3d0266,maia-relative-strength-100.pgn,maia3-1300__vs__maia3-1500.pgn
maia3-1300__vs__maia3-1500,27,14,MAIA3 1300,MAIA3 1500,maia3,maia3,1300,1500,White,MAIA3 1300,MAIA3 1500,1/2-1/2,0.5,threefold repetition,65,d8c278d9517e02098e1c9ea6e3f49ebda132bf39bddacb905f79e89bfa3d0266,maia-relative-strength-100.pgn,maia3-1300__vs__maia3-1500.pgn
maia3-1300__vs__maia3-1500,28,14,MAIA3 1300,MAIA3 1500,maia3,maia3,1300,1500,Black,MAIA3 1500,MAIA3 1300,0-1,1.0,checkmate,24,d8c278d9517e02098e1c9ea6e3f49ebda132bf39bddacb905f79e89bfa3d0266,maia-relative-strength-100.pgn,maia3-1300__vs__maia3-1500.pgn
maia3-1300__vs__maia3-1500,29,15,MAIA3 1300,MAIA3 1500,maia3,maia3,1300,1500,White,MAIA3 1300,MAIA3 1500,1-0,1.0,checkmate,41,d8c278d9517e02098e1c9ea6e3f49ebda132bf39bddacb905f79e89bfa3d0266,maia-relative-strength-100.pgn,maia3-1300__vs__maia3-1500.pgn
maia3-1300__vs__maia3-1500,30,15,MAIA3 1300,MAIA3 1500,maia3,maia3,1300,1500,Black,MAIA3 1500,MAIA3 1300,1-0,0.0,checkmate,75,d8c278d9517e02098e1c9ea6e3f49ebda132bf39bddacb905f79e89bfa3d0266,maia-relative-strength-100.pgn,maia3-1300__vs__maia3-1500.pgn
maia3-1300__vs__maia3-1500,31,16,MAIA3 1300,MAIA3 1500,maia3,maia3,1300,1500,White,MAIA3 1300,MAIA3 1500,1/2-1/2,0.5,threefold repetition,37,d8c278d9517e02098e1c9ea6e3f49ebda132bf39bddacb905f79e89bfa3d0266,maia-relative-strength-100.pgn,maia3-1300__vs__maia3-1500.pgn
maia3-1300__vs__maia3-1500,32,16,MAIA3 1300,MAIA3 1500,maia3,maia3,1300,1500,Black,MAIA3 1500,MAIA3 1300,1/2-1/2,0.5,threefold repetition,45,d8c278d9517e02098e1c9ea6e3f49ebda132bf39bddacb905f79e89bfa3d0266,maia-relative-strength-100.pgn,maia3-1300__vs__maia3-1500.pgn
maia3-1300__vs__maia3-1500,33,17,MAIA3 1300,MAIA3 1500,maia3,maia3,1300,1500,White,MAIA3 1300,MAIA3 1500,0-1,0.0,checkmate,58,d8c278d9517e02098e1c9ea6e3f49ebda132bf39bddacb905f79e89bfa3d0266,maia-relative-strength-100.pgn,maia3-1300__vs__maia3-1500.pgn
maia3-1300__vs__maia3-1500,34,17,MAIA3 1300,MAIA3 1500,maia3,maia3,1300,1500,Black,MAIA3 1500,MAIA3 1300,1-0,0.0,checkmate,61,d8c278d9517e02098e1c9ea6e3f49ebda132bf39bddacb905f79e89bfa3d0266,maia-relative-strength-100.pgn,maia3-1300__vs__maia3-1500.pgn
maia3-1300__vs__maia3-1500,35,18,MAIA3 1300,MAIA3 1500,maia3,maia3,1300,1500,White,MAIA3 1300,MAIA3 1500,1-0,1.0,checkmate,57,d8c278d9517e02098e1c9ea6e3f49ebda132bf39bddacb905f79e89bfa3d0266,maia-relative-strength-100.pgn,maia3-1300__vs__maia3-1500.pgn
maia3-1300__vs__maia3-1500,36,18,MAIA3 1300,MAIA3 1500,maia3,maia3,1300,1500,Black,MAIA3 1500,MAIA3 1300,0-1,1.0,checkmate,88,d8c278d9517e02098e1c9ea6e3f49ebda132bf39bddacb905f79e89bfa3d0266,maia-relative-strength-100.pgn,maia3-1300__vs__maia3-1500.pgn
maia3-1300__vs__maia3-1500,37,19,MAIA3 1300,MAIA3 1500,maia3,maia3,1300,1500,White,MAIA3 1300,MAIA3 1500,1-0,1.0,checkmate,57,d8c278d9517e02098e1c9ea6e3f49ebda132bf39bddacb905f79e89bfa3d0266,maia-relative-strength-100.pgn,maia3-1300__vs__maia3-1500.pgn
maia3-1300__vs__maia3-1500,38,19,MAIA3 1300,MAIA3 1500,maia3,maia3,1300,1500,Black,MAIA3 1500,MAIA3 1300,1-0,0.0,checkmate,75,d8c278d9517e02098e1c9ea6e3f49ebda132bf39bddacb905f79e89bfa3d0266,maia-relative-strength-100.pgn,maia3-1300__vs__maia3-1500.pgn
maia3-1300__vs__maia3-1500,39,20,MAIA3 1300,MAIA3 1500,maia3,maia3,1300,1500,White,MAIA3 1300,MAIA3 1500,0-1,0.0,checkmate,62,d8c278d9517e02098e1c9ea6e3f49ebda132bf39bddacb905f79e89bfa3d0266,maia-relative-strength-100.pgn,maia3-1300__vs__maia3-1500.pgn
maia3-1300__vs__maia3-1500,40,20,MAIA3 1300,MAIA3 1500,maia3,maia3,1300,1500,Black,MAIA3 1500,MAIA3 1300,0-1,1.0,checkmate,42,d8c278d9517e02098e1c9ea6e3f49ebda132bf39bddacb905f79e89bfa3d0266,maia-relative-strength-100.pgn,maia3-1300__vs__maia3-1500.pgn
maia3-1300__vs__maia3-1500,41,21,MAIA3 1300,MAIA3 1500,maia3,maia3,1300,1500,White,MAIA3 1300,MAIA3 1500,1/2-1/2,0.5,threefold repetition,120,d8c278d9517e02098e1c9ea6e3f49ebda132bf39bddacb905f79e89bfa3d0266,maia-relative-strength-100.pgn,maia3-1300__vs__maia3-1500.pgn
maia3-1300__vs__maia3-1500,42,21,MAIA3 1300,MAIA3 1500,maia3,maia3,1300,1500,Black,MAIA3 1500,MAIA3 1300,1-0,0.0,checkmate,53,d8c278d9517e02098e1c9ea6e3f49ebda132bf39bddacb905f79e89bfa3d0266,maia-relative-strength-100.pgn,maia3-1300__vs__maia3-1500.pgn
maia3-1300__vs__maia3-1500,43,22,MAIA3 1300,MAIA3 1500,maia3,maia3,1300,1500,White,MAIA3 1300,MAIA3 1500,1/2-1/2,0.5,threefold repetition,57,d8c278d9517e02098e1c9ea6e3f49ebda132bf39bddacb905f79e89bfa3d0266,maia-relative-strength-100.pgn,maia3-1300__vs__maia3-1500.pgn
maia3-1300__vs__maia3-1500,44,22,MAIA3 1300,MAIA3 1500,maia3,maia3,1300,1500,Black,MAIA3 1500,MAIA3 1300,1-0,0.0,checkmate,111,d8c278d9517e02098e1c9ea6e3f49ebda132bf39bddacb905f79e89bfa3d0266,maia-relative-strength-100.pgn,maia3-1300__vs__maia3-1500.pgn
maia3-1300__vs__maia3-1500,45,23,MAIA3 1300,MAIA3 1500,maia3,maia3,1300,1500,White,MAIA3 1300,MAIA3 1500,1/2-1/2,0.5,threefold repetition,49,d8c278d9517e02098e1c9ea6e3f49ebda132bf39bddacb905f79e89bfa3d0266,maia-relative-strength-100.pgn,maia3-1300__vs__maia3-1500.pgn
maia3-1300__vs__maia3-1500,46,23,MAIA3 1300,MAIA3 1500,maia3,maia3,1300,1500,Black,MAIA3 1500,MAIA3 1300,1-0,0.0,checkmate,47,d8c278d9517e02098e1c9ea6e3f49ebda132bf39bddacb905f79e89bfa3d0266,maia-relative-strength-100.pgn,maia3-1300__vs__maia3-1500.pgn
maia3-1300__vs__maia3-1500,47,24,MAIA3 1300,MAIA3 1500,maia3,maia3,1300,1500,White,MAIA3 1300,MAIA3 1500,1/2-1/2,0.5,threefold repetition,38,d8c278d9517e02098e1c9ea6e3f49ebda132bf39bddacb905f79e89bfa3d0266,maia-relative-strength-100.pgn,maia3-1300__vs__maia3-1500.pgn
maia3-1300__vs__maia3-1500,48,24,MAIA3 1300,MAIA3 1500,maia3,maia3,1300,1500,Black,MAIA3 1500,MAIA3 1300,0-1,1.0,checkmate,136,d8c278d9517e02098e1c9ea6e3f49ebda132bf39bddacb905f79e89bfa3d0266,maia-relative-strength-100.pgn,maia3-1300__vs__maia3-1500.pgn
maia3-1300__vs__maia3-1500,49,25,MAIA3 1300,MAIA3 1500,maia3,maia3,1300,1500,White,MAIA3 1300,MAIA3 1500,1/2-1/2,0.5,threefold repetition,91,d8c278d9517e02098e1c9ea6e3f49ebda132bf39bddacb905f79e89bfa3d0266,maia-relative-strength-100.pgn,maia3-1300__vs__maia3-1500.pgn
maia3-1300__vs__maia3-1500,50,25,MAIA3 1300,MAIA3 1500,maia3,maia3,1300,1500,Black,MAIA3 1500,MAIA3 1300,1-0,0.0,checkmate,43,d8c278d9517e02098e1c9ea6e3f49ebda132bf39bddacb905f79e89bfa3d0266,maia-relative-strength-100.pgn,maia3-1300__vs__maia3-1500.pgn
maia3-1300__vs__maia3-1500,51,26,MAIA3 1300,MAIA3 1500,maia3,maia3,1300,1500,White,MAIA3 1300,MAIA3 1500,1-0,1.0,checkmate,43,d8c278d9517e02098e1c9ea6e3f49ebda132bf39bddacb905f79e89bfa3d0266,maia-relative-strength-100.pgn,maia3-1300__vs__maia3-1500.pgn
maia3-1300__vs__maia3-1500,52,26,MAIA3 1300,MAIA3 1500,maia3,maia3,1300,1500,Black,MAIA3 1500,MAIA3 1300,1-0,0.0,checkmate,117,d8c278d9517e02098e1c9ea6e3f49ebda132bf39bddacb905f79e89bfa3d0266,maia-relative-strength-100.pgn,maia3-1300__vs__maia3-1500.pgn
maia3-1300__vs__maia3-1500,53,27,MAIA3 1300,MAIA3 1500,maia3,maia3,1300,1500,White,MAIA3 1300,MAIA3 1500,0-1,0.0,checkmate,154,d8c278d9517e02098e1c9ea6e3f49ebda132bf39bddacb905f79e89bfa3d0266,maia-relative-strength-100.pgn,maia3-1300__vs__maia3-1500.pgn
maia3-1300__vs__maia3-1500,54,27,MAIA3 1300,MAIA3 1500,maia3,maia3,1300,1500,Black,MAIA3 1500,MAIA3 1300,0-1,1.0,checkmate,60,d8c278d9517e02098e1c9ea6e3f49ebda132bf39bddacb905f79e89bfa3d0266,maia-relative-strength-100.pgn,maia3-1300__vs__maia3-1500.pgn
maia3-1300__vs__maia3-1500,55,28,MAIA3 1300,MAIA3 1500,maia3,maia3,1300,1500,White,MAIA3 1300,MAIA3 1500,1-0,1.0,checkmate,59,d8c278d9517e02098e1c9ea6e3f49ebda132bf39bddacb905f79e89bfa3d0266,maia-relative-strength-100.pgn,maia3-1300__vs__maia3-1500.pgn
maia3-1300__vs__maia3-1500,56,28,MAIA3 1300,MAIA3 1500,maia3,maia3,1300,1500,Black,MAIA3 1500,MAIA3 1300,1/2-1/2,0.5,threefold repetition,69,d8c278d9517e02098e1c9ea6e3f49ebda132bf39bddacb905f79e89bfa3d0266,maia-relative-strength-100.pgn,maia3-1300__vs__maia3-1500.pgn
maia3-1300__vs__maia3-1500,57,29,MAIA3 1300,MAIA3 1500,maia3,maia3,1300,1500,White,MAIA3 1300,MAIA3 1500,0-1,0.0,checkmate,56,d8c278d9517e02098e1c9ea6e3f49ebda132bf39bddacb905f79e89bfa3d0266,maia-relative-strength-100.pgn,maia3-1300__vs__maia3-1500.pgn
maia3-1300__vs__maia3-1500,58,29,MAIA3 1300,MAIA3 1500,maia3,maia3,1300,1500,Black,MAIA3 1500,MAIA3 1300,1-0,0.0,checkmate,95,d8c278d9517e02098e1c9ea6e3f49ebda132bf39bddacb905f79e89bfa3d0266,maia-relative-strength-100.pgn,maia3-1300__vs__maia3-1500.pgn
maia3-1300__vs__maia3-1500,59,30,MAIA3 1300,MAIA3 1500,maia3,maia3,1300,1500,White,MAIA3 1300,MAIA3 1500,1-0,1.0,checkmate,131,d8c278d9517e02098e1c9ea6e3f49ebda132bf39bddacb905f79e89bfa3d0266,maia-relative-strength-100.pgn,maia3-1300__vs__maia3-1500.pgn
maia3-1300__vs__maia3-1500,60,30,MAIA3 1300,MAIA3 1500,maia3,maia3,1300,1500,Black,MAIA3 1500,MAIA3 1300,1-0,0.0,checkmate,73,d8c278d9517e02098e1c9ea6e3f49ebda132bf39bddacb905f79e89bfa3d0266,maia-relative-strength-100.pgn,maia3-1300__vs__maia3-1500.pgn
maia3-1300__vs__maia3-1500,61,31,MAIA3 1300,MAIA3 1500,maia3,maia3,1300,1500,White,MAIA3 1300,MAIA3 1500,0-1,0.0,checkmate,96,d8c278d9517e02098e1c9ea6e3f49ebda132bf39bddacb905f79e89bfa3d0266,maia-relative-strength-100.pgn,maia3-1300__vs__maia3-1500.pgn
maia3-1300__vs__maia3-1500,62,31,MAIA3 1300,MAIA3 1500,maia3,maia3,1300,1500,Black,MAIA3 1500,MAIA3 1300,1/2-1/2,0.5,stalemate,102,d8c278d9517e02098e1c9ea6e3f49ebda132bf39bddacb905f79e89bfa3d0266,maia-relative-strength-100.pgn,maia3-1300__vs__maia3-1500.pgn
maia3-1300__vs__maia3-1500,63,32,MAIA3 1300,MAIA3 1500,maia3,maia3,1300,1500,White,MAIA3 1300,MAIA3 1500,1/2-1/2,0.5,threefold repetition,48,d8c278d9517e02098e1c9ea6e3f49ebda132bf39bddacb905f79e89bfa3d0266,maia-relative-strength-100.pgn,maia3-1300__vs__maia3-1500.pgn
maia3-1300__vs__maia3-1500,64,32,MAIA3 1300,MAIA3 1500,maia3,maia3,1300,1500,Black,MAIA3 1500,MAIA3 1300,1/2-1/2,0.5,stalemate,132,d8c278d9517e02098e1c9ea6e3f49ebda132bf39bddacb905f79e89bfa3d0266,maia-relative-strength-100.pgn,maia3-1300__vs__maia3-1500.pgn
maia3-1300__vs__maia3-1500,65,33,MAIA3 1300,MAIA3 1500,maia3,maia3,1300,1500,White,MAIA3 1300,MAIA3 1500,0-1,0.0,checkmate,110,d8c278d9517e02098e1c9ea6e3f49ebda132bf39bddacb905f79e89bfa3d0266,maia-relative-strength-100.pgn,maia3-1300__vs__maia3-1500.pgn
maia3-1300__vs__maia3-1500,66,33,MAIA3 1300,MAIA3 1500,maia3,maia3,1300,1500,Black,MAIA3 1500,MAIA3 1300,1-0,0.0,checkmate,61,d8c278d9517e02098e1c9ea6e3f49ebda132bf39bddacb905f79e89bfa3d0266,maia-relative-strength-100.pgn,maia3-1300__vs__maia3-1500.pgn
maia3-1300__vs__maia3-1500,67,34,MAIA3 1300,MAIA3 1500,maia3,maia3,1300,1500,White,MAIA3 1300,MAIA3 1500,1-0,1.0,checkmate,83,d8c278d9517e02098e1c9ea6e3f49ebda132bf39bddacb905f79e89bfa3d0266,maia-relative-strength-100.pgn,maia3-1300__vs__maia3-1500.pgn
maia3-1300__vs__maia3-1500,68,34,MAIA3 1300,MAIA3 1500,maia3,maia3,1300,1500,Black,MAIA3 1500,MAIA3 1300,1-0,0.0,checkmate,61,d8c278d9517e02098e1c9ea6e3f49ebda132bf39bddacb905f79e89bfa3d0266,maia-relative-strength-100.pgn,maia3-1300__vs__maia3-1500.pgn
maia3-1300__vs__maia3-1500,69,35,MAIA3 1300,MAIA3 1500,maia3,maia3,1300,1500,White,MAIA3 1300,MAIA3 1500,1/2-1/2,0.5,threefold repetition,67,d8c278d9517e02098e1c9ea6e3f49ebda132bf39bddacb905f79e89bfa3d0266,maia-relative-strength-100.pgn,maia3-1300__vs__maia3-1500.pgn
maia3-1300__vs__maia3-1500,70,35,MAIA3 1300,MAIA3 1500,maia3,maia3,1300,1500,Black,MAIA3 1500,MAIA3 1300,1-0,0.0,checkmate,139,d8c278d9517e02098e1c9ea6e3f49ebda132bf39bddacb905f79e89bfa3d0266,maia-relative-strength-100.pgn,maia3-1300__vs__maia3-1500.pgn
maia3-1300__vs__maia3-1500,71,36,MAIA3 1300,MAIA3 1500,maia3,maia3,1300,1500,White,MAIA3 1300,MAIA3 1500,0-1,0.0,checkmate,38,d8c278d9517e02098e1c9ea6e3f49ebda132bf39bddacb905f79e89bfa3d0266,maia-relative-strength-100.pgn,maia3-1300__vs__maia3-1500.pgn
maia3-1300__vs__maia3-1500,72,36,MAIA3 1300,MAIA3 1500,maia3,maia3,1300,1500,Black,MAIA3 1500,MAIA3 1300,0-1,1.0,checkmate,60,d8c278d9517e02098e1c9ea6e3f49ebda132bf39bddacb905f79e89bfa3d0266,maia-relative-strength-100.pgn,maia3-1300__vs__maia3-1500.pgn
maia3-1300__vs__maia3-1500,73,37,MAIA3 1300,MAIA3 1500,maia3,maia3,1300,1500,White,MAIA3 1300,MAIA3 1500,0-1,0.0,checkmate,46,d8c278d9517e02098e1c9ea6e3f49ebda132bf39bddacb905f79e89bfa3d0266,maia-relative-strength-100.pgn,maia3-1300__vs__maia3-1500.pgn
maia3-1300__vs__maia3-1500,74,37,MAIA3 1300,MAIA3 1500,maia3,maia3,1300,1500,Black,MAIA3 1500,MAIA3 1300,1-0,0.0,checkmate,27,d8c278d9517e02098e1c9ea6e3f49ebda132bf39bddacb905f79e89bfa3d0266,maia-relative-strength-100.pgn,maia3-1300__vs__maia3-1500.pgn
maia3-1300__vs__maia3-1500,75,38,MAIA3 1300,MAIA3 1500,maia3,maia3,1300,1500,White,MAIA3 1300,MAIA3 1500,0-1,0.0,checkmate,70,d8c278d9517e02098e1c9ea6e3f49ebda132bf39bddacb905f79e89bfa3d0266,maia-relative-strength-100.pgn,maia3-1300__vs__maia3-1500.pgn
maia3-1300__vs__maia3-1500,76,38,MAIA3 1300,MAIA3 1500,maia3,maia3,1300,1500,Black,MAIA3 1500,MAIA3 1300,1-0,0.0,checkmate,103,d8c278d9517e02098e1c9ea6e3f49ebda132bf39bddacb905f79e89bfa3d0266,maia-relative-strength-100.pgn,maia3-1300__vs__maia3-1500.pgn
maia3-1300__vs__maia3-1500,77,39,MAIA3 1300,MAIA3 1500,maia3,maia3,1300,1500,White,MAIA3 1300,MAIA3 1500,1/2-1/2,0.5,threefold repetition,73,d8c278d9517e02098e1c9ea6e3f49ebda132bf39bddacb905f79e89bfa3d0266,maia-relative-strength-100.pgn,maia3-1300__vs__maia3-1500.pgn
maia3-1300__vs__maia3-1500,78,39,MAIA3 1300,MAIA3 1500,maia3,maia3,1300,1500,Black,MAIA3 1500,MAIA3 1300,1/2-1/2,0.5,threefold repetition,85,d8c278d9517e02098e1c9ea6e3f49ebda132bf39bddacb905f79e89bfa3d0266,maia-relative-strength-100.pgn,maia3-1300__vs__maia3-1500.pgn
maia3-1300__vs__maia3-1500,79,40,MAIA3 1300,MAIA3 1500,maia3,maia3,1300,1500,White,MAIA3 1300,MAIA3 1500,0-1,0.0,checkmate,74,d8c278d9517e02098e1c9ea6e3f49ebda132bf39bddacb905f79e89bfa3d0266,maia-relative-strength-100.pgn,maia3-1300__vs__maia3-1500.pgn
maia3-1300__vs__maia3-1500,80,40,MAIA3 1300,MAIA3 1500,maia3,maia3,1300,1500,Black,MAIA3 1500,MAIA3 1300,0-1,1.0,checkmate,52,d8c278d9517e02098e1c9ea6e3f49ebda132bf39bddacb905f79e89bfa3d0266,maia-relative-strength-100.pgn,maia3-1300__vs__maia3-1500.pgn
maia3-1300__vs__maia3-1500,81,41,MAIA3 1300,MAIA3 1500,maia3,maia3,1300,1500,White,MAIA3 1300,MAIA3 1500,1-0,1.0,checkmate,49,d8c278d9517e02098e1c9ea6e3f49ebda132bf39bddacb905f79e89bfa3d0266,maia-relative-strength-100.pgn,maia3-1300__vs__maia3-1500.pgn
maia3-1300__vs__maia3-1500,82,41,MAIA3 1300,MAIA3 1500,maia3,maia3,1300,1500,Black,MAIA3 1500,MAIA3 1300,1/2-1/2,0.5,stalemate,118,d8c278d9517e02098e1c9ea6e3f49ebda132bf39bddacb905f79e89bfa3d0266,maia-relative-strength-100.pgn,maia3-1300__vs__maia3-1500.pgn
maia3-1300__vs__maia3-1500,83,42,MAIA3 1300,MAIA3 1500,maia3,maia3,1300,1500,White,MAIA3 1300,MAIA3 1500,1/2-1/2,0.5,threefold repetition,58,d8c278d9517e02098e1c9ea6e3f49ebda132bf39bddacb905f79e89bfa3d0266,maia-relative-strength-100.pgn,maia3-1300__vs__maia3-1500.pgn
maia3-1300__vs__maia3-1500,84,42,MAIA3 1300,MAIA3 1500,maia3,maia3,1300,1500,Black,MAIA3 1500,MAIA3 1300,1-0,0.0,checkmate,51,d8c278d9517e02098e1c9ea6e3f49ebda132bf39bddacb905f79e89bfa3d0266,maia-relative-strength-100.pgn,maia3-1300__vs__maia3-1500.pgn
maia3-1300__vs__maia3-1500,85,43,MAIA3 1300,MAIA3 1500,maia3,maia3,1300,1500,White,MAIA3 1300,MAIA3 1500,0-1,0.0,checkmate,38,d8c278d9517e02098e1c9ea6e3f49ebda132bf39bddacb905f79e89bfa3d0266,maia-relative-strength-100.pgn,maia3-1300__vs__maia3-1500.pgn
maia3-1300__vs__maia3-1500,86,43,MAIA3 1300,MAIA3 1500,maia3,maia3,1300,1500,Black,MAIA3 1500,MAIA3 1300,1-0,0.0,checkmate,37,d8c278d9517e02098e1c9ea6e3f49ebda132bf39bddacb905f79e89bfa3d0266,maia-relative-strength-100.pgn,maia3-1300__vs__maia3-1500.pgn
maia3-1300__vs__maia3-1500,87,44,MAIA3 1300,MAIA3 1500,maia3,maia3,1300,1500,White,MAIA3 1300,MAIA3 1500,0-1,0.0,checkmate,74,d8c278d9517e02098e1c9ea6e3f49ebda132bf39bddacb905f79e89bfa3d0266,maia-relative-strength-100.pgn,maia3-1300__vs__maia3-1500.pgn
maia3-1300__vs__maia3-1500,88,44,MAIA3 1300,MAIA3 1500,maia3,maia3,1300,1500,Black,MAIA3 1500,MAIA3 1300,1-0,0.0,checkmate,133,d8c278d9517e02098e1c9ea6e3f49ebda132bf39bddacb905f79e89bfa3d0266,maia-relative-strength-100.pgn,maia3-1300__vs__maia3-1500.pgn
maia3-1300__vs__maia3-1500,89,45,MAIA3 1300,MAIA3 1500,maia3,maia3,1300,1500,White,MAIA3 1300,MAIA3 1500,0-1,0.0,checkmate,120,d8c278d9517e02098e1c9ea6e3f49ebda132bf39bddacb905f79e89bfa3d0266,maia-relative-strength-100.pgn,maia3-1300__vs__maia3-1500.pgn
maia3-1300__vs__maia3-1500,90,45,MAIA3 1300,MAIA3 1500,maia3,maia3,1300,1500,Black,MAIA3 1500,MAIA3 1300,0-1,1.0,checkmate,78,d8c278d9517e02098e1c9ea6e3f49ebda132bf39bddacb905f79e89bfa3d0266,maia-relative-strength-100.pgn,maia3-1300__vs__maia3-1500.pgn
maia3-1300__vs__maia3-1500,91,46,MAIA3 1300,MAIA3 1500,maia3,maia3,1300,1500,White,MAIA3 1300,MAIA3 1500,0-1,0.0,checkmate,110,d8c278d9517e02098e1c9ea6e3f49ebda132bf39bddacb905f79e89bfa3d0266,maia-relative-strength-100.pgn,maia3-1300__vs__maia3-1500.pgn
maia3-1300__vs__maia3-1500,92,46,MAIA3 1300,MAIA3 1500,maia3,maia3,1300,1500,Black,MAIA3 1500,MAIA3 1300,1-0,0.0,checkmate,41,d8c278d9517e02098e1c9ea6e3f49ebda132bf39bddacb905f79e89bfa3d0266,maia-relative-strength-100.pgn,maia3-1300__vs__maia3-1500.pgn
maia3-1300__vs__maia3-1500,93,47,MAIA3 1300,MAIA3 1500,maia3,maia3,1300,1500,White,MAIA3 1300,MAIA3 1500,1-0,1.0,checkmate,47,d8c278d9517e02098e1c9ea6e3f49ebda132bf39bddacb905f79e89bfa3d0266,maia-relative-strength-100.pgn,maia3-1300__vs__maia3-1500.pgn
maia3-1300__vs__maia3-1500,94,47,MAIA3 1300,MAIA3 1500,maia3,maia3,1300,1500,Black,MAIA3 1500,MAIA3 1300,1-0,0.0,checkmate,135,d8c278d9517e02098e1c9ea6e3f49ebda132bf39bddacb905f79e89bfa3d0266,maia-relative-strength-100.pgn,maia3-1300__vs__maia3-1500.pgn
maia3-1300__vs__maia3-1500,95,48,MAIA3 1300,MAIA3 1500,maia3,maia3,1300,1500,White,MAIA3 1300,MAIA3 1500,1-0,1.0,checkmate,95,d8c278d9517e02098e1c9ea6e3f49ebda132bf39bddacb905f79e89bfa3d0266,maia-relative-strength-100.pgn,maia3-1300__vs__maia3-1500.pgn
maia3-1300__vs__maia3-1500,96,48,MAIA3 1300,MAIA3 1500,maia3,maia3,1300,1500,Black,MAIA3 1500,MAIA3 1300,0-1,1.0,checkmate,102,d8c278d9517e02098e1c9ea6e3f49ebda132bf39bddacb905f79e89bfa3d0266,maia-relative-strength-100.pgn,maia3-1300__vs__maia3-1500.pgn
maia3-1300__vs__maia3-1500,97,49,MAIA3 1300,MAIA3 1500,maia3,maia3,1300,1500,White,MAIA3 1300,MAIA3 1500,0-1,0.0,checkmate,102,d8c278d9517e02098e1c9ea6e3f49ebda132bf39bddacb905f79e89bfa3d0266,maia-relative-strength-100.pgn,maia3-1300__vs__maia3-1500.pgn
maia3-1300__vs__maia3-1500,98,49,MAIA3 1300,MAIA3 1500,maia3,maia3,1300,1500,Black,MAIA3 1500,MAIA3 1300,1/2-1/2,0.5,threefold repetition,54,d8c278d9517e02098e1c9ea6e3f49ebda132bf39bddacb905f79e89bfa3d0266,maia-relative-strength-100.pgn,maia3-1300__vs__maia3-1500.pgn
maia3-1300__vs__maia3-1500,99,50,MAIA3 1300,MAIA3 1500,maia3,maia3,1300,1500,White,MAIA3 1300,MAIA3 1500,1-0,1.0,checkmate,39,d8c278d9517e02098e1c9ea6e3f49ebda132bf39bddacb905f79e89bfa3d0266,maia-relative-strength-100.pgn,maia3-1300__vs__maia3-1500.pgn
maia3-1300__vs__maia3-1500,100,50,MAIA3 1300,MAIA3 1500,maia3,maia3,1300,1500,Black,MAIA3 1500,MAIA3 1300,1-0,0.0,checkmate,39,d8c278d9517e02098e1c9ea6e3f49ebda132bf39bddacb905f79e89bfa3d0266,maia-relative-strength-100.pgn,maia3-1300__vs__maia3-1500.pgn
maia3-1300__vs__maia3-1500,101,51,MAIA3 1300,MAIA3 1500,maia3,maia3,1300,1500,White,MAIA3 1300,MAIA3 1500,1/2-1/2,0.5,threefold repetition,84,d8c278d9517e02098e1c9ea6e3f49ebda132bf39bddacb905f79e89bfa3d0266,maia-relative-strength-100.pgn,maia3-1300__vs__maia3-1500.pgn
maia3-1300__vs__maia3-1500,102,51,MAIA3 1300,MAIA3 1500,maia3,maia3,1300,1500,Black,MAIA3 1500,MAIA3 1300,1/2-1/2,0.5,threefold repetition,94,d8c278d9517e02098e1c9ea6e3f49ebda132bf39bddacb905f79e89bfa3d0266,maia-relative-strength-100.pgn,maia3-1300__vs__maia3-1500.pgn
maia3-1300__vs__maia3-1500,103,52,MAIA3 1300,MAIA3 1500,maia3,maia3,1300,1500,White,MAIA3 1300,MAIA3 1500,0-1,0.0,checkmate,78,d8c278d9517e02098e1c9ea6e3f49ebda132bf39bddacb905f79e89bfa3d0266,maia-relative-strength-100.pgn,maia3-1300__vs__maia3-1500.pgn
maia3-1300__vs__maia3-1500,104,52,MAIA3 1300,MAIA3 1500,maia3,maia3,1300,1500,Black,MAIA3 1500,MAIA3 1300,1-0,0.0,checkmate,59,d8c278d9517e02098e1c9ea6e3f49ebda132bf39bddacb905f79e89bfa3d0266,maia-relative-strength-100.pgn,maia3-1300__vs__maia3-1500.pgn
maia3-1300__vs__maia3-1500,105,53,MAIA3 1300,MAIA3 1500,maia3,maia3,1300,1500,White,MAIA3 1300,MAIA3 1500,0-1,0.0,checkmate,40,d8c278d9517e02098e1c9ea6e3f49ebda132bf39bddacb905f79e89bfa3d0266,maia-relative-strength-100.pgn,maia3-1300__vs__maia3-1500.pgn
maia3-1300__vs__maia3-1500,106,53,MAIA3 1300,MAIA3 1500,maia3,maia3,1300,1500,Black,MAIA3 1500,MAIA3 1300,1-0,0.0,checkmate,135,d8c278d9517e02098e1c9ea6e3f49ebda132bf39bddacb905f79e89bfa3d0266,maia-relative-strength-100.pgn,maia3-1300__vs__maia3-1500.pgn
maia3-1300__vs__maia3-1500,107,54,MAIA3 1300,MAIA3 1500,maia3,maia3,1300,1500,White,MAIA3 1300,MAIA3 1500,1-0,1.0,checkmate,103,d8c278d9517e02098e1c9ea6e3f49ebda132bf39bddacb905f79e89bfa3d0266,maia-relative-strength-100.pgn,maia3-1300__vs__maia3-1500.pgn
maia3-1300__vs__maia3-1500,108,54,MAIA3 1300,MAIA3 1500,maia3,maia3,1300,1500,Black,MAIA3 1500,MAIA3 1300,1-0,0.0,checkmate,127,d8c278d9517e02098e1c9ea6e3f49ebda132bf39bddacb905f79e89bfa3d0266,maia-relative-strength-100.pgn,maia3-1300__vs__maia3-1500.pgn
maia3-1300__vs__maia3-1500,109,55,MAIA3 1300,MAIA3 1500,maia3,maia3,1300,1500,White,MAIA3 1300,MAIA3 1500,1/2-1/2,0.5,stalemate,102,d8c278d9517e02098e1c9ea6e3f49ebda132bf39bddacb905f79e89bfa3d0266,maia-relative-strength-100.pgn,maia3-1300__vs__maia3-1500.pgn
maia3-1300__vs__maia3-1500,110,55,MAIA3 1300,MAIA3 1500,maia3,maia3,1300,1500,Black,MAIA3 1500,MAIA3 1300,1-0,0.0,checkmate,61,d8c278d9517e02098e1c9ea6e3f49ebda132bf39bddacb905f79e89bfa3d0266,maia-relative-strength-100.pgn,maia3-1300__vs__maia3-1500.pgn
maia3-1300__vs__maia3-1500,111,56,MAIA3 1300,MAIA3 1500,maia3,maia3,1300,1500,White,MAIA3 1300,MAIA3 1500,0-1,0.0,checkmate,88,d8c278d9517e02098e1c9ea6e3f49ebda132bf39bddacb905f79e89bfa3d0266,maia-relative-strength-100.pgn,maia3-1300__vs__maia3-1500.pgn
maia3-1300__vs__maia3-1500,112,56,MAIA3 1300,MAIA3 1500,maia3,maia3,1300,1500,Black,MAIA3 1500,MAIA3 1300,0-1,1.0,checkmate,130,d8c278d9517e02098e1c9ea6e3f49ebda132bf39bddacb905f79e89bfa3d0266,maia-relative-strength-100.pgn,maia3-1300__vs__maia3-1500.pgn
maia3-1300__vs__maia3-1500,113,57,MAIA3 1300,MAIA3 1500,maia3,maia3,1300,1500,White,MAIA3 1300,MAIA3 1500,1-0,1.0,checkmate,79,d8c278d9517e02098e1c9ea6e3f49ebda132bf39bddacb905f79e89bfa3d0266,maia-relative-strength-100.pgn,maia3-1300__vs__maia3-1500.pgn
maia3-1300__vs__maia3-1500,114,57,MAIA3 1300,MAIA3 1500,maia3,maia3,1300,1500,Black,MAIA3 1500,MAIA3 1300,1-0,0.0,checkmate,55,d8c278d9517e02098e1c9ea6e3f49ebda132bf39bddacb905f79e89bfa3d0266,maia-relative-strength-100.pgn,maia3-1300__vs__maia3-1500.pgn
maia3-1300__vs__maia3-1500,115,58,MAIA3 1300,MAIA3 1500,maia3,maia3,1300,1500,White,MAIA3 1300,MAIA3 1500,0-1,0.0,checkmate,94,d8c278d9517e02098e1c9ea6e3f49ebda132bf39bddacb905f79e89bfa3d0266,maia-relative-strength-100.pgn,maia3-1300__vs__maia3-1500.pgn
maia3-1300__vs__maia3-1500,116,58,MAIA3 1300,MAIA3 1500,maia3,maia3,1300,1500,Black,MAIA3 1500,MAIA3 1300,0-1,1.0,checkmate,72,d8c278d9517e02098e1c9ea6e3f49ebda132bf39bddacb905f79e89bfa3d0266,maia-relative-strength-100.pgn,maia3-1300__vs__maia3-1500.pgn
maia3-1300__vs__maia3-1500,117,59,MAIA3 1300,MAIA3 1500,maia3,maia3,1300,1500,White,MAIA3 1300,MAIA3 1500,1/2-1/2,0.5,threefold repetition,53,d8c278d9517e02098e1c9ea6e3f49ebda132bf39bddacb905f79e89bfa3d0266,maia-relative-strength-100.pgn,maia3-1300__vs__maia3-1500.pgn
maia3-1300__vs__maia3-1500,118,59,MAIA3 1300,MAIA3 1500,maia3,maia3,1300,1500,Black,MAIA3 1500,MAIA3 1300,1-0,0.0,checkmate,41,d8c278d9517e02098e1c9ea6e3f49ebda132bf39bddacb905f79e89bfa3d0266,maia-relative-strength-100.pgn,maia3-1300__vs__maia3-1500.pgn
maia3-1300__vs__maia3-1500,119,60,MAIA3 1300,MAIA3 1500,maia3,maia3,1300,1500,White,MAIA3 1300,MAIA3 1500,1-0,1.0,checkmate,61,d8c278d9517e02098e1c9ea6e3f49ebda132bf39bddacb905f79e89bfa3d0266,maia-relative-strength-100.pgn,maia3-1300__vs__maia3-1500.pgn
maia3-1300__vs__maia3-1500,120,60,MAIA3 1300,MAIA3 1500,maia3,maia3,1300,1500,Black,MAIA3 1500,MAIA3 1300,1-0,0.0,checkmate,31,d8c278d9517e02098e1c9ea6e3f49ebda132bf39bddacb905f79e89bfa3d0266,maia-relative-strength-100.pgn,maia3-1300__vs__maia3-1500.pgn
maia3-1300__vs__maia3-1500,121,61,MAIA3 1300,MAIA3 1500,maia3,maia3,1300,1500,White,MAIA3 1300,MAIA3 1500,0-1,0.0,checkmate,50,d8c278d9517e02098e1c9ea6e3f49ebda132bf39bddacb905f79e89bfa3d0266,maia-relative-strength-100.pgn,maia3-1300__vs__maia3-1500.pgn
maia3-1300__vs__maia3-1500,122,61,MAIA3 1300,MAIA3 1500,maia3,maia3,1300,1500,Black,MAIA3 1500,MAIA3 1300,1/2-1/2,0.5,threefold repetition,80,d8c278d9517e02098e1c9ea6e3f49ebda132bf39bddacb905f79e89bfa3d0266,maia-relative-strength-100.pgn,maia3-1300__vs__maia3-1500.pgn
maia3-1300__vs__maia3-1500,123,62,MAIA3 1300,MAIA3 1500,maia3,maia3,1300,1500,White,MAIA3 1300,MAIA3 1500,1/2-1/2,0.5,threefold repetition,65,d8c278d9517e02098e1c9ea6e3f49ebda132bf39bddacb905f79e89bfa3d0266,maia-relative-strength-100.pgn,maia3-1300__vs__maia3-1500.pgn
maia3-1300__vs__maia3-1500,124,62,MAIA3 1300,MAIA3 1500,maia3,maia3,1300,1500,Black,MAIA3 1500,MAIA3 1300,0-1,1.0,checkmate,24,d8c278d9517e02098e1c9ea6e3f49ebda132bf39bddacb905f79e89bfa3d0266,maia-relative-strength-100.pgn,maia3-1300__vs__maia3-1500.pgn
maia3-1300__vs__maia3-1500,125,63,MAIA3 1300,MAIA3 1500,maia3,maia3,1300,1500,White,MAIA3 1300,MAIA3 1500,0-1,0.0,checkmate,100,d8c278d9517e02098e1c9ea6e3f49ebda132bf39bddacb905f79e89bfa3d0266,maia-relative-strength-100.pgn,maia3-1300__vs__maia3-1500.pgn
maia3-1300__vs__maia3-1500,126,63,MAIA3 1300,MAIA3 1500,maia3,maia3,1300,1500,Black,MAIA3 1500,MAIA3 1300,0-1,1.0,checkmate,108,d8c278d9517e02098e1c9ea6e3f49ebda132bf39bddacb905f79e89bfa3d0266,maia-relative-strength-100.pgn,maia3-1300__vs__maia3-1500.pgn
maia3-1300__vs__maia3-1500,127,64,MAIA3 1300,MAIA3 1500,maia3,maia3,1300,1500,White,MAIA3 1300,MAIA3 1500,1/2-1/2,0.5,threefold repetition,65,d8c278d9517e02098e1c9ea6e3f49ebda132bf39bddacb905f79e89bfa3d0266,maia-relative-strength-100.pgn,maia3-1300__vs__maia3-1500.pgn
maia3-1300__vs__maia3-1500,128,64,MAIA3 1300,MAIA3 1500,maia3,maia3,1300,1500,Black,MAIA3 1500,MAIA3 1300,1-0,0.0,checkmate,71,d8c278d9517e02098e1c9ea6e3f49ebda132bf39bddacb905f79e89bfa3d0266,maia-relative-strength-100.pgn,maia3-1300__vs__maia3-1500.pgn
maia3-1300__vs__maia3-1500,129,65,MAIA3 1300,MAIA3 1500,maia3,maia3,1300,1500,White,MAIA3 1300,MAIA3 1500,1-0,1.0,checkmate,123,d8c278d9517e02098e1c9ea6e3f49ebda132bf39bddacb905f79e89bfa3d0266,maia-relative-strength-100.pgn,maia3-1300__vs__maia3-1500.pgn
maia3-1300__vs__maia3-1500,130,65,MAIA3 1300,MAIA3 1500,maia3,maia3,1300,1500,Black,MAIA3 1500,MAIA3 1300,1-0,0.0,checkmate,139,d8c278d9517e02098e1c9ea6e3f49ebda132bf39bddacb905f79e89bfa3d0266,maia-relative-strength-100.pgn,maia3-1300__vs__maia3-1500.pgn
maia3-1300__vs__maia3-1500,131,66,MAIA3 1300,MAIA3 1500,maia3,maia3,1300,1500,White,MAIA3 1300,MAIA3 1500,1/2-1/2,0.5,threefold repetition,74,d8c278d9517e02098e1c9ea6e3f49ebda132bf39bddacb905f79e89bfa3d0266,maia-relative-strength-100.pgn,maia3-1300__vs__maia3-1500.pgn
maia3-1300__vs__maia3-1500,132,66,MAIA3 1300,MAIA3 1500,maia3,maia3,1300,1500,Black,MAIA3 1500,MAIA3 1300,1-0,0.0,checkmate,85,d8c278d9517e02098e1c9ea6e3f49ebda132bf39bddacb905f79e89bfa3d0266,maia-relative-strength-100.pgn,maia3-1300__vs__maia3-1500.pgn
maia3-1300__vs__maia3-1500,133,67,MAIA3 1300,MAIA3 1500,maia3,maia3,1300,1500,White,MAIA3 1300,MAIA3 1500,1-0,1.0,checkmate,49,d8c278d9517e02098e1c9ea6e3f49ebda132bf39bddacb905f79e89bfa3d0266,maia-relative-strength-100.pgn,maia3-1300__vs__maia3-1500.pgn
maia3-1300__vs__maia3-1500,134,67,MAIA3 1300,MAIA3 1500,maia3,maia3,1300,1500,Black,MAIA3 1500,MAIA3 1300,0-1,1.0,checkmate,64,d8c278d9517e02098e1c9ea6e3f49ebda132bf39bddacb905f79e89bfa3d0266,maia-relative-strength-100.pgn,maia3-1300__vs__maia3-1500.pgn
maia3-1300__vs__maia3-1500,135,68,MAIA3 1300,MAIA3 1500,maia3,maia3,1300,1500,White,MAIA3 1300,MAIA3 1500,0-1,0.0,checkmate,70,d8c278d9517e02098e1c9ea6e3f49ebda132bf39bddacb905f79e89bfa3d0266,maia-relative-strength-100.pgn,maia3-1300__vs__maia3-1500.pgn
maia3-1300__vs__maia3-1500,136,68,MAIA3 1300,MAIA3 1500,maia3,maia3,1300,1500,Black,MAIA3 1500,MAIA3 1300,1-0,0.0,checkmate,129,d8c278d9517e02098e1c9ea6e3f49ebda132bf39bddacb905f79e89bfa3d0266,maia-relative-strength-100.pgn,maia3-1300__vs__maia3-1500.pgn
maia3-1300__vs__maia3-1500,137,69,MAIA3 1300,MAIA3 1500,maia3,maia3,1300,1500,White,MAIA3 1300,MAIA3 1500,0-1,0.0,checkmate,86,d8c278d9517e02098e1c9ea6e3f49ebda132bf39bddacb905f79e89bfa3d0266,maia-relative-strength-100.pgn,maia3-1300__vs__maia3-1500.pgn
maia3-1300__vs__maia3-1500,138,69,MAIA3 1300,MAIA3 1500,maia3,maia3,1300,1500,Black,MAIA3 1500,MAIA3 1300,1-0,0.0,checkmate,25,d8c278d9517e02098e1c9ea6e3f49ebda132bf39bddacb905f79e89bfa3d0266,maia-relative-strength-100.pgn,maia3-1300__vs__maia3-1500.pgn
maia3-1300__vs__maia3-1500,139,70,MAIA3 1300,MAIA3 1500,maia3,maia3,1300,1500,White,MAIA3 1300,MAIA3 1500,1-0,1.0,checkmate,79,d8c278d9517e02098e1c9ea6e3f49ebda132bf39bddacb905f79e89bfa3d0266,maia-relative-strength-100.pgn,maia3-1300__vs__maia3-1500.pgn
maia3-1300__vs__maia3-1500,140,70,MAIA3 1300,MAIA3 1500,maia3,maia3,1300,1500,Black,MAIA3 1500,MAIA3 1300,1-0,0.0,checkmate,59,d8c278d9517e02098e1c9ea6e3f49ebda132bf39bddacb905f79e89bfa3d0266,maia-relative-strength-100.pgn,maia3-1300__vs__maia3-1500.pgn
maia3-1300__vs__maia3-1500,141,71,MAIA3 1300,MAIA3 1500,maia3,maia3,1300,1500,White,MAIA3 1300,MAIA3 1500,0-1,0.0,checkmate,96,d8c278d9517e02098e1c9ea6e3f49ebda132bf39bddacb905f79e89bfa3d0266,maia-relative-strength-100.pgn,maia3-1300__vs__maia3-1500.pgn
maia3-1300__vs__maia3-1500,142,71,MAIA3 1300,MAIA3 1500,maia3,maia3,1300,1500,Black,MAIA3 1500,MAIA3 1300,1/2-1/2,0.5,threefold repetition,72,d8c278d9517e02098e1c9ea6e3f49ebda132bf39bddacb905f79e89bfa3d0266,maia-relative-strength-100.pgn,maia3-1300__vs__maia3-1500.pgn
maia3-1300__vs__maia3-1500,143,72,MAIA3 1300,MAIA3 1500,maia3,maia3,1300,1500,White,MAIA3 1300,MAIA3 1500,0-1,0.0,checkmate,88,d8c278d9517e02098e1c9ea6e3f49ebda132bf39bddacb905f79e89bfa3d0266,maia-relative-strength-100.pgn,maia3-1300__vs__maia3-1500.pgn
maia3-1300__vs__maia3-1500,144,72,MAIA3 1300,MAIA3 1500,maia3,maia3,1300,1500,Black,MAIA3 1500,MAIA3 1300,0-1,1.0,checkmate,106,d8c278d9517e02098e1c9ea6e3f49ebda132bf39bddacb905f79e89bfa3d0266,maia-relative-strength-100.pgn,maia3-1300__vs__maia3-1500.pgn
maia3-1300__vs__maia3-1500,145,73,MAIA3 1300,MAIA3 1500,maia3,maia3,1300,1500,White,MAIA3 1300,MAIA3 1500,1-0,1.0,checkmate,35,d8c278d9517e02098e1c9ea6e3f49ebda132bf39bddacb905f79e89bfa3d0266,maia-relative-strength-100.pgn,maia3-1300__vs__maia3-1500.pgn
maia3-1300__vs__maia3-1500,146,73,MAIA3 1300,MAIA3 1500,maia3,maia3,1300,1500,Black,MAIA3 1500,MAIA3 1300,0-1,1.0,checkmate,74,d8c278d9517e02098e1c9ea6e3f49ebda132bf39bddacb905f79e89bfa3d0266,maia-relative-strength-100.pgn,maia3-1300__vs__maia3-1500.pgn
maia3-1300__vs__maia3-1500,147,74,MAIA3 1300,MAIA3 1500,maia3,maia3,1300,1500,White,MAIA3 1300,MAIA3 1500,0-1,0.0,checkmate,70,d8c278d9517e02098e1c9ea6e3f49ebda132bf39bddacb905f79e89bfa3d0266,maia-relative-strength-100.pgn,maia3-1300__vs__maia3-1500.pgn
maia3-1300__vs__maia3-1500,148,74,MAIA3 1300,MAIA3 1500,maia3,maia3,1300,1500,Black,MAIA3 1500,MAIA3 1300,1-0,0.0,checkmate,149,d8c278d9517e02098e1c9ea6e3f49ebda132bf39bddacb905f79e89bfa3d0266,maia-relative-strength-100.pgn,maia3-1300__vs__maia3-1500.pgn
maia3-1300__vs__maia3-1500,149,75,MAIA3 1300,MAIA3 1500,maia3,maia3,1300,1500,White,MAIA3 1300,MAIA3 1500,0-1,0.0,checkmate,38,d8c278d9517e02098e1c9ea6e3f49ebda132bf39bddacb905f79e89bfa3d0266,maia-relative-strength-100.pgn,maia3-1300__vs__maia3-1500.pgn
maia3-1300__vs__maia3-1500,150,75,MAIA3 1300,MAIA3 1500,maia3,maia3,1300,1500,Black,MAIA3 1500,MAIA3 1300,1/2-1/2,0.5,threefold repetition,73,d8c278d9517e02098e1c9ea6e3f49ebda132bf39bddacb905f79e89bfa3d0266,maia-relative-strength-100.pgn,maia3-1300__vs__maia3-1500.pgn
maia3-1300__vs__maia3-1500,151,76,MAIA3 1300,MAIA3 1500,maia3,maia3,1300,1500,White,MAIA3 1300,MAIA3 1500,0-1,0.0,checkmate,88,d8c278d9517e02098e1c9ea6e3f49ebda132bf39bddacb905f79e89bfa3d0266,maia-relative-strength-100.pgn,maia3-1300__vs__maia3-1500.pgn
maia3-1300__vs__maia3-1500,152,76,MAIA3 1300,MAIA3 1500,maia3,maia3,1300,1500,Black,MAIA3 1500,MAIA3 1300,1/2-1/2,0.5,threefold repetition,36,d8c278d9517e02098e1c9ea6e3f49ebda132bf39bddacb905f79e89bfa3d0266,maia-relative-strength-100.pgn,maia3-1300__vs__maia3-1500.pgn
maia3-1300__vs__maia3-1500,153,77,MAIA3 1300,MAIA3 1500,maia3,maia3,1300,1500,White,MAIA3 1300,MAIA3 1500,0-1,0.0,checkmate,108,d8c278d9517e02098e1c9ea6e3f49ebda132bf39bddacb905f79e89bfa3d0266,maia-relative-strength-100.pgn,maia3-1300__vs__maia3-1500.pgn
maia3-1300__vs__maia3-1500,154,77,MAIA3 1300,MAIA3 1500,maia3,maia3,1300,1500,Black,MAIA3 1500,MAIA3 1300,1-0,0.0,checkmate,41,d8c278d9517e02098e1c9ea6e3f49ebda132bf39bddacb905f79e89bfa3d0266,maia-relative-strength-100.pgn,maia3-1300__vs__maia3-1500.pgn
maia3-1300__vs__maia3-1500,155,78,MAIA3 1300,MAIA3 1500,maia3,maia3,1300,1500,White,MAIA3 1300,MAIA3 1500,0-1,0.0,checkmate,38,d8c278d9517e02098e1c9ea6e3f49ebda132bf39bddacb905f79e89bfa3d0266,maia-relative-strength-100.pgn,maia3-1300__vs__maia3-1500.pgn
maia3-1300__vs__maia3-1500,156,78,MAIA3 1300,MAIA3 1500,maia3,maia3,1300,1500,Black,MAIA3 1500,MAIA3 1300,0-1,1.0,checkmate,44,d8c278d9517e02098e1c9ea6e3f49ebda132bf39bddacb905f79e89bfa3d0266,maia-relative-strength-100.pgn,maia3-1300__vs__maia3-1500.pgn
maia3-1300__vs__maia3-1500,157,79,MAIA3 1300,MAIA3 1500,maia3,maia3,1300,1500,White,MAIA3 1300,MAIA3 1500,1-0,1.0,checkmate,121,d8c278d9517e02098e1c9ea6e3f49ebda132bf39bddacb905f79e89bfa3d0266,maia-relative-strength-100.pgn,maia3-1300__vs__maia3-1500.pgn
maia3-1300__vs__maia3-1500,158,79,MAIA3 1300,MAIA3 1500,maia3,maia3,1300,1500,Black,MAIA3 1500,MAIA3 1300,1-0,0.0,checkmate,111,d8c278d9517e02098e1c9ea6e3f49ebda132bf39bddacb905f79e89bfa3d0266,maia-relative-strength-100.pgn,maia3-1300__vs__maia3-1500.pgn
maia3-1300__vs__maia3-1500,159,80,MAIA3 1300,MAIA3 1500,maia3,maia3,1300,1500,White,MAIA3 1300,MAIA3 1500,0-1,0.0,checkmate,84,d8c278d9517e02098e1c9ea6e3f49ebda132bf39bddacb905f79e89bfa3d0266,maia-relative-strength-100.pgn,maia3-1300__vs__maia3-1500.pgn
maia3-1300__vs__maia3-1500,160,80,MAIA3 1300,MAIA3 1500,maia3,maia3,1300,1500,Black,MAIA3 1500,MAIA3 1300,1/2-1/2,0.5,stalemate,112,d8c278d9517e02098e1c9ea6e3f49ebda132bf39bddacb905f79e89bfa3d0266,maia-relative-strength-100.pgn,maia3-1300__vs__maia3-1500.pgn
maia3-1300__vs__maia3-1500,161,81,MAIA3 1300,MAIA3 1500,maia3,maia3,1300,1500,White,MAIA3 1300,MAIA3 1500,1-0,1.0,checkmate,73,d8c278d9517e02098e1c9ea6e3f49ebda132bf39bddacb905f79e89bfa3d0266,maia-relative-strength-100.pgn,maia3-1300__vs__maia3-1500.pgn
maia3-1300__vs__maia3-1500,162,81,MAIA3 1300,MAIA3 1500,maia3,maia3,1300,1500,Black,MAIA3 1500,MAIA3 1300,1-0,0.0,checkmate,81,d8c278d9517e02098e1c9ea6e3f49ebda132bf39bddacb905f79e89bfa3d0266,maia-relative-strength-100.pgn,maia3-1300__vs__maia3-1500.pgn
maia3-1300__vs__maia3-1500,163,82,MAIA3 1300,MAIA3 1500,maia3,maia3,1300,1500,White,MAIA3 1300,MAIA3 1500,1/2-1/2,0.5,threefold repetition,90,d8c278d9517e02098e1c9ea6e3f49ebda132bf39bddacb905f79e89bfa3d0266,maia-relative-strength-100.pgn,maia3-1300__vs__maia3-1500.pgn
maia3-1300__vs__maia3-1500,164,82,MAIA3 1300,MAIA3 1500,maia3,maia3,1300,1500,Black,MAIA3 1500,MAIA3 1300,0-1,1.0,checkmate,180,d8c278d9517e02098e1c9ea6e3f49ebda132bf39bddacb905f79e89bfa3d0266,maia-relative-strength-100.pgn,maia3-1300__vs__maia3-1500.pgn
maia3-1300__vs__maia3-1500,165,83,MAIA3 1300,MAIA3 1500,maia3,maia3,1300,1500,White,MAIA3 1300,MAIA3 1500,0-1,0.0,checkmate,120,d8c278d9517e02098e1c9ea6e3f49ebda132bf39bddacb905f79e89bfa3d0266,maia-relative-strength-100.pgn,maia3-1300__vs__maia3-1500.pgn
maia3-1300__vs__maia3-1500,166,83,MAIA3 1300,MAIA3 1500,maia3,maia3,1300,1500,Black,MAIA3 1500,MAIA3 1300,1-0,0.0,checkmate,131,d8c278d9517e02098e1c9ea6e3f49ebda132bf39bddacb905f79e89bfa3d0266,maia-relative-strength-100.pgn,maia3-1300__vs__maia3-1500.pgn
maia3-1300__vs__maia3-1500,167,84,MAIA3 1300,MAIA3 1500,maia3,maia3,1300,1500,White,MAIA3 1300,MAIA3 1500,1/2-1/2,0.5,insufficient material,97,d8c278d9517e02098e1c9ea6e3f49ebda132bf39bddacb905f79e89bfa3d0266,maia-relative-strength-100.pgn,maia3-1300__vs__maia3-1500.pgn
maia3-1300__vs__maia3-1500,168,84,MAIA3 1300,MAIA3 1500,maia3,maia3,1300,1500,Black,MAIA3 1500,MAIA3 1300,0-1,1.0,checkmate,62,d8c278d9517e02098e1c9ea6e3f49ebda132bf39bddacb905f79e89bfa3d0266,maia-relative-strength-100.pgn,maia3-1300__vs__maia3-1500.pgn
maia3-1300__vs__maia3-1500,169,85,MAIA3 1300,MAIA3 1500,maia3,maia3,1300,1500,White,MAIA3 1300,MAIA3 1500,0-1,0.0,checkmate,86,d8c278d9517e02098e1c9ea6e3f49ebda132bf39bddacb905f79e89bfa3d0266,maia-relative-strength-100.pgn,maia3-1300__vs__maia3-1500.pgn
maia3-1300__vs__maia3-1500,170,85,MAIA3 1300,MAIA3 1500,maia3,maia3,1300,1500,Black,MAIA3 1500,MAIA3 1300,0-1,1.0,checkmate,100,d8c278d9517e02098e1c9ea6e3f49ebda132bf39bddacb905f79e89bfa3d0266,maia-relative-strength-100.pgn,maia3-1300__vs__maia3-1500.pgn
maia3-1300__vs__maia3-1500,171,86,MAIA3 1300,MAIA3 1500,maia3,maia3,1300,1500,White,MAIA3 1300,MAIA3 1500,1-0,1.0,checkmate,49,d8c278d9517e02098e1c9ea6e3f49ebda132bf39bddacb905f79e89bfa3d0266,maia-relative-strength-100.pgn,maia3-1300__vs__maia3-1500.pgn
maia3-1300__vs__maia3-1500,172,86,MAIA3 1300,MAIA3 1500,maia3,maia3,1300,1500,Black,MAIA3 1500,MAIA3 1300,1/2-1/2,0.5,threefold repetition,35,d8c278d9517e02098e1c9ea6e3f49ebda132bf39bddacb905f79e89bfa3d0266,maia-relative-strength-100.pgn,maia3-1300__vs__maia3-1500.pgn
maia3-1300__vs__maia3-1500,173,87,MAIA3 1300,MAIA3 1500,maia3,maia3,1300,1500,White,MAIA3 1300,MAIA3 1500,1-0,1.0,checkmate,97,d8c278d9517e02098e1c9ea6e3f49ebda132bf39bddacb905f79e89bfa3d0266,maia-relative-strength-100.pgn,maia3-1300__vs__maia3-1500.pgn
maia3-1300__vs__maia3-1500,174,87,MAIA3 1300,MAIA3 1500,maia3,maia3,1300,1500,Black,MAIA3 1500,MAIA3 1300,1-0,0.0,checkmate,107,d8c278d9517e02098e1c9ea6e3f49ebda132bf39bddacb905f79e89bfa3d0266,maia-relative-strength-100.pgn,maia3-1300__vs__maia3-1500.pgn
maia3-1300__vs__maia3-1500,175,88,MAIA3 1300,MAIA3 1500,maia3,maia3,1300,1500,White,MAIA3 1300,MAIA3 1500,0-1,0.0,checkmate,108,d8c278d9517e02098e1c9ea6e3f49ebda132bf39bddacb905f79e89bfa3d0266,maia-relative-strength-100.pgn,maia3-1300__vs__maia3-1500.pgn
maia3-1300__vs__maia3-1500,176,88,MAIA3 1300,MAIA3 1500,maia3,maia3,1300,1500,Black,MAIA3 1500,MAIA3 1300,0-1,1.0,checkmate,106,d8c278d9517e02098e1c9ea6e3f49ebda132bf39bddacb905f79e89bfa3d0266,maia-relative-strength-100.pgn,maia3-1300__vs__maia3-1500.pgn
maia3-1300__vs__maia3-1500,177,89,MAIA3 1300,MAIA3 1500,maia3,maia3,1300,1500,White,MAIA3 1300,MAIA3 1500,1/2-1/2,0.5,threefold repetition,37,d8c278d9517e02098e1c9ea6e3f49ebda132bf39bddacb905f79e89bfa3d0266,maia-relative-strength-100.pgn,maia3-1300__vs__maia3-1500.pgn
maia3-1300__vs__maia3-1500,178,89,MAIA3 1300,MAIA3 1500,maia3,maia3,1300,1500,Black,MAIA3 1500,MAIA3 1300,1/2-1/2,0.5,threefold repetition,78,d8c278d9517e02098e1c9ea6e3f49ebda132bf39bddacb905f79e89bfa3d0266,maia-relative-strength-100.pgn,maia3-1300__vs__maia3-1500.pgn
maia3-1300__vs__maia3-1500,179,90,MAIA3 1300,MAIA3 1500,maia3,maia3,1300,1500,White,MAIA3 1300,MAIA3 1500,0-1,0.0,checkmate,108,d8c278d9517e02098e1c9ea6e3f49ebda132bf39bddacb905f79e89bfa3d0266,maia-relative-strength-100.pgn,maia3-1300__vs__maia3-1500.pgn
maia3-1300__vs__maia3-1500,180,90,MAIA3 1300,MAIA3 1500,maia3,maia3,1300,1500,Black,MAIA3 1500,MAIA3 1300,0-1,1.0,checkmate,38,d8c278d9517e02098e1c9ea6e3f49ebda132bf39bddacb905f79e89bfa3d0266,maia-relative-strength-100.pgn,maia3-1300__vs__maia3-1500.pgn
maia3-1300__vs__maia3-1500,181,91,MAIA3 1300,MAIA3 1500,maia3,maia3,1300,1500,White,MAIA3 1300,MAIA3 1500,1-0,1.0,checkmate,123,d8c278d9517e02098e1c9ea6e3f49ebda132bf39bddacb905f79e89bfa3d0266,maia-relative-strength-100.pgn,maia3-1300__vs__maia3-1500.pgn
maia3-1300__vs__maia3-1500,182,91,MAIA3 1300,MAIA3 1500,maia3,maia3,1300,1500,Black,MAIA3 1500,MAIA3 1300,1-0,0.0,checkmate,53,d8c278d9517e02098e1c9ea6e3f49ebda132bf39bddacb905f79e89bfa3d0266,maia-relative-strength-100.pgn,maia3-1300__vs__maia3-1500.pgn
maia3-1300__vs__maia3-1500,183,92,MAIA3 1300,MAIA3 1500,maia3,maia3,1300,1500,White,MAIA3 1300,MAIA3 1500,1-0,1.0,checkmate,17,d8c278d9517e02098e1c9ea6e3f49ebda132bf39bddacb905f79e89bfa3d0266,maia-relative-strength-100.pgn,maia3-1300__vs__maia3-1500.pgn
maia3-1300__vs__maia3-1500,184,92,MAIA3 1300,MAIA3 1500,maia3,maia3,1300,1500,Black,MAIA3 1500,MAIA3 1300,1-0,0.0,checkmate,17,d8c278d9517e02098e1c9ea6e3f49ebda132bf39bddacb905f79e89bfa3d0266,maia-relative-strength-100.pgn,maia3-1300__vs__maia3-1500.pgn
maia3-1300__vs__maia3-1500,185,93,MAIA3 1300,MAIA3 1500,maia3,maia3,1300,1500,White,MAIA3 1300,MAIA3 1500,1/2-1/2,0.5,threefold repetition,70,d8c278d9517e02098e1c9ea6e3f49ebda132bf39bddacb905f79e89bfa3d0266,maia-relative-strength-100.pgn,maia3-1300__vs__maia3-1500.pgn
maia3-1300__vs__maia3-1500,186,93,MAIA3 1300,MAIA3 1500,maia3,maia3,1300,1500,Black,MAIA3 1500,MAIA3 1300,1-0,0.0,checkmate,153,d8c278d9517e02098e1c9ea6e3f49ebda132bf39bddacb905f79e89bfa3d0266,maia-relative-strength-100.pgn,maia3-1300__vs__maia3-1500.pgn
maia3-1300__vs__maia3-1500,187,94,MAIA3 1300,MAIA3 1500,maia3,maia3,1300,1500,White,MAIA3 1300,MAIA3 1500,0-1,0.0,checkmate,58,d8c278d9517e02098e1c9ea6e3f49ebda132bf39bddacb905f79e89bfa3d0266,maia-relative-strength-100.pgn,maia3-1300__vs__maia3-1500.pgn
maia3-1300__vs__maia3-1500,188,94,MAIA3 1300,MAIA3 1500,maia3,maia3,1300,1500,Black,MAIA3 1500,MAIA3 1300,1/2-1/2,0.5,threefold repetition,70,d8c278d9517e02098e1c9ea6e3f49ebda132bf39bddacb905f79e89bfa3d0266,maia-relative-strength-100.pgn,maia3-1300__vs__maia3-1500.pgn
maia3-1300__vs__maia3-1500,189,95,MAIA3 1300,MAIA3 1500,maia3,maia3,1300,1500,White,MAIA3 1300,MAIA3 1500,1-0,1.0,checkmate,67,d8c278d9517e02098e1c9ea6e3f49ebda132bf39bddacb905f79e89bfa3d0266,maia-relative-strength-100.pgn,maia3-1300__vs__maia3-1500.pgn
maia3-1300__vs__maia3-1500,190,95,MAIA3 1300,MAIA3 1500,maia3,maia3,1300,1500,Black,MAIA3 1500,MAIA3 1300,1-0,0.0,checkmate,97,d8c278d9517e02098e1c9ea6e3f49ebda132bf39bddacb905f79e89bfa3d0266,maia-relative-strength-100.pgn,maia3-1300__vs__maia3-1500.pgn
maia3-1300__vs__maia3-1500,191,96,MAIA3 1300,MAIA3 1500,maia3,maia3,1300,1500,White,MAIA3 1300,MAIA3 1500,0-1,0.0,checkmate,86,d8c278d9517e02098e1c9ea6e3f49ebda132bf39bddacb905f79e89bfa3d0266,maia-relative-strength-100.pgn,maia3-1300__vs__maia3-1500.pgn
maia3-1300__vs__maia3-1500,192,96,MAIA3 1300,MAIA3 1500,maia3,maia3,1300,1500,Black,MAIA3 1500,MAIA3 1300,1-0,0.0,checkmate,55,d8c278d9517e02098e1c9ea6e3f49ebda132bf39bddacb905f79e89bfa3d0266,maia-relative-strength-100.pgn,maia3-1300__vs__maia3-1500.pgn
maia3-1300__vs__maia3-1500,193,97,MAIA3 1300,MAIA3 1500,maia3,maia3,1300,1500,White,MAIA3 1300,MAIA3 1500,0-1,0.0,checkmate,104,d8c278d9517e02098e1c9ea6e3f49ebda132bf39bddacb905f79e89bfa3d0266,maia-relative-strength-100.pgn,maia3-1300__vs__maia3-1500.pgn
maia3-1300__vs__maia3-1500,194,97,MAIA3 1300,MAIA3 1500,maia3,maia3,1300,1500,Black,MAIA3 1500,MAIA3 1300,1-0,0.0,checkmate,107,d8c278d9517e02098e1c9ea6e3f49ebda132bf39bddacb905f79e89bfa3d0266,maia-relative-strength-100.pgn,maia3-1300__vs__maia3-1500.pgn
maia3-1300__vs__maia3-1500,195,98,MAIA3 1300,MAIA3 1500,maia3,maia3,1300,1500,White,MAIA3 1300,MAIA3 1500,1-0,1.0,checkmate,123,d8c278d9517e02098e1c9ea6e3f49ebda132bf39bddacb905f79e89bfa3d0266,maia-relative-strength-100.pgn,maia3-1300__vs__maia3-1500.pgn
maia3-1300__vs__maia3-1500,196,98,MAIA3 1300,MAIA3 1500,maia3,maia3,1300,1500,Black,MAIA3 1500,MAIA3 1300,0-1,1.0,checkmate,122,d8c278d9517e02098e1c9ea6e3f49ebda132bf39bddacb905f79e89bfa3d0266,maia-relative-strength-100.pgn,maia3-1300__vs__maia3-1500.pgn
maia3-1300__vs__maia3-1500,197,99,MAIA3 1300,MAIA3 1500,maia3,maia3,1300,1500,White,MAIA3 1300,MAIA3 1500,0-1,0.0,checkmate,48,d8c278d9517e02098e1c9ea6e3f49ebda132bf39bddacb905f79e89bfa3d0266,maia-relative-strength-100.pgn,maia3-1300__vs__maia3-1500.pgn
maia3-1300__vs__maia3-1500,198,99,MAIA3 1300,MAIA3 1500,maia3,maia3,1300,1500,Black,MAIA3 1500,MAIA3 1300,1-0,0.0,checkmate,119,d8c278d9517e02098e1c9ea6e3f49ebda132bf39bddacb905f79e89bfa3d0266,maia-relative-strength-100.pgn,maia3-1300__vs__maia3-1500.pgn
maia3-1300__vs__maia3-1500,199,100,MAIA3 1300,MAIA3 1500,maia3,maia3,1300,1500,White,MAIA3 1300,MAIA3 1500,0-1,0.0,checkmate,98,d8c278d9517e02098e1c9ea6e3f49ebda132bf39bddacb905f79e89bfa3d0266,maia-relative-strength-100.pgn,maia3-1300__vs__maia3-1500.pgn
maia3-1300__vs__maia3-1500,200,100,MAIA3 1300,MAIA3 1500,maia3,maia3,1300,1500,Black,MAIA3 1500,MAIA3 1300,0-1,1.0,checkmate,124,d8c278d9517e02098e1c9ea6e3f49ebda132bf39bddacb905f79e89bfa3d0266,maia-relative-strength-100.pgn,maia3-1300__vs__maia3-1500.pgn
maia3-1500__vs__maia3-1700,1,1,MAIA3 1500,MAIA3 1700,maia3,maia3,1500,1700,White,MAIA3 1500,MAIA3 1700,0-1,0.0,checkmate,122,08bd640714a5e5e65f236d0407399912e4eef343d31d8140a3b99db5f19becc0,maia-relative-strength-100.pgn,maia3-1500__vs__maia3-1700.pgn
maia3-1500__vs__maia3-1700,2,1,MAIA3 1500,MAIA3 1700,maia3,maia3,1500,1700,Black,MAIA3 1700,MAIA3 1500,0-1,1.0,checkmate,122,08bd640714a5e5e65f236d0407399912e4eef343d31d8140a3b99db5f19becc0,maia-relative-strength-100.pgn,maia3-1500__vs__maia3-1700.pgn
maia3-1500__vs__maia3-1700,3,2,MAIA3 1500,MAIA3 1700,maia3,maia3,1500,1700,White,MAIA3 1500,MAIA3 1700,0-1,0.0,checkmate,106,08bd640714a5e5e65f236d0407399912e4eef343d31d8140a3b99db5f19becc0,maia-relative-strength-100.pgn,maia3-1500__vs__maia3-1700.pgn
maia3-1500__vs__maia3-1700,4,2,MAIA3 1500,MAIA3 1700,maia3,maia3,1500,1700,Black,MAIA3 1700,MAIA3 1500,1-0,0.0,checkmate,101,08bd640714a5e5e65f236d0407399912e4eef343d31d8140a3b99db5f19becc0,maia-relative-strength-100.pgn,maia3-1500__vs__maia3-1700.pgn
maia3-1500__vs__maia3-1700,5,3,MAIA3 1500,MAIA3 1700,maia3,maia3,1500,1700,White,MAIA3 1500,MAIA3 1700,0-1,0.0,checkmate,88,08bd640714a5e5e65f236d0407399912e4eef343d31d8140a3b99db5f19becc0,maia-relative-strength-100.pgn,maia3-1500__vs__maia3-1700.pgn
maia3-1500__vs__maia3-1700,6,3,MAIA3 1500,MAIA3 1700,maia3,maia3,1500,1700,Black,MAIA3 1700,MAIA3 1500,1-0,0.0,checkmate,83,08bd640714a5e5e65f236d0407399912e4eef343d31d8140a3b99db5f19becc0,maia-relative-strength-100.pgn,maia3-1500__vs__maia3-1700.pgn
maia3-1500__vs__maia3-1700,7,4,MAIA3 1500,MAIA3 1700,maia3,maia3,1500,1700,White,MAIA3 1500,MAIA3 1700,0-1,0.0,checkmate,56,08bd640714a5e5e65f236d0407399912e4eef343d31d8140a3b99db5f19becc0,maia-relative-strength-100.pgn,maia3-1500__vs__maia3-1700.pgn
maia3-1500__vs__maia3-1700,8,4,MAIA3 1500,MAIA3 1700,maia3,maia3,1500,1700,Black,MAIA3 1700,MAIA3 1500,1-0,0.0,checkmate,133,08bd640714a5e5e65f236d0407399912e4eef343d31d8140a3b99db5f19becc0,maia-relative-strength-100.pgn,maia3-1500__vs__maia3-1700.pgn
maia3-1500__vs__maia3-1700,9,5,MAIA3 1500,MAIA3 1700,maia3,maia3,1500,1700,White,MAIA3 1500,MAIA3 1700,1/2-1/2,0.5,threefold repetition,47,08bd640714a5e5e65f236d0407399912e4eef343d31d8140a3b99db5f19becc0,maia-relative-strength-100.pgn,maia3-1500__vs__maia3-1700.pgn
maia3-1500__vs__maia3-1700,10,5,MAIA3 1500,MAIA3 1700,maia3,maia3,1500,1700,Black,MAIA3 1700,MAIA3 1500,1/2-1/2,0.5,threefold repetition,96,08bd640714a5e5e65f236d0407399912e4eef343d31d8140a3b99db5f19becc0,maia-relative-strength-100.pgn,maia3-1500__vs__maia3-1700.pgn
maia3-1500__vs__maia3-1700,11,6,MAIA3 1500,MAIA3 1700,maia3,maia3,1500,1700,White,MAIA3 1500,MAIA3 1700,1-0,1.0,checkmate,31,08bd640714a5e5e65f236d0407399912e4eef343d31d8140a3b99db5f19becc0,maia-relative-strength-100.pgn,maia3-1500__vs__maia3-1700.pgn
maia3-1500__vs__maia3-1700,12,6,MAIA3 1500,MAIA3 1700,maia3,maia3,1500,1700,Black,MAIA3 1700,MAIA3 1500,1-0,0.0,checkmate,31,08bd640714a5e5e65f236d0407399912e4eef343d31d8140a3b99db5f19becc0,maia-relative-strength-100.pgn,maia3-1500__vs__maia3-1700.pgn
maia3-1500__vs__maia3-1700,13,7,MAIA3 1500,MAIA3 1700,maia3,maia3,1500,1700,White,MAIA3 1500,MAIA3 1700,0-1,0.0,checkmate,140,08bd640714a5e5e65f236d0407399912e4eef343d31d8140a3b99db5f19becc0,maia-relative-strength-100.pgn,maia3-1500__vs__maia3-1700.pgn
maia3-1500__vs__maia3-1700,14,7,MAIA3 1500,MAIA3 1700,maia3,maia3,1500,1700,Black,MAIA3 1700,MAIA3 1500,1-0,0.0,checkmate,105,08bd640714a5e5e65f236d0407399912e4eef343d31d8140a3b99db5f19becc0,maia-relative-strength-100.pgn,maia3-1500__vs__maia3-1700.pgn
maia3-1500__vs__maia3-1700,15,8,MAIA3 1500,MAIA3 1700,maia3,maia3,1500,1700,White,MAIA3 1500,MAIA3 1700,1/2-1/2,0.5,threefold repetition,115,08bd640714a5e5e65f236d0407399912e4eef343d31d8140a3b99db5f19becc0,maia-relative-strength-100.pgn,maia3-1500__vs__maia3-1700.pgn
maia3-1500__vs__maia3-1700,16,8,MAIA3 1500,MAIA3 1700,maia3,maia3,1500,1700,Black,MAIA3 1700,MAIA3 1500,1-0,0.0,checkmate,123,08bd640714a5e5e65f236d0407399912e4eef343d31d8140a3b99db5f19becc0,maia-relative-strength-100.pgn,maia3-1500__vs__maia3-1700.pgn
maia3-1500__vs__maia3-1700,17,9,MAIA3 1500,MAIA3 1700,maia3,maia3,1500,1700,White,MAIA3 1500,MAIA3 1700,1/2-1/2,0.5,threefold repetition,102,08bd640714a5e5e65f236d0407399912e4eef343d31d8140a3b99db5f19becc0,maia-relative-strength-100.pgn,maia3-1500__vs__maia3-1700.pgn
maia3-1500__vs__maia3-1700,18,9,MAIA3 1500,MAIA3 1700,maia3,maia3,1500,1700,Black,MAIA3 1700,MAIA3 1500,1-0,0.0,checkmate,45,08bd640714a5e5e65f236d0407399912e4eef343d31d8140a3b99db5f19becc0,maia-relative-strength-100.pgn,maia3-1500__vs__maia3-1700.pgn
maia3-1500__vs__maia3-1700,19,10,MAIA3 1500,MAIA3 1700,maia3,maia3,1500,1700,White,MAIA3 1500,MAIA3 1700,0-1,0.0,checkmate,90,08bd640714a5e5e65f236d0407399912e4eef343d31d8140a3b99db5f19becc0,maia-relative-strength-100.pgn,maia3-1500__vs__maia3-1700.pgn
maia3-1500__vs__maia3-1700,20,10,MAIA3 1500,MAIA3 1700,maia3,maia3,1500,1700,Black,MAIA3 1700,MAIA3 1500,1-0,0.0,checkmate,75,08bd640714a5e5e65f236d0407399912e4eef343d31d8140a3b99db5f19becc0,maia-relative-strength-100.pgn,maia3-1500__vs__maia3-1700.pgn
maia3-1500__vs__maia3-1700,21,11,MAIA3 1500,MAIA3 1700,maia3,maia3,1500,1700,White,MAIA3 1500,MAIA3 1700,1-0,1.0,checkmate,103,08bd640714a5e5e65f236d0407399912e4eef343d31d8140a3b99db5f19becc0,maia-relative-strength-100.pgn,maia3-1500__vs__maia3-1700.pgn
maia3-1500__vs__maia3-1700,22,11,MAIA3 1500,MAIA3 1700,maia3,maia3,1500,1700,Black,MAIA3 1700,MAIA3 1500,1-0,0.0,checkmate,91,08bd640714a5e5e65f236d0407399912e4eef343d31d8140a3b99db5f19becc0,maia-relative-strength-100.pgn,maia3-1500__vs__maia3-1700.pgn
maia3-1500__vs__maia3-1700,23,12,MAIA3 1500,MAIA3 1700,maia3,maia3,1500,1700,White,MAIA3 1500,MAIA3 1700,0-1,0.0,checkmate,128,08bd640714a5e5e65f236d0407399912e4eef343d31d8140a3b99db5f19becc0,maia-relative-strength-100.pgn,maia3-1500__vs__maia3-1700.pgn
maia3-1500__vs__maia3-1700,24,12,MAIA3 1500,MAIA3 1700,maia3,maia3,1500,1700,Black,MAIA3 1700,MAIA3 1500,0-1,1.0,checkmate,56,08bd640714a5e5e65f236d0407399912e4eef343d31d8140a3b99db5f19becc0,maia-relative-strength-100.pgn,maia3-1500__vs__maia3-1700.pgn
maia3-1500__vs__maia3-1700,25,13,MAIA3 1500,MAIA3 1700,maia3,maia3,1500,1700,White,MAIA3 1500,MAIA3 1700,1-0,1.0,checkmate,61,08bd640714a5e5e65f236d0407399912e4eef343d31d8140a3b99db5f19becc0,maia-relative-strength-100.pgn,maia3-1500__vs__maia3-1700.pgn
maia3-1500__vs__maia3-1700,26,13,MAIA3 1500,MAIA3 1700,maia3,maia3,1500,1700,Black,MAIA3 1700,MAIA3 1500,1/2-1/2,0.5,threefold repetition,47,08bd640714a5e5e65f236d0407399912e4eef343d31d8140a3b99db5f19becc0,maia-relative-strength-100.pgn,maia3-1500__vs__maia3-1700.pgn
maia3-1500__vs__maia3-1700,27,14,MAIA3 1500,MAIA3 1700,maia3,maia3,1500,1700,White,MAIA3 1500,MAIA3 1700,0-1,0.0,checkmate,24,08bd640714a5e5e65f236d0407399912e4eef343d31d8140a3b99db5f19becc0,maia-relative-strength-100.pgn,maia3-1500__vs__maia3-1700.pgn
maia3-1500__vs__maia3-1700,28,14,MAIA3 1500,MAIA3 1700,maia3,maia3,1500,1700,Black,MAIA3 1700,MAIA3 1500,0-1,1.0,checkmate,106,08bd640714a5e5e65f236d0407399912e4eef343d31d8140a3b99db5f19becc0,maia-relative-strength-100.pgn,maia3-1500__vs__maia3-1700.pgn
maia3-1500__vs__maia3-1700,29,15,MAIA3 1500,MAIA3 1700,maia3,maia3,1500,1700,White,MAIA3 1500,MAIA3 1700,0-1,0.0,checkmate,46,08bd640714a5e5e65f236d0407399912e4eef343d31d8140a3b99db5f19becc0,maia-relative-strength-100.pgn,maia3-1500__vs__maia3-1700.pgn
maia3-1500__vs__maia3-1700,30,15,MAIA3 1500,MAIA3 1700,maia3,maia3,1500,1700,Black,MAIA3 1700,MAIA3 1500,1-0,0.0,checkmate,77,08bd640714a5e5e65f236d0407399912e4eef343d31d8140a3b99db5f19becc0,maia-relative-strength-100.pgn,maia3-1500__vs__maia3-1700.pgn
maia3-1500__vs__maia3-1700,31,16,MAIA3 1500,MAIA3 1700,maia3,maia3,1500,1700,White,MAIA3 1500,MAIA3 1700,1-0,1.0,checkmate,55,08bd640714a5e5e65f236d0407399912e4eef343d31d8140a3b99db5f19becc0,maia-relative-strength-100.pgn,maia3-1500__vs__maia3-1700.pgn
maia3-1500__vs__maia3-1700,32,16,MAIA3 1500,MAIA3 1700,maia3,maia3,1500,1700,Black,MAIA3 1700,MAIA3 1500,1-0,0.0,checkmate,37,08bd640714a5e5e65f236d0407399912e4eef343d31d8140a3b99db5f19becc0,maia-relative-strength-100.pgn,maia3-1500__vs__maia3-1700.pgn
maia3-1500__vs__maia3-1700,33,17,MAIA3 1500,MAIA3 1700,maia3,maia3,1500,1700,White,MAIA3 1500,MAIA3 1700,1-0,1.0,checkmate,59,08bd640714a5e5e65f236d0407399912e4eef343d31d8140a3b99db5f19becc0,maia-relative-strength-100.pgn,maia3-1500__vs__maia3-1700.pgn
maia3-1500__vs__maia3-1700,34,17,MAIA3 1500,MAIA3 1700,maia3,maia3,1500,1700,Black,MAIA3 1700,MAIA3 1500,1-0,0.0,checkmate,129,08bd640714a5e5e65f236d0407399912e4eef343d31d8140a3b99db5f19becc0,maia-relative-strength-100.pgn,maia3-1500__vs__maia3-1700.pgn
maia3-1500__vs__maia3-1700,35,18,MAIA3 1500,MAIA3 1700,maia3,maia3,1500,1700,White,MAIA3 1500,MAIA3 1700,1-0,1.0,checkmate,37,08bd640714a5e5e65f236d0407399912e4eef343d31d8140a3b99db5f19becc0,maia-relative-strength-100.pgn,maia3-1500__vs__maia3-1700.pgn
maia3-1500__vs__maia3-1700,36,18,MAIA3 1500,MAIA3 1700,maia3,maia3,1500,1700,Black,MAIA3 1700,MAIA3 1500,1/2-1/2,0.5,threefold repetition,80,08bd640714a5e5e65f236d0407399912e4eef343d31d8140a3b99db5f19becc0,maia-relative-strength-100.pgn,maia3-1500__vs__maia3-1700.pgn
maia3-1500__vs__maia3-1700,37,19,MAIA3 1500,MAIA3 1700,maia3,maia3,1500,1700,White,MAIA3 1500,MAIA3 1700,0-1,0.0,checkmate,122,08bd640714a5e5e65f236d0407399912e4eef343d31d8140a3b99db5f19becc0,maia-relative-strength-100.pgn,maia3-1500__vs__maia3-1700.pgn
maia3-1500__vs__maia3-1700,38,19,MAIA3 1500,MAIA3 1700,maia3,maia3,1500,1700,Black,MAIA3 1700,MAIA3 1500,1/2-1/2,0.5,stalemate,139,08bd640714a5e5e65f236d0407399912e4eef343d31d8140a3b99db5f19becc0,maia-relative-strength-100.pgn,maia3-1500__vs__maia3-1700.pgn
maia3-1500__vs__maia3-1700,39,20,MAIA3 1500,MAIA3 1700,maia3,maia3,1500,1700,White,MAIA3 1500,MAIA3 1700,0-1,0.0,checkmate,96,08bd640714a5e5e65f236d0407399912e4eef343d31d8140a3b99db5f19becc0,maia-relative-strength-100.pgn,maia3-1500__vs__maia3-1700.pgn
maia3-1500__vs__maia3-1700,40,20,MAIA3 1500,MAIA3 1700,maia3,maia3,1500,1700,Black,MAIA3 1700,MAIA3 1500,1-0,0.0,checkmate,39,08bd640714a5e5e65f236d0407399912e4eef343d31d8140a3b99db5f19becc0,maia-relative-strength-100.pgn,maia3-1500__vs__maia3-1700.pgn
maia3-1500__vs__maia3-1700,41,21,MAIA3 1500,MAIA3 1700,maia3,maia3,1500,1700,White,MAIA3 1500,MAIA3 1700,0-1,0.0,checkmate,64,08bd640714a5e5e65f236d0407399912e4eef343d31d8140a3b99db5f19becc0,maia-relative-strength-100.pgn,maia3-1500__vs__maia3-1700.pgn
maia3-1500__vs__maia3-1700,42,21,MAIA3 1500,MAIA3 1700,maia3,maia3,1500,1700,Black,MAIA3 1700,MAIA3 1500,0-1,1.0,checkmate,90,08bd640714a5e5e65f236d0407399912e4eef343d31d8140a3b99db5f19becc0,maia-relative-strength-100.pgn,maia3-1500__vs__maia3-1700.pgn
maia3-1500__vs__maia3-1700,43,22,MAIA3 1500,MAIA3 1700,maia3,maia3,1500,1700,White,MAIA3 1500,MAIA3 1700,0-1,0.0,checkmate,88,08bd640714a5e5e65f236d0407399912e4eef343d31d8140a3b99db5f19becc0,maia-relative-strength-100.pgn,maia3-1500__vs__maia3-1700.pgn
maia3-1500__vs__maia3-1700,44,22,MAIA3 1500,MAIA3 1700,maia3,maia3,1500,1700,Black,MAIA3 1700,MAIA3 1500,1-0,0.0,checkmate,117,08bd640714a5e5e65f236d0407399912e4eef343d31d8140a3b99db5f19becc0,maia-relative-strength-100.pgn,maia3-1500__vs__maia3-1700.pgn
maia3-1500__vs__maia3-1700,45,23,MAIA3 1500,MAIA3 1700,maia3,maia3,1500,1700,White,MAIA3 1500,MAIA3 1700,1-0,1.0,checkmate,89,08bd640714a5e5e65f236d0407399912e4eef343d31d8140a3b99db5f19becc0,maia-relative-strength-100.pgn,maia3-1500__vs__maia3-1700.pgn
maia3-1500__vs__maia3-1700,46,23,MAIA3 1500,MAIA3 1700,maia3,maia3,1500,1700,Black,MAIA3 1700,MAIA3 1500,0-1,1.0,checkmate,86,08bd640714a5e5e65f236d0407399912e4eef343d31d8140a3b99db5f19becc0,maia-relative-strength-100.pgn,maia3-1500__vs__maia3-1700.pgn
maia3-1500__vs__maia3-1700,47,24,MAIA3 1500,MAIA3 1700,maia3,maia3,1500,1700,White,MAIA3 1500,MAIA3 1700,0-1,0.0,checkmate,44,08bd640714a5e5e65f236d0407399912e4eef343d31d8140a3b99db5f19becc0,maia-relative-strength-100.pgn,maia3-1500__vs__maia3-1700.pgn
maia3-1500__vs__maia3-1700,48,24,MAIA3 1500,MAIA3 1700,maia3,maia3,1500,1700,Black,MAIA3 1700,MAIA3 1500,1-0,0.0,checkmate,97,08bd640714a5e5e65f236d0407399912e4eef343d31d8140a3b99db5f19becc0,maia-relative-strength-100.pgn,maia3-1500__vs__maia3-1700.pgn
maia3-1500__vs__maia3-1700,49,25,MAIA3 1500,MAIA3 1700,maia3,maia3,1500,1700,White,MAIA3 1500,MAIA3 1700,0-1,0.0,checkmate,118,08bd640714a5e5e65f236d0407399912e4eef343d31d8140a3b99db5f19becc0,maia-relative-strength-100.pgn,maia3-1500__vs__maia3-1700.pgn
maia3-1500__vs__maia3-1700,50,25,MAIA3 1500,MAIA3 1700,maia3,maia3,1500,1700,Black,MAIA3 1700,MAIA3 1500,1-0,0.0,checkmate,69,08bd640714a5e5e65f236d0407399912e4eef343d31d8140a3b99db5f19becc0,maia-relative-strength-100.pgn,maia3-1500__vs__maia3-1700.pgn
maia3-1500__vs__maia3-1700,51,26,MAIA3 1500,MAIA3 1700,maia3,maia3,1500,1700,White,MAIA3 1500,MAIA3 1700,1/2-1/2,0.5,threefold repetition,118,08bd640714a5e5e65f236d0407399912e4eef343d31d8140a3b99db5f19becc0,maia-relative-strength-100.pgn,maia3-1500__vs__maia3-1700.pgn
maia3-1500__vs__maia3-1700,52,26,MAIA3 1500,MAIA3 1700,maia3,maia3,1500,1700,Black,MAIA3 1700,MAIA3 1500,1-0,0.0,checkmate,41,08bd640714a5e5e65f236d0407399912e4eef343d31d8140a3b99db5f19becc0,maia-relative-strength-100.pgn,maia3-1500__vs__maia3-1700.pgn
maia3-1500__vs__maia3-1700,53,27,MAIA3 1500,MAIA3 1700,maia3,maia3,1500,1700,White,MAIA3 1500,MAIA3 1700,0-1,0.0,checkmate,122,08bd640714a5e5e65f236d0407399912e4eef343d31d8140a3b99db5f19becc0,maia-relative-strength-100.pgn,maia3-1500__vs__maia3-1700.pgn
maia3-1500__vs__maia3-1700,54,27,MAIA3 1500,MAIA3 1700,maia3,maia3,1500,1700,Black,MAIA3 1700,MAIA3 1500,1-0,0.0,checkmate,85,08bd640714a5e5e65f236d0407399912e4eef343d31d8140a3b99db5f19becc0,maia-relative-strength-100.pgn,maia3-1500__vs__maia3-1700.pgn
maia3-1500__vs__maia3-1700,55,28,MAIA3 1500,MAIA3 1700,maia3,maia3,1500,1700,White,MAIA3 1500,MAIA3 1700,0-1,0.0,checkmate,128,08bd640714a5e5e65f236d0407399912e4eef343d31d8140a3b99db5f19becc0,maia-relative-strength-100.pgn,maia3-1500__vs__maia3-1700.pgn
maia3-1500__vs__maia3-1700,56,28,MAIA3 1500,MAIA3 1700,maia3,maia3,1500,1700,Black,MAIA3 1700,MAIA3 1500,1-0,0.0,checkmate,131,08bd640714a5e5e65f236d0407399912e4eef343d31d8140a3b99db5f19becc0,maia-relative-strength-100.pgn,maia3-1500__vs__maia3-1700.pgn
maia3-1500__vs__maia3-1700,57,29,MAIA3 1500,MAIA3 1700,maia3,maia3,1500,1700,White,MAIA3 1500,MAIA3 1700,1/2-1/2,0.5,threefold repetition,65,08bd640714a5e5e65f236d0407399912e4eef343d31d8140a3b99db5f19becc0,maia-relative-strength-100.pgn,maia3-1500__vs__maia3-1700.pgn
maia3-1500__vs__maia3-1700,58,29,MAIA3 1500,MAIA3 1700,maia3,maia3,1500,1700,Black,MAIA3 1700,MAIA3 1500,0-1,1.0,checkmate,100,08bd640714a5e5e65f236d0407399912e4eef343d31d8140a3b99db5f19becc0,maia-relative-strength-100.pgn,maia3-1500__vs__maia3-1700.pgn
maia3-1500__vs__maia3-1700,59,30,MAIA3 1500,MAIA3 1700,maia3,maia3,1500,1700,White,MAIA3 1500,MAIA3 1700,0-1,0.0,checkmate,68,08bd640714a5e5e65f236d0407399912e4eef343d31d8140a3b99db5f19becc0,maia-relative-strength-100.pgn,maia3-1500__vs__maia3-1700.pgn
maia3-1500__vs__maia3-1700,60,30,MAIA3 1500,MAIA3 1700,maia3,maia3,1500,1700,Black,MAIA3 1700,MAIA3 1500,0-1,1.0,checkmate,130,08bd640714a5e5e65f236d0407399912e4eef343d31d8140a3b99db5f19becc0,maia-relative-strength-100.pgn,maia3-1500__vs__maia3-1700.pgn
maia3-1500__vs__maia3-1700,61,31,MAIA3 1500,MAIA3 1700,maia3,maia3,1500,1700,White,MAIA3 1500,MAIA3 1700,1/2-1/2,0.5,stalemate,138,08bd640714a5e5e65f236d0407399912e4eef343d31d8140a3b99db5f19becc0,maia-relative-strength-100.pgn,maia3-1500__vs__maia3-1700.pgn
maia3-1500__vs__maia3-1700,62,31,MAIA3 1500,MAIA3 1700,maia3,maia3,1500,1700,Black,MAIA3 1700,MAIA3 1500,1-0,0.0,checkmate,125,08bd640714a5e5e65f236d0407399912e4eef343d31d8140a3b99db5f19becc0,maia-relative-strength-100.pgn,maia3-1500__vs__maia3-1700.pgn
maia3-1500__vs__maia3-1700,63,32,MAIA3 1500,MAIA3 1700,maia3,maia3,1500,1700,White,MAIA3 1500,MAIA3 1700,1/2-1/2,0.5,insufficient material,118,08bd640714a5e5e65f236d0407399912e4eef343d31d8140a3b99db5f19becc0,maia-relative-strength-100.pgn,maia3-1500__vs__maia3-1700.pgn
maia3-1500__vs__maia3-1700,64,32,MAIA3 1500,MAIA3 1700,maia3,maia3,1500,1700,Black,MAIA3 1700,MAIA3 1500,1-0,0.0,checkmate,135,08bd640714a5e5e65f236d0407399912e4eef343d31d8140a3b99db5f19becc0,maia-relative-strength-100.pgn,maia3-1500__vs__maia3-1700.pgn
maia3-1500__vs__maia3-1700,65,33,MAIA3 1500,MAIA3 1700,maia3,maia3,1500,1700,White,MAIA3 1500,MAIA3 1700,0-1,0.0,checkmate,44,08bd640714a5e5e65f236d0407399912e4eef343d31d8140a3b99db5f19becc0,maia-relative-strength-100.pgn,maia3-1500__vs__maia3-1700.pgn
maia3-1500__vs__maia3-1700,66,33,MAIA3 1500,MAIA3 1700,maia3,maia3,1500,1700,Black,MAIA3 1700,MAIA3 1500,1/2-1/2,0.5,stalemate,165,08bd640714a5e5e65f236d0407399912e4eef343d31d8140a3b99db5f19becc0,maia-relative-strength-100.pgn,maia3-1500__vs__maia3-1700.pgn
maia3-1500__vs__maia3-1700,67,34,MAIA3 1500,MAIA3 1700,maia3,maia3,1500,1700,White,MAIA3 1500,MAIA3 1700,0-1,0.0,checkmate,54,08bd640714a5e5e65f236d0407399912e4eef343d31d8140a3b99db5f19becc0,maia-relative-strength-100.pgn,maia3-1500__vs__maia3-1700.pgn
maia3-1500__vs__maia3-1700,68,34,MAIA3 1500,MAIA3 1700,maia3,maia3,1500,1700,Black,MAIA3 1700,MAIA3 1500,1-0,0.0,checkmate,25,08bd640714a5e5e65f236d0407399912e4eef343d31d8140a3b99db5f19becc0,maia-relative-strength-100.pgn,maia3-1500__vs__maia3-1700.pgn
maia3-1500__vs__maia3-1700,69,35,MAIA3 1500,MAIA3 1700,maia3,maia3,1500,1700,White,MAIA3 1500,MAIA3 1700,0-1,0.0,checkmate,38,08bd640714a5e5e65f236d0407399912e4eef343d31d8140a3b99db5f19becc0,maia-relative-strength-100.pgn,maia3-1500__vs__maia3-1700.pgn
maia3-1500__vs__maia3-1700,70,35,MAIA3 1500,MAIA3 1700,maia3,maia3,1500,1700,Black,MAIA3 1700,MAIA3 1500,0-1,1.0,checkmate,72,08bd640714a5e5e65f236d0407399912e4eef343d31d8140a3b99db5f19becc0,maia-relative-strength-100.pgn,maia3-1500__vs__maia3-1700.pgn
maia3-1500__vs__maia3-1700,71,36,MAIA3 1500,MAIA3 1700,maia3,maia3,1500,1700,White,MAIA3 1500,MAIA3 1700,0-1,0.0,checkmate,60,08bd640714a5e5e65f236d0407399912e4eef343d31d8140a3b99db5f19becc0,maia-relative-strength-100.pgn,maia3-1500__vs__maia3-1700.pgn
maia3-1500__vs__maia3-1700,72,36,MAIA3 1500,MAIA3 1700,maia3,maia3,1500,1700,Black,MAIA3 1700,MAIA3 1500,0-1,1.0,checkmate,40,08bd640714a5e5e65f236d0407399912e4eef343d31d8140a3b99db5f19becc0,maia-relative-strength-100.pgn,maia3-1500__vs__maia3-1700.pgn
maia3-1500__vs__maia3-1700,73,37,MAIA3 1500,MAIA3 1700,maia3,maia3,1500,1700,White,MAIA3 1500,MAIA3 1700,0-1,0.0,checkmate,106,08bd640714a5e5e65f236d0407399912e4eef343d31d8140a3b99db5f19becc0,maia-relative-strength-100.pgn,maia3-1500__vs__maia3-1700.pgn
maia3-1500__vs__maia3-1700,74,37,MAIA3 1500,MAIA3 1700,maia3,maia3,1500,1700,Black,MAIA3 1700,MAIA3 1500,0-1,1.0,checkmate,68,08bd640714a5e5e65f236d0407399912e4eef343d31d8140a3b99db5f19becc0,maia-relative-strength-100.pgn,maia3-1500__vs__maia3-1700.pgn
maia3-1500__vs__maia3-1700,75,38,MAIA3 1500,MAIA3 1700,maia3,maia3,1500,1700,White,MAIA3 1500,MAIA3 1700,1/2-1/2,0.5,threefold repetition,59,08bd640714a5e5e65f236d0407399912e4eef343d31d8140a3b99db5f19becc0,maia-relative-strength-100.pgn,maia3-1500__vs__maia3-1700.pgn
maia3-1500__vs__maia3-1700,76,38,MAIA3 1500,MAIA3 1700,maia3,maia3,1500,1700,Black,MAIA3 1700,MAIA3 1500,0-1,1.0,checkmate,150,08bd640714a5e5e65f236d0407399912e4eef343d31d8140a3b99db5f19becc0,maia-relative-strength-100.pgn,maia3-1500__vs__maia3-1700.pgn
maia3-1500__vs__maia3-1700,77,39,MAIA3 1500,MAIA3 1700,maia3,maia3,1500,1700,White,MAIA3 1500,MAIA3 1700,1-0,1.0,checkmate,67,08bd640714a5e5e65f236d0407399912e4eef343d31d8140a3b99db5f19becc0,maia-relative-strength-100.pgn,maia3-1500__vs__maia3-1700.pgn
maia3-1500__vs__maia3-1700,78,39,MAIA3 1500,MAIA3 1700,maia3,maia3,1500,1700,Black,MAIA3 1700,MAIA3 1500,1-0,0.0,checkmate,101,08bd640714a5e5e65f236d0407399912e4eef343d31d8140a3b99db5f19becc0,maia-relative-strength-100.pgn,maia3-1500__vs__maia3-1700.pgn
maia3-1500__vs__maia3-1700,79,40,MAIA3 1500,MAIA3 1700,maia3,maia3,1500,1700,White,MAIA3 1500,MAIA3 1700,0-1,0.0,checkmate,64,08bd640714a5e5e65f236d0407399912e4eef343d31d8140a3b99db5f19becc0,maia-relative-strength-100.pgn,maia3-1500__vs__maia3-1700.pgn
maia3-1500__vs__maia3-1700,80,40,MAIA3 1500,MAIA3 1700,maia3,maia3,1500,1700,Black,MAIA3 1700,MAIA3 1500,1-0,0.0,checkmate,111,08bd640714a5e5e65f236d0407399912e4eef343d31d8140a3b99db5f19becc0,maia-relative-strength-100.pgn,maia3-1500__vs__maia3-1700.pgn
maia3-1500__vs__maia3-1700,81,41,MAIA3 1500,MAIA3 1700,maia3,maia3,1500,1700,White,MAIA3 1500,MAIA3 1700,0-1,0.0,checkmate,62,08bd640714a5e5e65f236d0407399912e4eef343d31d8140a3b99db5f19becc0,maia-relative-strength-100.pgn,maia3-1500__vs__maia3-1700.pgn
maia3-1500__vs__maia3-1700,82,41,MAIA3 1500,MAIA3 1700,maia3,maia3,1500,1700,Black,MAIA3 1700,MAIA3 1500,0-1,1.0,checkmate,62,08bd640714a5e5e65f236d0407399912e4eef343d31d8140a3b99db5f19becc0,maia-relative-strength-100.pgn,maia3-1500__vs__maia3-1700.pgn
maia3-1500__vs__maia3-1700,83,42,MAIA3 1500,MAIA3 1700,maia3,maia3,1500,1700,White,MAIA3 1500,MAIA3 1700,1/2-1/2,0.5,threefold repetition,36,08bd640714a5e5e65f236d0407399912e4eef343d31d8140a3b99db5f19becc0,maia-relative-strength-100.pgn,maia3-1500__vs__maia3-1700.pgn
maia3-1500__vs__maia3-1700,84,42,MAIA3 1500,MAIA3 1700,maia3,maia3,1500,1700,Black,MAIA3 1700,MAIA3 1500,0-1,1.0,checkmate,134,08bd640714a5e5e65f236d0407399912e4eef343d31d8140a3b99db5f19becc0,maia-relative-strength-100.pgn,maia3-1500__vs__maia3-1700.pgn
maia3-1500__vs__maia3-1700,85,43,MAIA3 1500,MAIA3 1700,maia3,maia3,1500,1700,White,MAIA3 1500,MAIA3 1700,1-0,1.0,checkmate,125,08bd640714a5e5e65f236d0407399912e4eef343d31d8140a3b99db5f19becc0,maia-relative-strength-100.pgn,maia3-1500__vs__maia3-1700.pgn
maia3-1500__vs__maia3-1700,86,43,MAIA3 1500,MAIA3 1700,maia3,maia3,1500,1700,Black,MAIA3 1700,MAIA3 1500,1/2-1/2,0.5,threefold repetition,87,08bd640714a5e5e65f236d0407399912e4eef343d31d8140a3b99db5f19becc0,maia-relative-strength-100.pgn,maia3-1500__vs__maia3-1700.pgn
maia3-1500__vs__maia3-1700,87,44,MAIA3 1500,MAIA3 1700,maia3,maia3,1500,1700,White,MAIA3 1500,MAIA3 1700,0-1,0.0,checkmate,38,08bd640714a5e5e65f236d0407399912e4eef343d31d8140a3b99db5f19becc0,maia-relative-strength-100.pgn,maia3-1500__vs__maia3-1700.pgn
maia3-1500__vs__maia3-1700,88,44,MAIA3 1500,MAIA3 1700,maia3,maia3,1500,1700,Black,MAIA3 1700,MAIA3 1500,1-0,0.0,checkmate,25,08bd640714a5e5e65f236d0407399912e4eef343d31d8140a3b99db5f19becc0,maia-relative-strength-100.pgn,maia3-1500__vs__maia3-1700.pgn
maia3-1500__vs__maia3-1700,89,45,MAIA3 1500,MAIA3 1700,maia3,maia3,1500,1700,White,MAIA3 1500,MAIA3 1700,0-1,0.0,checkmate,112,08bd640714a5e5e65f236d0407399912e4eef343d31d8140a3b99db5f19becc0,maia-relative-strength-100.pgn,maia3-1500__vs__maia3-1700.pgn
maia3-1500__vs__maia3-1700,90,45,MAIA3 1500,MAIA3 1700,maia3,maia3,1500,1700,Black,MAIA3 1700,MAIA3 1500,1-0,0.0,checkmate,137,08bd640714a5e5e65f236d0407399912e4eef343d31d8140a3b99db5f19becc0,maia-relative-strength-100.pgn,maia3-1500__vs__maia3-1700.pgn
maia3-1500__vs__maia3-1700,91,46,MAIA3 1500,MAIA3 1700,maia3,maia3,1500,1700,White,MAIA3 1500,MAIA3 1700,0-1,0.0,checkmate,140,08bd640714a5e5e65f236d0407399912e4eef343d31d8140a3b99db5f19becc0,maia-relative-strength-100.pgn,maia3-1500__vs__maia3-1700.pgn
maia3-1500__vs__maia3-1700,92,46,MAIA3 1500,MAIA3 1700,maia3,maia3,1500,1700,Black,MAIA3 1700,MAIA3 1500,1-0,0.0,checkmate,41,08bd640714a5e5e65f236d0407399912e4eef343d31d8140a3b99db5f19becc0,maia-relative-strength-100.pgn,maia3-1500__vs__maia3-1700.pgn
maia3-1500__vs__maia3-1700,93,47,MAIA3 1500,MAIA3 1700,maia3,maia3,1500,1700,White,MAIA3 1500,MAIA3 1700,1-0,1.0,checkmate,115,08bd640714a5e5e65f236d0407399912e4eef343d31d8140a3b99db5f19becc0,maia-relative-strength-100.pgn,maia3-1500__vs__maia3-1700.pgn
maia3-1500__vs__maia3-1700,94,47,MAIA3 1500,MAIA3 1700,maia3,maia3,1500,1700,Black,MAIA3 1700,MAIA3 1500,0-1,1.0,checkmate,108,08bd640714a5e5e65f236d0407399912e4eef343d31d8140a3b99db5f19becc0,maia-relative-strength-100.pgn,maia3-1500__vs__maia3-1700.pgn
maia3-1500__vs__maia3-1700,95,48,MAIA3 1500,MAIA3 1700,maia3,maia3,1500,1700,White,MAIA3 1500,MAIA3 1700,0-1,0.0,checkmate,50,08bd640714a5e5e65f236d0407399912e4eef343d31d8140a3b99db5f19becc0,maia-relative-strength-100.pgn,maia3-1500__vs__maia3-1700.pgn
maia3-1500__vs__maia3-1700,96,48,MAIA3 1500,MAIA3 1700,maia3,maia3,1500,1700,Black,MAIA3 1700,MAIA3 1500,1-0,0.0,checkmate,133,08bd640714a5e5e65f236d0407399912e4eef343d31d8140a3b99db5f19becc0,maia-relative-strength-100.pgn,maia3-1500__vs__maia3-1700.pgn
maia3-1500__vs__maia3-1700,97,49,MAIA3 1500,MAIA3 1700,maia3,maia3,1500,1700,White,MAIA3 1500,MAIA3 1700,0-1,0.0,checkmate,142,08bd640714a5e5e65f236d0407399912e4eef343d31d8140a3b99db5f19becc0,maia-relative-strength-100.pgn,maia3-1500__vs__maia3-1700.pgn
maia3-1500__vs__maia3-1700,98,49,MAIA3 1500,MAIA3 1700,maia3,maia3,1500,1700,Black,MAIA3 1700,MAIA3 1500,1/2-1/2,0.5,threefold repetition,55,08bd640714a5e5e65f236d0407399912e4eef343d31d8140a3b99db5f19becc0,maia-relative-strength-100.pgn,maia3-1500__vs__maia3-1700.pgn
maia3-1500__vs__maia3-1700,99,50,MAIA3 1500,MAIA3 1700,maia3,maia3,1500,1700,White,MAIA3 1500,MAIA3 1700,1-0,1.0,checkmate,141,08bd640714a5e5e65f236d0407399912e4eef343d31d8140a3b99db5f19becc0,maia-relative-strength-100.pgn,maia3-1500__vs__maia3-1700.pgn
maia3-1500__vs__maia3-1700,100,50,MAIA3 1500,MAIA3 1700,maia3,maia3,1500,1700,Black,MAIA3 1700,MAIA3 1500,1-0,0.0,checkmate,141,08bd640714a5e5e65f236d0407399912e4eef343d31d8140a3b99db5f19becc0,maia-relative-strength-100.pgn,maia3-1500__vs__maia3-1700.pgn
maia3-1500__vs__maia3-1700,101,51,MAIA3 1500,MAIA3 1700,maia3,maia3,1500,1700,White,MAIA3 1500,MAIA3 1700,0-1,0.0,checkmate,48,08bd640714a5e5e65f236d0407399912e4eef343d31d8140a3b99db5f19becc0,maia-relative-strength-100.pgn,maia3-1500__vs__maia3-1700.pgn
maia3-1500__vs__maia3-1700,102,51,MAIA3 1500,MAIA3 1700,maia3,maia3,1500,1700,Black,MAIA3 1700,MAIA3 1500,0-1,1.0,checkmate,116,08bd640714a5e5e65f236d0407399912e4eef343d31d8140a3b99db5f19becc0,maia-relative-strength-100.pgn,maia3-1500__vs__maia3-1700.pgn
maia3-1500__vs__maia3-1700,103,52,MAIA3 1500,MAIA3 1700,maia3,maia3,1500,1700,White,MAIA3 1500,MAIA3 1700,0-1,0.0,checkmate,94,08bd640714a5e5e65f236d0407399912e4eef343d31d8140a3b99db5f19becc0,maia-relative-strength-100.pgn,maia3-1500__vs__maia3-1700.pgn
maia3-1500__vs__maia3-1700,104,52,MAIA3 1500,MAIA3 1700,maia3,maia3,1500,1700,Black,MAIA3 1700,MAIA3 1500,1/2-1/2,0.5,threefold repetition,52,08bd640714a5e5e65f236d0407399912e4eef343d31d8140a3b99db5f19becc0,maia-relative-strength-100.pgn,maia3-1500__vs__maia3-1700.pgn
maia3-1500__vs__maia3-1700,105,53,MAIA3 1500,MAIA3 1700,maia3,maia3,1500,1700,White,MAIA3 1500,MAIA3 1700,0-1,0.0,checkmate,56,08bd640714a5e5e65f236d0407399912e4eef343d31d8140a3b99db5f19becc0,maia-relative-strength-100.pgn,maia3-1500__vs__maia3-1700.pgn
maia3-1500__vs__maia3-1700,106,53,MAIA3 1500,MAIA3 1700,maia3,maia3,1500,1700,Black,MAIA3 1700,MAIA3 1500,1/2-1/2,0.5,threefold repetition,69,08bd640714a5e5e65f236d0407399912e4eef343d31d8140a3b99db5f19becc0,maia-relative-strength-100.pgn,maia3-1500__vs__maia3-1700.pgn
maia3-1500__vs__maia3-1700,107,54,MAIA3 1500,MAIA3 1700,maia3,maia3,1500,1700,White,MAIA3 1500,MAIA3 1700,1/2-1/2,0.5,stalemate,93,08bd640714a5e5e65f236d0407399912e4eef343d31d8140a3b99db5f19becc0,maia-relative-strength-100.pgn,maia3-1500__vs__maia3-1700.pgn
maia3-1500__vs__maia3-1700,108,54,MAIA3 1500,MAIA3 1700,maia3,maia3,1500,1700,Black,MAIA3 1700,MAIA3 1500,1-0,0.0,checkmate,121,08bd640714a5e5e65f236d0407399912e4eef343d31d8140a3b99db5f19becc0,maia-relative-strength-100.pgn,maia3-1500__vs__maia3-1700.pgn
maia3-1500__vs__maia3-1700,109,55,MAIA3 1500,MAIA3 1700,maia3,maia3,1500,1700,White,MAIA3 1500,MAIA3 1700,0-1,0.0,checkmate,152,08bd640714a5e5e65f236d0407399912e4eef343d31d8140a3b99db5f19becc0,maia-relative-strength-100.pgn,maia3-1500__vs__maia3-1700.pgn
maia3-1500__vs__maia3-1700,110,55,MAIA3 1500,MAIA3 1700,maia3,maia3,1500,1700,Black,MAIA3 1700,MAIA3 1500,1/2-1/2,0.5,threefold repetition,53,08bd640714a5e5e65f236d0407399912e4eef343d31d8140a3b99db5f19becc0,maia-relative-strength-100.pgn,maia3-1500__vs__maia3-1700.pgn
maia3-1500__vs__maia3-1700,111,56,MAIA3 1500,MAIA3 1700,maia3,maia3,1500,1700,White,MAIA3 1500,MAIA3 1700,1-0,1.0,checkmate,109,08bd640714a5e5e65f236d0407399912e4eef343d31d8140a3b99db5f19becc0,maia-relative-strength-100.pgn,maia3-1500__vs__maia3-1700.pgn
maia3-1500__vs__maia3-1700,112,56,MAIA3 1500,MAIA3 1700,maia3,maia3,1500,1700,Black,MAIA3 1700,MAIA3 1500,1/2-1/2,0.5,threefold repetition,144,08bd640714a5e5e65f236d0407399912e4eef343d31d8140a3b99db5f19becc0,maia-relative-strength-100.pgn,maia3-1500__vs__maia3-1700.pgn
maia3-1500__vs__maia3-1700,113,57,MAIA3 1500,MAIA3 1700,maia3,maia3,1500,1700,White,MAIA3 1500,MAIA3 1700,0-1,0.0,checkmate,152,08bd640714a5e5e65f236d0407399912e4eef343d31d8140a3b99db5f19becc0,maia-relative-strength-100.pgn,maia3-1500__vs__maia3-1700.pgn
maia3-1500__vs__maia3-1700,114,57,MAIA3 1500,MAIA3 1700,maia3,maia3,1500,1700,Black,MAIA3 1700,MAIA3 1500,1-0,0.0,checkmate,91,08bd640714a5e5e65f236d0407399912e4eef343d31d8140a3b99db5f19becc0,maia-relative-strength-100.pgn,maia3-1500__vs__maia3-1700.pgn
maia3-1500__vs__maia3-1700,115,58,MAIA3 1500,MAIA3 1700,maia3,maia3,1500,1700,White,MAIA3 1500,MAIA3 1700,0-1,0.0,checkmate,84,08bd640714a5e5e65f236d0407399912e4eef343d31d8140a3b99db5f19becc0,maia-relative-strength-100.pgn,maia3-1500__vs__maia3-1700.pgn
maia3-1500__vs__maia3-1700,116,58,MAIA3 1500,MAIA3 1700,maia3,maia3,1500,1700,Black,MAIA3 1700,MAIA3 1500,1/2-1/2,0.5,threefold repetition,92,08bd640714a5e5e65f236d0407399912e4eef343d31d8140a3b99db5f19becc0,maia-relative-strength-100.pgn,maia3-1500__vs__maia3-1700.pgn
maia3-1500__vs__maia3-1700,117,59,MAIA3 1500,MAIA3 1700,maia3,maia3,1500,1700,White,MAIA3 1500,MAIA3 1700,0-1,0.0,checkmate,130,08bd640714a5e5e65f236d0407399912e4eef343d31d8140a3b99db5f19becc0,maia-relative-strength-100.pgn,maia3-1500__vs__maia3-1700.pgn
maia3-1500__vs__maia3-1700,118,59,MAIA3 1500,MAIA3 1700,maia3,maia3,1500,1700,Black,MAIA3 1700,MAIA3 1500,1-0,0.0,checkmate,55,08bd640714a5e5e65f236d0407399912e4eef343d31d8140a3b99db5f19becc0,maia-relative-strength-100.pgn,maia3-1500__vs__maia3-1700.pgn
maia3-1500__vs__maia3-1700,119,60,MAIA3 1500,MAIA3 1700,maia3,maia3,1500,1700,White,MAIA3 1500,MAIA3 1700,0-1,0.0,checkmate,124,08bd640714a5e5e65f236d0407399912e4eef343d31d8140a3b99db5f19becc0,maia-relative-strength-100.pgn,maia3-1500__vs__maia3-1700.pgn
maia3-1500__vs__maia3-1700,120,60,MAIA3 1500,MAIA3 1700,maia3,maia3,1500,1700,Black,MAIA3 1700,MAIA3 1500,1-0,0.0,checkmate,49,08bd640714a5e5e65f236d0407399912e4eef343d31d8140a3b99db5f19becc0,maia-relative-strength-100.pgn,maia3-1500__vs__maia3-1700.pgn
maia3-1500__vs__maia3-1700,121,61,MAIA3 1500,MAIA3 1700,maia3,maia3,1500,1700,White,MAIA3 1500,MAIA3 1700,0-1,0.0,checkmate,38,08bd640714a5e5e65f236d0407399912e4eef343d31d8140a3b99db5f19becc0,maia-relative-strength-100.pgn,maia3-1500__vs__maia3-1700.pgn
maia3-1500__vs__maia3-1700,122,61,MAIA3 1500,MAIA3 1700,maia3,maia3,1500,1700,Black,MAIA3 1700,MAIA3 1500,1/2-1/2,0.5,threefold repetition,29,08bd640714a5e5e65f236d0407399912e4eef343d31d8140a3b99db5f19becc0,maia-relative-strength-100.pgn,maia3-1500__vs__maia3-1700.pgn
maia3-1500__vs__maia3-1700,123,62,MAIA3 1500,MAIA3 1700,maia3,maia3,1500,1700,White,MAIA3 1500,MAIA3 1700,0-1,0.0,checkmate,24,08bd640714a5e5e65f236d0407399912e4eef343d31d8140a3b99db5f19becc0,maia-relative-strength-100.pgn,maia3-1500__vs__maia3-1700.pgn
maia3-1500__vs__maia3-1700,124,62,MAIA3 1500,MAIA3 1700,maia3,maia3,1500,1700,Black,MAIA3 1700,MAIA3 1500,0-1,1.0,checkmate,106,08bd640714a5e5e65f236d0407399912e4eef343d31d8140a3b99db5f19becc0,maia-relative-strength-100.pgn,maia3-1500__vs__maia3-1700.pgn
maia3-1500__vs__maia3-1700,125,63,MAIA3 1500,MAIA3 1700,maia3,maia3,1500,1700,White,MAIA3 1500,MAIA3 1700,0-1,0.0,checkmate,142,08bd640714a5e5e65f236d0407399912e4eef343d31d8140a3b99db5f19becc0,maia-relative-strength-100.pgn,maia3-1500__vs__maia3-1700.pgn
maia3-1500__vs__maia3-1700,126,63,MAIA3 1500,MAIA3 1700,maia3,maia3,1500,1700,Black,MAIA3 1700,MAIA3 1500,1-0,0.0,checkmate,37,08bd640714a5e5e65f236d0407399912e4eef343d31d8140a3b99db5f19becc0,maia-relative-strength-100.pgn,maia3-1500__vs__maia3-1700.pgn
maia3-1500__vs__maia3-1700,127,64,MAIA3 1500,MAIA3 1700,maia3,maia3,1500,1700,White,MAIA3 1500,MAIA3 1700,0-1,0.0,checkmate,156,08bd640714a5e5e65f236d0407399912e4eef343d31d8140a3b99db5f19becc0,maia-relative-strength-100.pgn,maia3-1500__vs__maia3-1700.pgn
maia3-1500__vs__maia3-1700,128,64,MAIA3 1500,MAIA3 1700,maia3,maia3,1500,1700,Black,MAIA3 1700,MAIA3 1500,1-0,0.0,checkmate,137,08bd640714a5e5e65f236d0407399912e4eef343d31d8140a3b99db5f19becc0,maia-relative-strength-100.pgn,maia3-1500__vs__maia3-1700.pgn
maia3-1500__vs__maia3-1700,129,65,MAIA3 1500,MAIA3 1700,maia3,maia3,1500,1700,White,MAIA3 1500,MAIA3 1700,0-1,0.0,checkmate,138,08bd640714a5e5e65f236d0407399912e4eef343d31d8140a3b99db5f19becc0,maia-relative-strength-100.pgn,maia3-1500__vs__maia3-1700.pgn
maia3-1500__vs__maia3-1700,130,65,MAIA3 1500,MAIA3 1700,maia3,maia3,1500,1700,Black,MAIA3 1700,MAIA3 1500,1-0,0.0,checkmate,91,08bd640714a5e5e65f236d0407399912e4eef343d31d8140a3b99db5f19becc0,maia-relative-strength-100.pgn,maia3-1500__vs__maia3-1700.pgn
maia3-1500__vs__maia3-1700,131,66,MAIA3 1500,MAIA3 1700,maia3,maia3,1500,1700,White,MAIA3 1500,MAIA3 1700,0-1,0.0,checkmate,94,08bd640714a5e5e65f236d0407399912e4eef343d31d8140a3b99db5f19becc0,maia-relative-strength-100.pgn,maia3-1500__vs__maia3-1700.pgn
maia3-1500__vs__maia3-1700,132,66,MAIA3 1500,MAIA3 1700,maia3,maia3,1500,1700,Black,MAIA3 1700,MAIA3 1500,1-0,0.0,checkmate,121,08bd640714a5e5e65f236d0407399912e4eef343d31d8140a3b99db5f19becc0,maia-relative-strength-100.pgn,maia3-1500__vs__maia3-1700.pgn
maia3-1500__vs__maia3-1700,133,67,MAIA3 1500,MAIA3 1700,maia3,maia3,1500,1700,White,MAIA3 1500,MAIA3 1700,0-1,0.0,checkmate,118,08bd640714a5e5e65f236d0407399912e4eef343d31d8140a3b99db5f19becc0,maia-relative-strength-100.pgn,maia3-1500__vs__maia3-1700.pgn
maia3-1500__vs__maia3-1700,134,67,MAIA3 1500,MAIA3 1700,maia3,maia3,1500,1700,Black,MAIA3 1700,MAIA3 1500,0-1,1.0,checkmate,108,08bd640714a5e5e65f236d0407399912e4eef343d31d8140a3b99db5f19becc0,maia-relative-strength-100.pgn,maia3-1500__vs__maia3-1700.pgn
maia3-1500__vs__maia3-1700,135,68,MAIA3 1500,MAIA3 1700,maia3,maia3,1500,1700,White,MAIA3 1500,MAIA3 1700,0-1,0.0,checkmate,128,08bd640714a5e5e65f236d0407399912e4eef343d31d8140a3b99db5f19becc0,maia-relative-strength-100.pgn,maia3-1500__vs__maia3-1700.pgn
maia3-1500__vs__maia3-1700,136,68,MAIA3 1500,MAIA3 1700,maia3,maia3,1500,1700,Black,MAIA3 1700,MAIA3 1500,0-1,1.0,checkmate,72,08bd640714a5e5e65f236d0407399912e4eef343d31d8140a3b99db5f19becc0,maia-relative-strength-100.pgn,maia3-1500__vs__maia3-1700.pgn
maia3-1500__vs__maia3-1700,137,69,MAIA3 1500,MAIA3 1700,maia3,maia3,1500,1700,White,MAIA3 1500,MAIA3 1700,1-0,1.0,checkmate,37,08bd640714a5e5e65f236d0407399912e4eef343d31d8140a3b99db5f19becc0,maia-relative-strength-100.pgn,maia3-1500__vs__maia3-1700.pgn
maia3-1500__vs__maia3-1700,138,69,MAIA3 1500,MAIA3 1700,maia3,maia3,1500,1700,Black,MAIA3 1700,MAIA3 1500,0-1,1.0,checkmate,118,08bd640714a5e5e65f236d0407399912e4eef343d31d8140a3b99db5f19becc0,maia-relative-strength-100.pgn,maia3-1500__vs__maia3-1700.pgn
maia3-1500__vs__maia3-1700,139,70,MAIA3 1500,MAIA3 1700,maia3,maia3,1500,1700,White,MAIA3 1500,MAIA3 1700,0-1,0.0,checkmate,110,08bd640714a5e5e65f236d0407399912e4eef343d31d8140a3b99db5f19becc0,maia-relative-strength-100.pgn,maia3-1500__vs__maia3-1700.pgn
maia3-1500__vs__maia3-1700,140,70,MAIA3 1500,MAIA3 1700,maia3,maia3,1500,1700,Black,MAIA3 1700,MAIA3 1500,1-0,0.0,checkmate,67,08bd640714a5e5e65f236d0407399912e4eef343d31d8140a3b99db5f19becc0,maia-relative-strength-100.pgn,maia3-1500__vs__maia3-1700.pgn
maia3-1500__vs__maia3-1700,141,71,MAIA3 1500,MAIA3 1700,maia3,maia3,1500,1700,White,MAIA3 1500,MAIA3 1700,0-1,0.0,checkmate,64,08bd640714a5e5e65f236d0407399912e4eef343d31d8140a3b99db5f19becc0,maia-relative-strength-100.pgn,maia3-1500__vs__maia3-1700.pgn
maia3-1500__vs__maia3-1700,142,71,MAIA3 1500,MAIA3 1700,maia3,maia3,1500,1700,Black,MAIA3 1700,MAIA3 1500,1-0,0.0,checkmate,97,08bd640714a5e5e65f236d0407399912e4eef343d31d8140a3b99db5f19becc0,maia-relative-strength-100.pgn,maia3-1500__vs__maia3-1700.pgn
maia3-1500__vs__maia3-1700,143,72,MAIA3 1500,MAIA3 1700,maia3,maia3,1500,1700,White,MAIA3 1500,MAIA3 1700,0-1,0.0,checkmate,98,08bd640714a5e5e65f236d0407399912e4eef343d31d8140a3b99db5f19becc0,maia-relative-strength-100.pgn,maia3-1500__vs__maia3-1700.pgn
maia3-1500__vs__maia3-1700,144,72,MAIA3 1500,MAIA3 1700,maia3,maia3,1500,1700,Black,MAIA3 1700,MAIA3 1500,0-1,1.0,checkmate,108,08bd640714a5e5e65f236d0407399912e4eef343d31d8140a3b99db5f19becc0,maia-relative-strength-100.pgn,maia3-1500__vs__maia3-1700.pgn
maia3-1500__vs__maia3-1700,145,73,MAIA3 1500,MAIA3 1700,maia3,maia3,1500,1700,White,MAIA3 1500,MAIA3 1700,1-0,1.0,checkmate,79,08bd640714a5e5e65f236d0407399912e4eef343d31d8140a3b99db5f19becc0,maia-relative-strength-100.pgn,maia3-1500__vs__maia3-1700.pgn
maia3-1500__vs__maia3-1700,146,73,MAIA3 1500,MAIA3 1700,maia3,maia3,1500,1700,Black,MAIA3 1700,MAIA3 1500,0-1,1.0,checkmate,100,08bd640714a5e5e65f236d0407399912e4eef343d31d8140a3b99db5f19becc0,maia-relative-strength-100.pgn,maia3-1500__vs__maia3-1700.pgn
maia3-1500__vs__maia3-1700,147,74,MAIA3 1500,MAIA3 1700,maia3,maia3,1500,1700,White,MAIA3 1500,MAIA3 1700,1-0,1.0,checkmate,63,08bd640714a5e5e65f236d0407399912e4eef343d31d8140a3b99db5f19becc0,maia-relative-strength-100.pgn,maia3-1500__vs__maia3-1700.pgn
maia3-1500__vs__maia3-1700,148,74,MAIA3 1500,MAIA3 1700,maia3,maia3,1500,1700,Black,MAIA3 1700,MAIA3 1500,1-0,0.0,checkmate,153,08bd640714a5e5e65f236d0407399912e4eef343d31d8140a3b99db5f19becc0,maia-relative-strength-100.pgn,maia3-1500__vs__maia3-1700.pgn
maia3-1500__vs__maia3-1700,149,75,MAIA3 1500,MAIA3 1700,maia3,maia3,1500,1700,White,MAIA3 1500,MAIA3 1700,0-1,0.0,checkmate,54,08bd640714a5e5e65f236d0407399912e4eef343d31d8140a3b99db5f19becc0,maia-relative-strength-100.pgn,maia3-1500__vs__maia3-1700.pgn
maia3-1500__vs__maia3-1700,150,75,MAIA3 1500,MAIA3 1700,maia3,maia3,1500,1700,Black,MAIA3 1700,MAIA3 1500,1/2-1/2,0.5,threefold repetition,73,08bd640714a5e5e65f236d0407399912e4eef343d31d8140a3b99db5f19becc0,maia-relative-strength-100.pgn,maia3-1500__vs__maia3-1700.pgn
maia3-1500__vs__maia3-1700,151,76,MAIA3 1500,MAIA3 1700,maia3,maia3,1500,1700,White,MAIA3 1500,MAIA3 1700,1-0,1.0,checkmate,43,08bd640714a5e5e65f236d0407399912e4eef343d31d8140a3b99db5f19becc0,maia-relative-strength-100.pgn,maia3-1500__vs__maia3-1700.pgn
maia3-1500__vs__maia3-1700,152,76,MAIA3 1500,MAIA3 1700,maia3,maia3,1500,1700,Black,MAIA3 1700,MAIA3 1500,0-1,1.0,checkmate,68,08bd640714a5e5e65f236d0407399912e4eef343d31d8140a3b99db5f19becc0,maia-relative-strength-100.pgn,maia3-1500__vs__maia3-1700.pgn
maia3-1500__vs__maia3-1700,153,77,MAIA3 1500,MAIA3 1700,maia3,maia3,1500,1700,White,MAIA3 1500,MAIA3 1700,0-1,0.0,checkmate,70,08bd640714a5e5e65f236d0407399912e4eef343d31d8140a3b99db5f19becc0,maia-relative-strength-100.pgn,maia3-1500__vs__maia3-1700.pgn
maia3-1500__vs__maia3-1700,154,77,MAIA3 1500,MAIA3 1700,maia3,maia3,1500,1700,Black,MAIA3 1700,MAIA3 1500,1-0,0.0,checkmate,145,08bd640714a5e5e65f236d0407399912e4eef343d31d8140a3b99db5f19becc0,maia-relative-strength-100.pgn,maia3-1500__vs__maia3-1700.pgn
maia3-1500__vs__maia3-1700,155,78,MAIA3 1500,MAIA3 1700,maia3,maia3,1500,1700,White,MAIA3 1500,MAIA3 1700,0-1,0.0,checkmate,58,08bd640714a5e5e65f236d0407399912e4eef343d31d8140a3b99db5f19becc0,maia-relative-strength-100.pgn,maia3-1500__vs__maia3-1700.pgn
maia3-1500__vs__maia3-1700,156,78,MAIA3 1500,MAIA3 1700,maia3,maia3,1500,1700,Black,MAIA3 1700,MAIA3 1500,1-0,0.0,checkmate,31,08bd640714a5e5e65f236d0407399912e4eef343d31d8140a3b99db5f19becc0,maia-relative-strength-100.pgn,maia3-1500__vs__maia3-1700.pgn
maia3-1500__vs__maia3-1700,157,79,MAIA3 1500,MAIA3 1700,maia3,maia3,1500,1700,White,MAIA3 1500,MAIA3 1700,0-1,0.0,checkmate,90,08bd640714a5e5e65f236d0407399912e4eef343d31d8140a3b99db5f19becc0,maia-relative-strength-100.pgn,maia3-1500__vs__maia3-1700.pgn
maia3-1500__vs__maia3-1700,158,79,MAIA3 1500,MAIA3 1700,maia3,maia3,1500,1700,Black,MAIA3 1700,MAIA3 1500,1/2-1/2,0.5,stalemate,111,08bd640714a5e5e65f236d0407399912e4eef343d31d8140a3b99db5f19becc0,maia-relative-strength-100.pgn,maia3-1500__vs__maia3-1700.pgn
maia3-1500__vs__maia3-1700,159,80,MAIA3 1500,MAIA3 1700,maia3,maia3,1500,1700,White,MAIA3 1500,MAIA3 1700,0-1,0.0,checkmate,152,08bd640714a5e5e65f236d0407399912e4eef343d31d8140a3b99db5f19becc0,maia-relative-strength-100.pgn,maia3-1500__vs__maia3-1700.pgn
maia3-1500__vs__maia3-1700,160,80,MAIA3 1500,MAIA3 1700,maia3,maia3,1500,1700,Black,MAIA3 1700,MAIA3 1500,1/2-1/2,0.5,threefold repetition,53,08bd640714a5e5e65f236d0407399912e4eef343d31d8140a3b99db5f19becc0,maia-relative-strength-100.pgn,maia3-1500__vs__maia3-1700.pgn
maia3-1500__vs__maia3-1700,161,81,MAIA3 1500,MAIA3 1700,maia3,maia3,1500,1700,White,MAIA3 1500,MAIA3 1700,0-1,0.0,checkmate,132,08bd640714a5e5e65f236d0407399912e4eef343d31d8140a3b99db5f19becc0,maia-relative-strength-100.pgn,maia3-1500__vs__maia3-1700.pgn
maia3-1500__vs__maia3-1700,162,81,MAIA3 1500,MAIA3 1700,maia3,maia3,1500,1700,Black,MAIA3 1700,MAIA3 1500,1-0,0.0,checkmate,121,08bd640714a5e5e65f236d0407399912e4eef343d31d8140a3b99db5f19becc0,maia-relative-strength-100.pgn,maia3-1500__vs__maia3-1700.pgn
maia3-1500__vs__maia3-1700,163,82,MAIA3 1500,MAIA3 1700,maia3,maia3,1500,1700,White,MAIA3 1500,MAIA3 1700,1/2-1/2,0.5,threefold repetition,101,08bd640714a5e5e65f236d0407399912e4eef343d31d8140a3b99db5f19becc0,maia-relative-strength-100.pgn,maia3-1500__vs__maia3-1700.pgn
maia3-1500__vs__maia3-1700,164,82,MAIA3 1500,MAIA3 1700,maia3,maia3,1500,1700,Black,MAIA3 1700,MAIA3 1500,1-0,0.0,checkmate,157,08bd640714a5e5e65f236d0407399912e4eef343d31d8140a3b99db5f19becc0,maia-relative-strength-100.pgn,maia3-1500__vs__maia3-1700.pgn
maia3-1500__vs__maia3-1700,165,83,MAIA3 1500,MAIA3 1700,maia3,maia3,1500,1700,White,MAIA3 1500,MAIA3 1700,0-1,0.0,checkmate,110,08bd640714a5e5e65f236d0407399912e4eef343d31d8140a3b99db5f19becc0,maia-relative-strength-100.pgn,maia3-1500__vs__maia3-1700.pgn
maia3-1500__vs__maia3-1700,166,83,MAIA3 1500,MAIA3 1700,maia3,maia3,1500,1700,Black,MAIA3 1700,MAIA3 1500,1/2-1/2,0.5,threefold repetition,160,08bd640714a5e5e65f236d0407399912e4eef343d31d8140a3b99db5f19becc0,maia-relative-strength-100.pgn,maia3-1500__vs__maia3-1700.pgn
maia3-1500__vs__maia3-1700,167,84,MAIA3 1500,MAIA3 1700,maia3,maia3,1500,1700,White,MAIA3 1500,MAIA3 1700,1-0,1.0,checkmate,139,08bd640714a5e5e65f236d0407399912e4eef343d31d8140a3b99db5f19becc0,maia-relative-strength-100.pgn,maia3-1500__vs__maia3-1700.pgn
maia3-1500__vs__maia3-1700,168,84,MAIA3 1500,MAIA3 1700,maia3,maia3,1500,1700,Black,MAIA3 1700,MAIA3 1500,1-0,0.0,checkmate,127,08bd640714a5e5e65f236d0407399912e4eef343d31d8140a3b99db5f19becc0,maia-relative-strength-100.pgn,maia3-1500__vs__maia3-1700.pgn
maia3-1500__vs__maia3-1700,169,85,MAIA3 1500,MAIA3 1700,maia3,maia3,1500,1700,White,MAIA3 1500,MAIA3 1700,0-1,0.0,checkmate,90,08bd640714a5e5e65f236d0407399912e4eef343d31d8140a3b99db5f19becc0,maia-relative-strength-100.pgn,maia3-1500__vs__maia3-1700.pgn
maia3-1500__vs__maia3-1700,170,85,MAIA3 1500,MAIA3 1700,maia3,maia3,1500,1700,Black,MAIA3 1700,MAIA3 1500,1-0,0.0,checkmate,55,08bd640714a5e5e65f236d0407399912e4eef343d31d8140a3b99db5f19becc0,maia-relative-strength-100.pgn,maia3-1500__vs__maia3-1700.pgn
maia3-1500__vs__maia3-1700,171,86,MAIA3 1500,MAIA3 1700,maia3,maia3,1500,1700,White,MAIA3 1500,MAIA3 1700,1-0,1.0,checkmate,103,08bd640714a5e5e65f236d0407399912e4eef343d31d8140a3b99db5f19becc0,maia-relative-strength-100.pgn,maia3-1500__vs__maia3-1700.pgn
maia3-1500__vs__maia3-1700,172,86,MAIA3 1500,MAIA3 1700,maia3,maia3,1500,1700,Black,MAIA3 1700,MAIA3 1500,1-0,0.0,checkmate,89,08bd640714a5e5e65f236d0407399912e4eef343d31d8140a3b99db5f19becc0,maia-relative-strength-100.pgn,maia3-1500__vs__maia3-1700.pgn
maia3-1500__vs__maia3-1700,173,87,MAIA3 1500,MAIA3 1700,maia3,maia3,1500,1700,White,MAIA3 1500,MAIA3 1700,0-1,0.0,checkmate,46,08bd640714a5e5e65f236d0407399912e4eef343d31d8140a3b99db5f19becc0,maia-relative-strength-100.pgn,maia3-1500__vs__maia3-1700.pgn
maia3-1500__vs__maia3-1700,174,87,MAIA3 1500,MAIA3 1700,maia3,maia3,1500,1700,Black,MAIA3 1700,MAIA3 1500,1-0,0.0,checkmate,45,08bd640714a5e5e65f236d0407399912e4eef343d31d8140a3b99db5f19becc0,maia-relative-strength-100.pgn,maia3-1500__vs__maia3-1700.pgn
maia3-1500__vs__maia3-1700,175,88,MAIA3 1500,MAIA3 1700,maia3,maia3,1500,1700,White,MAIA3 1500,MAIA3 1700,0-1,0.0,checkmate,92,08bd640714a5e5e65f236d0407399912e4eef343d31d8140a3b99db5f19becc0,maia-relative-strength-100.pgn,maia3-1500__vs__maia3-1700.pgn
maia3-1500__vs__maia3-1700,176,88,MAIA3 1500,MAIA3 1700,maia3,maia3,1500,1700,Black,MAIA3 1700,MAIA3 1500,1-0,0.0,checkmate,61,08bd640714a5e5e65f236d0407399912e4eef343d31d8140a3b99db5f19becc0,maia-relative-strength-100.pgn,maia3-1500__vs__maia3-1700.pgn
maia3-1500__vs__maia3-1700,177,89,MAIA3 1500,MAIA3 1700,maia3,maia3,1500,1700,White,MAIA3 1500,MAIA3 1700,0-1,0.0,checkmate,116,08bd640714a5e5e65f236d0407399912e4eef343d31d8140a3b99db5f19becc0,maia-relative-strength-100.pgn,maia3-1500__vs__maia3-1700.pgn
maia3-1500__vs__maia3-1700,178,89,MAIA3 1500,MAIA3 1700,maia3,maia3,1500,1700,Black,MAIA3 1700,MAIA3 1500,0-1,1.0,checkmate,118,08bd640714a5e5e65f236d0407399912e4eef343d31d8140a3b99db5f19becc0,maia-relative-strength-100.pgn,maia3-1500__vs__maia3-1700.pgn
maia3-1500__vs__maia3-1700,179,90,MAIA3 1500,MAIA3 1700,maia3,maia3,1500,1700,White,MAIA3 1500,MAIA3 1700,1-0,1.0,checkmate,57,08bd640714a5e5e65f236d0407399912e4eef343d31d8140a3b99db5f19becc0,maia-relative-strength-100.pgn,maia3-1500__vs__maia3-1700.pgn
maia3-1500__vs__maia3-1700,180,90,MAIA3 1500,MAIA3 1700,maia3,maia3,1500,1700,Black,MAIA3 1700,MAIA3 1500,0-1,1.0,checkmate,134,08bd640714a5e5e65f236d0407399912e4eef343d31d8140a3b99db5f19becc0,maia-relative-strength-100.pgn,maia3-1500__vs__maia3-1700.pgn
maia3-1500__vs__maia3-1700,181,91,MAIA3 1500,MAIA3 1700,maia3,maia3,1500,1700,White,MAIA3 1500,MAIA3 1700,1-0,1.0,checkmate,113,08bd640714a5e5e65f236d0407399912e4eef343d31d8140a3b99db5f19becc0,maia-relative-strength-100.pgn,maia3-1500__vs__maia3-1700.pgn
maia3-1500__vs__maia3-1700,182,91,MAIA3 1500,MAIA3 1700,maia3,maia3,1500,1700,Black,MAIA3 1700,MAIA3 1500,1-0,0.0,checkmate,97,08bd640714a5e5e65f236d0407399912e4eef343d31d8140a3b99db5f19becc0,maia-relative-strength-100.pgn,maia3-1500__vs__maia3-1700.pgn
maia3-1500__vs__maia3-1700,183,92,MAIA3 1500,MAIA3 1700,maia3,maia3,1500,1700,White,MAIA3 1500,MAIA3 1700,1-0,1.0,checkmate,17,08bd640714a5e5e65f236d0407399912e4eef343d31d8140a3b99db5f19becc0,maia-relative-strength-100.pgn,maia3-1500__vs__maia3-1700.pgn
maia3-1500__vs__maia3-1700,184,92,MAIA3 1500,MAIA3 1700,maia3,maia3,1500,1700,Black,MAIA3 1700,MAIA3 1500,1-0,0.0,checkmate,17,08bd640714a5e5e65f236d0407399912e4eef343d31d8140a3b99db5f19becc0,maia-relative-strength-100.pgn,maia3-1500__vs__maia3-1700.pgn
maia3-1500__vs__maia3-1700,185,93,MAIA3 1500,MAIA3 1700,maia3,maia3,1500,1700,White,MAIA3 1500,MAIA3 1700,1-0,1.0,checkmate,43,08bd640714a5e5e65f236d0407399912e4eef343d31d8140a3b99db5f19becc0,maia-relative-strength-100.pgn,maia3-1500__vs__maia3-1700.pgn
maia3-1500__vs__maia3-1700,186,93,MAIA3 1500,MAIA3 1700,maia3,maia3,1500,1700,Black,MAIA3 1700,MAIA3 1500,1/2-1/2,0.5,stalemate,89,08bd640714a5e5e65f236d0407399912e4eef343d31d8140a3b99db5f19becc0,maia-relative-strength-100.pgn,maia3-1500__vs__maia3-1700.pgn
maia3-1500__vs__maia3-1700,187,94,MAIA3 1500,MAIA3 1700,maia3,maia3,1500,1700,White,MAIA3 1500,MAIA3 1700,0-1,0.0,checkmate,78,08bd640714a5e5e65f236d0407399912e4eef343d31d8140a3b99db5f19becc0,maia-relative-strength-100.pgn,maia3-1500__vs__maia3-1700.pgn
maia3-1500__vs__maia3-1700,188,94,MAIA3 1500,MAIA3 1700,maia3,maia3,1500,1700,Black,MAIA3 1700,MAIA3 1500,1-0,0.0,checkmate,87,08bd640714a5e5e65f236d0407399912e4eef343d31d8140a3b99db5f19becc0,maia-relative-strength-100.pgn,maia3-1500__vs__maia3-1700.pgn
maia3-1500__vs__maia3-1700,189,95,MAIA3 1500,MAIA3 1700,maia3,maia3,1500,1700,White,MAIA3 1500,MAIA3 1700,1/2-1/2,0.5,threefold repetition,61,08bd640714a5e5e65f236d0407399912e4eef343d31d8140a3b99db5f19becc0,maia-relative-strength-100.pgn,maia3-1500__vs__maia3-1700.pgn
maia3-1500__vs__maia3-1700,190,95,MAIA3 1500,MAIA3 1700,maia3,maia3,1500,1700,Black,MAIA3 1700,MAIA3 1500,0-1,1.0,checkmate,120,08bd640714a5e5e65f236d0407399912e4eef343d31d8140a3b99db5f19becc0,maia-relative-strength-100.pgn,maia3-1500__vs__maia3-1700.pgn
maia3-1500__vs__maia3-1700,191,96,MAIA3 1500,MAIA3 1700,maia3,maia3,1500,1700,White,MAIA3 1500,MAIA3 1700,0-1,0.0,checkmate,104,08bd640714a5e5e65f236d0407399912e4eef343d31d8140a3b99db5f19becc0,maia-relative-strength-100.pgn,maia3-1500__vs__maia3-1700.pgn
maia3-1500__vs__maia3-1700,192,96,MAIA3 1500,MAIA3 1700,maia3,maia3,1500,1700,Black,MAIA3 1700,MAIA3 1500,0-1,1.0,checkmate,104,08bd640714a5e5e65f236d0407399912e4eef343d31d8140a3b99db5f19becc0,maia-relative-strength-100.pgn,maia3-1500__vs__maia3-1700.pgn
maia3-1500__vs__maia3-1700,193,97,MAIA3 1500,MAIA3 1700,maia3,maia3,1500,1700,White,MAIA3 1500,MAIA3 1700,0-1,0.0,checkmate,78,08bd640714a5e5e65f236d0407399912e4eef343d31d8140a3b99db5f19becc0,maia-relative-strength-100.pgn,maia3-1500__vs__maia3-1700.pgn
maia3-1500__vs__maia3-1700,194,97,MAIA3 1500,MAIA3 1700,maia3,maia3,1500,1700,Black,MAIA3 1700,MAIA3 1500,1/2-1/2,0.5,threefold repetition,73,08bd640714a5e5e65f236d0407399912e4eef343d31d8140a3b99db5f19becc0,maia-relative-strength-100.pgn,maia3-1500__vs__maia3-1700.pgn
maia3-1500__vs__maia3-1700,195,98,MAIA3 1500,MAIA3 1700,maia3,maia3,1500,1700,White,MAIA3 1500,MAIA3 1700,1-0,1.0,checkmate,113,08bd640714a5e5e65f236d0407399912e4eef343d31d8140a3b99db5f19becc0,maia-relative-strength-100.pgn,maia3-1500__vs__maia3-1700.pgn
maia3-1500__vs__maia3-1700,196,98,MAIA3 1500,MAIA3 1700,maia3,maia3,1500,1700,Black,MAIA3 1700,MAIA3 1500,1/2-1/2,0.5,threefold repetition,102,08bd640714a5e5e65f236d0407399912e4eef343d31d8140a3b99db5f19becc0,maia-relative-strength-100.pgn,maia3-1500__vs__maia3-1700.pgn
maia3-1500__vs__maia3-1700,197,99,MAIA3 1500,MAIA3 1700,maia3,maia3,1500,1700,White,MAIA3 1500,MAIA3 1700,0-1,0.0,checkmate,78,08bd640714a5e5e65f236d0407399912e4eef343d31d8140a3b99db5f19becc0,maia-relative-strength-100.pgn,maia3-1500__vs__maia3-1700.pgn
maia3-1500__vs__maia3-1700,198,99,MAIA3 1500,MAIA3 1700,maia3,maia3,1500,1700,Black,MAIA3 1700,MAIA3 1500,1/2-1/2,0.5,stalemate,62,08bd640714a5e5e65f236d0407399912e4eef343d31d8140a3b99db5f19becc0,maia-relative-strength-100.pgn,maia3-1500__vs__maia3-1700.pgn
maia3-1500__vs__maia3-1700,199,100,MAIA3 1500,MAIA3 1700,maia3,maia3,1500,1700,White,MAIA3 1500,MAIA3 1700,0-1,0.0,checkmate,92,08bd640714a5e5e65f236d0407399912e4eef343d31d8140a3b99db5f19becc0,maia-relative-strength-100.pgn,maia3-1500__vs__maia3-1700.pgn
maia3-1500__vs__maia3-1700,200,100,MAIA3 1500,MAIA3 1700,maia3,maia3,1500,1700,Black,MAIA3 1700,MAIA3 1500,1-0,0.0,checkmate,61,08bd640714a5e5e65f236d0407399912e4eef343d31d8140a3b99db5f19becc0,maia-relative-strength-100.pgn,maia3-1500__vs__maia3-1700.pgn
maia3-1700__vs__maia3-1900,1,1,MAIA3 1700,MAIA3 1900,maia3,maia3,1700,1900,White,MAIA3 1700,MAIA3 1900,0-1,0.0,checkmate,182,e179bde0d13eb2efe421265a9266dab1a0410e4db5c3bfa027f6fab3ad8d30d1,maia-relative-strength-100.pgn,maia3-1700__vs__maia3-1900.pgn
maia3-1700__vs__maia3-1900,2,1,MAIA3 1700,MAIA3 1900,maia3,maia3,1700,1900,Black,MAIA3 1900,MAIA3 1700,1-0,0.0,checkmate,55,e179bde0d13eb2efe421265a9266dab1a0410e4db5c3bfa027f6fab3ad8d30d1,maia-relative-strength-100.pgn,maia3-1700__vs__maia3-1900.pgn
maia3-1700__vs__maia3-1900,3,2,MAIA3 1700,MAIA3 1900,maia3,maia3,1700,1900,White,MAIA3 1700,MAIA3 1900,1/2-1/2,0.5,threefold repetition,110,e179bde0d13eb2efe421265a9266dab1a0410e4db5c3bfa027f6fab3ad8d30d1,maia-relative-strength-100.pgn,maia3-1700__vs__maia3-1900.pgn
maia3-1700__vs__maia3-1900,4,2,MAIA3 1700,MAIA3 1900,maia3,maia3,1700,1900,Black,MAIA3 1900,MAIA3 1700,1/2-1/2,0.5,insufficient material,122,e179bde0d13eb2efe421265a9266dab1a0410e4db5c3bfa027f6fab3ad8d30d1,maia-relative-strength-100.pgn,maia3-1700__vs__maia3-1900.pgn
maia3-1700__vs__maia3-1900,5,3,MAIA3 1700,MAIA3 1900,maia3,maia3,1700,1900,White,MAIA3 1700,MAIA3 1900,1-0,1.0,checkmate,139,e179bde0d13eb2efe421265a9266dab1a0410e4db5c3bfa027f6fab3ad8d30d1,maia-relative-strength-100.pgn,maia3-1700__vs__maia3-1900.pgn
maia3-1700__vs__maia3-1900,6,3,MAIA3 1700,MAIA3 1900,maia3,maia3,1700,1900,Black,MAIA3 1900,MAIA3 1700,0-1,1.0,checkmate,160,e179bde0d13eb2efe421265a9266dab1a0410e4db5c3bfa027f6fab3ad8d30d1,maia-relative-strength-100.pgn,maia3-1700__vs__maia3-1900.pgn
maia3-1700__vs__maia3-1900,7,4,MAIA3 1700,MAIA3 1900,maia3,maia3,1700,1900,White,MAIA3 1700,MAIA3 1900,1/2-1/2,0.5,threefold repetition,50,e179bde0d13eb2efe421265a9266dab1a0410e4db5c3bfa027f6fab3ad8d30d1,maia-relative-strength-100.pgn,maia3-1700__vs__maia3-1900.pgn
maia3-1700__vs__maia3-1900,8,4,MAIA3 1700,MAIA3 1900,maia3,maia3,1700,1900,Black,MAIA3 1900,MAIA3 1700,1/2-1/2,0.5,threefold repetition,118,e179bde0d13eb2efe421265a9266dab1a0410e4db5c3bfa027f6fab3ad8d30d1,maia-relative-strength-100.pgn,maia3-1700__vs__maia3-1900.pgn
maia3-1700__vs__maia3-1900,9,5,MAIA3 1700,MAIA3 1900,maia3,maia3,1700,1900,White,MAIA3 1700,MAIA3 1900,0-1,0.0,checkmate,204,e179bde0d13eb2efe421265a9266dab1a0410e4db5c3bfa027f6fab3ad8d30d1,maia-relative-strength-100.pgn,maia3-1700__vs__maia3-1900.pgn
maia3-1700__vs__maia3-1900,10,5,MAIA3 1700,MAIA3 1900,maia3,maia3,1700,1900,Black,MAIA3 1900,MAIA3 1700,0-1,1.0,checkmate,146,e179bde0d13eb2efe421265a9266dab1a0410e4db5c3bfa027f6fab3ad8d30d1,maia-relative-strength-100.pgn,maia3-1700__vs__maia3-1900.pgn
maia3-1700__vs__maia3-1900,11,6,MAIA3 1700,MAIA3 1900,maia3,maia3,1700,1900,White,MAIA3 1700,MAIA3 1900,1-0,1.0,checkmate,41,e179bde0d13eb2efe421265a9266dab1a0410e4db5c3bfa027f6fab3ad8d30d1,maia-relative-strength-100.pgn,maia3-1700__vs__maia3-1900.pgn
maia3-1700__vs__maia3-1900,12,6,MAIA3 1700,MAIA3 1900,maia3,maia3,1700,1900,Black,MAIA3 1900,MAIA3 1700,1-0,0.0,checkmate,31,e179bde0d13eb2efe421265a9266dab1a0410e4db5c3bfa027f6fab3ad8d30d1,maia-relative-strength-100.pgn,maia3-1700__vs__maia3-1900.pgn
maia3-1700__vs__maia3-1900,13,7,MAIA3 1700,MAIA3 1900,maia3,maia3,1700,1900,White,MAIA3 1700,MAIA3 1900,1/2-1/2,0.5,threefold repetition,113,e179bde0d13eb2efe421265a9266dab1a0410e4db5c3bfa027f6fab3ad8d30d1,maia-relative-strength-100.pgn,maia3-1700__vs__maia3-1900.pgn
maia3-1700__vs__maia3-1900,14,7,MAIA3 1700,MAIA3 1900,maia3,maia3,1700,1900,Black,MAIA3 1900,MAIA3 1700,1-0,0.0,checkmate,45,e179bde0d13eb2efe421265a9266dab1a0410e4db5c3bfa027f6fab3ad8d30d1,maia-relative-strength-100.pgn,maia3-1700__vs__maia3-1900.pgn
maia3-1700__vs__maia3-1900,15,8,MAIA3 1700,MAIA3 1900,maia3,maia3,1700,1900,White,MAIA3 1700,MAIA3 1900,1/2-1/2,0.5,threefold repetition,53,e179bde0d13eb2efe421265a9266dab1a0410e4db5c3bfa027f6fab3ad8d30d1,maia-relative-strength-100.pgn,maia3-1700__vs__maia3-1900.pgn
maia3-1700__vs__maia3-1900,16,8,MAIA3 1700,MAIA3 1900,maia3,maia3,1700,1900,Black,MAIA3 1900,MAIA3 1700,1-0,0.0,checkmate,91,e179bde0d13eb2efe421265a9266dab1a0410e4db5c3bfa027f6fab3ad8d30d1,maia-relative-strength-100.pgn,maia3-1700__vs__maia3-1900.pgn
maia3-1700__vs__maia3-1900,17,9,MAIA3 1700,MAIA3 1900,maia3,maia3,1700,1900,White,MAIA3 1700,MAIA3 1900,1-0,1.0,checkmate,95,e179bde0d13eb2efe421265a9266dab1a0410e4db5c3bfa027f6fab3ad8d30d1,maia-relative-strength-100.pgn,maia3-1700__vs__maia3-1900.pgn
maia3-1700__vs__maia3-1900,18,9,MAIA3 1700,MAIA3 1900,maia3,maia3,1700,1900,Black,MAIA3 1900,MAIA3 1700,0-1,1.0,checkmate,182,e179bde0d13eb2efe421265a9266dab1a0410e4db5c3bfa027f6fab3ad8d30d1,maia-relative-strength-100.pgn,maia3-1700__vs__maia3-1900.pgn
maia3-1700__vs__maia3-1900,19,10,MAIA3 1700,MAIA3 1900,maia3,maia3,1700,1900,White,MAIA3 1700,MAIA3 1900,1/2-1/2,0.5,threefold repetition,122,e179bde0d13eb2efe421265a9266dab1a0410e4db5c3bfa027f6fab3ad8d30d1,maia-relative-strength-100.pgn,maia3-1700__vs__maia3-1900.pgn
maia3-1700__vs__maia3-1900,20,10,MAIA3 1700,MAIA3 1900,maia3,maia3,1700,1900,Black,MAIA3 1900,MAIA3 1700,0-1,1.0,checkmate,116,e179bde0d13eb2efe421265a9266dab1a0410e4db5c3bfa027f6fab3ad8d30d1,maia-relative-strength-100.pgn,maia3-1700__vs__maia3-1900.pgn
maia3-1700__vs__maia3-1900,21,11,MAIA3 1700,MAIA3 1900,maia3,maia3,1700,1900,White,MAIA3 1700,MAIA3 1900,0-1,0.0,checkmate,110,e179bde0d13eb2efe421265a9266dab1a0410e4db5c3bfa027f6fab3ad8d30d1,maia-relative-strength-100.pgn,maia3-1700__vs__maia3-1900.pgn
maia3-1700__vs__maia3-1900,22,11,MAIA3 1700,MAIA3 1900,maia3,maia3,1700,1900,Black,MAIA3 1900,MAIA3 1700,1-0,0.0,checkmate,115,e179bde0d13eb2efe421265a9266dab1a0410e4db5c3bfa027f6fab3ad8d30d1,maia-relative-strength-100.pgn,maia3-1700__vs__maia3-1900.pgn
maia3-1700__vs__maia3-1900,23,12,MAIA3 1700,MAIA3 1900,maia3,maia3,1700,1900,White,MAIA3 1700,MAIA3 1900,0-1,0.0,checkmate,86,e179bde0d13eb2efe421265a9266dab1a0410e4db5c3bfa027f6fab3ad8d30d1,maia-relative-strength-100.pgn,maia3-1700__vs__maia3-1900.pgn
maia3-1700__vs__maia3-1900,24,12,MAIA3 1700,MAIA3 1900,maia3,maia3,1700,1900,Black,MAIA3 1900,MAIA3 1700,0-1,1.0,checkmate,90,e179bde0d13eb2efe421265a9266dab1a0410e4db5c3bfa027f6fab3ad8d30d1,maia-relative-strength-100.pgn,maia3-1700__vs__maia3-1900.pgn
maia3-1700__vs__maia3-1900,25,13,MAIA3 1700,MAIA3 1900,maia3,maia3,1700,1900,White,MAIA3 1700,MAIA3 1900,1-0,1.0,checkmate,115,e179bde0d13eb2efe421265a9266dab1a0410e4db5c3bfa027f6fab3ad8d30d1,maia-relative-strength-100.pgn,maia3-1700__vs__maia3-1900.pgn
maia3-1700__vs__maia3-1900,26,13,MAIA3 1700,MAIA3 1900,maia3,maia3,1700,1900,Black,MAIA3 1900,MAIA3 1700,1-0,0.0,checkmate,99,e179bde0d13eb2efe421265a9266dab1a0410e4db5c3bfa027f6fab3ad8d30d1,maia-relative-strength-100.pgn,maia3-1700__vs__maia3-1900.pgn
maia3-1700__vs__maia3-1900,27,14,MAIA3 1700,MAIA3 1900,maia3,maia3,1700,1900,White,MAIA3 1700,MAIA3 1900,0-1,0.0,checkmate,118,e179bde0d13eb2efe421265a9266dab1a0410e4db5c3bfa027f6fab3ad8d30d1,maia-relative-strength-100.pgn,maia3-1700__vs__maia3-1900.pgn
maia3-1700__vs__maia3-1900,28,14,MAIA3 1700,MAIA3 1900,maia3,maia3,1700,1900,Black,MAIA3 1900,MAIA3 1700,0-1,1.0,checkmate,52,e179bde0d13eb2efe421265a9266dab1a0410e4db5c3bfa027f6fab3ad8d30d1,maia-relative-strength-100.pgn,maia3-1700__vs__maia3-1900.pgn
maia3-1700__vs__maia3-1900,29,15,MAIA3 1700,MAIA3 1900,maia3,maia3,1700,1900,White,MAIA3 1700,MAIA3 1900,0-1,0.0,checkmate,96,e179bde0d13eb2efe421265a9266dab1a0410e4db5c3bfa027f6fab3ad8d30d1,maia-relative-strength-100.pgn,maia3-1700__vs__maia3-1900.pgn
maia3-1700__vs__maia3-1900,30,15,MAIA3 1700,MAIA3 1900,maia3,maia3,1700,1900,Black,MAIA3 1900,MAIA3 1700,1-0,0.0,checkmate,185,e179bde0d13eb2efe421265a9266dab1a0410e4db5c3bfa027f6fab3ad8d30d1,maia-relative-strength-100.pgn,maia3-1700__vs__maia3-1900.pgn
maia3-1700__vs__maia3-1900,31,16,MAIA3 1700,MAIA3 1900,maia3,maia3,1700,1900,White,MAIA3 1700,MAIA3 1900,1-0,1.0,checkmate,73,e179bde0d13eb2efe421265a9266dab1a0410e4db5c3bfa027f6fab3ad8d30d1,maia-relative-strength-100.pgn,maia3-1700__vs__maia3-1900.pgn
maia3-1700__vs__maia3-1900,32,16,MAIA3 1700,MAIA3 1900,maia3,maia3,1700,1900,Black,MAIA3 1900,MAIA3 1700,1-0,0.0,checkmate,45,e179bde0d13eb2efe421265a9266dab1a0410e4db5c3bfa027f6fab3ad8d30d1,maia-relative-strength-100.pgn,maia3-1700__vs__maia3-1900.pgn
maia3-1700__vs__maia3-1900,33,17,MAIA3 1700,MAIA3 1900,maia3,maia3,1700,1900,White,MAIA3 1700,MAIA3 1900,1/2-1/2,0.5,threefold repetition,107,e179bde0d13eb2efe421265a9266dab1a0410e4db5c3bfa027f6fab3ad8d30d1,maia-relative-strength-100.pgn,maia3-1700__vs__maia3-1900.pgn
maia3-1700__vs__maia3-1900,34,17,MAIA3 1700,MAIA3 1900,maia3,maia3,1700,1900,Black,MAIA3 1900,MAIA3 1700,1-0,0.0,checkmate,101,e179bde0d13eb2efe421265a9266dab1a0410e4db5c3bfa027f6fab3ad8d30d1,maia-relative-strength-100.pgn,maia3-1700__vs__maia3-1900.pgn
maia3-1700__vs__maia3-1900,35,18,MAIA3 1700,MAIA3 1900,maia3,maia3,1700,1900,White,MAIA3 1700,MAIA3 1900,0-1,0.0,checkmate,90,e179bde0d13eb2efe421265a9266dab1a0410e4db5c3bfa027f6fab3ad8d30d1,maia-relative-strength-100.pgn,maia3-1700__vs__maia3-1900.pgn
maia3-1700__vs__maia3-1900,36,18,MAIA3 1700,MAIA3 1900,maia3,maia3,1700,1900,Black,MAIA3 1900,MAIA3 1700,1-0,0.0,checkmate,181,e179bde0d13eb2efe421265a9266dab1a0410e4db5c3bfa027f6fab3ad8d30d1,maia-relative-strength-100.pgn,maia3-1700__vs__maia3-1900.pgn
maia3-1700__vs__maia3-1900,37,19,MAIA3 1700,MAIA3 1900,maia3,maia3,1700,1900,White,MAIA3 1700,MAIA3 1900,1-0,1.0,checkmate,139,e179bde0d13eb2efe421265a9266dab1a0410e4db5c3bfa027f6fab3ad8d30d1,maia-relative-strength-100.pgn,maia3-1700__vs__maia3-1900.pgn
maia3-1700__vs__maia3-1900,38,19,MAIA3 1700,MAIA3 1900,maia3,maia3,1700,1900,Black,MAIA3 1900,MAIA3 1700,1-0,0.0,checkmate,141,e179bde0d13eb2efe421265a9266dab1a0410e4db5c3bfa027f6fab3ad8d30d1,maia-relative-strength-100.pgn,maia3-1700__vs__maia3-1900.pgn
maia3-1700__vs__maia3-1900,39,20,MAIA3 1700,MAIA3 1900,maia3,maia3,1700,1900,White,MAIA3 1700,MAIA3 1900,1/2-1/2,0.5,threefold repetition,131,e179bde0d13eb2efe421265a9266dab1a0410e4db5c3bfa027f6fab3ad8d30d1,maia-relative-strength-100.pgn,maia3-1700__vs__maia3-1900.pgn
maia3-1700__vs__maia3-1900,40,20,MAIA3 1700,MAIA3 1900,maia3,maia3,1700,1900,Black,MAIA3 1900,MAIA3 1700,1-0,0.0,checkmate,127,e179bde0d13eb2efe421265a9266dab1a0410e4db5c3bfa027f6fab3ad8d30d1,maia-relative-strength-100.pgn,maia3-1700__vs__maia3-1900.pgn
maia3-1700__vs__maia3-1900,41,21,MAIA3 1700,MAIA3 1900,maia3,maia3,1700,1900,White,MAIA3 1700,MAIA3 1900,1-0,1.0,checkmate,93,e179bde0d13eb2efe421265a9266dab1a0410e4db5c3bfa027f6fab3ad8d30d1,maia-relative-strength-100.pgn,maia3-1700__vs__maia3-1900.pgn
maia3-1700__vs__maia3-1900,42,21,MAIA3 1700,MAIA3 1900,maia3,maia3,1700,1900,Black,MAIA3 1900,MAIA3 1700,1-0,0.0,checkmate,87,e179bde0d13eb2efe421265a9266dab1a0410e4db5c3bfa027f6fab3ad8d30d1,maia-relative-strength-100.pgn,maia3-1700__vs__maia3-1900.pgn
maia3-1700__vs__maia3-1900,43,22,MAIA3 1700,MAIA3 1900,maia3,maia3,1700,1900,White,MAIA3 1700,MAIA3 1900,1-0,1.0,checkmate,105,e179bde0d13eb2efe421265a9266dab1a0410e4db5c3bfa027f6fab3ad8d30d1,maia-relative-strength-100.pgn,maia3-1700__vs__maia3-1900.pgn
maia3-1700__vs__maia3-1900,44,22,MAIA3 1700,MAIA3 1900,maia3,maia3,1700,1900,Black,MAIA3 1900,MAIA3 1700,0-1,1.0,checkmate,116,e179bde0d13eb2efe421265a9266dab1a0410e4db5c3bfa027f6fab3ad8d30d1,maia-relative-strength-100.pgn,maia3-1700__vs__maia3-1900.pgn
maia3-1700__vs__maia3-1900,45,23,MAIA3 1700,MAIA3 1900,maia3,maia3,1700,1900,White,MAIA3 1700,MAIA3 1900,1-0,1.0,checkmate,105,e179bde0d13eb2efe421265a9266dab1a0410e4db5c3bfa027f6fab3ad8d30d1,maia-relative-strength-100.pgn,maia3-1700__vs__maia3-1900.pgn
maia3-1700__vs__maia3-1900,46,23,MAIA3 1700,MAIA3 1900,maia3,maia3,1700,1900,Black,MAIA3 1900,MAIA3 1700,1-0,0.0,checkmate,65,e179bde0d13eb2efe421265a9266dab1a0410e4db5c3bfa027f6fab3ad8d30d1,maia-relative-strength-100.pgn,maia3-1700__vs__maia3-1900.pgn
maia3-1700__vs__maia3-1900,47,24,MAIA3 1700,MAIA3 1900,maia3,maia3,1700,1900,White,MAIA3 1700,MAIA3 1900,1-0,1.0,checkmate,115,e179bde0d13eb2efe421265a9266dab1a0410e4db5c3bfa027f6fab3ad8d30d1,maia-relative-strength-100.pgn,maia3-1700__vs__maia3-1900.pgn
maia3-1700__vs__maia3-1900,48,24,MAIA3 1700,MAIA3 1900,maia3,maia3,1700,1900,Black,MAIA3 1900,MAIA3 1700,1-0,0.0,checkmate,111,e179bde0d13eb2efe421265a9266dab1a0410e4db5c3bfa027f6fab3ad8d30d1,maia-relative-strength-100.pgn,maia3-1700__vs__maia3-1900.pgn
maia3-1700__vs__maia3-1900,49,25,MAIA3 1700,MAIA3 1900,maia3,maia3,1700,1900,White,MAIA3 1700,MAIA3 1900,1-0,1.0,checkmate,87,e179bde0d13eb2efe421265a9266dab1a0410e4db5c3bfa027f6fab3ad8d30d1,maia-relative-strength-100.pgn,maia3-1700__vs__maia3-1900.pgn
maia3-1700__vs__maia3-1900,50,25,MAIA3 1700,MAIA3 1900,maia3,maia3,1700,1900,Black,MAIA3 1900,MAIA3 1700,1-0,0.0,checkmate,39,e179bde0d13eb2efe421265a9266dab1a0410e4db5c3bfa027f6fab3ad8d30d1,maia-relative-strength-100.pgn,maia3-1700__vs__maia3-1900.pgn
maia3-1700__vs__maia3-1900,51,26,MAIA3 1700,MAIA3 1900,maia3,maia3,1700,1900,White,MAIA3 1700,MAIA3 1900,0-1,0.0,checkmate,72,e179bde0d13eb2efe421265a9266dab1a0410e4db5c3bfa027f6fab3ad8d30d1,maia-relative-strength-100.pgn,maia3-1700__vs__maia3-1900.pgn
maia3-1700__vs__maia3-1900,52,26,MAIA3 1700,MAIA3 1900,maia3,maia3,1700,1900,Black,MAIA3 1900,MAIA3 1700,0-1,1.0,checkmate,90,e179bde0d13eb2efe421265a9266dab1a0410e4db5c3bfa027f6fab3ad8d30d1,maia-relative-strength-100.pgn,maia3-1700__vs__maia3-1900.pgn
maia3-1700__vs__maia3-1900,53,27,MAIA3 1700,MAIA3 1900,maia3,maia3,1700,1900,White,MAIA3 1700,MAIA3 1900,1-0,1.0,checkmate,107,e179bde0d13eb2efe421265a9266dab1a0410e4db5c3bfa027f6fab3ad8d30d1,maia-relative-strength-100.pgn,maia3-1700__vs__maia3-1900.pgn
maia3-1700__vs__maia3-1900,54,27,MAIA3 1700,MAIA3 1900,maia3,maia3,1700,1900,Black,MAIA3 1900,MAIA3 1700,1-0,0.0,checkmate,83,e179bde0d13eb2efe421265a9266dab1a0410e4db5c3bfa027f6fab3ad8d30d1,maia-relative-strength-100.pgn,maia3-1700__vs__maia3-1900.pgn
maia3-1700__vs__maia3-1900,55,28,MAIA3 1700,MAIA3 1900,maia3,maia3,1700,1900,White,MAIA3 1700,MAIA3 1900,1-0,1.0,checkmate,177,e179bde0d13eb2efe421265a9266dab1a0410e4db5c3bfa027f6fab3ad8d30d1,maia-relative-strength-100.pgn,maia3-1700__vs__maia3-1900.pgn
maia3-1700__vs__maia3-1900,56,28,MAIA3 1700,MAIA3 1900,maia3,maia3,1700,1900,Black,MAIA3 1900,MAIA3 1700,1-0,0.0,checkmate,107,e179bde0d13eb2efe421265a9266dab1a0410e4db5c3bfa027f6fab3ad8d30d1,maia-relative-strength-100.pgn,maia3-1700__vs__maia3-1900.pgn
maia3-1700__vs__maia3-1900,57,29,MAIA3 1700,MAIA3 1900,maia3,maia3,1700,1900,White,MAIA3 1700,MAIA3 1900,0-1,0.0,checkmate,130,e179bde0d13eb2efe421265a9266dab1a0410e4db5c3bfa027f6fab3ad8d30d1,maia-relative-strength-100.pgn,maia3-1700__vs__maia3-1900.pgn
maia3-1700__vs__maia3-1900,58,29,MAIA3 1700,MAIA3 1900,maia3,maia3,1700,1900,Black,MAIA3 1900,MAIA3 1700,1-0,0.0,checkmate,55,e179bde0d13eb2efe421265a9266dab1a0410e4db5c3bfa027f6fab3ad8d30d1,maia-relative-strength-100.pgn,maia3-1700__vs__maia3-1900.pgn
maia3-1700__vs__maia3-1900,59,30,MAIA3 1700,MAIA3 1900,maia3,maia3,1700,1900,White,MAIA3 1700,MAIA3 1900,0-1,0.0,checkmate,110,e179bde0d13eb2efe421265a9266dab1a0410e4db5c3bfa027f6fab3ad8d30d1,maia-relative-strength-100.pgn,maia3-1700__vs__maia3-1900.pgn
maia3-1700__vs__maia3-1900,60,30,MAIA3 1700,MAIA3 1900,maia3,maia3,1700,1900,Black,MAIA3 1900,MAIA3 1700,1-0,0.0,checkmate,47,e179bde0d13eb2efe421265a9266dab1a0410e4db5c3bfa027f6fab3ad8d30d1,maia-relative-strength-100.pgn,maia3-1700__vs__maia3-1900.pgn
maia3-1700__vs__maia3-1900,61,31,MAIA3 1700,MAIA3 1900,maia3,maia3,1700,1900,White,MAIA3 1700,MAIA3 1900,1-0,1.0,checkmate,79,e179bde0d13eb2efe421265a9266dab1a0410e4db5c3bfa027f6fab3ad8d30d1,maia-relative-strength-100.pgn,maia3-1700__vs__maia3-1900.pgn
maia3-1700__vs__maia3-1900,62,31,MAIA3 1700,MAIA3 1900,maia3,maia3,1700,1900,Black,MAIA3 1900,MAIA3 1700,1-0,0.0,checkmate,121,e179bde0d13eb2efe421265a9266dab1a0410e4db5c3bfa027f6fab3ad8d30d1,maia-relative-strength-100.pgn,maia3-1700__vs__maia3-1900.pgn
maia3-1700__vs__maia3-1900,63,32,MAIA3 1700,MAIA3 1900,maia3,maia3,1700,1900,White,MAIA3 1700,MAIA3 1900,0-1,0.0,checkmate,84,e179bde0d13eb2efe421265a9266dab1a0410e4db5c3bfa027f6fab3ad8d30d1,maia-relative-strength-100.pgn,maia3-1700__vs__maia3-1900.pgn
maia3-1700__vs__maia3-1900,64,32,MAIA3 1700,MAIA3 1900,maia3,maia3,1700,1900,Black,MAIA3 1900,MAIA3 1700,1-0,0.0,checkmate,51,e179bde0d13eb2efe421265a9266dab1a0410e4db5c3bfa027f6fab3ad8d30d1,maia-relative-strength-100.pgn,maia3-1700__vs__maia3-1900.pgn
maia3-1700__vs__maia3-1900,65,33,MAIA3 1700,MAIA3 1900,maia3,maia3,1700,1900,White,MAIA3 1700,MAIA3 1900,1/2-1/2,0.5,threefold repetition,86,e179bde0d13eb2efe421265a9266dab1a0410e4db5c3bfa027f6fab3ad8d30d1,maia-relative-strength-100.pgn,maia3-1700__vs__maia3-1900.pgn
maia3-1700__vs__maia3-1900,66,33,MAIA3 1700,MAIA3 1900,maia3,maia3,1700,1900,Black,MAIA3 1900,MAIA3 1700,1-0,0.0,checkmate,147,e179bde0d13eb2efe421265a9266dab1a0410e4db5c3bfa027f6fab3ad8d30d1,maia-relative-strength-100.pgn,maia3-1700__vs__maia3-1900.pgn
maia3-1700__vs__maia3-1900,67,34,MAIA3 1700,MAIA3 1900,maia3,maia3,1700,1900,White,MAIA3 1700,MAIA3 1900,1-0,1.0,checkmate,27,e179bde0d13eb2efe421265a9266dab1a0410e4db5c3bfa027f6fab3ad8d30d1,maia-relative-strength-100.pgn,maia3-1700__vs__maia3-1900.pgn
maia3-1700__vs__maia3-1900,68,34,MAIA3 1700,MAIA3 1900,maia3,maia3,1700,1900,Black,MAIA3 1900,MAIA3 1700,1-0,0.0,checkmate,55,e179bde0d13eb2efe421265a9266dab1a0410e4db5c3bfa027f6fab3ad8d30d1,maia-relative-strength-100.pgn,maia3-1700__vs__maia3-1900.pgn
maia3-1700__vs__maia3-1900,69,35,MAIA3 1700,MAIA3 1900,maia3,maia3,1700,1900,White,MAIA3 1700,MAIA3 1900,0-1,0.0,checkmate,68,e179bde0d13eb2efe421265a9266dab1a0410e4db5c3bfa027f6fab3ad8d30d1,maia-relative-strength-100.pgn,maia3-1700__vs__maia3-1900.pgn
maia3-1700__vs__maia3-1900,70,35,MAIA3 1700,MAIA3 1900,maia3,maia3,1700,1900,Black,MAIA3 1900,MAIA3 1700,1-0,0.0,checkmate,137,e179bde0d13eb2efe421265a9266dab1a0410e4db5c3bfa027f6fab3ad8d30d1,maia-relative-strength-100.pgn,maia3-1700__vs__maia3-1900.pgn
maia3-1700__vs__maia3-1900,71,36,MAIA3 1700,MAIA3 1900,maia3,maia3,1700,1900,White,MAIA3 1700,MAIA3 1900,0-1,0.0,checkmate,114,e179bde0d13eb2efe421265a9266dab1a0410e4db5c3bfa027f6fab3ad8d30d1,maia-relative-strength-100.pgn,maia3-1700__vs__maia3-1900.pgn
maia3-1700__vs__maia3-1900,72,36,MAIA3 1700,MAIA3 1900,maia3,maia3,1700,1900,Black,MAIA3 1900,MAIA3 1700,0-1,1.0,checkmate,114,e179bde0d13eb2efe421265a9266dab1a0410e4db5c3bfa027f6fab3ad8d30d1,maia-relative-strength-100.pgn,maia3-1700__vs__maia3-1900.pgn
maia3-1700__vs__maia3-1900,73,37,MAIA3 1700,MAIA3 1900,maia3,maia3,1700,1900,White,MAIA3 1700,MAIA3 1900,0-1,0.0,checkmate,72,e179bde0d13eb2efe421265a9266dab1a0410e4db5c3bfa027f6fab3ad8d30d1,maia-relative-strength-100.pgn,maia3-1700__vs__maia3-1900.pgn
maia3-1700__vs__maia3-1900,74,37,MAIA3 1700,MAIA3 1900,maia3,maia3,1700,1900,Black,MAIA3 1900,MAIA3 1700,0-1,1.0,checkmate,82,e179bde0d13eb2efe421265a9266dab1a0410e4db5c3bfa027f6fab3ad8d30d1,maia-relative-strength-100.pgn,maia3-1700__vs__maia3-1900.pgn
maia3-1700__vs__maia3-1900,75,38,MAIA3 1700,MAIA3 1900,maia3,maia3,1700,1900,White,MAIA3 1700,MAIA3 1900,0-1,0.0,checkmate,80,e179bde0d13eb2efe421265a9266dab1a0410e4db5c3bfa027f6fab3ad8d30d1,maia-relative-strength-100.pgn,maia3-1700__vs__maia3-1900.pgn
maia3-1700__vs__maia3-1900,76,38,MAIA3 1700,MAIA3 1900,maia3,maia3,1700,1900,Black,MAIA3 1900,MAIA3 1700,1-0,0.0,checkmate,117,e179bde0d13eb2efe421265a9266dab1a0410e4db5c3bfa027f6fab3ad8d30d1,maia-relative-strength-100.pgn,maia3-1700__vs__maia3-1900.pgn
maia3-1700__vs__maia3-1900,77,39,MAIA3 1700,MAIA3 1900,maia3,maia3,1700,1900,White,MAIA3 1700,MAIA3 1900,1/2-1/2,0.5,threefold repetition,86,e179bde0d13eb2efe421265a9266dab1a0410e4db5c3bfa027f6fab3ad8d30d1,maia-relative-strength-100.pgn,maia3-1700__vs__maia3-1900.pgn
maia3-1700__vs__maia3-1900,78,39,MAIA3 1700,MAIA3 1900,maia3,maia3,1700,1900,Black,MAIA3 1900,MAIA3 1700,1-0,0.0,checkmate,63,e179bde0d13eb2efe421265a9266dab1a0410e4db5c3bfa027f6fab3ad8d30d1,maia-relative-strength-100.pgn,maia3-1700__vs__maia3-1900.pgn
maia3-1700__vs__maia3-1900,79,40,MAIA3 1700,MAIA3 1900,maia3,maia3,1700,1900,White,MAIA3 1700,MAIA3 1900,1-0,1.0,checkmate,85,e179bde0d13eb2efe421265a9266dab1a0410e4db5c3bfa027f6fab3ad8d30d1,maia-relative-strength-100.pgn,maia3-1700__vs__maia3-1900.pgn
maia3-1700__vs__maia3-1900,80,40,MAIA3 1700,MAIA3 1900,maia3,maia3,1700,1900,Black,MAIA3 1900,MAIA3 1700,1-0,0.0,checkmate,71,e179bde0d13eb2efe421265a9266dab1a0410e4db5c3bfa027f6fab3ad8d30d1,maia-relative-strength-100.pgn,maia3-1700__vs__maia3-1900.pgn
maia3-1700__vs__maia3-1900,81,41,MAIA3 1700,MAIA3 1900,maia3,maia3,1700,1900,White,MAIA3 1700,MAIA3 1900,0-1,0.0,checkmate,128,e179bde0d13eb2efe421265a9266dab1a0410e4db5c3bfa027f6fab3ad8d30d1,maia-relative-strength-100.pgn,maia3-1700__vs__maia3-1900.pgn
maia3-1700__vs__maia3-1900,82,41,MAIA3 1700,MAIA3 1900,maia3,maia3,1700,1900,Black,MAIA3 1900,MAIA3 1700,1-0,0.0,checkmate,121,e179bde0d13eb2efe421265a9266dab1a0410e4db5c3bfa027f6fab3ad8d30d1,maia-relative-strength-100.pgn,maia3-1700__vs__maia3-1900.pgn
maia3-1700__vs__maia3-1900,83,42,MAIA3 1700,MAIA3 1900,maia3,maia3,1700,1900,White,MAIA3 1700,MAIA3 1900,1/2-1/2,0.5,threefold repetition,36,e179bde0d13eb2efe421265a9266dab1a0410e4db5c3bfa027f6fab3ad8d30d1,maia-relative-strength-100.pgn,maia3-1700__vs__maia3-1900.pgn
maia3-1700__vs__maia3-1900,84,42,MAIA3 1700,MAIA3 1900,maia3,maia3,1700,1900,Black,MAIA3 1900,MAIA3 1700,1/2-1/2,0.5,threefold repetition,36,e179bde0d13eb2efe421265a9266dab1a0410e4db5c3bfa027f6fab3ad8d30d1,maia-relative-strength-100.pgn,maia3-1700__vs__maia3-1900.pgn
maia3-1700__vs__maia3-1900,85,43,MAIA3 1700,MAIA3 1900,maia3,maia3,1700,1900,White,MAIA3 1700,MAIA3 1900,0-1,0.0,checkmate,78,e179bde0d13eb2efe421265a9266dab1a0410e4db5c3bfa027f6fab3ad8d30d1,maia-relative-strength-100.pgn,maia3-1700__vs__maia3-1900.pgn
maia3-1700__vs__maia3-1900,86,43,MAIA3 1700,MAIA3 1900,maia3,maia3,1700,1900,Black,MAIA3 1900,MAIA3 1700,1-0,0.0,checkmate,151,e179bde0d13eb2efe421265a9266dab1a0410e4db5c3bfa027f6fab3ad8d30d1,maia-relative-strength-100.pgn,maia3-1700__vs__maia3-1900.pgn
maia3-1700__vs__maia3-1900,87,44,MAIA3 1700,MAIA3 1900,maia3,maia3,1700,1900,White,MAIA3 1700,MAIA3 1900,0-1,0.0,checkmate,86,e179bde0d13eb2efe421265a9266dab1a0410e4db5c3bfa027f6fab3ad8d30d1,maia-relative-strength-100.pgn,maia3-1700__vs__maia3-1900.pgn
maia3-1700__vs__maia3-1900,88,44,MAIA3 1700,MAIA3 1900,maia3,maia3,1700,1900,Black,MAIA3 1900,MAIA3 1700,1/2-1/2,0.5,threefold repetition,60,e179bde0d13eb2efe421265a9266dab1a0410e4db5c3bfa027f6fab3ad8d30d1,maia-relative-strength-100.pgn,maia3-1700__vs__maia3-1900.pgn
maia3-1700__vs__maia3-1900,89,45,MAIA3 1700,MAIA3 1900,maia3,maia3,1700,1900,White,MAIA3 1700,MAIA3 1900,0-1,0.0,checkmate,130,e179bde0d13eb2efe421265a9266dab1a0410e4db5c3bfa027f6fab3ad8d30d1,maia-relative-strength-100.pgn,maia3-1700__vs__maia3-1900.pgn
maia3-1700__vs__maia3-1900,90,45,MAIA3 1700,MAIA3 1900,maia3,maia3,1700,1900,Black,MAIA3 1900,MAIA3 1700,0-1,1.0,checkmate,102,e179bde0d13eb2efe421265a9266dab1a0410e4db5c3bfa027f6fab3ad8d30d1,maia-relative-strength-100.pgn,maia3-1700__vs__maia3-1900.pgn
maia3-1700__vs__maia3-1900,91,46,MAIA3 1700,MAIA3 1900,maia3,maia3,1700,1900,White,MAIA3 1700,MAIA3 1900,0-1,0.0,checkmate,44,e179bde0d13eb2efe421265a9266dab1a0410e4db5c3bfa027f6fab3ad8d30d1,maia-relative-strength-100.pgn,maia3-1700__vs__maia3-1900.pgn
maia3-1700__vs__maia3-1900,92,46,MAIA3 1700,MAIA3 1900,maia3,maia3,1700,1900,Black,MAIA3 1900,MAIA3 1700,0-1,1.0,checkmate,158,e179bde0d13eb2efe421265a9266dab1a0410e4db5c3bfa027f6fab3ad8d30d1,maia-relative-strength-100.pgn,maia3-1700__vs__maia3-1900.pgn
maia3-1700__vs__maia3-1900,93,47,MAIA3 1700,MAIA3 1900,maia3,maia3,1700,1900,White,MAIA3 1700,MAIA3 1900,1-0,1.0,checkmate,123,e179bde0d13eb2efe421265a9266dab1a0410e4db5c3bfa027f6fab3ad8d30d1,maia-relative-strength-100.pgn,maia3-1700__vs__maia3-1900.pgn
maia3-1700__vs__maia3-1900,94,47,MAIA3 1700,MAIA3 1900,maia3,maia3,1700,1900,Black,MAIA3 1900,MAIA3 1700,0-1,1.0,checkmate,112,e179bde0d13eb2efe421265a9266dab1a0410e4db5c3bfa027f6fab3ad8d30d1,maia-relative-strength-100.pgn,maia3-1700__vs__maia3-1900.pgn
maia3-1700__vs__maia3-1900,95,48,MAIA3 1700,MAIA3 1900,maia3,maia3,1700,1900,White,MAIA3 1700,MAIA3 1900,1-0,1.0,checkmate,89,e179bde0d13eb2efe421265a9266dab1a0410e4db5c3bfa027f6fab3ad8d30d1,maia-relative-strength-100.pgn,maia3-1700__vs__maia3-1900.pgn
maia3-1700__vs__maia3-1900,96,48,MAIA3 1700,MAIA3 1900,maia3,maia3,1700,1900,Black,MAIA3 1900,MAIA3 1700,0-1,1.0,checkmate,132,e179bde0d13eb2efe421265a9266dab1a0410e4db5c3bfa027f6fab3ad8d30d1,maia-relative-strength-100.pgn,maia3-1700__vs__maia3-1900.pgn
maia3-1700__vs__maia3-1900,97,49,MAIA3 1700,MAIA3 1900,maia3,maia3,1700,1900,White,MAIA3 1700,MAIA3 1900,1-0,1.0,checkmate,103,e179bde0d13eb2efe421265a9266dab1a0410e4db5c3bfa027f6fab3ad8d30d1,maia-relative-strength-100.pgn,maia3-1700__vs__maia3-1900.pgn
maia3-1700__vs__maia3-1900,98,49,MAIA3 1700,MAIA3 1900,maia3,maia3,1700,1900,Black,MAIA3 1900,MAIA3 1700,1/2-1/2,0.5,threefold repetition,119,e179bde0d13eb2efe421265a9266dab1a0410e4db5c3bfa027f6fab3ad8d30d1,maia-relative-strength-100.pgn,maia3-1700__vs__maia3-1900.pgn
maia3-1700__vs__maia3-1900,99,50,MAIA3 1700,MAIA3 1900,maia3,maia3,1700,1900,White,MAIA3 1700,MAIA3 1900,1/2-1/2,0.5,threefold repetition,71,e179bde0d13eb2efe421265a9266dab1a0410e4db5c3bfa027f6fab3ad8d30d1,maia-relative-strength-100.pgn,maia3-1700__vs__maia3-1900.pgn
maia3-1700__vs__maia3-1900,100,50,MAIA3 1700,MAIA3 1900,maia3,maia3,1700,1900,Black,MAIA3 1900,MAIA3 1700,1-0,0.0,checkmate,59,e179bde0d13eb2efe421265a9266dab1a0410e4db5c3bfa027f6fab3ad8d30d1,maia-relative-strength-100.pgn,maia3-1700__vs__maia3-1900.pgn
maia3-1700__vs__maia3-1900,101,51,MAIA3 1700,MAIA3 1900,maia3,maia3,1700,1900,White,MAIA3 1700,MAIA3 1900,1/2-1/2,0.5,stalemate,151,e179bde0d13eb2efe421265a9266dab1a0410e4db5c3bfa027f6fab3ad8d30d1,maia-relative-strength-100.pgn,maia3-1700__vs__maia3-1900.pgn
maia3-1700__vs__maia3-1900,102,51,MAIA3 1700,MAIA3 1900,maia3,maia3,1700,1900,Black,MAIA3 1900,MAIA3 1700,0-1,1.0,checkmate,94,e179bde0d13eb2efe421265a9266dab1a0410e4db5c3bfa027f6fab3ad8d30d1,maia-relative-strength-100.pgn,maia3-1700__vs__maia3-1900.pgn
maia3-1700__vs__maia3-1900,103,52,MAIA3 1700,MAIA3 1900,maia3,maia3,1700,1900,White,MAIA3 1700,MAIA3 1900,1-0,1.0,checkmate,141,e179bde0d13eb2efe421265a9266dab1a0410e4db5c3bfa027f6fab3ad8d30d1,maia-relative-strength-100.pgn,maia3-1700__vs__maia3-1900.pgn
maia3-1700__vs__maia3-1900,104,52,MAIA3 1700,MAIA3 1900,maia3,maia3,1700,1900,Black,MAIA3 1900,MAIA3 1700,1-0,0.0,checkmate,119,e179bde0d13eb2efe421265a9266dab1a0410e4db5c3bfa027f6fab3ad8d30d1,maia-relative-strength-100.pgn,maia3-1700__vs__maia3-1900.pgn
maia3-1700__vs__maia3-1900,105,53,MAIA3 1700,MAIA3 1900,maia3,maia3,1700,1900,White,MAIA3 1700,MAIA3 1900,0-1,0.0,checkmate,84,e179bde0d13eb2efe421265a9266dab1a0410e4db5c3bfa027f6fab3ad8d30d1,maia-relative-strength-100.pgn,maia3-1700__vs__maia3-1900.pgn
maia3-1700__vs__maia3-1900,106,53,MAIA3 1700,MAIA3 1900,maia3,maia3,1700,1900,Black,MAIA3 1900,MAIA3 1700,1/2-1/2,0.5,threefold repetition,46,e179bde0d13eb2efe421265a9266dab1a0410e4db5c3bfa027f6fab3ad8d30d1,maia-relative-strength-100.pgn,maia3-1700__vs__maia3-1900.pgn
maia3-1700__vs__maia3-1900,107,54,MAIA3 1700,MAIA3 1900,maia3,maia3,1700,1900,White,MAIA3 1700,MAIA3 1900,0-1,0.0,checkmate,82,e179bde0d13eb2efe421265a9266dab1a0410e4db5c3bfa027f6fab3ad8d30d1,maia-relative-strength-100.pgn,maia3-1700__vs__maia3-1900.pgn
maia3-1700__vs__maia3-1900,108,54,MAIA3 1700,MAIA3 1900,maia3,maia3,1700,1900,Black,MAIA3 1900,MAIA3 1700,1-0,0.0,checkmate,87,e179bde0d13eb2efe421265a9266dab1a0410e4db5c3bfa027f6fab3ad8d30d1,maia-relative-strength-100.pgn,maia3-1700__vs__maia3-1900.pgn
maia3-1700__vs__maia3-1900,109,55,MAIA3 1700,MAIA3 1900,maia3,maia3,1700,1900,White,MAIA3 1700,MAIA3 1900,0-1,0.0,checkmate,124,e179bde0d13eb2efe421265a9266dab1a0410e4db5c3bfa027f6fab3ad8d30d1,maia-relative-strength-100.pgn,maia3-1700__vs__maia3-1900.pgn
maia3-1700__vs__maia3-1900,110,55,MAIA3 1700,MAIA3 1900,maia3,maia3,1700,1900,Black,MAIA3 1900,MAIA3 1700,1-0,0.0,checkmate,105,e179bde0d13eb2efe421265a9266dab1a0410e4db5c3bfa027f6fab3ad8d30d1,maia-relative-strength-100.pgn,maia3-1700__vs__maia3-1900.pgn
maia3-1700__vs__maia3-1900,111,56,MAIA3 1700,MAIA3 1900,maia3,maia3,1700,1900,White,MAIA3 1700,MAIA3 1900,1-0,1.0,checkmate,61,e179bde0d13eb2efe421265a9266dab1a0410e4db5c3bfa027f6fab3ad8d30d1,maia-relative-strength-100.pgn,maia3-1700__vs__maia3-1900.pgn
maia3-1700__vs__maia3-1900,112,56,MAIA3 1700,MAIA3 1900,maia3,maia3,1700,1900,Black,MAIA3 1900,MAIA3 1700,1-0,0.0,checkmate,199,e179bde0d13eb2efe421265a9266dab1a0410e4db5c3bfa027f6fab3ad8d30d1,maia-relative-strength-100.pgn,maia3-1700__vs__maia3-1900.pgn
maia3-1700__vs__maia3-1900,113,57,MAIA3 1700,MAIA3 1900,maia3,maia3,1700,1900,White,MAIA3 1700,MAIA3 1900,0-1,0.0,checkmate,172,e179bde0d13eb2efe421265a9266dab1a0410e4db5c3bfa027f6fab3ad8d30d1,maia-relative-strength-100.pgn,maia3-1700__vs__maia3-1900.pgn
maia3-1700__vs__maia3-1900,114,57,MAIA3 1700,MAIA3 1900,maia3,maia3,1700,1900,Black,MAIA3 1900,MAIA3 1700,1-0,0.0,checkmate,101,e179bde0d13eb2efe421265a9266dab1a0410e4db5c3bfa027f6fab3ad8d30d1,maia-relative-strength-100.pgn,maia3-1700__vs__maia3-1900.pgn
maia3-1700__vs__maia3-1900,115,58,MAIA3 1700,MAIA3 1900,maia3,maia3,1700,1900,White,MAIA3 1700,MAIA3 1900,1-0,1.0,checkmate,147,e179bde0d13eb2efe421265a9266dab1a0410e4db5c3bfa027f6fab3ad8d30d1,maia-relative-strength-100.pgn,maia3-1700__vs__maia3-1900.pgn
maia3-1700__vs__maia3-1900,116,58,MAIA3 1700,MAIA3 1900,maia3,maia3,1700,1900,Black,MAIA3 1900,MAIA3 1700,0-1,1.0,checkmate,116,e179bde0d13eb2efe421265a9266dab1a0410e4db5c3bfa027f6fab3ad8d30d1,maia-relative-strength-100.pgn,maia3-1700__vs__maia3-1900.pgn
maia3-1700__vs__maia3-1900,117,59,MAIA3 1700,MAIA3 1900,maia3,maia3,1700,1900,White,MAIA3 1700,MAIA3 1900,0-1,0.0,checkmate,98,e179bde0d13eb2efe421265a9266dab1a0410e4db5c3bfa027f6fab3ad8d30d1,maia-relative-strength-100.pgn,maia3-1700__vs__maia3-1900.pgn
maia3-1700__vs__maia3-1900,118,59,MAIA3 1700,MAIA3 1900,maia3,maia3,1700,1900,Black,MAIA3 1900,MAIA3 1700,0-1,1.0,checkmate,104,e179bde0d13eb2efe421265a9266dab1a0410e4db5c3bfa027f6fab3ad8d30d1,maia-relative-strength-100.pgn,maia3-1700__vs__maia3-1900.pgn
maia3-1700__vs__maia3-1900,119,60,MAIA3 1700,MAIA3 1900,maia3,maia3,1700,1900,White,MAIA3 1700,MAIA3 1900,1-0,1.0,checkmate,61,e179bde0d13eb2efe421265a9266dab1a0410e4db5c3bfa027f6fab3ad8d30d1,maia-relative-strength-100.pgn,maia3-1700__vs__maia3-1900.pgn
maia3-1700__vs__maia3-1900,120,60,MAIA3 1700,MAIA3 1900,maia3,maia3,1700,1900,Black,MAIA3 1900,MAIA3 1700,1-0,0.0,checkmate,47,e179bde0d13eb2efe421265a9266dab1a0410e4db5c3bfa027f6fab3ad8d30d1,maia-relative-strength-100.pgn,maia3-1700__vs__maia3-1900.pgn
maia3-1700__vs__maia3-1900,121,61,MAIA3 1700,MAIA3 1900,maia3,maia3,1700,1900,White,MAIA3 1700,MAIA3 1900,1/2-1/2,0.5,stalemate,119,e179bde0d13eb2efe421265a9266dab1a0410e4db5c3bfa027f6fab3ad8d30d1,maia-relative-strength-100.pgn,maia3-1700__vs__maia3-1900.pgn
maia3-1700__vs__maia3-1900,122,61,MAIA3 1700,MAIA3 1900,maia3,maia3,1700,1900,Black,MAIA3 1900,MAIA3 1700,1/2-1/2,0.5,threefold repetition,51,e179bde0d13eb2efe421265a9266dab1a0410e4db5c3bfa027f6fab3ad8d30d1,maia-relative-strength-100.pgn,maia3-1700__vs__maia3-1900.pgn
maia3-1700__vs__maia3-1900,123,62,MAIA3 1700,MAIA3 1900,maia3,maia3,1700,1900,White,MAIA3 1700,MAIA3 1900,0-1,0.0,checkmate,118,e179bde0d13eb2efe421265a9266dab1a0410e4db5c3bfa027f6fab3ad8d30d1,maia-relative-strength-100.pgn,maia3-1700__vs__maia3-1900.pgn
maia3-1700__vs__maia3-1900,124,62,MAIA3 1700,MAIA3 1900,maia3,maia3,1700,1900,Black,MAIA3 1900,MAIA3 1700,0-1,1.0,checkmate,52,e179bde0d13eb2efe421265a9266dab1a0410e4db5c3bfa027f6fab3ad8d30d1,maia-relative-strength-100.pgn,maia3-1700__vs__maia3-1900.pgn
maia3-1700__vs__maia3-1900,125,63,MAIA3 1700,MAIA3 1900,maia3,maia3,1700,1900,White,MAIA3 1700,MAIA3 1900,1-0,1.0,checkmate,93,e179bde0d13eb2efe421265a9266dab1a0410e4db5c3bfa027f6fab3ad8d30d1,maia-relative-strength-100.pgn,maia3-1700__vs__maia3-1900.pgn
maia3-1700__vs__maia3-1900,126,63,MAIA3 1700,MAIA3 1900,maia3,maia3,1700,1900,Black,MAIA3 1900,MAIA3 1700,0-1,1.0,checkmate,108,e179bde0d13eb2efe421265a9266dab1a0410e4db5c3bfa027f6fab3ad8d30d1,maia-relative-strength-100.pgn,maia3-1700__vs__maia3-1900.pgn
maia3-1700__vs__maia3-1900,127,64,MAIA3 1700,MAIA3 1900,maia3,maia3,1700,1900,White,MAIA3 1700,MAIA3 1900,1-0,1.0,checkmate,53,e179bde0d13eb2efe421265a9266dab1a0410e4db5c3bfa027f6fab3ad8d30d1,maia-relative-strength-100.pgn,maia3-1700__vs__maia3-1900.pgn
maia3-1700__vs__maia3-1900,128,64,MAIA3 1700,MAIA3 1900,maia3,maia3,1700,1900,Black,MAIA3 1900,MAIA3 1700,0-1,1.0,checkmate,74,e179bde0d13eb2efe421265a9266dab1a0410e4db5c3bfa027f6fab3ad8d30d1,maia-relative-strength-100.pgn,maia3-1700__vs__maia3-1900.pgn
maia3-1700__vs__maia3-1900,129,65,MAIA3 1700,MAIA3 1900,maia3,maia3,1700,1900,White,MAIA3 1700,MAIA3 1900,0-1,0.0,checkmate,50,e179bde0d13eb2efe421265a9266dab1a0410e4db5c3bfa027f6fab3ad8d30d1,maia-relative-strength-100.pgn,maia3-1700__vs__maia3-1900.pgn
maia3-1700__vs__maia3-1900,130,65,MAIA3 1700,MAIA3 1900,maia3,maia3,1700,1900,Black,MAIA3 1900,MAIA3 1700,1-0,0.0,checkmate,75,e179bde0d13eb2efe421265a9266dab1a0410e4db5c3bfa027f6fab3ad8d30d1,maia-relative-strength-100.pgn,maia3-1700__vs__maia3-1900.pgn
maia3-1700__vs__maia3-1900,131,66,MAIA3 1700,MAIA3 1900,maia3,maia3,1700,1900,White,MAIA3 1700,MAIA3 1900,0-1,0.0,checkmate,72,e179bde0d13eb2efe421265a9266dab1a0410e4db5c3bfa027f6fab3ad8d30d1,maia-relative-strength-100.pgn,maia3-1700__vs__maia3-1900.pgn
maia3-1700__vs__maia3-1900,132,66,MAIA3 1700,MAIA3 1900,maia3,maia3,1700,1900,Black,MAIA3 1900,MAIA3 1700,0-1,1.0,checkmate,194,e179bde0d13eb2efe421265a9266dab1a0410e4db5c3bfa027f6fab3ad8d30d1,maia-relative-strength-100.pgn,maia3-1700__vs__maia3-1900.pgn
maia3-1700__vs__maia3-1900,133,67,MAIA3 1700,MAIA3 1900,maia3,maia3,1700,1900,White,MAIA3 1700,MAIA3 1900,0-1,0.0,checkmate,100,e179bde0d13eb2efe421265a9266dab1a0410e4db5c3bfa027f6fab3ad8d30d1,maia-relative-strength-100.pgn,maia3-1700__vs__maia3-1900.pgn
maia3-1700__vs__maia3-1900,134,67,MAIA3 1700,MAIA3 1900,maia3,maia3,1700,1900,Black,MAIA3 1900,MAIA3 1700,1/2-1/2,0.5,threefold repetition,76,e179bde0d13eb2efe421265a9266dab1a0410e4db5c3bfa027f6fab3ad8d30d1,maia-relative-strength-100.pgn,maia3-1700__vs__maia3-1900.pgn
maia3-1700__vs__maia3-1900,135,68,MAIA3 1700,MAIA3 1900,maia3,maia3,1700,1900,White,MAIA3 1700,MAIA3 1900,0-1,0.0,checkmate,164,e179bde0d13eb2efe421265a9266dab1a0410e4db5c3bfa027f6fab3ad8d30d1,maia-relative-strength-100.pgn,maia3-1700__vs__maia3-1900.pgn
maia3-1700__vs__maia3-1900,136,68,MAIA3 1700,MAIA3 1900,maia3,maia3,1700,1900,Black,MAIA3 1900,MAIA3 1700,1-0,0.0,checkmate,87,e179bde0d13eb2efe421265a9266dab1a0410e4db5c3bfa027f6fab3ad8d30d1,maia-relative-strength-100.pgn,maia3-1700__vs__maia3-1900.pgn
maia3-1700__vs__maia3-1900,137,69,MAIA3 1700,MAIA3 1900,maia3,maia3,1700,1900,White,MAIA3 1700,MAIA3 1900,1/2-1/2,0.5,threefold repetition,104,e179bde0d13eb2efe421265a9266dab1a0410e4db5c3bfa027f6fab3ad8d30d1,maia-relative-strength-100.pgn,maia3-1700__vs__maia3-1900.pgn
maia3-1700__vs__maia3-1900,138,69,MAIA3 1700,MAIA3 1900,maia3,maia3,1700,1900,Black,MAIA3 1900,MAIA3 1700,1-0,0.0,checkmate,75,e179bde0d13eb2efe421265a9266dab1a0410e4db5c3bfa027f6fab3ad8d30d1,maia-relative-strength-100.pgn,maia3-1700__vs__maia3-1900.pgn
maia3-1700__vs__maia3-1900,139,70,MAIA3 1700,MAIA3 1900,maia3,maia3,1700,1900,White,MAIA3 1700,MAIA3 1900,0-1,0.0,checkmate,162,e179bde0d13eb2efe421265a9266dab1a0410e4db5c3bfa027f6fab3ad8d30d1,maia-relative-strength-100.pgn,maia3-1700__vs__maia3-1900.pgn
maia3-1700__vs__maia3-1900,140,70,MAIA3 1700,MAIA3 1900,maia3,maia3,1700,1900,Black,MAIA3 1900,MAIA3 1700,1-0,0.0,checkmate,119,e179bde0d13eb2efe421265a9266dab1a0410e4db5c3bfa027f6fab3ad8d30d1,maia-relative-strength-100.pgn,maia3-1700__vs__maia3-1900.pgn
maia3-1700__vs__maia3-1900,141,71,MAIA3 1700,MAIA3 1900,maia3,maia3,1700,1900,White,MAIA3 1700,MAIA3 1900,0-1,0.0,checkmate,100,e179bde0d13eb2efe421265a9266dab1a0410e4db5c3bfa027f6fab3ad8d30d1,maia-relative-strength-100.pgn,maia3-1700__vs__maia3-1900.pgn
maia3-1700__vs__maia3-1900,142,71,MAIA3 1700,MAIA3 1900,maia3,maia3,1700,1900,Black,MAIA3 1900,MAIA3 1700,0-1,1.0,checkmate,132,e179bde0d13eb2efe421265a9266dab1a0410e4db5c3bfa027f6fab3ad8d30d1,maia-relative-strength-100.pgn,maia3-1700__vs__maia3-1900.pgn
maia3-1700__vs__maia3-1900,143,72,MAIA3 1700,MAIA3 1900,maia3,maia3,1700,1900,White,MAIA3 1700,MAIA3 1900,1/2-1/2,0.5,threefold repetition,53,e179bde0d13eb2efe421265a9266dab1a0410e4db5c3bfa027f6fab3ad8d30d1,maia-relative-strength-100.pgn,maia3-1700__vs__maia3-1900.pgn
maia3-1700__vs__maia3-1900,144,72,MAIA3 1700,MAIA3 1900,maia3,maia3,1700,1900,Black,MAIA3 1900,MAIA3 1700,1-0,0.0,checkmate,83,e179bde0d13eb2efe421265a9266dab1a0410e4db5c3bfa027f6fab3ad8d30d1,maia-relative-strength-100.pgn,maia3-1700__vs__maia3-1900.pgn
maia3-1700__vs__maia3-1900,145,73,MAIA3 1700,MAIA3 1900,maia3,maia3,1700,1900,White,MAIA3 1700,MAIA3 1900,1-0,1.0,checkmate,111,e179bde0d13eb2efe421265a9266dab1a0410e4db5c3bfa027f6fab3ad8d30d1,maia-relative-strength-100.pgn,maia3-1700__vs__maia3-1900.pgn
maia3-1700__vs__maia3-1900,146,73,MAIA3 1700,MAIA3 1900,maia3,maia3,1700,1900,Black,MAIA3 1900,MAIA3 1700,1-0,0.0,checkmate,131,e179bde0d13eb2efe421265a9266dab1a0410e4db5c3bfa027f6fab3ad8d30d1,maia-relative-strength-100.pgn,maia3-1700__vs__maia3-1900.pgn
maia3-1700__vs__maia3-1900,147,74,MAIA3 1700,MAIA3 1900,maia3,maia3,1700,1900,White,MAIA3 1700,MAIA3 1900,1-0,1.0,checkmate,89,e179bde0d13eb2efe421265a9266dab1a0410e4db5c3bfa027f6fab3ad8d30d1,maia-relative-strength-100.pgn,maia3-1700__vs__maia3-1900.pgn
maia3-1700__vs__maia3-1900,148,74,MAIA3 1700,MAIA3 1900,maia3,maia3,1700,1900,Black,MAIA3 1900,MAIA3 1700,0-1,1.0,checkmate,42,e179bde0d13eb2efe421265a9266dab1a0410e4db5c3bfa027f6fab3ad8d30d1,maia-relative-strength-100.pgn,maia3-1700__vs__maia3-1900.pgn
maia3-1700__vs__maia3-1900,149,75,MAIA3 1700,MAIA3 1900,maia3,maia3,1700,1900,White,MAIA3 1700,MAIA3 1900,1/2-1/2,0.5,stalemate,135,e179bde0d13eb2efe421265a9266dab1a0410e4db5c3bfa027f6fab3ad8d30d1,maia-relative-strength-100.pgn,maia3-1700__vs__maia3-1900.pgn
maia3-1700__vs__maia3-1900,150,75,MAIA3 1700,MAIA3 1900,maia3,maia3,1700,1900,Black,MAIA3 1900,MAIA3 1700,1/2-1/2,0.5,threefold repetition,106,e179bde0d13eb2efe421265a9266dab1a0410e4db5c3bfa027f6fab3ad8d30d1,maia-relative-strength-100.pgn,maia3-1700__vs__maia3-1900.pgn
maia3-1700__vs__maia3-1900,151,76,MAIA3 1700,MAIA3 1900,maia3,maia3,1700,1900,White,MAIA3 1700,MAIA3 1900,0-1,0.0,checkmate,56,e179bde0d13eb2efe421265a9266dab1a0410e4db5c3bfa027f6fab3ad8d30d1,maia-relative-strength-100.pgn,maia3-1700__vs__maia3-1900.pgn
maia3-1700__vs__maia3-1900,152,76,MAIA3 1700,MAIA3 1900,maia3,maia3,1700,1900,Black,MAIA3 1900,MAIA3 1700,1/2-1/2,0.5,stalemate,171,e179bde0d13eb2efe421265a9266dab1a0410e4db5c3bfa027f6fab3ad8d30d1,maia-relative-strength-100.pgn,maia3-1700__vs__maia3-1900.pgn
maia3-1700__vs__maia3-1900,153,77,MAIA3 1700,MAIA3 1900,maia3,maia3,1700,1900,White,MAIA3 1700,MAIA3 1900,0-1,0.0,checkmate,72,e179bde0d13eb2efe421265a9266dab1a0410e4db5c3bfa027f6fab3ad8d30d1,maia-relative-strength-100.pgn,maia3-1700__vs__maia3-1900.pgn
maia3-1700__vs__maia3-1900,154,77,MAIA3 1700,MAIA3 1900,maia3,maia3,1700,1900,Black,MAIA3 1900,MAIA3 1700,0-1,1.0,checkmate,92,e179bde0d13eb2efe421265a9266dab1a0410e4db5c3bfa027f6fab3ad8d30d1,maia-relative-strength-100.pgn,maia3-1700__vs__maia3-1900.pgn
maia3-1700__vs__maia3-1900,155,78,MAIA3 1700,MAIA3 1900,maia3,maia3,1700,1900,White,MAIA3 1700,MAIA3 1900,1/2-1/2,0.5,threefold repetition,87,e179bde0d13eb2efe421265a9266dab1a0410e4db5c3bfa027f6fab3ad8d30d1,maia-relative-strength-100.pgn,maia3-1700__vs__maia3-1900.pgn
maia3-1700__vs__maia3-1900,156,78,MAIA3 1700,MAIA3 1900,maia3,maia3,1700,1900,Black,MAIA3 1900,MAIA3 1700,1-0,0.0,checkmate,93,e179bde0d13eb2efe421265a9266dab1a0410e4db5c3bfa027f6fab3ad8d30d1,maia-relative-strength-100.pgn,maia3-1700__vs__maia3-1900.pgn
maia3-1700__vs__maia3-1900,157,79,MAIA3 1700,MAIA3 1900,maia3,maia3,1700,1900,White,MAIA3 1700,MAIA3 1900,1/2-1/2,0.5,insufficient material,138,e179bde0d13eb2efe421265a9266dab1a0410e4db5c3bfa027f6fab3ad8d30d1,maia-relative-strength-100.pgn,maia3-1700__vs__maia3-1900.pgn
maia3-1700__vs__maia3-1900,158,79,MAIA3 1700,MAIA3 1900,maia3,maia3,1700,1900,Black,MAIA3 1900,MAIA3 1700,1-0,0.0,checkmate,71,e179bde0d13eb2efe421265a9266dab1a0410e4db5c3bfa027f6fab3ad8d30d1,maia-relative-strength-100.pgn,maia3-1700__vs__maia3-1900.pgn
maia3-1700__vs__maia3-1900,159,80,MAIA3 1700,MAIA3 1900,maia3,maia3,1700,1900,White,MAIA3 1700,MAIA3 1900,0-1,0.0,checkmate,114,e179bde0d13eb2efe421265a9266dab1a0410e4db5c3bfa027f6fab3ad8d30d1,maia-relative-strength-100.pgn,maia3-1700__vs__maia3-1900.pgn
maia3-1700__vs__maia3-1900,160,80,MAIA3 1700,MAIA3 1900,maia3,maia3,1700,1900,Black,MAIA3 1900,MAIA3 1700,1/2-1/2,0.5,threefold repetition,76,e179bde0d13eb2efe421265a9266dab1a0410e4db5c3bfa027f6fab3ad8d30d1,maia-relative-strength-100.pgn,maia3-1700__vs__maia3-1900.pgn
maia3-1700__vs__maia3-1900,161,81,MAIA3 1700,MAIA3 1900,maia3,maia3,1700,1900,White,MAIA3 1700,MAIA3 1900,1-0,1.0,checkmate,83,e179bde0d13eb2efe421265a9266dab1a0410e4db5c3bfa027f6fab3ad8d30d1,maia-relative-strength-100.pgn,maia3-1700__vs__maia3-1900.pgn
maia3-1700__vs__maia3-1900,162,81,MAIA3 1700,MAIA3 1900,maia3,maia3,1700,1900,Black,MAIA3 1900,MAIA3 1700,0-1,1.0,checkmate,64,e179bde0d13eb2efe421265a9266dab1a0410e4db5c3bfa027f6fab3ad8d30d1,maia-relative-strength-100.pgn,maia3-1700__vs__maia3-1900.pgn
maia3-1700__vs__maia3-1900,163,82,MAIA3 1700,MAIA3 1900,maia3,maia3,1700,1900,White,MAIA3 1700,MAIA3 1900,1/2-1/2,0.5,threefold repetition,74,e179bde0d13eb2efe421265a9266dab1a0410e4db5c3bfa027f6fab3ad8d30d1,maia-relative-strength-100.pgn,maia3-1700__vs__maia3-1900.pgn
maia3-1700__vs__maia3-1900,164,82,MAIA3 1700,MAIA3 1900,maia3,maia3,1700,1900,Black,MAIA3 1900,MAIA3 1700,1-0,0.0,checkmate,77,e179bde0d13eb2efe421265a9266dab1a0410e4db5c3bfa027f6fab3ad8d30d1,maia-relative-strength-100.pgn,maia3-1700__vs__maia3-1900.pgn
maia3-1700__vs__maia3-1900,165,83,MAIA3 1700,MAIA3 1900,maia3,maia3,1700,1900,White,MAIA3 1700,MAIA3 1900,1-0,1.0,checkmate,109,e179bde0d13eb2efe421265a9266dab1a0410e4db5c3bfa027f6fab3ad8d30d1,maia-relative-strength-100.pgn,maia3-1700__vs__maia3-1900.pgn
maia3-1700__vs__maia3-1900,166,83,MAIA3 1700,MAIA3 1900,maia3,maia3,1700,1900,Black,MAIA3 1900,MAIA3 1700,1-0,0.0,checkmate,157,e179bde0d13eb2efe421265a9266dab1a0410e4db5c3bfa027f6fab3ad8d30d1,maia-relative-strength-100.pgn,maia3-1700__vs__maia3-1900.pgn
maia3-1700__vs__maia3-1900,167,84,MAIA3 1700,MAIA3 1900,maia3,maia3,1700,1900,White,MAIA3 1700,MAIA3 1900,0-1,0.0,checkmate,140,e179bde0d13eb2efe421265a9266dab1a0410e4db5c3bfa027f6fab3ad8d30d1,maia-relative-strength-100.pgn,maia3-1700__vs__maia3-1900.pgn
maia3-1700__vs__maia3-1900,168,84,MAIA3 1700,MAIA3 1900,maia3,maia3,1700,1900,Black,MAIA3 1900,MAIA3 1700,1-0,0.0,checkmate,57,e179bde0d13eb2efe421265a9266dab1a0410e4db5c3bfa027f6fab3ad8d30d1,maia-relative-strength-100.pgn,maia3-1700__vs__maia3-1900.pgn
maia3-1700__vs__maia3-1900,169,85,MAIA3 1700,MAIA3 1900,maia3,maia3,1700,1900,White,MAIA3 1700,MAIA3 1900,0-1,0.0,checkmate,96,e179bde0d13eb2efe421265a9266dab1a0410e4db5c3bfa027f6fab3ad8d30d1,maia-relative-strength-100.pgn,maia3-1700__vs__maia3-1900.pgn
maia3-1700__vs__maia3-1900,170,85,MAIA3 1700,MAIA3 1900,maia3,maia3,1700,1900,Black,MAIA3 1900,MAIA3 1700,1-0,0.0,checkmate,109,e179bde0d13eb2efe421265a9266dab1a0410e4db5c3bfa027f6fab3ad8d30d1,maia-relative-strength-100.pgn,maia3-1700__vs__maia3-1900.pgn
maia3-1700__vs__maia3-1900,171,86,MAIA3 1700,MAIA3 1900,maia3,maia3,1700,1900,White,MAIA3 1700,MAIA3 1900,0-1,0.0,checkmate,72,e179bde0d13eb2efe421265a9266dab1a0410e4db5c3bfa027f6fab3ad8d30d1,maia-relative-strength-100.pgn,maia3-1700__vs__maia3-1900.pgn
maia3-1700__vs__maia3-1900,172,86,MAIA3 1700,MAIA3 1900,maia3,maia3,1700,1900,Black,MAIA3 1900,MAIA3 1700,1/2-1/2,0.5,threefold repetition,72,e179bde0d13eb2efe421265a9266dab1a0410e4db5c3bfa027f6fab3ad8d30d1,maia-relative-strength-100.pgn,maia3-1700__vs__maia3-1900.pgn
maia3-1700__vs__maia3-1900,173,87,MAIA3 1700,MAIA3 1900,maia3,maia3,1700,1900,White,MAIA3 1700,MAIA3 1900,1/2-1/2,0.5,threefold repetition,93,e179bde0d13eb2efe421265a9266dab1a0410e4db5c3bfa027f6fab3ad8d30d1,maia-relative-strength-100.pgn,maia3-1700__vs__maia3-1900.pgn
maia3-1700__vs__maia3-1900,174,87,MAIA3 1700,MAIA3 1900,maia3,maia3,1700,1900,Black,MAIA3 1900,MAIA3 1700,1/2-1/2,0.5,threefold repetition,98,e179bde0d13eb2efe421265a9266dab1a0410e4db5c3bfa027f6fab3ad8d30d1,maia-relative-strength-100.pgn,maia3-1700__vs__maia3-1900.pgn
maia3-1700__vs__maia3-1900,175,88,MAIA3 1700,MAIA3 1900,maia3,maia3,1700,1900,White,MAIA3 1700,MAIA3 1900,0-1,0.0,checkmate,74,e179bde0d13eb2efe421265a9266dab1a0410e4db5c3bfa027f6fab3ad8d30d1,maia-relative-strength-100.pgn,maia3-1700__vs__maia3-1900.pgn
maia3-1700__vs__maia3-1900,176,88,MAIA3 1700,MAIA3 1900,maia3,maia3,1700,1900,Black,MAIA3 1900,MAIA3 1700,1-0,0.0,checkmate,85,e179bde0d13eb2efe421265a9266dab1a0410e4db5c3bfa027f6fab3ad8d30d1,maia-relative-strength-100.pgn,maia3-1700__vs__maia3-1900.pgn
maia3-1700__vs__maia3-1900,177,89,MAIA3 1700,MAIA3 1900,maia3,maia3,1700,1900,White,MAIA3 1700,MAIA3 1900,0-1,0.0,checkmate,74,e179bde0d13eb2efe421265a9266dab1a0410e4db5c3bfa027f6fab3ad8d30d1,maia-relative-strength-100.pgn,maia3-1700__vs__maia3-1900.pgn
maia3-1700__vs__maia3-1900,178,89,MAIA3 1700,MAIA3 1900,maia3,maia3,1700,1900,Black,MAIA3 1900,MAIA3 1700,1-0,0.0,checkmate,131,e179bde0d13eb2efe421265a9266dab1a0410e4db5c3bfa027f6fab3ad8d30d1,maia-relative-strength-100.pgn,maia3-1700__vs__maia3-1900.pgn
maia3-1700__vs__maia3-1900,179,90,MAIA3 1700,MAIA3 1900,maia3,maia3,1700,1900,White,MAIA3 1700,MAIA3 1900,1-0,1.0,checkmate,69,e179bde0d13eb2efe421265a9266dab1a0410e4db5c3bfa027f6fab3ad8d30d1,maia-relative-strength-100.pgn,maia3-1700__vs__maia3-1900.pgn
maia3-1700__vs__maia3-1900,180,90,MAIA3 1700,MAIA3 1900,maia3,maia3,1700,1900,Black,MAIA3 1900,MAIA3 1700,1-0,0.0,checkmate,97,e179bde0d13eb2efe421265a9266dab1a0410e4db5c3bfa027f6fab3ad8d30d1,maia-relative-strength-100.pgn,maia3-1700__vs__maia3-1900.pgn
maia3-1700__vs__maia3-1900,181,91,MAIA3 1700,MAIA3 1900,maia3,maia3,1700,1900,White,MAIA3 1700,MAIA3 1900,1/2-1/2,0.5,threefold repetition,69,e179bde0d13eb2efe421265a9266dab1a0410e4db5c3bfa027f6fab3ad8d30d1,maia-relative-strength-100.pgn,maia3-1700__vs__maia3-1900.pgn
maia3-1700__vs__maia3-1900,182,91,MAIA3 1700,MAIA3 1900,maia3,maia3,1700,1900,Black,MAIA3 1900,MAIA3 1700,1/2-1/2,0.5,stalemate,103,e179bde0d13eb2efe421265a9266dab1a0410e4db5c3bfa027f6fab3ad8d30d1,maia-relative-strength-100.pgn,maia3-1700__vs__maia3-1900.pgn
maia3-1700__vs__maia3-1900,183,92,MAIA3 1700,MAIA3 1900,maia3,maia3,1700,1900,White,MAIA3 1700,MAIA3 1900,1-0,1.0,checkmate,17,e179bde0d13eb2efe421265a9266dab1a0410e4db5c3bfa027f6fab3ad8d30d1,maia-relative-strength-100.pgn,maia3-1700__vs__maia3-1900.pgn
maia3-1700__vs__maia3-1900,184,92,MAIA3 1700,MAIA3 1900,maia3,maia3,1700,1900,Black,MAIA3 1900,MAIA3 1700,1-0,0.0,checkmate,115,e179bde0d13eb2efe421265a9266dab1a0410e4db5c3bfa027f6fab3ad8d30d1,maia-relative-strength-100.pgn,maia3-1700__vs__maia3-1900.pgn
maia3-1700__vs__maia3-1900,185,93,MAIA3 1700,MAIA3 1900,maia3,maia3,1700,1900,White,MAIA3 1700,MAIA3 1900,1-0,1.0,checkmate,63,e179bde0d13eb2efe421265a9266dab1a0410e4db5c3bfa027f6fab3ad8d30d1,maia-relative-strength-100.pgn,maia3-1700__vs__maia3-1900.pgn
maia3-1700__vs__maia3-1900,186,93,MAIA3 1700,MAIA3 1900,maia3,maia3,1700,1900,Black,MAIA3 1900,MAIA3 1700,1-0,0.0,checkmate,103,e179bde0d13eb2efe421265a9266dab1a0410e4db5c3bfa027f6fab3ad8d30d1,maia-relative-strength-100.pgn,maia3-1700__vs__maia3-1900.pgn
maia3-1700__vs__maia3-1900,187,94,MAIA3 1700,MAIA3 1900,maia3,maia3,1700,1900,White,MAIA3 1700,MAIA3 1900,0-1,0.0,checkmate,82,e179bde0d13eb2efe421265a9266dab1a0410e4db5c3bfa027f6fab3ad8d30d1,maia-relative-strength-100.pgn,maia3-1700__vs__maia3-1900.pgn
maia3-1700__vs__maia3-1900,188,94,MAIA3 1700,MAIA3 1900,maia3,maia3,1700,1900,Black,MAIA3 1900,MAIA3 1700,1-0,0.0,checkmate,109,e179bde0d13eb2efe421265a9266dab1a0410e4db5c3bfa027f6fab3ad8d30d1,maia-relative-strength-100.pgn,maia3-1700__vs__maia3-1900.pgn
maia3-1700__vs__maia3-1900,189,95,MAIA3 1700,MAIA3 1900,maia3,maia3,1700,1900,White,MAIA3 1700,MAIA3 1900,0-1,0.0,checkmate,28,e179bde0d13eb2efe421265a9266dab1a0410e4db5c3bfa027f6fab3ad8d30d1,maia-relative-strength-100.pgn,maia3-1700__vs__maia3-1900.pgn
maia3-1700__vs__maia3-1900,190,95,MAIA3 1700,MAIA3 1900,maia3,maia3,1700,1900,Black,MAIA3 1900,MAIA3 1700,0-1,1.0,checkmate,28,e179bde0d13eb2efe421265a9266dab1a0410e4db5c3bfa027f6fab3ad8d30d1,maia-relative-strength-100.pgn,maia3-1700__vs__maia3-1900.pgn
maia3-1700__vs__maia3-1900,191,96,MAIA3 1700,MAIA3 1900,maia3,maia3,1700,1900,White,MAIA3 1700,MAIA3 1900,0-1,0.0,checkmate,110,e179bde0d13eb2efe421265a9266dab1a0410e4db5c3bfa027f6fab3ad8d30d1,maia-relative-strength-100.pgn,maia3-1700__vs__maia3-1900.pgn
maia3-1700__vs__maia3-1900,192,96,MAIA3 1700,MAIA3 1900,maia3,maia3,1700,1900,Black,MAIA3 1900,MAIA3 1700,1-0,0.0,checkmate,55,e179bde0d13eb2efe421265a9266dab1a0410e4db5c3bfa027f6fab3ad8d30d1,maia-relative-strength-100.pgn,maia3-1700__vs__maia3-1900.pgn
maia3-1700__vs__maia3-1900,193,97,MAIA3 1700,MAIA3 1900,maia3,maia3,1700,1900,White,MAIA3 1700,MAIA3 1900,1/2-1/2,0.5,threefold repetition,122,e179bde0d13eb2efe421265a9266dab1a0410e4db5c3bfa027f6fab3ad8d30d1,maia-relative-strength-100.pgn,maia3-1700__vs__maia3-1900.pgn
maia3-1700__vs__maia3-1900,194,97,MAIA3 1700,MAIA3 1900,maia3,maia3,1700,1900,Black,MAIA3 1900,MAIA3 1700,1-0,0.0,checkmate,37,e179bde0d13eb2efe421265a9266dab1a0410e4db5c3bfa027f6fab3ad8d30d1,maia-relative-strength-100.pgn,maia3-1700__vs__maia3-1900.pgn
maia3-1700__vs__maia3-1900,195,98,MAIA3 1700,MAIA3 1900,maia3,maia3,1700,1900,White,MAIA3 1700,MAIA3 1900,0-1,0.0,checkmate,60,e179bde0d13eb2efe421265a9266dab1a0410e4db5c3bfa027f6fab3ad8d30d1,maia-relative-strength-100.pgn,maia3-1700__vs__maia3-1900.pgn
maia3-1700__vs__maia3-1900,196,98,MAIA3 1700,MAIA3 1900,maia3,maia3,1700,1900,Black,MAIA3 1900,MAIA3 1700,1/2-1/2,0.5,stalemate,103,e179bde0d13eb2efe421265a9266dab1a0410e4db5c3bfa027f6fab3ad8d30d1,maia-relative-strength-100.pgn,maia3-1700__vs__maia3-1900.pgn
maia3-1700__vs__maia3-1900,197,99,MAIA3 1700,MAIA3 1900,maia3,maia3,1700,1900,White,MAIA3 1700,MAIA3 1900,1-0,1.0,checkmate,99,e179bde0d13eb2efe421265a9266dab1a0410e4db5c3bfa027f6fab3ad8d30d1,maia-relative-strength-100.pgn,maia3-1700__vs__maia3-1900.pgn
maia3-1700__vs__maia3-1900,198,99,MAIA3 1700,MAIA3 1900,maia3,maia3,1700,1900,Black,MAIA3 1900,MAIA3 1700,1/2-1/2,0.5,threefold repetition,87,e179bde0d13eb2efe421265a9266dab1a0410e4db5c3bfa027f6fab3ad8d30d1,maia-relative-strength-100.pgn,maia3-1700__vs__maia3-1900.pgn
maia3-1700__vs__maia3-1900,199,100,MAIA3 1700,MAIA3 1900,maia3,maia3,1700,1900,White,MAIA3 1700,MAIA3 1900,0-1,0.0,checkmate,100,e179bde0d13eb2efe421265a9266dab1a0410e4db5c3bfa027f6fab3ad8d30d1,maia-relative-strength-100.pgn,maia3-1700__vs__maia3-1900.pgn
maia3-1700__vs__maia3-1900,200,100,MAIA3 1700,MAIA3 1900,maia3,maia3,1700,1900,Black,MAIA3 1900,MAIA3 1700,1-0,0.0,checkmate,85,e179bde0d13eb2efe421265a9266dab1a0410e4db5c3bfa027f6fab3ad8d30d1,maia-relative-strength-100.pgn,maia3-1700__vs__maia3-1900.pgn
