game_id,matchup,round,white,black,result,termination,plies,white_elo,black_elo,engine_a_score,source_pgn
maia2-book__vs__maia3-argmax-book-001,maia2-book__vs__maia3-argmax-book,1,Maia2 1600 + book,Maia3 1600 argmax + book,0-1,checkmate,128,1600,1600,0.0,maia2-book__vs__maia3-argmax-book.pgn
maia2-book__vs__maia3-argmax-book-002,maia2-book__vs__maia3-argmax-book,2,Maia3 1600 argmax + book,Maia2 1600 + book,1-0,checkmate,87,1600,1600,0.0,maia2-book__vs__maia3-argmax-book.pgn
maia2-book__vs__maia3-argmax-book-003,maia2-book__vs__maia3-argmax-book,3,Maia2 1600 + book,Maia3 1600 argmax + book,0-1,checkmate,102,1600,1600,0.0,maia2-book__vs__maia3-argmax-book.pgn
maia2-book__vs__maia3-argmax-book-004,maia2-book__vs__maia3-argmax-book,4,Maia3 1600 argmax + book,Maia2 1600 + book,1-0,checkmate,59,1600,1600,0.0,maia2-book__vs__maia3-argmax-book.pgn
maia2-book__vs__maia3-argmax-book-005,maia2-book__vs__maia3-argmax-book,5,Maia2 1600 + book,Maia3 1600 argmax + book,1-0,checkmate,105,1600,1600,1.0,maia2-book__vs__maia3-argmax-book.pgn
maia2-book__vs__maia3-argmax-book-006,maia2-book__vs__maia3-argmax-book,6,Maia3 1600 argmax + book,Maia2 1600 + book,0-1,checkmate,62,1600,1600,1.0,maia2-book__vs__maia3-argmax-book.pgn
maia2-book__vs__maia3-argmax-book-007,maia2-book__vs__maia3-argmax-book,7,Maia2 1600 + book,Maia3 1600 argmax + book,0-1,checkmate,102,1600,1600,0.0,maia2-book__vs__maia3-argmax-book.pgn
maia2-book__vs__maia3-argmax-book-008,maia2-book__vs__maia3-argmax-book,8,Maia3 1600 argmax + book,Maia2 1600 + book,1-0,checkmate,75,1600,1600,0.0,maia2-book__vs__maia3-argmax-book.pgn
maia2-book__vs__maia3-argmax-book-009,maia2-book__vs__maia3-argmax-book,9,Maia2 1600 + book,Maia3 1600 argmax + book,0-1,checkmate,82,1600,1600,0.0,maia2-book__vs__maia3-argmax-book.pgn
maia2-book__vs__maia3-argmax-book-010,maia2-book__vs__maia3-argmax-book,10,Maia3 1600 argmax + book,Maia2 1600 + book,0-1,checkmate,84,1600,1600,1.0,maia2-book__vs__maia3-argmax-book.pgn
maia2-book__vs__maia3-argmax-book-011,maia2-book__vs__maia3-argmax-book,11,Maia2 1600 + book,Maia3 1600 argmax + book,1-0,checkmate,97,1600,1600,1.0,maia2-book__vs__maia3-argmax-book.pgn
maia2-book__vs__maia3-argmax-book-012,maia2-book__vs__maia3-argmax-book,12,Maia3 1600 argmax + book,Maia2 1600 + book,1/2-1/2,threefold repetition,130,1600,1600,0.5,maia2-book__vs__maia3-argmax-book.pgn
maia2-book__vs__maia3-argmax-book-013,maia2-book__vs__maia3-argmax-book,13,Maia2 1600 + book,Maia3 1600 argmax + book,1-0,checkmate,45,1600,1600,1.0,maia2-book__vs__maia3-argmax-book.pgn
maia2-book__vs__maia3-argmax-book-014,maia2-book__vs__maia3-argmax-book,14,Maia3 1600 argmax + book,Maia2 1600 + book,1-0,checkmate,85,1600,1600,0.0,maia2-book__vs__maia3-argmax-book.pgn
maia2-book__vs__maia3-argmax-book-015,maia2-book__vs__maia3-argmax-book,15,Maia2 1600 + book,Maia3 1600 argmax + book,0-1,checkmate,32,1600,1600,0.0,maia2-book__vs__maia3-argmax-book.pgn
maia2-book__vs__maia3-argmax-book-016,maia2-book__vs__maia3-argmax-book,16,Maia3 1600 argmax + book,Maia2 1600 + book,0-1,checkmate,58,1600,1600,1.0,maia2-book__vs__maia3-argmax-book.pgn
maia2-book__vs__maia3-argmax-book-017,maia2-book__vs__maia3-argmax-book,17,Maia2 1600 + book,Maia3 1600 argmax + book,0-1,checkmate,32,1600,1600,0.0,maia2-book__vs__maia3-argmax-book.pgn
maia2-book__vs__maia3-argmax-book-018,maia2-book__vs__maia3-argmax-book,18,Maia3 1600 argmax + book,Maia2 1600 + book,0-1,checkmate,50,1600,1600,1.0,maia2-book__vs__maia3-argmax-book.pgn
maia2-book__vs__maia3-argmax-book-019,maia2-book__vs__maia3-argmax-book,19,Maia2 1600 + book,Maia3 1600 argmax + book,0-1,checkmate,40,1600,1600,0.0,maia2-book__vs__maia3-argmax-book.pgn
maia2-book__vs__maia3-argmax-book-020,maia2-book__vs__maia3-argmax-book,20,Maia3 1600 argmax + book,Maia2 1600 + book,1/2-1/2,insufficient material,126,1600,1600,0.5,maia2-book__vs__maia3-argmax-book.pgn
maia2-book__vs__maia3-argmax-book-021,maia2-book__vs__maia3-argmax-book,21,Maia2 1600 + book,Maia3 1600 argmax + book,1-0,checkmate,51,1600,1600,1.0,maia2-book__vs__maia3-argmax-book.pgn
maia2-book__vs__maia3-argmax-book-022,maia2-book__vs__maia3-argmax-book,22,Maia3 1600 argmax + book,Maia2 1600 + book,1/2-1/2,threefold repetition,104,1600,1600,0.5,maia2-book__vs__maia3-argmax-book.pgn
maia2-book__vs__maia3-argmax-book-023,maia2-book__vs__maia3-argmax-book,23,Maia2 1600 + book,Maia3 1600 argmax + book,1-0,checkmate,79,1600,1600,1.0,maia2-book__vs__maia3-argmax-book.pgn
maia2-book__vs__maia3-argmax-book-024,maia2-book__vs__maia3-argmax-book,24,Maia3 1600 argmax + book,Maia2 1600 + book,0-1,checkmate,86,1600,1600,1.0,maia2-book__vs__maia3-argmax-book.pgn
maia2-book__vs__maia3-argmax-book-025,maia2-book__vs__maia3-argmax-book,25,Maia2 1600 + book,Maia3 1600 argmax + book,0-1,checkmate,56,1600,1600,0.0,maia2-book__vs__maia3-argmax-book.pgn
maia2-book__vs__maia3-argmax-book-026,maia2-book__vs__maia3-argmax-book,26,Maia3 1600 argmax + book,Maia2 1600 + book,1/2-1/2,threefold repetition,72,1600,1600,0.5,maia2-book__vs__maia3-argmax-book.pgn
maia2-book__vs__maia3-argmax-book-027,maia2-book__vs__maia3-argmax-book,27,Maia2 1600 + book,Maia3 1600 argmax + book,1/2-1/2,threefold repetition,110,1600,1600,0.5,maia2-book__vs__maia3-argmax-book.pgn
maia2-book__vs__maia3-argmax-book-028,maia2-book__vs__maia3-argmax-book,28,Maia3 1600 argmax + book,Maia2 1600 + book,1-0,checkmate,113,1600,1600,0.0,maia2-book__vs__maia3-argmax-book.pgn
maia2-book__vs__maia3-argmax-book-029,maia2-book__vs__maia3-argmax-book,29,Maia2 1600 + book,Maia3 1600 argmax + book,0-1,checkmate,156,1600,1600,0.0,maia2-book__vs__maia3-argmax-book.pgn
maia2-book__vs__maia3-argmax-book-030,maia2-book__vs__maia3-argmax-book,30,Maia3 1600 argmax + book,Maia2 1600 + book,1-0,checkmate,41,1600,1600,0.0,maia2-book__vs__maia3-argmax-book.pgn
maia2-book__vs__maia3-argmax-book-031,maia2-book__vs__maia3-argmax-book,31,Maia2 1600 + book,Maia3 1600 argmax + book,1/2-1/2,threefold repetition,73,1600,1600,0.5,maia2-book__vs__maia3-argmax-book.pgn
maia2-book__vs__maia3-argmax-book-032,maia2-book__vs__maia3-argmax-book,32,Maia3 1600 argmax + book,Maia2 1600 + book,1/2-1/2,threefold repetition,72,1600,1600,0.5,maia2-book__vs__maia3-argmax-book.pgn
maia2-book__vs__maia3-argmax-book-033,maia2-book__vs__maia3-argmax-book,33,Maia2 1600 + book,Maia3 1600 argmax + book,1/2-1/2,threefold repetition,93,1600,1600,0.5,maia2-book__vs__maia3-argmax-book.pgn
maia2-book__vs__maia3-argmax-book-034,maia2-book__vs__maia3-argmax-book,34,Maia3 1600 argmax + book,Maia2 1600 + book,1-0,checkmate,123,1600,1600,0.0,maia2-book__vs__maia3-argmax-book.pgn
maia2-book__vs__maia3-argmax-book-035,maia2-book__vs__maia3-argmax-book,35,Maia2 1600 + book,Maia3 1600 argmax + book,1/2-1/2,threefold repetition,60,1600,1600,0.5,maia2-book__vs__maia3-argmax-book.pgn
maia2-book__vs__maia3-argmax-book-036,maia2-book__vs__maia3-argmax-book,36,Maia3 1600 argmax + book,Maia2 1600 + book,1-0,checkmate,51,1600,1600,0.0,maia2-book__vs__maia3-argmax-book.pgn
maia2-book__vs__maia3-argmax-book-037,maia2-book__vs__maia3-argmax-book,37,Maia2 1600 + book,Maia3 1600 argmax + book,1-0,checkmate,49,1600,1600,1.0,maia2-book__vs__maia3-argmax-book.pgn
maia2-book__vs__maia3-argmax-book-038,maia2-book__vs__maia3-argmax-book,38,Maia3 1600 argmax + book,Maia2 1600 + book,0-1,checkmate,96,1600,1600,1.0,maia2-book__vs__maia3-argmax-book.pgn
maia2-book__vs__maia3-argmax-book-039,maia2-book__vs__maia3-argmax-book,39,Maia2 1600 + book,Maia3 1600 argmax + book,0-1,checkmate,146,1600,1600,0.0,maia2-book__vs__maia3-argmax-book.pgn
maia2-book__vs__maia3-argmax-book-040,maia2-book__vs__maia3-argmax-book,40,Maia3 1600 argmax + book,Maia2 1600 + book,0-1,checkmate,78,1600,1600,1.0,maia2-book__vs__maia3-argmax-book.pgn
maia2-book__vs__maia3-argmax-book-041,maia2-book__vs__maia3-argmax-book,41,Maia2 1600 + book,Maia3 1600 argmax + book,0-1,checkmate,40,1600,1600,0.0,maia2-book__vs__maia3-argmax-book.pgn
maia2-book__vs__maia3-argmax-book-042,maia2-book__vs__maia3-argmax-book,42,Maia3 1600 argmax + book,Maia2 1600 + book,0-1,checkmate,100,1600,1600,1.0,maia2-book__vs__maia3-argmax-book.pgn
maia2-book__vs__maia3-argmax-book-043,maia2-book__vs__maia3-argmax-book,43,Maia2 1600 + book,Maia3 1600 argmax + book,1-0,checkmate,41,1600,1600,1.0,maia2-book__vs__maia3-argmax-book.pgn
maia2-book__vs__maia3-argmax-book-044,maia2-book__vs__maia3-argmax-book,44,Maia3 1600 argmax + book,Maia2 1600 + book,1-0,checkmate,55,1600,1600,0.0,maia2-book__vs__maia3-argmax-book.pgn
maia2-book__vs__maia3-argmax-book-045,maia2-book__vs__maia3-argmax-book,45,Maia2 1600 + book,Maia3 1600 argmax + book,0-1,checkmate,62,1600,1600,0.0,maia2-book__vs__maia3-argmax-book.pgn
maia2-book__vs__maia3-argmax-book-046,maia2-book__vs__maia3-argmax-book,46,Maia3 1600 argmax + book,Maia2 1600 + book,1-0,checkmate,67,1600,1600,0.0,maia2-book__vs__maia3-argmax-book.pgn
maia2-book__vs__maia3-argmax-book-047,maia2-book__vs__maia3-argmax-book,47,Maia2 1600 + book,Maia3 1600 argmax + book,0-1,checkmate,64,1600,1600,0.0,maia2-book__vs__maia3-argmax-book.pgn
maia2-book__vs__maia3-argmax-book-048,maia2-book__vs__maia3-argmax-book,48,Maia3 1600 argmax + book,Maia2 1600 + book,1/2-1/2,threefold repetition,42,1600,1600,0.5,maia2-book__vs__maia3-argmax-book.pgn
maia2-book__vs__maia3-argmax-book-049,maia2-book__vs__maia3-argmax-book,49,Maia2 1600 + book,Maia3 1600 argmax + book,1-0,checkmate,25,1600,1600,1.0,maia2-book__vs__maia3-argmax-book.pgn
maia2-book__vs__maia3-argmax-book-050,maia2-book__vs__maia3-argmax-book,50,Maia3 1600 argmax + book,Maia2 1600 + book,0-1,checkmate,92,1600,1600,1.0,maia2-book__vs__maia3-argmax-book.pgn
maia2-book__vs__maia3-argmax-book-051,maia2-book__vs__maia3-argmax-book,51,Maia2 1600 + book,Maia3 1600 argmax + book,1-0,checkmate,77,1600,1600,1.0,maia2-book__vs__maia3-argmax-book.pgn
maia2-book__vs__maia3-argmax-book-052,maia2-book__vs__maia3-argmax-book,52,Maia3 1600 argmax + book,Maia2 1600 + book,1/2-1/2,threefold repetition,125,1600,1600,0.5,maia2-book__vs__maia3-argmax-book.pgn
maia2-book__vs__maia3-argmax-book-053,maia2-book__vs__maia3-argmax-book,53,Maia2 1600 + book,Maia3 1600 argmax + book,1-0,checkmate,119,1600,1600,1.0,maia2-book__vs__maia3-argmax-book.pgn
maia2-book__vs__maia3-argmax-book-054,maia2-book__vs__maia3-argmax-book,54,Maia3 1600 argmax + book,Maia2 1600 + book,1/2-1/2,threefold repetition,95,1600,1600,0.5,maia2-book__vs__maia3-argmax-book.pgn
maia2-book__vs__maia3-argmax-book-055,maia2-book__vs__maia3-argmax-book,55,Maia2 1600 + book,Maia3 1600 argmax + book,0-1,checkmate,122,1600,1600,0.0,maia2-book__vs__maia3-argmax-book.pgn
maia2-book__vs__maia3-argmax-book-056,maia2-book__vs__maia3-argmax-book,56,Maia3 1600 argmax + book,Maia2 1600 + book,1-0,checkmate,47,1600,1600,0.0,maia2-book__vs__maia3-argmax-book.pgn
maia2-book__vs__maia3-argmax-book-057,maia2-book__vs__maia3-argmax-book,57,Maia2 1600 + book,Maia3 1600 argmax + book,1-0,checkmate,119,1600,1600,1.0,maia2-book__vs__maia3-argmax-book.pgn
maia2-book__vs__maia3-argmax-book-058,maia2-book__vs__maia3-argmax-book,58,Maia3 1600 argmax + book,Maia2 1600 + book,1-0,checkmate,95,1600,1600,0.0,maia2-book__vs__maia3-argmax-book.pgn
maia2-book__vs__maia3-argmax-book-059,maia2-book__vs__maia3-argmax-book,59,Maia2 1600 + book,Maia3 1600 argmax + book,1/2-1/2,threefold repetition,85,1600,1600,0.5,maia2-book__vs__maia3-argmax-book.pgn
maia2-book__vs__maia3-argmax-book-060,maia2-book__vs__maia3-argmax-book,60,Maia3 1600 argmax + book,Maia2 1600 + book,0-1,checkmate,72,1600,1600,1.0,maia2-book__vs__maia3-argmax-book.pgn
maia2-book__vs__maia3-argmax-book-061,maia2-book__vs__maia3-argmax-book,61,Maia2 1600 + book,Maia3 1600 argmax + book,1/2-1/2,threefold repetition,53,1600,1600,0.5,maia2-book__vs__maia3-argmax-book.pgn
maia2-book__vs__maia3-argmax-book-062,maia2-book__vs__maia3-argmax-book,62,Maia3 1600 argmax + book,Maia2 1600 + book,1-0,checkmate,69,1600,1600,0.0,maia2-book__vs__maia3-argmax-book.pgn
maia2-book__vs__maia3-argmax-book-063,maia2-book__vs__maia3-argmax-book,63,Maia2 1600 + book,Maia3 1600 argmax + book,1-0,checkmate,83,1600,1600,1.0,maia2-book__vs__maia3-argmax-book.pgn
maia2-book__vs__maia3-argmax-book-064,maia2-book__vs__maia3-argmax-book,64,Maia3 1600 argmax + book,Maia2 1600 + book,1-0,checkmate,75,1600,1600,0.0,maia2-book__vs__maia3-argmax-book.pgn
maia2-book__vs__maia3-argmax-book-065,maia2-book__vs__maia3-argmax-book,65,Maia2 1600 + book,Maia3 1600 argmax + book,0-1,checkmate,94,1600,1600,0.0,maia2-book__vs__maia3-argmax-book.pgn
maia2-book__vs__maia3-argmax-book-066,maia2-book__vs__maia3-argmax-book,66,Maia3 1600 argmax + book,Maia2 1600 + book,0-1,checkmate,146,1600,1600,1.0,maia2-book__vs__maia3-argmax-book.pgn
maia2-book__vs__maia3-argmax-book-067,maia2-book__vs__maia3-argmax-book,67,Maia2 1600 + book,Maia3 1600 argmax + book,0-1,checkmate,50,1600,1600,0.0,maia2-book__vs__maia3-argmax-book.pgn
maia2-book__vs__maia3-argmax-book-068,maia2-book__vs__maia3-argmax-book,68,Maia3 1600 argmax + book,Maia2 1600 + book,1/2-1/2,threefold repetition,95,1600,1600,0.5,maia2-book__vs__maia3-argmax-book.pgn
maia2-book__vs__maia3-argmax-book-069,maia2-book__vs__maia3-argmax-book,69,Maia2 1600 + book,Maia3 1600 argmax + book,0-1,checkmate,16,1600,1600,0.0,maia2-book__vs__maia3-argmax-book.pgn
maia2-book__vs__maia3-argmax-book-070,maia2-book__vs__maia3-argmax-book,70,Maia3 1600 argmax + book,Maia2 1600 + book,1-0,checkmate,73,1600,1600,0.0,maia2-book__vs__maia3-argmax-book.pgn
maia2-book__vs__maia3-argmax-book-071,maia2-book__vs__maia3-argmax-book,71,Maia2 1600 + book,Maia3 1600 argmax + book,1-0,checkmate,11,1600,1600,1.0,maia2-book__vs__maia3-argmax-book.pgn
maia2-book__vs__maia3-argmax-book-072,maia2-book__vs__maia3-argmax-book,72,Maia3 1600 argmax + book,Maia2 1600 + book,1-0,checkmate,131,1600,1600,0.0,maia2-book__vs__maia3-argmax-book.pgn
maia2-book__vs__maia3-argmax-book-073,maia2-book__vs__maia3-argmax-book,73,Maia2 1600 + book,Maia3 1600 argmax + book,1-0,checkmate,155,1600,1600,1.0,maia2-book__vs__maia3-argmax-book.pgn
maia2-book__vs__maia3-argmax-book-074,maia2-book__vs__maia3-argmax-book,74,Maia3 1600 argmax + book,Maia2 1600 + book,1-0,checkmate,59,1600,1600,0.0,maia2-book__vs__maia3-argmax-book.pgn
maia2-book__vs__maia3-argmax-book-075,maia2-book__vs__maia3-argmax-book,75,Maia2 1600 + book,Maia3 1600 argmax + book,0-1,checkmate,86,1600,1600,0.0,maia2-book__vs__maia3-argmax-book.pgn
maia2-book__vs__maia3-argmax-book-076,maia2-book__vs__maia3-argmax-book,76,Maia3 1600 argmax + book,Maia2 1600 + book,1/2-1/2,insufficient material,125,1600,1600,0.5,maia2-book__vs__maia3-argmax-book.pgn
maia2-book__vs__maia3-argmax-book-077,maia2-book__vs__maia3-argmax-book,77,Maia2 1600 + book,Maia3 1600 argmax + book,1/2-1/2,threefold repetition,62,1600,1600,0.5,maia2-book__vs__maia3-argmax-book.pgn
maia2-book__vs__maia3-argmax-book-078,maia2-book__vs__maia3-argmax-book,78,Maia3 1600 argmax + book,Maia2 1600 + book,1/2-1/2,threefold repetition,82,1600,1600,0.5,maia2-book__vs__maia3-argmax-book.pgn
maia2-book__vs__maia3-argmax-book-079,maia2-book__vs__maia3-argmax-book,79,Maia2 1600 + book,Maia3 1600 argmax + book,1-0,checkmate,137,1600,1600,1.0,maia2-book__vs__maia3-argmax-book.pgn
maia2-book__vs__maia3-argmax-book-080,maia2-book__vs__maia3-argmax-book,80,Maia3 1600 argmax + book,Maia2 1600 + book,1-0,checkmate,79,1600,1600,0.0,maia2-book__vs__maia3-argmax-book.pgn
maia2-book__vs__maia3-argmax-book-081,maia2-book__vs__maia3-argmax-book,81,Maia2 1600 + book,Maia3 1600 argmax + book,0-1,checkmate,50,1600,1600,0.0,maia2-book__vs__maia3-argmax-book.pgn
maia2-book__vs__maia3-argmax-book-082,maia2-book__vs__maia3-argmax-book,82,Maia3 1600 argmax + book,Maia2 1600 + book,1-0,checkmate,111,1600,1600,0.0,maia2-book__vs__maia3-argmax-book.pgn
maia2-book__vs__maia3-argmax-book-083,maia2-book__vs__maia3-argmax-book,83,Maia2 1600 + book,Maia3 1600 argmax + book,0-1,checkmate,234,1600,1600,0.0,maia2-book__vs__maia3-argmax-book.pgn
maia2-book__vs__maia3-argmax-book-084,maia2-book__vs__maia3-argmax-book,84,Maia3 1600 argmax + book,Maia2 1600 + book,1/2-1/2,threefold repetition,126,1600,1600,0.5,maia2-book__vs__maia3-argmax-book.pgn
maia2-book__vs__maia3-argmax-book-085,maia2-book__vs__maia3-argmax-book,85,Maia2 1600 + book,Maia3 1600 argmax + book,0-1,checkmate,150,1600,1600,0.0,maia2-book__vs__maia3-argmax-book.pgn
maia2-book__vs__maia3-argmax-book-086,maia2-book__vs__maia3-argmax-book,86,Maia3 1600 argmax + book,Maia2 1600 + book,1-0,checkmate,151,1600,1600,0.0,maia2-book__vs__maia3-argmax-book.pgn
maia2-book__vs__maia3-argmax-book-087,maia2-book__vs__maia3-argmax-book,87,Maia2 1600 + book,Maia3 1600 argmax + book,1-0,checkmate,125,1600,1600,1.0,maia2-book__vs__maia3-argmax-book.pgn
maia2-book__vs__maia3-argmax-book-088,maia2-book__vs__maia3-argmax-book,88,Maia3 1600 argmax + book,Maia2 1600 + book,1-0,checkmate,111,1600,1600,0.0,maia2-book__vs__maia3-argmax-book.pgn
maia2-book__vs__maia3-argmax-book-089,maia2-book__vs__maia3-argmax-book,89,Maia2 1600 + book,Maia3 1600 argmax + book,1-0,checkmate,109,1600,1600,1.0,maia2-book__vs__maia3-argmax-book.pgn
maia2-book__vs__maia3-argmax-book-090,maia2-book__vs__maia3-argmax-book,90,Maia3 1600 argmax + book,Maia2 1600 + book,1/2-1/2,threefold repetition,119,1600,1600,0.5,maia2-book__vs__maia3-argmax-book.pgn
maia2-book__vs__maia3-argmax-book-091,maia2-book__vs__maia3-argmax-book,91,Maia2 1600 + book,Maia3 1600 argmax + book,1-0,checkmate,51,1600,1600,1.0,maia2-book__vs__maia3-argmax-book.pgn
maia2-book__vs__maia3-argmax-book-092,maia2-book__vs__maia3-argmax-book,92,Maia3 1600 argmax + book,Maia2 1600 + book,0-1,checkmate,68,1600,1600,1.0,maia2-book__vs__maia3-argmax-book.pgn
maia2-book__vs__maia3-argmax-book-093,maia2-book__vs__maia3-argmax-book,93,Maia2 1600 + book,Maia3 1600 argmax + book,0-1,checkmate,68,1600,1600,0.0,maia2-book__vs__maia3-argmax-book.pgn
maia2-book__vs__maia3-argmax-book-094,maia2-book__vs__maia3-argmax-book,94,Maia3 1600 argmax + book,Maia2 1600 + book,1-0,checkmate,105,1600,1600,0.0,maia2-book__vs__maia3-argmax-book.pgn
maia2-book__vs__maia3-argmax-book-095,maia2-book__vs__maia3-argmax-book,95,Maia2 1600 + book,Maia3 1600 argmax + book,1/2-1/2,threefold repetition,57,1600,1600,0.5,maia2-book__vs__maia3-argmax-book.pgn
maia2-book__vs__maia3-argmax-book-096,maia2-book__vs__maia3-argmax-book,96,Maia3 1600 argmax + book,Maia2 1600 + book,0-1,checkmate,70,1600,1600,1.0,maia2-book__vs__maia3-argmax-book.pgn
maia2-book__vs__maia3-argmax-book-097,maia2-book__vs__maia3-argmax-book,97,Maia2 1600 + book,Maia3 1600 argmax + book,1/2-1/2,stalemate,160,1600,1600,0.5,maia2-book__vs__maia3-argmax-book.pgn
maia2-book__vs__maia3-argmax-book-098,maia2-book__vs__maia3-argmax-book,98,Maia3 1600 argmax + book,Maia2 1600 + book,1/2-1/2,threefold repetition,121,1600,1600,0.5,maia2-book__vs__maia3-argmax-book.pgn
maia2-book__vs__maia3-argmax-book-099,maia2-book__vs__maia3-argmax-book,99,Maia2 1600 + book,Maia3 1600 argmax + book,0-1,checkmate,76,1600,1600,0.0,maia2-book__vs__maia3-argmax-book.pgn
maia2-book__vs__maia3-argmax-book-100,maia2-book__vs__maia3-argmax-book,100,Maia3 1600 argmax + book,Maia2 1600 + book,1-0,checkmate,67,1600,1600,0.0,maia2-book__vs__maia3-argmax-book.pgn
maia2-book__vs__maia3-argmax-no-book-001,maia2-book__vs__maia3-argmax-no-book,1,Maia2 1600 + book,"Maia3 1600 argmax, no book",0-1,checkmate,102,1600,1600,0.0,maia2-book__vs__maia3-argmax-no-book.pgn
maia2-book__vs__maia3-argmax-no-book-002,maia2-book__vs__maia3-argmax-no-book,2,"Maia3 1600 argmax, no book",Maia2 1600 + book,1/2-1/2,threefold repetition,105,1600,1600,0.5,maia2-book__vs__maia3-argmax-no-book.pgn
maia2-book__vs__maia3-argmax-no-book-003,maia2-book__vs__maia3-argmax-no-book,3,Maia2 1600 + book,"Maia3 1600 argmax, no book",1/2-1/2,threefold repetition,48,1600,1600,0.5,maia2-book__vs__maia3-argmax-no-book.pgn
maia2-book__vs__maia3-argmax-no-book-004,maia2-book__vs__maia3-argmax-no-book,4,"Maia3 1600 argmax, no book",Maia2 1600 + book,1-0,checkmate,63,1600,1600,0.0,maia2-book__vs__maia3-argmax-no-book.pgn
maia2-book__vs__maia3-argmax-no-book-005,maia2-book__vs__maia3-argmax-no-book,5,Maia2 1600 + book,"Maia3 1600 argmax, no book",1/2-1/2,threefold repetition,153,1600,1600,0.5,maia2-book__vs__maia3-argmax-no-book.pgn
maia2-book__vs__maia3-argmax-no-book-006,maia2-book__vs__maia3-argmax-no-book,6,"Maia3 1600 argmax, no book",Maia2 1600 + book,0-1,checkmate,34,1600,1600,1.0,maia2-book__vs__maia3-argmax-no-book.pgn
maia2-book__vs__maia3-argmax-no-book-007,maia2-book__vs__maia3-argmax-no-book,7,Maia2 1600 + book,"Maia3 1600 argmax, no book",1/2-1/2,threefold repetition,103,1600,1600,0.5,maia2-book__vs__maia3-argmax-no-book.pgn
maia2-book__vs__maia3-argmax-no-book-008,maia2-book__vs__maia3-argmax-no-book,8,"Maia3 1600 argmax, no book",Maia2 1600 + book,1-0,checkmate,49,1600,1600,0.0,maia2-book__vs__maia3-argmax-no-book.pgn
maia2-book__vs__maia3-argmax-no-book-009,maia2-book__vs__maia3-argmax-no-book,9,Maia2 1600 + book,"Maia3 1600 argmax, no book",1-0,checkmate,105,1600,1600,1.0,maia2-book__vs__maia3-argmax-no-book.pgn
maia2-book__vs__maia3-argmax-no-book-010,maia2-book__vs__maia3-argmax-no-book,10,"Maia3 1600 argmax, no book",Maia2 1600 + book,1/2-1/2,threefold repetition,119,1600,1600,0.5,maia2-book__vs__maia3-argmax-no-book.pgn
maia2-book__vs__maia3-argmax-no-book-011,maia2-book__vs__maia3-argmax-no-book,11,Maia2 1600 + book,"Maia3 1600 argmax, no book",1/2-1/2,threefold repetition,60,1600,1600,0.5,maia2-book__vs__maia3-argmax-no-book.pgn
maia2-book__vs__maia3-argmax-no-book-012,maia2-book__vs__maia3-argmax-no-book,12,"Maia3 1600 argmax, no book",Maia2 1600 + book,1-0,checkmate,69,1600,1600,0.0,maia2-book__vs__maia3-argmax-no-book.pgn
maia2-book__vs__maia3-argmax-no-book-013,maia2-book__vs__maia3-argmax-no-book,13,Maia2 1600 + book,"Maia3 1600 argmax, no book",1-0,checkmate,39,1600,1600,1.0,maia2-book__vs__maia3-argmax-no-book.pgn
maia2-book__vs__maia3-argmax-no-book-014,maia2-book__vs__maia3-argmax-no-book,14,"Maia3 1600 argmax, no book",Maia2 1600 + book,0-1,checkmate,66,1600,1600,1.0,maia2-book__vs__maia3-argmax-no-book.pgn
maia2-book__vs__maia3-argmax-no-book-015,maia2-book__vs__maia3-argmax-no-book,15,Maia2 1600 + book,"Maia3 1600 argmax, no book",1-0,checkmate,91,1600,1600,1.0,maia2-book__vs__maia3-argmax-no-book.pgn
maia2-book__vs__maia3-argmax-no-book-016,maia2-book__vs__maia3-argmax-no-book,16,"Maia3 1600 argmax, no book",Maia2 1600 + book,1-0,checkmate,63,1600,1600,0.0,maia2-book__vs__maia3-argmax-no-book.pgn
maia2-book__vs__maia3-argmax-no-book-017,maia2-book__vs__maia3-argmax-no-book,17,Maia2 1600 + book,"Maia3 1600 argmax, no book",0-1,checkmate,76,1600,1600,0.0,maia2-book__vs__maia3-argmax-no-book.pgn
maia2-book__vs__maia3-argmax-no-book-018,maia2-book__vs__maia3-argmax-no-book,18,"Maia3 1600 argmax, no book",Maia2 1600 + book,1/2-1/2,threefold repetition,71,1600,1600,0.5,maia2-book__vs__maia3-argmax-no-book.pgn
maia2-book__vs__maia3-argmax-no-book-019,maia2-book__vs__maia3-argmax-no-book,19,Maia2 1600 + book,"Maia3 1600 argmax, no book",0-1,checkmate,72,1600,1600,0.0,maia2-book__vs__maia3-argmax-no-book.pgn
maia2-book__vs__maia3-argmax-no-book-020,maia2-book__vs__maia3-argmax-no-book,20,"Maia3 1600 argmax, no book",Maia2 1600 + book,1/2-1/2,threefold repetition,52,1600,1600,0.5,maia2-book__vs__maia3-argmax-no-book.pgn
maia2-book__vs__maia3-argmax-no-book-021,maia2-book__vs__maia3-argmax-no-book,21,Maia2 1600 + book,"Maia3 1600 argmax, no book",1-0,checkmate,69,1600,1600,1.0,maia2-book__vs__maia3-argmax-no-book.pgn
maia2-book__vs__maia3-argmax-no-book-022,maia2-book__vs__maia3-argmax-no-book,22,"Maia3 1600 argmax, no book",Maia2 1600 + book,1-0,checkmate,115,1600,1600,0.0,maia2-book__vs__maia3-argmax-no-book.pgn
maia2-book__vs__maia3-argmax-no-book-023,maia2-book__vs__maia3-argmax-no-book,23,Maia2 1600 + book,"Maia3 1600 argmax, no book",0-1,checkmate,96,1600,1600,0.0,maia2-book__vs__maia3-argmax-no-book.pgn
maia2-book__vs__maia3-argmax-no-book-024,maia2-book__vs__maia3-argmax-no-book,24,"Maia3 1600 argmax, no book",Maia2 1600 + book,1-0,checkmate,77,1600,1600,0.0,maia2-book__vs__maia3-argmax-no-book.pgn
maia2-book__vs__maia3-argmax-no-book-025,maia2-book__vs__maia3-argmax-no-book,25,Maia2 1600 + book,"Maia3 1600 argmax, no book",0-1,checkmate,60,1600,1600,0.0,maia2-book__vs__maia3-argmax-no-book.pgn
maia2-book__vs__maia3-argmax-no-book-026,maia2-book__vs__maia3-argmax-no-book,26,"Maia3 1600 argmax, no book",Maia2 1600 + book,1/2-1/2,threefold repetition,36,1600,1600,0.5,maia2-book__vs__maia3-argmax-no-book.pgn
maia2-book__vs__maia3-argmax-no-book-027,maia2-book__vs__maia3-argmax-no-book,27,Maia2 1600 + book,"Maia3 1600 argmax, no book",0-1,checkmate,114,1600,1600,0.0,maia2-book__vs__maia3-argmax-no-book.pgn
maia2-book__vs__maia3-argmax-no-book-028,maia2-book__vs__maia3-argmax-no-book,28,"Maia3 1600 argmax, no book",Maia2 1600 + book,1-0,checkmate,121,1600,1600,0.0,maia2-book__vs__maia3-argmax-no-book.pgn
maia2-book__vs__maia3-argmax-no-book-029,maia2-book__vs__maia3-argmax-no-book,29,Maia2 1600 + book,"Maia3 1600 argmax, no book",1-0,checkmate,157,1600,1600,1.0,maia2-book__vs__maia3-argmax-no-book.pgn
maia2-book__vs__maia3-argmax-no-book-030,maia2-book__vs__maia3-argmax-no-book,30,"Maia3 1600 argmax, no book",Maia2 1600 + book,1-0,checkmate,77,1600,1600,0.0,maia2-book__vs__maia3-argmax-no-book.pgn
maia2-book__vs__maia3-argmax-no-book-031,maia2-book__vs__maia3-argmax-no-book,31,Maia2 1600 + book,"Maia3 1600 argmax, no book",0-1,checkmate,124,1600,1600,0.0,maia2-book__vs__maia3-argmax-no-book.pgn
maia2-book__vs__maia3-argmax-no-book-032,maia2-book__vs__maia3-argmax-no-book,32,"Maia3 1600 argmax, no book",Maia2 1600 + book,1-0,checkmate,135,1600,1600,0.0,maia2-book__vs__maia3-argmax-no-book.pgn
maia2-book__vs__maia3-argmax-no-book-033,maia2-book__vs__maia3-argmax-no-book,33,Maia2 1600 + book,"Maia3 1600 argmax, no book",0-1,checkmate,156,1600,1600,0.0,maia2-book__vs__maia3-argmax-no-book.pgn
maia2-book__vs__maia3-argmax-no-book-034,maia2-book__vs__maia3-argmax-no-book,34,"Maia3 1600 argmax, no book",Maia2 1600 + book,1-0,checkmate,111,1600,1600,0.0,maia2-book__vs__maia3-argmax-no-book.pgn
maia2-book__vs__maia3-argmax-no-book-035,maia2-book__vs__maia3-argmax-no-book,35,Maia2 1600 + book,"Maia3 1600 argmax, no book",1-0,checkmate,67,1600,1600,1.0,maia2-book__vs__maia3-argmax-no-book.pgn
maia2-book__vs__maia3-argmax-no-book-036,maia2-book__vs__maia3-argmax-no-book,36,"Maia3 1600 argmax, no book",Maia2 1600 + book,1-0,checkmate,15,1600,1600,0.0,maia2-book__vs__maia3-argmax-no-book.pgn
maia2-book__vs__maia3-argmax-no-book-037,maia2-book__vs__maia3-argmax-no-book,37,Maia2 1600 + book,"Maia3 1600 argmax, no book",1/2-1/2,threefold repetition,58,1600,1600,0.5,maia2-book__vs__maia3-argmax-no-book.pgn
maia2-book__vs__maia3-argmax-no-book-038,maia2-book__vs__maia3-argmax-no-book,38,"Maia3 1600 argmax, no book",Maia2 1600 + book,1/2-1/2,threefold repetition,82,1600,1600,0.5,maia2-book__vs__maia3-argmax-no-book.pgn
maia2-book__vs__maia3-argmax-no-book-039,maia2-book__vs__maia3-argmax-no-book,39,Maia2 1600 + book,"Maia3 1600 argmax, no book",1/2-1/2,threefold repetition,55,1600,1600,0.5,maia2-book__vs__maia3-argmax-no-book.pgn
maia2-book__vs__maia3-argmax-no-book-040,maia2-book__vs__maia3-argmax-no-book,40,"Maia3 1600 argmax, no book",Maia2 1600 + book,1/2-1/2,threefold repetition,100,1600,1600,0.5,maia2-book__vs__maia3-argmax-no-book.pgn
maia2-book__vs__maia3-argmax-no-book-041,maia2-book__vs__maia3-argmax-no-book,41,Maia2 1600 + book,"Maia3 1600 argmax, no book",0-1,checkmate,154,1600,1600,0.0,maia2-book__vs__maia3-argmax-no-book.pgn
maia2-book__vs__maia3-argmax-no-book-042,maia2-book__vs__maia3-argmax-no-book,42,"Maia3 1600 argmax, no book",Maia2 1600 + book,1-0,checkmate,81,1600,1600,0.0,maia2-book__vs__maia3-argmax-no-book.pgn
maia2-book__vs__maia3-argmax-no-book-043,maia2-book__vs__maia3-argmax-no-book,43,Maia2 1600 + book,"Maia3 1600 argmax, no book",0-1,checkmate,122,1600,1600,0.0,maia2-book__vs__maia3-argmax-no-book.pgn
maia2-book__vs__maia3-argmax-no-book-044,maia2-book__vs__maia3-argmax-no-book,44,"Maia3 1600 argmax, no book",Maia2 1600 + book,1-0,checkmate,103,1600,1600,0.0,maia2-book__vs__maia3-argmax-no-book.pgn
maia2-book__vs__maia3-argmax-no-book-045,maia2-book__vs__maia3-argmax-no-book,45,Maia2 1600 + book,"Maia3 1600 argmax, no book",0-1,checkmate,142,1600,1600,0.0,maia2-book__vs__maia3-argmax-no-book.pgn
maia2-book__vs__maia3-argmax-no-book-046,maia2-book__vs__maia3-argmax-no-book,46,"Maia3 1600 argmax, no book",Maia2 1600 + book,1/2-1/2,threefold repetition,128,1600,1600,0.5,maia2-book__vs__maia3-argmax-no-book.pgn
maia2-book__vs__maia3-argmax-no-book-047,maia2-book__vs__maia3-argmax-no-book,47,Maia2 1600 + book,"Maia3 1600 argmax, no book",1-0,checkmate,21,1600,1600,1.0,maia2-book__vs__maia3-argmax-no-book.pgn
maia2-book__vs__maia3-argmax-no-book-048,maia2-book__vs__maia3-argmax-no-book,48,"Maia3 1600 argmax, no book",Maia2 1600 + book,0-1,checkmate,104,1600,1600,1.0,maia2-book__vs__maia3-argmax-no-book.pgn
maia2-book__vs__maia3-argmax-no-book-049,maia2-book__vs__maia3-argmax-no-book,49,Maia2 1600 + book,"Maia3 1600 argmax, no book",1-0,checkmate,43,1600,1600,1.0,maia2-book__vs__maia3-argmax-no-book.pgn
maia2-book__vs__maia3-argmax-no-book-050,maia2-book__vs__maia3-argmax-no-book,50,"Maia3 1600 argmax, no book",Maia2 1600 + book,1-0,checkmate,109,1600,1600,0.0,maia2-book__vs__maia3-argmax-no-book.pgn
maia2-book__vs__maia3-argmax-no-book-051,maia2-book__vs__maia3-argmax-no-book,51,Maia2 1600 + book,"Maia3 1600 argmax, no book",0-1,checkmate,64,1600,1600,0.0,maia2-book__vs__maia3-argmax-no-book.pgn
maia2-book__vs__maia3-argmax-no-book-052,maia2-book__vs__maia3-argmax-no-book,52,"Maia3 1600 argmax, no book",Maia2 1600 + book,0-1,checkmate,86,1600,1600,1.0,maia2-book__vs__maia3-argmax-no-book.pgn
maia2-book__vs__maia3-argmax-no-book-053,maia2-book__vs__maia3-argmax-no-book,53,Maia2 1600 + book,"Maia3 1600 argmax, no book",0-1,checkmate,168,1600,1600,0.0,maia2-book__vs__maia3-argmax-no-book.pgn
maia2-book__vs__maia3-argmax-no-book-054,maia2-book__vs__maia3-argmax-no-book,54,"Maia3 1600 argmax, no book",Maia2 1600 + book,1-0,checkmate,51,1600,1600,0.0,maia2-book__vs__maia3-argmax-no-book.pgn
maia2-book__vs__maia3-argmax-no-book-055,maia2-book__vs__maia3-argmax-no-book,55,Maia2 1600 + book,"Maia3 1600 argmax, no book",1/2-1/2,stalemate,97,1600,1600,0.5,maia2-book__vs__maia3-argmax-no-book.pgn
maia2-book__vs__maia3-argmax-no-book-056,maia2-book__vs__maia3-argmax-no-book,56,"Maia3 1600 argmax, no book",Maia2 1600 + book,0-1,checkmate,66,1600,1600,1.0,maia2-book__vs__maia3-argmax-no-book.pgn
maia2-book__vs__maia3-argmax-no-book-057,maia2-book__vs__maia3-argmax-no-book,57,Maia2 1600 + book,"Maia3 1600 argmax, no book",0-1,checkmate,82,1600,1600,0.0,maia2-book__vs__maia3-argmax-no-book.pgn
maia2-book__vs__maia3-argmax-no-book-058,maia2-book__vs__maia3-argmax-no-book,58,"Maia3 1600 argmax, no book",Maia2 1600 + book,1-0,checkmate,41,1600,1600,0.0,maia2-book__vs__maia3-argmax-no-book.pgn
maia2-book__vs__maia3-argmax-no-book-059,maia2-book__vs__maia3-argmax-no-book,59,Maia2 1600 + book,"Maia3 1600 argmax, no book",1-0,checkmate,119,1600,1600,1.0,maia2-book__vs__maia3-argmax-no-book.pgn
maia2-book__vs__maia3-argmax-no-book-060,maia2-book__vs__maia3-argmax-no-book,60,"Maia3 1600 argmax, no book",Maia2 1600 + book,0-1,checkmate,112,1600,1600,1.0,maia2-book__vs__maia3-argmax-no-book.pgn
maia2-book__vs__maia3-argmax-no-book-061,maia2-book__vs__maia3-argmax-no-book,61,Maia2 1600 + book,"Maia3 1600 argmax, no book",1-0,checkmate,53,1600,1600,1.0,maia2-book__vs__maia3-argmax-no-book.pgn
maia2-book__vs__maia3-argmax-no-book-062,maia2-book__vs__maia3-argmax-no-book,62,"Maia3 1600 argmax, no book",Maia2 1600 + book,1-0,checkmate,135,1600,1600,0.0,maia2-book__vs__maia3-argmax-no-book.pgn
maia2-book__vs__maia3-argmax-no-book-063,maia2-book__vs__maia3-argmax-no-book,63,Maia2 1600 + book,"Maia3 1600 argmax, no book",0-1,checkmate,112,1600,1600,0.0,maia2-book__vs__maia3-argmax-no-book.pgn
maia2-book__vs__maia3-argmax-no-book-064,maia2-book__vs__maia3-argmax-no-book,64,"Maia3 1600 argmax, no book",Maia2 1600 + book,1-0,checkmate,43,1600,1600,0.0,maia2-book__vs__maia3-argmax-no-book.pgn
maia2-book__vs__maia3-argmax-no-book-065,maia2-book__vs__maia3-argmax-no-book,65,Maia2 1600 + book,"Maia3 1600 argmax, no book",0-1,checkmate,124,1600,1600,0.0,maia2-book__vs__maia3-argmax-no-book.pgn
maia2-book__vs__maia3-argmax-no-book-066,maia2-book__vs__maia3-argmax-no-book,66,"Maia3 1600 argmax, no book",Maia2 1600 + book,1-0,checkmate,83,1600,1600,0.0,maia2-book__vs__maia3-argmax-no-book.pgn
maia2-book__vs__maia3-argmax-no-book-067,maia2-book__vs__maia3-argmax-no-book,67,Maia2 1600 + book,"Maia3 1600 argmax, no book",0-1,checkmate,130,1600,1600,0.0,maia2-book__vs__maia3-argmax-no-book.pgn
maia2-book__vs__maia3-argmax-no-book-068,maia2-book__vs__maia3-argmax-no-book,68,"Maia3 1600 argmax, no book",Maia2 1600 + book,1-0,checkmate,63,1600,1600,0.0,maia2-book__vs__maia3-argmax-no-book.pgn
maia2-book__vs__maia3-argmax-no-book-069,maia2-book__vs__maia3-argmax-no-book,69,Maia2 1600 + book,"Maia3 1600 argmax, no book",1/2-1/2,threefold repetition,95,1600,1600,0.5,maia2-book__vs__maia3-argmax-no-book.pgn
maia2-book__vs__maia3-argmax-no-book-070,maia2-book__vs__maia3-argmax-no-book,70,"Maia3 1600 argmax, no book",Maia2 1600 + book,1-0,checkmate,103,1600,1600,0.0,maia2-book__vs__maia3-argmax-no-book.pgn
maia2-book__vs__maia3-argmax-no-book-071,maia2-book__vs__maia3-argmax-no-book,71,Maia2 1600 + book,"Maia3 1600 argmax, no book",0-1,checkmate,98,1600,1600,0.0,maia2-book__vs__maia3-argmax-no-book.pgn
maia2-book__vs__maia3-argmax-no-book-072,maia2-book__vs__maia3-argmax-no-book,72,"Maia3 1600 argmax, no book",Maia2 1600 + book,1-0,checkmate,111,1600,1600,0.0,maia2-book__vs__maia3-argmax-no-book.pgn
maia2-book__vs__maia3-argmax-no-book-073,maia2-book__vs__maia3-argmax-no-book,73,Maia2 1600 + book,"Maia3 1600 argmax, no book",0-1,checkmate,94,1600,1600,0.0,maia2-book__vs__maia3-argmax-no-book.pgn
maia2-book__vs__maia3-argmax-no-book-074,maia2-book__vs__maia3-argmax-no-book,74,"Maia3 1600 argmax, no book",Maia2 1600 + book,1/2-1/2,threefold repetition,54,1600,1600,0.5,maia2-book__vs__maia3-argmax-no-book.pgn
maia2-book__vs__maia3-argmax-no-book-075,maia2-book__vs__maia3-argmax-no-book,75,Maia2 1600 + book,"Maia3 1600 argmax, no book",1/2-1/2,threefold repetition,52,1600,1600,0.5,maia2-book__vs__maia3-argmax-no-book.pgn
maia2-book__vs__maia3-argmax-no-book-076,maia2-book__vs__maia3-argmax-no-book,76,"Maia3 1600 argmax, no book",Maia2 1600 + book,1-0,checkmate,57,1600,1600,0.0,maia2-book__vs__maia3-argmax-no-book.pgn
maia2-book__vs__maia3-argmax-no-book-077,maia2-book__vs__maia3-argmax-no-book,77,Maia2 1600 + book,"Maia3 1600 argmax, no book",1/2-1/2,threefold repetition,68,1600,1600,0.5,maia2-book__vs__maia3-argmax-no-book.pgn
maia2-book__vs__maia3-argmax-no-book-078,maia2-book__vs__maia3-argmax-no-book,78,"Maia3 1600 argmax, no book",Maia2 1600 + book,1-0,checkmate,135,1600,1600,0.0,maia2-book__vs__maia3-argmax-no-book.pgn
maia2-book__vs__maia3-argmax-no-book-079,maia2-book__vs__maia3-argmax-no-book,79,Maia2 1600 + book,"Maia3 1600 argmax, no book",1-0,checkmate,39,1600,1600,1.0,maia2-book__vs__maia3-argmax-no-book.pgn
maia2-book__vs__maia3-argmax-no-book-080,maia2-book__vs__maia3-argmax-no-book,80,"Maia3 1600 argmax, no book",Maia2 1600 + book,1/2-1/2,threefold repetition,60,1600,1600,0.5,maia2-book__vs__maia3-argmax-no-book.pgn
maia2-book__vs__maia3-argmax-no-book-081,maia2-book__vs__maia3-argmax-no-book,81,Maia2 1600 + book,"Maia3 1600 argmax, no book",0-1,checkmate,52,1600,1600,0.0,maia2-book__vs__maia3-argmax-no-book.pgn
maia2-book__vs__maia3-argmax-no-book-082,maia2-book__vs__maia3-argmax-no-book,82,"Maia3 1600 argmax, no book",Maia2 1600 + book,1-0,checkmate,103,1600,1600,0.0,maia2-book__vs__maia3-argmax-no-book.pgn
maia2-book__vs__maia3-argmax-no-book-083,maia2-book__vs__maia3-argmax-no-book,83,Maia2 1600 + book,"Maia3 1600 argmax, no book",0-1,checkmate,98,1600,1600,0.0,maia2-book__vs__maia3-argmax-no-book.pgn
maia2-book__vs__maia3-argmax-no-book-084,maia2-book__vs__maia3-argmax-no-book,84,"Maia3 1600 argmax, no book",Maia2 1600 + book,0-1,checkmate,70,1600,1600,1.0,maia2-book__vs__maia3-argmax-no-book.pgn
maia2-book__vs__maia3-argmax-no-book-085,maia2-book__vs__maia3-argmax-no-book,85,Maia2 1600 + book,"Maia3 1600 argmax, no book",0-1,checkmate,52,1600,1600,0.0,maia2-book__vs__maia3-argmax-no-book.pgn
maia2-book__vs__maia3-argmax-no-book-086,maia2-book__vs__maia3-argmax-no-book,86,"Maia3 1600 argmax, no book",Maia2 1600 + book,1/2-1/2,threefold repetition,130,1600,1600,0.5,maia2-book__vs__maia3-argmax-no-book.pgn
maia2-book__vs__maia3-argmax-no-book-087,maia2-book__vs__maia3-argmax-no-book,87,Maia2 1600 + book,"Maia3 1600 argmax, no book",1/2-1/2,threefold repetition,72,1600,1600,0.5,maia2-book__vs__maia3-argmax-no-book.pgn
maia2-book__vs__maia3-argmax-no-book-088,maia2-book__vs__maia3-argmax-no-book,88,"Maia3 1600 argmax, no book",Maia2 1600 + book,1-0,checkmate,49,1600,1600,0.0,maia2-book__vs__maia3-argmax-no-book.pgn
maia2-book__vs__maia3-argmax-no-book-089,maia2-book__vs__maia3-argmax-no-book,89,Maia2 1600 + book,"Maia3 1600 argmax, no book",0-1,checkmate,122,1600,1600,0.0,maia2-book__vs__maia3-argmax-no-book.pgn
maia2-book__vs__maia3-argmax-no-book-090,maia2-book__vs__maia3-argmax-no-book,90,"Maia3 1600 argmax, no book",Maia2 1600 + book,1-0,checkmate,49,1600,1600,0.0,maia2-book__vs__maia3-argmax-no-book.pgn
maia2-book__vs__maia3-argmax-no-book-091,maia2-book__vs__maia3-argmax-no-book,91,Maia2 1600 + book,"Maia3 1600 argmax, no book",1-0,checkmate,37,1600,1600,1.0,maia2-book__vs__maia3-argmax-no-book.pgn
maia2-book__vs__maia3-argmax-no-book-092,maia2-book__vs__maia3-argmax-no-book,92,"Maia3 1600 argmax, no book",Maia2 1600 + book,1-0,checkmate,73,1600,1600,0.0,maia2-book__vs__maia3-argmax-no-book.pgn
maia2-book__vs__maia3-argmax-no-book-093,maia2-book__vs__maia3-argmax-no-book,93,Maia2 1600 + book,"Maia3 1600 argmax, no book",0-1,checkmate,128,1600,1600,0.0,maia2-book__vs__maia3-argmax-no-book.pgn
maia2-book__vs__maia3-argmax-no-book-094,maia2-book__vs__maia3-argmax-no-book,94,"Maia3 1600 argmax, no book",Maia2 1600 + book,1/2-1/2,threefold repetition,54,1600,1600,0.5,maia2-book__vs__maia3-argmax-no-book.pgn
maia2-book__vs__maia3-argmax-no-book-095,maia2-book__vs__maia3-argmax-no-book,95,Maia2 1600 + book,"Maia3 1600 argmax, no book",1/2-1/2,threefold repetition,113,1600,1600,0.5,maia2-book__vs__maia3-argmax-no-book.pgn
maia2-book__vs__maia3-argmax-no-book-096,maia2-book__vs__maia3-argmax-no-book,96,"Maia3 1600 argmax, no book",Maia2 1600 + book,1-0,checkmate,65,1600,1600,0.0,maia2-book__vs__maia3-argmax-no-book.pgn
maia2-book__vs__maia3-argmax-no-book-097,maia2-book__vs__maia3-argmax-no-book,97,Maia2 1600 + book,"Maia3 1600 argmax, no book",1-0,checkmate,21,1600,1600,1.0,maia2-book__vs__maia3-argmax-no-book.pgn
maia2-book__vs__maia3-argmax-no-book-098,maia2-book__vs__maia3-argmax-no-book,98,"Maia3 1600 argmax, no book",Maia2 1600 + book,0-1,checkmate,54,1600,1600,1.0,maia2-book__vs__maia3-argmax-no-book.pgn
maia2-book__vs__maia3-argmax-no-book-099,maia2-book__vs__maia3-argmax-no-book,99,Maia2 1600 + book,"Maia3 1600 argmax, no book",0-1,checkmate,116,1600,1600,0.0,maia2-book__vs__maia3-argmax-no-book.pgn
maia2-book__vs__maia3-argmax-no-book-100,maia2-book__vs__maia3-argmax-no-book,100,"Maia3 1600 argmax, no book",Maia2 1600 + book,1-0,checkmate,105,1600,1600,0.0,maia2-book__vs__maia3-argmax-no-book.pgn
maia2-book__vs__maia3-balanced-book-001,maia2-book__vs__maia3-balanced-book,1,Maia2 1600 + book,Maia3 1600 balanced + book,1/2-1/2,threefold repetition,116,1600,1600,0.5,maia2-book__vs__maia3-balanced-book.pgn
maia2-book__vs__maia3-balanced-book-002,maia2-book__vs__maia3-balanced-book,2,Maia3 1600 balanced + book,Maia2 1600 + book,0-1,checkmate,96,1600,1600,1.0,maia2-book__vs__maia3-balanced-book.pgn
maia2-book__vs__maia3-balanced-book-003,maia2-book__vs__maia3-balanced-book,3,Maia2 1600 + book,Maia3 1600 balanced + book,1/2-1/2,threefold repetition,126,1600,1600,0.5,maia2-book__vs__maia3-balanced-book.pgn
maia2-book__vs__maia3-balanced-book-004,maia2-book__vs__maia3-balanced-book,4,Maia3 1600 balanced + book,Maia2 1600 + book,1/2-1/2,threefold repetition,83,1600,1600,0.5,maia2-book__vs__maia3-balanced-book.pgn
maia2-book__vs__maia3-balanced-book-005,maia2-book__vs__maia3-balanced-book,5,Maia2 1600 + book,Maia3 1600 balanced + book,1/2-1/2,threefold repetition,63,1600,1600,0.5,maia2-book__vs__maia3-balanced-book.pgn
maia2-book__vs__maia3-balanced-book-006,maia2-book__vs__maia3-balanced-book,6,Maia3 1600 balanced + book,Maia2 1600 + book,0-1,checkmate,64,1600,1600,1.0,maia2-book__vs__maia3-balanced-book.pgn
maia2-book__vs__maia3-balanced-book-007,maia2-book__vs__maia3-balanced-book,7,Maia2 1600 + book,Maia3 1600 balanced + book,0-1,checkmate,90,1600,1600,0.0,maia2-book__vs__maia3-balanced-book.pgn
maia2-book__vs__maia3-balanced-book-008,maia2-book__vs__maia3-balanced-book,8,Maia3 1600 balanced + book,Maia2 1600 + book,1-0,checkmate,67,1600,1600,0.0,maia2-book__vs__maia3-balanced-book.pgn
maia2-book__vs__maia3-balanced-book-009,maia2-book__vs__maia3-balanced-book,9,Maia2 1600 + book,Maia3 1600 balanced + book,1/2-1/2,threefold repetition,56,1600,1600,0.5,maia2-book__vs__maia3-balanced-book.pgn
maia2-book__vs__maia3-balanced-book-010,maia2-book__vs__maia3-balanced-book,10,Maia3 1600 balanced + book,Maia2 1600 + book,1-0,checkmate,59,1600,1600,0.0,maia2-book__vs__maia3-balanced-book.pgn
maia2-book__vs__maia3-balanced-book-011,maia2-book__vs__maia3-balanced-book,11,Maia2 1600 + book,Maia3 1600 balanced + book,0-1,checkmate,138,1600,1600,0.0,maia2-book__vs__maia3-balanced-book.pgn
maia2-book__vs__maia3-balanced-book-012,maia2-book__vs__maia3-balanced-book,12,Maia3 1600 balanced + book,Maia2 1600 + book,0-1,checkmate,56,1600,1600,1.0,maia2-book__vs__maia3-balanced-book.pgn
maia2-book__vs__maia3-balanced-book-013,maia2-book__vs__maia3-balanced-book,13,Maia2 1600 + book,Maia3 1600 balanced + book,1/2-1/2,threefold repetition,108,1600,1600,0.5,maia2-book__vs__maia3-balanced-book.pgn
maia2-book__vs__maia3-balanced-book-014,maia2-book__vs__maia3-balanced-book,14,Maia3 1600 balanced + book,Maia2 1600 + book,1-0,checkmate,85,1600,1600,0.0,maia2-book__vs__maia3-balanced-book.pgn
maia2-book__vs__maia3-balanced-book-015,maia2-book__vs__maia3-balanced-book,15,Maia2 1600 + book,Maia3 1600 balanced + book,1-0,checkmate,61,1600,1600,1.0,maia2-book__vs__maia3-balanced-book.pgn
maia2-book__vs__maia3-balanced-book-016,maia2-book__vs__maia3-balanced-book,16,Maia3 1600 balanced + book,Maia2 1600 + book,0-1,checkmate,130,1600,1600,1.0,maia2-book__vs__maia3-balanced-book.pgn
maia2-book__vs__maia3-balanced-book-017,maia2-book__vs__maia3-balanced-book,17,Maia2 1600 + book,Maia3 1600 balanced + book,0-1,checkmate,32,1600,1600,0.0,maia2-book__vs__maia3-balanced-book.pgn
maia2-book__vs__maia3-balanced-book-018,maia2-book__vs__maia3-balanced-book,18,Maia3 1600 balanced + book,Maia2 1600 + book,0-1,checkmate,166,1600,1600,1.0,maia2-book__vs__maia3-balanced-book.pgn
maia2-book__vs__maia3-balanced-book-019,maia2-book__vs__maia3-balanced-book,19,Maia2 1600 + book,Maia3 1600 balanced + book,0-1,checkmate,116,1600,1600,0.0,maia2-book__vs__maia3-balanced-book.pgn
maia2-book__vs__maia3-balanced-book-020,maia2-book__vs__maia3-balanced-book,20,Maia3 1600 balanced + book,Maia2 1600 + book,1/2-1/2,threefold repetition,59,1600,1600,0.5,maia2-book__vs__maia3-balanced-book.pgn
maia2-book__vs__maia3-balanced-book-021,maia2-book__vs__maia3-balanced-book,21,Maia2 1600 + book,Maia3 1600 balanced + book,1/2-1/2,threefold repetition,94,1600,1600,0.5,maia2-book__vs__maia3-balanced-book.pgn
maia2-book__vs__maia3-balanced-book-022,maia2-book__vs__maia3-balanced-book,22,Maia3 1600 balanced + book,Maia2 1600 + book,1-0,checkmate,105,1600,1600,0.0,maia2-book__vs__maia3-balanced-book.pgn
maia2-book__vs__maia3-balanced-book-023,maia2-book__vs__maia3-balanced-book,23,Maia2 1600 + book,Maia3 1600 balanced + book,1-0,checkmate,61,1600,1600,1.0,maia2-book__vs__maia3-balanced-book.pgn
maia2-book__vs__maia3-balanced-book-024,maia2-book__vs__maia3-balanced-book,24,Maia3 1600 balanced + book,Maia2 1600 + book,1/2-1/2,threefold repetition,84,1600,1600,0.5,maia2-book__vs__maia3-balanced-book.pgn
maia2-book__vs__maia3-balanced-book-025,maia2-book__vs__maia3-balanced-book,25,Maia2 1600 + book,Maia3 1600 balanced + book,1/2-1/2,threefold repetition,73,1600,1600,0.5,maia2-book__vs__maia3-balanced-book.pgn
maia2-book__vs__maia3-balanced-book-026,maia2-book__vs__maia3-balanced-book,26,Maia3 1600 balanced + book,Maia2 1600 + book,1-0,checkmate,45,1600,1600,0.0,maia2-book__vs__maia3-balanced-book.pgn
maia2-book__vs__maia3-balanced-book-027,maia2-book__vs__maia3-balanced-book,27,Maia2 1600 + book,Maia3 1600 balanced + book,0-1,checkmate,86,1600,1600,0.0,maia2-book__vs__maia3-balanced-book.pgn
maia2-book__vs__maia3-balanced-book-028,maia2-book__vs__maia3-balanced-book,28,Maia3 1600 balanced + book,Maia2 1600 + book,1-0,checkmate,53,1600,1600,0.0,maia2-book__vs__maia3-balanced-book.pgn
maia2-book__vs__maia3-balanced-book-029,maia2-book__vs__maia3-balanced-book,29,Maia2 1600 + book,Maia3 1600 balanced + book,0-1,checkmate,98,1600,1600,0.0,maia2-book__vs__maia3-balanced-book.pgn
maia2-book__vs__maia3-balanced-book-030,maia2-book__vs__maia3-balanced-book,30,Maia3 1600 balanced + book,Maia2 1600 + book,1-0,checkmate,71,1600,1600,0.0,maia2-book__vs__maia3-balanced-book.pgn
maia2-book__vs__maia3-balanced-book-031,maia2-book__vs__maia3-balanced-book,31,Maia2 1600 + book,Maia3 1600 balanced + book,1/2-1/2,threefold repetition,71,1600,1600,0.5,maia2-book__vs__maia3-balanced-book.pgn
maia2-book__vs__maia3-balanced-book-032,maia2-book__vs__maia3-balanced-book,32,Maia3 1600 balanced + book,Maia2 1600 + book,0-1,checkmate,62,1600,1600,1.0,maia2-book__vs__maia3-balanced-book.pgn
maia2-book__vs__maia3-balanced-book-033,maia2-book__vs__maia3-balanced-book,33,Maia2 1600 + book,Maia3 1600 balanced + book,1-0,checkmate,115,1600,1600,1.0,maia2-book__vs__maia3-balanced-book.pgn
maia2-book__vs__maia3-balanced-book-034,maia2-book__vs__maia3-balanced-book,34,Maia3 1600 balanced + book,Maia2 1600 + book,1/2-1/2,threefold repetition,110,1600,1600,0.5,maia2-book__vs__maia3-balanced-book.pgn
maia2-book__vs__maia3-balanced-book-035,maia2-book__vs__maia3-balanced-book,35,Maia2 1600 + book,Maia3 1600 balanced + book,0-1,checkmate,148,1600,1600,0.0,maia2-book__vs__maia3-balanced-book.pgn
maia2-book__vs__maia3-balanced-book-036,maia2-book__vs__maia3-balanced-book,36,Maia3 1600 balanced + book,Maia2 1600 + book,1-0,checkmate,129,1600,1600,0.0,maia2-book__vs__maia3-balanced-book.pgn
maia2-book__vs__maia3-balanced-book-037,maia2-book__vs__maia3-balanced-book,37,Maia2 1600 + book,Maia3 1600 balanced + book,0-1,checkmate,110,1600,1600,0.0,maia2-book__vs__maia3-balanced-book.pgn
maia2-book__vs__maia3-balanced-book-038,maia2-book__vs__maia3-balanced-book,38,Maia3 1600 balanced + book,Maia2 1600 + book,1-0,checkmate,55,1600,1600,0.0,maia2-book__vs__maia3-balanced-book.pgn
maia2-book__vs__maia3-balanced-book-039,maia2-book__vs__maia3-balanced-book,39,Maia2 1600 + book,Maia3 1600 balanced + book,1-0,checkmate,59,1600,1600,1.0,maia2-book__vs__maia3-balanced-book.pgn
maia2-book__vs__maia3-balanced-book-040,maia2-book__vs__maia3-balanced-book,40,Maia3 1600 balanced + book,Maia2 1600 + book,0-1,checkmate,86,1600,1600,1.0,maia2-book__vs__maia3-balanced-book.pgn
maia2-book__vs__maia3-balanced-book-041,maia2-book__vs__maia3-balanced-book,41,Maia2 1600 + book,Maia3 1600 balanced + book,0-1,checkmate,82,1600,1600,0.0,maia2-book__vs__maia3-balanced-book.pgn
maia2-book__vs__maia3-balanced-book-042,maia2-book__vs__maia3-balanced-book,42,Maia3 1600 balanced + book,Maia2 1600 + book,0-1,checkmate,112,1600,1600,1.0,maia2-book__vs__maia3-balanced-book.pgn
maia2-book__vs__maia3-balanced-book-043,maia2-book__vs__maia3-balanced-book,43,Maia2 1600 + book,Maia3 1600 balanced + book,0-1,checkmate,124,1600,1600,0.0,maia2-book__vs__maia3-balanced-book.pgn
maia2-book__vs__maia3-balanced-book-044,maia2-book__vs__maia3-balanced-book,44,Maia3 1600 balanced + book,Maia2 1600 + book,1-0,checkmate,39,1600,1600,0.0,maia2-book__vs__maia3-balanced-book.pgn
maia2-book__vs__maia3-balanced-book-045,maia2-book__vs__maia3-balanced-book,45,Maia2 1600 + book,Maia3 1600 balanced + book,0-1,checkmate,70,1600,1600,0.0,maia2-book__vs__maia3-balanced-book.pgn
maia2-book__vs__maia3-balanced-book-046,maia2-book__vs__maia3-balanced-book,46,Maia3 1600 balanced + book,Maia2 1600 + book,0-1,checkmate,70,1600,1600,1.0,maia2-book__vs__maia3-balanced-book.pgn
maia2-book__vs__maia3-balanced-book-047,maia2-book__vs__maia3-balanced-book,47,Maia2 1600 + book,Maia3 1600 balanced + book,1/2-1/2,threefold repetition,66,1600,1600,0.5,maia2-book__vs__maia3-balanced-book.pgn
maia2-book__vs__maia3-balanced-book-048,maia2-book__vs__maia3-balanced-book,48,Maia3 1600 balanced + book,Maia2 1600 + book,1-0,checkmate,77,1600,1600,0.0,maia2-book__vs__maia3-balanced-book.pgn
maia2-book__vs__maia3-balanced-book-049,maia2-book__vs__maia3-balanced-book,49,Maia2 1600 + book,Maia3 1600 balanced + book,0-1,checkmate,110,1600,1600,0.0,maia2-book__vs__maia3-balanced-book.pgn
maia2-book__vs__maia3-balanced-book-050,maia2-book__vs__maia3-balanced-book,50,Maia3 1600 balanced + book,Maia2 1600 + book,1-0,checkmate,55,1600,1600,0.0,maia2-book__vs__maia3-balanced-book.pgn
maia2-book__vs__maia3-balanced-book-051,maia2-book__vs__maia3-balanced-book,51,Maia2 1600 + book,Maia3 1600 balanced + book,0-1,checkmate,132,1600,1600,0.0,maia2-book__vs__maia3-balanced-book.pgn
maia2-book__vs__maia3-balanced-book-052,maia2-book__vs__maia3-balanced-book,52,Maia3 1600 balanced + book,Maia2 1600 + book,1/2-1/2,threefold repetition,83,1600,1600,0.5,maia2-book__vs__maia3-balanced-book.pgn
maia2-book__vs__maia3-balanced-book-053,maia2-book__vs__maia3-balanced-book,53,Maia2 1600 + book,Maia3 1600 balanced + book,0-1,checkmate,66,1600,1600,0.0,maia2-book__vs__maia3-balanced-book.pgn
maia2-book__vs__maia3-balanced-book-054,maia2-book__vs__maia3-balanced-book,54,Maia3 1600 balanced + book,Maia2 1600 + book,1-0,checkmate,59,1600,1600,0.0,maia2-book__vs__maia3-balanced-book.pgn
maia2-book__vs__maia3-balanced-book-055,maia2-book__vs__maia3-balanced-book,55,Maia2 1600 + book,Maia3 1600 balanced + book,0-1,checkmate,92,1600,1600,0.0,maia2-book__vs__maia3-balanced-book.pgn
maia2-book__vs__maia3-balanced-book-056,maia2-book__vs__maia3-balanced-book,56,Maia3 1600 balanced + book,Maia2 1600 + book,1-0,checkmate,135,1600,1600,0.0,maia2-book__vs__maia3-balanced-book.pgn
maia2-book__vs__maia3-balanced-book-057,maia2-book__vs__maia3-balanced-book,57,Maia2 1600 + book,Maia3 1600 balanced + book,1/2-1/2,threefold repetition,61,1600,1600,0.5,maia2-book__vs__maia3-balanced-book.pgn
maia2-book__vs__maia3-balanced-book-058,maia2-book__vs__maia3-balanced-book,58,Maia3 1600 balanced + book,Maia2 1600 + book,1-0,checkmate,75,1600,1600,0.0,maia2-book__vs__maia3-balanced-book.pgn
maia2-book__vs__maia3-balanced-book-059,maia2-book__vs__maia3-balanced-book,59,Maia2 1600 + book,Maia3 1600 balanced + book,1-0,checkmate,109,1600,1600,1.0,maia2-book__vs__maia3-balanced-book.pgn
maia2-book__vs__maia3-balanced-book-060,maia2-book__vs__maia3-balanced-book,60,Maia3 1600 balanced + book,Maia2 1600 + book,1-0,checkmate,99,1600,1600,0.0,maia2-book__vs__maia3-balanced-book.pgn
maia2-book__vs__maia3-balanced-book-061,maia2-book__vs__maia3-balanced-book,61,Maia2 1600 + book,Maia3 1600 balanced + book,1/2-1/2,threefold repetition,91,1600,1600,0.5,maia2-book__vs__maia3-balanced-book.pgn
maia2-book__vs__maia3-balanced-book-062,maia2-book__vs__maia3-balanced-book,62,Maia3 1600 balanced + book,Maia2 1600 + book,1-0,checkmate,181,1600,1600,0.0,maia2-book__vs__maia3-balanced-book.pgn
maia2-book__vs__maia3-balanced-book-063,maia2-book__vs__maia3-balanced-book,63,Maia2 1600 + book,Maia3 1600 balanced + book,1-0,checkmate,65,1600,1600,1.0,maia2-book__vs__maia3-balanced-book.pgn
maia2-book__vs__maia3-balanced-book-064,maia2-book__vs__maia3-balanced-book,64,Maia3 1600 balanced + book,Maia2 1600 + book,0-1,checkmate,68,1600,1600,1.0,maia2-book__vs__maia3-balanced-book.pgn
maia2-book__vs__maia3-balanced-book-065,maia2-book__vs__maia3-balanced-book,65,Maia2 1600 + book,Maia3 1600 balanced + book,1/2-1/2,threefold repetition,116,1600,1600,0.5,maia2-book__vs__maia3-balanced-book.pgn
maia2-book__vs__maia3-balanced-book-066,maia2-book__vs__maia3-balanced-book,66,Maia3 1600 balanced + book,Maia2 1600 + book,1-0,checkmate,89,1600,1600,0.0,maia2-book__vs__maia3-balanced-book.pgn
maia2-book__vs__maia3-balanced-book-067,maia2-book__vs__maia3-balanced-book,67,Maia2 1600 + book,Maia3 1600 balanced + book,0-1,checkmate,124,1600,1600,0.0,maia2-book__vs__maia3-balanced-book.pgn
maia2-book__vs__maia3-balanced-book-068,maia2-book__vs__maia3-balanced-book,68,Maia3 1600 balanced + book,Maia2 1600 + book,1/2-1/2,threefold repetition,75,1600,1600,0.5,maia2-book__vs__maia3-balanced-book.pgn
maia2-book__vs__maia3-balanced-book-069,maia2-book__vs__maia3-balanced-book,69,Maia2 1600 + book,Maia3 1600 balanced + book,0-1,checkmate,16,1600,1600,0.0,maia2-book__vs__maia3-balanced-book.pgn
maia2-book__vs__maia3-balanced-book-070,maia2-book__vs__maia3-balanced-book,70,Maia3 1600 balanced + book,Maia2 1600 + book,1-0,checkmate,73,1600,1600,0.0,maia2-book__vs__maia3-balanced-book.pgn
maia2-book__vs__maia3-balanced-book-071,maia2-book__vs__maia3-balanced-book,71,Maia2 1600 + book,Maia3 1600 balanced + book,1-0,checkmate,11,1600,1600,1.0,maia2-book__vs__maia3-balanced-book.pgn
maia2-book__vs__maia3-balanced-book-072,maia2-book__vs__maia3-balanced-book,72,Maia3 1600 balanced + book,Maia2 1600 + book,1/2-1/2,stalemate,109,1600,1600,0.5,maia2-book__vs__maia3-balanced-book.pgn
maia2-book__vs__maia3-balanced-book-073,maia2-book__vs__maia3-balanced-book,73,Maia2 1600 + book,Maia3 1600 balanced + book,0-1,checkmate,64,1600,1600,0.0,maia2-book__vs__maia3-balanced-book.pgn
maia2-book__vs__maia3-balanced-book-074,maia2-book__vs__maia3-balanced-book,74,Maia3 1600 balanced + book,Maia2 1600 + book,1/2-1/2,threefold repetition,89,1600,1600,0.5,maia2-book__vs__maia3-balanced-book.pgn
maia2-book__vs__maia3-balanced-book-075,maia2-book__vs__maia3-balanced-book,75,Maia2 1600 + book,Maia3 1600 balanced + book,0-1,checkmate,74,1600,1600,0.0,maia2-book__vs__maia3-balanced-book.pgn
maia2-book__vs__maia3-balanced-book-076,maia2-book__vs__maia3-balanced-book,76,Maia3 1600 balanced + book,Maia2 1600 + book,1-0,checkmate,99,1600,1600,0.0,maia2-book__vs__maia3-balanced-book.pgn
maia2-book__vs__maia3-balanced-book-077,maia2-book__vs__maia3-balanced-book,77,Maia2 1600 + book,Maia3 1600 balanced + book,0-1,checkmate,150,1600,1600,0.0,maia2-book__vs__maia3-balanced-book.pgn
maia2-book__vs__maia3-balanced-book-078,maia2-book__vs__maia3-balanced-book,78,Maia3 1600 balanced + book,Maia2 1600 + book,1-0,checkmate,53,1600,1600,0.0,maia2-book__vs__maia3-balanced-book.pgn
maia2-book__vs__maia3-balanced-book-079,maia2-book__vs__maia3-balanced-book,79,Maia2 1600 + book,Maia3 1600 balanced + book,0-1,checkmate,142,1600,1600,0.0,maia2-book__vs__maia3-balanced-book.pgn
maia2-book__vs__maia3-balanced-book-080,maia2-book__vs__maia3-balanced-book,80,Maia3 1600 balanced + book,Maia2 1600 + book,1/2-1/2,threefold repetition,107,1600,1600,0.5,maia2-book__vs__maia3-balanced-book.pgn
maia2-book__vs__maia3-balanced-book-081,maia2-book__vs__maia3-balanced-book,81,Maia2 1600 + book,Maia3 1600 balanced + book,1-0,checkmate,57,1600,1600,1.0,maia2-book__vs__maia3-balanced-book.pgn
maia2-book__vs__maia3-balanced-book-082,maia2-book__vs__maia3-balanced-book,82,Maia3 1600 balanced + book,Maia2 1600 + book,1/2-1/2,threefold repetition,71,1600,1600,0.5,maia2-book__vs__maia3-balanced-book.pgn
maia2-book__vs__maia3-balanced-book-083,maia2-book__vs__maia3-balanced-book,83,Maia2 1600 + book,Maia3 1600 balanced + book,0-1,checkmate,68,1600,1600,0.0,maia2-book__vs__maia3-balanced-book.pgn
maia2-book__vs__maia3-balanced-book-084,maia2-book__vs__maia3-balanced-book,84,Maia3 1600 balanced + book,Maia2 1600 + book,1/2-1/2,threefold repetition,52,1600,1600,0.5,maia2-book__vs__maia3-balanced-book.pgn
maia2-book__vs__maia3-balanced-book-085,maia2-book__vs__maia3-balanced-book,85,Maia2 1600 + book,Maia3 1600 balanced + book,1/2-1/2,threefold repetition,57,1600,1600,0.5,maia2-book__vs__maia3-balanced-book.pgn
maia2-book__vs__maia3-balanced-book-086,maia2-book__vs__maia3-balanced-book,86,Maia3 1600 balanced + book,Maia2 1600 + book,1-0,checkmate,97,1600,1600,0.0,maia2-book__vs__maia3-balanced-book.pgn
maia2-book__vs__maia3-balanced-book-087,maia2-book__vs__maia3-balanced-book,87,Maia2 1600 + book,Maia3 1600 balanced + book,1/2-1/2,threefold repetition,87,1600,1600,0.5,maia2-book__vs__maia3-balanced-book.pgn
maia2-book__vs__maia3-balanced-book-088,maia2-book__vs__maia3-balanced-book,88,Maia3 1600 balanced + book,Maia2 1600 + book,1-0,checkmate,125,1600,1600,0.0,maia2-book__vs__maia3-balanced-book.pgn
maia2-book__vs__maia3-balanced-book-089,maia2-book__vs__maia3-balanced-book,89,Maia2 1600 + book,Maia3 1600 balanced + book,1/2-1/2,stalemate,143,1600,1600,0.5,maia2-book__vs__maia3-balanced-book.pgn
maia2-book__vs__maia3-balanced-book-090,maia2-book__vs__maia3-balanced-book,90,Maia3 1600 balanced + book,Maia2 1600 + book,0-1,checkmate,60,1600,1600,1.0,maia2-book__vs__maia3-balanced-book.pgn
maia2-book__vs__maia3-balanced-book-091,maia2-book__vs__maia3-balanced-book,91,Maia2 1600 + book,Maia3 1600 balanced + book,1-0,checkmate,55,1600,1600,1.0,maia2-book__vs__maia3-balanced-book.pgn
maia2-book__vs__maia3-balanced-book-092,maia2-book__vs__maia3-balanced-book,92,Maia3 1600 balanced + book,Maia2 1600 + book,1-0,checkmate,109,1600,1600,0.0,maia2-book__vs__maia3-balanced-book.pgn
maia2-book__vs__maia3-balanced-book-093,maia2-book__vs__maia3-balanced-book,93,Maia2 1600 + book,Maia3 1600 balanced + book,1-0,checkmate,51,1600,1600,1.0,maia2-book__vs__maia3-balanced-book.pgn
maia2-book__vs__maia3-balanced-book-094,maia2-book__vs__maia3-balanced-book,94,Maia3 1600 balanced + book,Maia2 1600 + book,1-0,checkmate,53,1600,1600,0.0,maia2-book__vs__maia3-balanced-book.pgn
maia2-book__vs__maia3-balanced-book-095,maia2-book__vs__maia3-balanced-book,95,Maia2 1600 + book,Maia3 1600 balanced + book,1-0,checkmate,119,1600,1600,1.0,maia2-book__vs__maia3-balanced-book.pgn
maia2-book__vs__maia3-balanced-book-096,maia2-book__vs__maia3-balanced-book,96,Maia3 1600 balanced + book,Maia2 1600 + book,0-1,checkmate,80,1600,1600,1.0,maia2-book__vs__maia3-balanced-book.pgn
maia2-book__vs__maia3-balanced-book-097,maia2-book__vs__maia3-balanced-book,97,Maia2 1600 + book,Maia3 1600 balanced + book,0-1,checkmate,136,1600,1600,0.0,maia2-book__vs__maia3-balanced-book.pgn
maia2-book__vs__maia3-balanced-book-098,maia2-book__vs__maia3-balanced-book,98,Maia3 1600 balanced + book,Maia2 1600 + book,1/2-1/2,threefold repetition,121,1600,1600,0.5,maia2-book__vs__maia3-balanced-book.pgn
maia2-book__vs__maia3-balanced-book-099,maia2-book__vs__maia3-balanced-book,99,Maia2 1600 + book,Maia3 1600 balanced + book,1-0,checkmate,141,1600,1600,1.0,maia2-book__vs__maia3-balanced-book.pgn
maia2-book__vs__maia3-balanced-book-100,maia2-book__vs__maia3-balanced-book,100,Maia3 1600 balanced + book,Maia2 1600 + book,1-0,checkmate,75,1600,1600,0.0,maia2-book__vs__maia3-balanced-book.pgn
maia2-book__vs__maia3-balanced-no-book-001,maia2-book__vs__maia3-balanced-no-book,1,Maia2 1600 + book,"Maia3 1600 balanced, no book",0-1,checkmate,102,1600,1600,0.0,maia2-book__vs__maia3-balanced-no-book.pgn
maia2-book__vs__maia3-balanced-no-book-002,maia2-book__vs__maia3-balanced-no-book,2,"Maia3 1600 balanced, no book",Maia2 1600 + book,1-0,checkmate,89,1600,1600,0.0,maia2-book__vs__maia3-balanced-no-book.pgn
maia2-book__vs__maia3-balanced-no-book-003,maia2-book__vs__maia3-balanced-no-book,3,Maia2 1600 + book,"Maia3 1600 balanced, no book",0-1,checkmate,52,1600,1600,0.0,maia2-book__vs__maia3-balanced-no-book.pgn
maia2-book__vs__maia3-balanced-no-book-004,maia2-book__vs__maia3-balanced-no-book,4,"Maia3 1600 balanced, no book",Maia2 1600 + book,1-0,checkmate,125,1600,1600,0.0,maia2-book__vs__maia3-balanced-no-book.pgn
maia2-book__vs__maia3-balanced-no-book-005,maia2-book__vs__maia3-balanced-no-book,5,Maia2 1600 + book,"Maia3 1600 balanced, no book",1-0,checkmate,67,1600,1600,1.0,maia2-book__vs__maia3-balanced-no-book.pgn
maia2-book__vs__maia3-balanced-no-book-006,maia2-book__vs__maia3-balanced-no-book,6,"Maia3 1600 balanced, no book",Maia2 1600 + book,0-1,checkmate,34,1600,1600,1.0,maia2-book__vs__maia3-balanced-no-book.pgn
maia2-book__vs__maia3-balanced-no-book-007,maia2-book__vs__maia3-balanced-no-book,7,Maia2 1600 + book,"Maia3 1600 balanced, no book",1-0,checkmate,59,1600,1600,1.0,maia2-book__vs__maia3-balanced-no-book.pgn
maia2-book__vs__maia3-balanced-no-book-008,maia2-book__vs__maia3-balanced-no-book,8,"Maia3 1600 balanced, no book",Maia2 1600 + book,1-0,checkmate,93,1600,1600,0.0,maia2-book__vs__maia3-balanced-no-book.pgn
maia2-book__vs__maia3-balanced-no-book-009,maia2-book__vs__maia3-balanced-no-book,9,Maia2 1600 + book,"Maia3 1600 balanced, no book",1/2-1/2,threefold repetition,78,1600,1600,0.5,maia2-book__vs__maia3-balanced-no-book.pgn
maia2-book__vs__maia3-balanced-no-book-010,maia2-book__vs__maia3-balanced-no-book,10,"Maia3 1600 balanced, no book",Maia2 1600 + book,1-0,checkmate,49,1600,1600,0.0,maia2-book__vs__maia3-balanced-no-book.pgn
maia2-book__vs__maia3-balanced-no-book-011,maia2-book__vs__maia3-balanced-no-book,11,Maia2 1600 + book,"Maia3 1600 balanced, no book",1-0,checkmate,31,1600,1600,1.0,maia2-book__vs__maia3-balanced-no-book.pgn
maia2-book__vs__maia3-balanced-no-book-012,maia2-book__vs__maia3-balanced-no-book,12,"Maia3 1600 balanced, no book",Maia2 1600 + book,1-0,checkmate,109,1600,1600,0.0,maia2-book__vs__maia3-balanced-no-book.pgn
maia2-book__vs__maia3-balanced-no-book-013,maia2-book__vs__maia3-balanced-no-book,13,Maia2 1600 + book,"Maia3 1600 balanced, no book",1-0,checkmate,59,1600,1600,1.0,maia2-book__vs__maia3-balanced-no-book.pgn
maia2-book__vs__maia3-balanced-no-book-014,maia2-book__vs__maia3-balanced-no-book,14,"Maia3 1600 balanced, no book",Maia2 1600 + book,1-0,checkmate,27,1600,1600,0.0,maia2-book__vs__maia3-balanced-no-book.pgn
maia2-book__vs__maia3-balanced-no-book-015,maia2-book__vs__maia3-balanced-no-book,15,Maia2 1600 + book,"Maia3 1600 balanced, no book",1-0,checkmate,119,1600,1600,1.0,maia2-book__vs__maia3-balanced-no-book.pgn
maia2-book__vs__maia3-balanced-no-book-016,maia2-book__vs__maia3-balanced-no-book,16,"Maia3 1600 balanced, no book",Maia2 1600 + book,0-1,checkmate,134,1600,1600,1.0,maia2-book__vs__maia3-balanced-no-book.pgn
maia2-book__vs__maia3-balanced-no-book-017,maia2-book__vs__maia3-balanced-no-book,17,Maia2 1600 + book,"Maia3 1600 balanced, no book",0-1,checkmate,80,1600,1600,0.0,maia2-book__vs__maia3-balanced-no-book.pgn
maia2-book__vs__maia3-balanced-no-book-018,maia2-book__vs__maia3-balanced-no-book,18,"Maia3 1600 balanced, no book",Maia2 1600 + book,1-0,checkmate,65,1600,1600,0.0,maia2-book__vs__maia3-balanced-no-book.pgn
maia2-book__vs__maia3-balanced-no-book-019,maia2-book__vs__maia3-balanced-no-book,19,Maia2 1600 + book,"Maia3 1600 balanced, no book",1-0,checkmate,67,1600,1600,1.0,maia2-book__vs__maia3-balanced-no-book.pgn
maia2-book__vs__maia3-balanced-no-book-020,maia2-book__vs__maia3-balanced-no-book,20,"Maia3 1600 balanced, no book",Maia2 1600 + book,1-0,checkmate,69,1600,1600,0.0,maia2-book__vs__maia3-balanced-no-book.pgn
maia2-book__vs__maia3-balanced-no-book-021,maia2-book__vs__maia3-balanced-no-book,21,Maia2 1600 + book,"Maia3 1600 balanced, no book",1-0,checkmate,125,1600,1600,1.0,maia2-book__vs__maia3-balanced-no-book.pgn
maia2-book__vs__maia3-balanced-no-book-022,maia2-book__vs__maia3-balanced-no-book,22,"Maia3 1600 balanced, no book",Maia2 1600 + book,1-0,checkmate,139,1600,1600,0.0,maia2-book__vs__maia3-balanced-no-book.pgn
maia2-book__vs__maia3-balanced-no-book-023,maia2-book__vs__maia3-balanced-no-book,23,Maia2 1600 + book,"Maia3 1600 balanced, no book",1-0,checkmate,161,1600,1600,1.0,maia2-book__vs__maia3-balanced-no-book.pgn
maia2-book__vs__maia3-balanced-no-book-024,maia2-book__vs__maia3-balanced-no-book,24,"Maia3 1600 balanced, no book",Maia2 1600 + book,1-0,checkmate,67,1600,1600,0.0,maia2-book__vs__maia3-balanced-no-book.pgn
maia2-book__vs__maia3-balanced-no-book-025,maia2-book__vs__maia3-balanced-no-book,25,Maia2 1600 + book,"Maia3 1600 balanced, no book",0-1,checkmate,46,1600,1600,0.0,maia2-book__vs__maia3-balanced-no-book.pgn
maia2-book__vs__maia3-balanced-no-book-026,maia2-book__vs__maia3-balanced-no-book,26,"Maia3 1600 balanced, no book",Maia2 1600 + book,1-0,checkmate,39,1600,1600,0.0,maia2-book__vs__maia3-balanced-no-book.pgn
maia2-book__vs__maia3-balanced-no-book-027,maia2-book__vs__maia3-balanced-no-book,27,Maia2 1600 + book,"Maia3 1600 balanced, no book",1-0,checkmate,125,1600,1600,1.0,maia2-book__vs__maia3-balanced-no-book.pgn
maia2-book__vs__maia3-balanced-no-book-028,maia2-book__vs__maia3-balanced-no-book,28,"Maia3 1600 balanced, no book",Maia2 1600 + book,0-1,checkmate,56,1600,1600,1.0,maia2-book__vs__maia3-balanced-no-book.pgn
maia2-book__vs__maia3-balanced-no-book-029,maia2-book__vs__maia3-balanced-no-book,29,Maia2 1600 + book,"Maia3 1600 balanced, no book",0-1,checkmate,112,1600,1600,0.0,maia2-book__vs__maia3-balanced-no-book.pgn
maia2-book__vs__maia3-balanced-no-book-030,maia2-book__vs__maia3-balanced-no-book,30,"Maia3 1600 balanced, no book",Maia2 1600 + book,1-0,checkmate,63,1600,1600,0.0,maia2-book__vs__maia3-balanced-no-book.pgn
maia2-book__vs__maia3-balanced-no-book-031,maia2-book__vs__maia3-balanced-no-book,31,Maia2 1600 + book,"Maia3 1600 balanced, no book",1/2-1/2,threefold repetition,64,1600,1600,0.5,maia2-book__vs__maia3-balanced-no-book.pgn
maia2-book__vs__maia3-balanced-no-book-032,maia2-book__vs__maia3-balanced-no-book,32,"Maia3 1600 balanced, no book",Maia2 1600 + book,0-1,checkmate,78,1600,1600,1.0,maia2-book__vs__maia3-balanced-no-book.pgn
maia2-book__vs__maia3-balanced-no-book-033,maia2-book__vs__maia3-balanced-no-book,33,Maia2 1600 + book,"Maia3 1600 balanced, no book",1-0,checkmate,47,1600,1600,1.0,maia2-book__vs__maia3-balanced-no-book.pgn
maia2-book__vs__maia3-balanced-no-book-034,maia2-book__vs__maia3-balanced-no-book,34,"Maia3 1600 balanced, no book",Maia2 1600 + book,1/2-1/2,threefold repetition,50,1600,1600,0.5,maia2-book__vs__maia3-balanced-no-book.pgn
maia2-book__vs__maia3-balanced-no-book-035,maia2-book__vs__maia3-balanced-no-book,35,Maia2 1600 + book,"Maia3 1600 balanced, no book",0-1,checkmate,112,1600,1600,0.0,maia2-book__vs__maia3-balanced-no-book.pgn
maia2-book__vs__maia3-balanced-no-book-036,maia2-book__vs__maia3-balanced-no-book,36,"Maia3 1600 balanced, no book",Maia2 1600 + book,1-0,checkmate,67,1600,1600,0.0,maia2-book__vs__maia3-balanced-no-book.pgn
maia2-book__vs__maia3-balanced-no-book-037,maia2-book__vs__maia3-balanced-no-book,37,Maia2 1600 + book,"Maia3 1600 balanced, no book",1-0,checkmate,83,1600,1600,1.0,maia2-book__vs__maia3-balanced-no-book.pgn
maia2-book__vs__maia3-balanced-no-book-038,maia2-book__vs__maia3-balanced-no-book,38,"Maia3 1600 balanced, no book",Maia2 1600 + book,1-0,checkmate,45,1600,1600,0.0,maia2-book__vs__maia3-balanced-no-book.pgn
maia2-book__vs__maia3-balanced-no-book-039,maia2-book__vs__maia3-balanced-no-book,39,Maia2 1600 + book,"Maia3 1600 balanced, no book",0-1,checkmate,54,1600,1600,0.0,maia2-book__vs__maia3-balanced-no-book.pgn
maia2-book__vs__maia3-balanced-no-book-040,maia2-book__vs__maia3-balanced-no-book,40,"Maia3 1600 balanced, no book",Maia2 1600 + book,1/2-1/2,threefold repetition,91,1600,1600,0.5,maia2-book__vs__maia3-balanced-no-book.pgn
maia2-book__vs__maia3-balanced-no-book-041,maia2-book__vs__maia3-balanced-no-book,41,Maia2 1600 + book,"Maia3 1600 balanced, no book",0-1,checkmate,52,1600,1600,0.0,maia2-book__vs__maia3-balanced-no-book.pgn
maia2-book__vs__maia3-balanced-no-book-042,maia2-book__vs__maia3-balanced-no-book,42,"Maia3 1600 balanced, no book",Maia2 1600 + book,1/2-1/2,threefold repetition,92,1600,1600,0.5,maia2-book__vs__maia3-balanced-no-book.pgn
maia2-book__vs__maia3-balanced-no-book-043,maia2-book__vs__maia3-balanced-no-book,43,Maia2 1600 + book,"Maia3 1600 balanced, no book",1-0,checkmate,89,1600,1600,1.0,maia2-book__vs__maia3-balanced-no-book.pgn
maia2-book__vs__maia3-balanced-no-book-044,maia2-book__vs__maia3-balanced-no-book,44,"Maia3 1600 balanced, no book",Maia2 1600 + book,1-0,checkmate,67,1600,1600,0.0,maia2-book__vs__maia3-balanced-no-book.pgn
maia2-book__vs__maia3-balanced-no-book-045,maia2-book__vs__maia3-balanced-no-book,45,Maia2 1600 + book,"Maia3 1600 balanced, no book",0-1,checkmate,52,1600,1600,0.0,maia2-book__vs__maia3-balanced-no-book.pgn
maia2-book__vs__maia3-balanced-no-book-046,maia2-book__vs__maia3-balanced-no-book,46,"Maia3 1600 balanced, no book",Maia2 1600 + book,1-0,checkmate,95,1600,1600,0.0,maia2-book__vs__maia3-balanced-no-book.pgn
maia2-book__vs__maia3-balanced-no-book-047,maia2-book__vs__maia3-balanced-no-book,47,Maia2 1600 + book,"Maia3 1600 balanced, no book",0-1,checkmate,62,1600,1600,0.0,maia2-book__vs__maia3-balanced-no-book.pgn
maia2-book__vs__maia3-balanced-no-book-048,maia2-book__vs__maia3-balanced-no-book,48,"Maia3 1600 balanced, no book",Maia2 1600 + book,0-1,checkmate,74,1600,1600,1.0,maia2-book__vs__maia3-balanced-no-book.pgn
maia2-book__vs__maia3-balanced-no-book-049,maia2-book__vs__maia3-balanced-no-book,49,Maia2 1600 + book,"Maia3 1600 balanced, no book",1/2-1/2,threefold repetition,109,1600,1600,0.5,maia2-book__vs__maia3-balanced-no-book.pgn
maia2-book__vs__maia3-balanced-no-book-050,maia2-book__vs__maia3-balanced-no-book,50,"Maia3 1600 balanced, no book",Maia2 1600 + book,1-0,checkmate,103,1600,1600,0.0,maia2-book__vs__maia3-balanced-no-book.pgn
maia2-book__vs__maia3-balanced-no-book-051,maia2-book__vs__maia3-balanced-no-book,51,Maia2 1600 + book,"Maia3 1600 balanced, no book",1/2-1/2,threefold repetition,34,1600,1600,0.5,maia2-book__vs__maia3-balanced-no-book.pgn
maia2-book__vs__maia3-balanced-no-book-052,maia2-book__vs__maia3-balanced-no-book,52,"Maia3 1600 balanced, no book",Maia2 1600 + book,1/2-1/2,threefold repetition,20,1600,1600,0.5,maia2-book__vs__maia3-balanced-no-book.pgn
maia2-book__vs__maia3-balanced-no-book-053,maia2-book__vs__maia3-balanced-no-book,53,Maia2 1600 + book,"Maia3 1600 balanced, no book",0-1,checkmate,52,1600,1600,0.0,maia2-book__vs__maia3-balanced-no-book.pgn
maia2-book__vs__maia3-balanced-no-book-054,maia2-book__vs__maia3-balanced-no-book,54,"Maia3 1600 balanced, no book",Maia2 1600 + book,1-0,checkmate,81,1600,1600,0.0,maia2-book__vs__maia3-balanced-no-book.pgn
maia2-book__vs__maia3-balanced-no-book-055,maia2-book__vs__maia3-balanced-no-book,55,Maia2 1600 + book,"Maia3 1600 balanced, no book",1/2-1/2,stalemate,127,1600,1600,0.5,maia2-book__vs__maia3-balanced-no-book.pgn
maia2-book__vs__maia3-balanced-no-book-056,maia2-book__vs__maia3-balanced-no-book,56,"Maia3 1600 balanced, no book",Maia2 1600 + book,0-1,checkmate,74,1600,1600,1.0,maia2-book__vs__maia3-balanced-no-book.pgn
maia2-book__vs__maia3-balanced-no-book-057,maia2-book__vs__maia3-balanced-no-book,57,Maia2 1600 + book,"Maia3 1600 balanced, no book",0-1,checkmate,50,1600,1600,0.0,maia2-book__vs__maia3-balanced-no-book.pgn
maia2-book__vs__maia3-balanced-no-book-058,maia2-book__vs__maia3-balanced-no-book,58,"Maia3 1600 balanced, no book",Maia2 1600 + book,1/2-1/2,threefold repetition,58,1600,1600,0.5,maia2-book__vs__maia3-balanced-no-book.pgn
maia2-book__vs__maia3-balanced-no-book-059,maia2-book__vs__maia3-balanced-no-book,59,Maia2 1600 + book,"Maia3 1600 balanced, no book",1/2-1/2,threefold repetition,60,1600,1600,0.5,maia2-book__vs__maia3-balanced-no-book.pgn
maia2-book__vs__maia3-balanced-no-book-060,maia2-book__vs__maia3-balanced-no-book,60,"Maia3 1600 balanced, no book",Maia2 1600 + book,0-1,checkmate,54,1600,1600,1.0,maia2-book__vs__maia3-balanced-no-book.pgn
maia2-book__vs__maia3-balanced-no-book-061,maia2-book__vs__maia3-balanced-no-book,61,Maia2 1600 + book,"Maia3 1600 balanced, no book",1-0,checkmate,109,1600,1600,1.0,maia2-book__vs__maia3-balanced-no-book.pgn
maia2-book__vs__maia3-balanced-no-book-062,maia2-book__vs__maia3-balanced-no-book,62,"Maia3 1600 balanced, no book",Maia2 1600 + book,1-0,checkmate,33,1600,1600,0.0,maia2-book__vs__maia3-balanced-no-book.pgn
maia2-book__vs__maia3-balanced-no-book-063,maia2-book__vs__maia3-balanced-no-book,63,Maia2 1600 + book,"Maia3 1600 balanced, no book",1/2-1/2,threefold repetition,79,1600,1600,0.5,maia2-book__vs__maia3-balanced-no-book.pgn
maia2-book__vs__maia3-balanced-no-book-064,maia2-book__vs__maia3-balanced-no-book,64,"Maia3 1600 balanced, no book",Maia2 1600 + book,1-0,checkmate,83,1600,1600,0.0,maia2-book__vs__maia3-balanced-no-book.pgn
maia2-book__vs__maia3-balanced-no-book-065,maia2-book__vs__maia3-balanced-no-book,65,Maia2 1600 + book,"Maia3 1600 balanced, no book",0-1,checkmate,86,1600,1600,0.0,maia2-book__vs__maia3-balanced-no-book.pgn
maia2-book__vs__maia3-balanced-no-book-066,maia2-book__vs__maia3-balanced-no-book,66,"Maia3 1600 balanced, no book",Maia2 1600 + book,1/2-1/2,threefold repetition,110,1600,1600,0.5,maia2-book__vs__maia3-balanced-no-book.pgn
maia2-book__vs__maia3-balanced-no-book-067,maia2-book__vs__maia3-balanced-no-book,67,Maia2 1600 + book,"Maia3 1600 balanced, no book",0-1,checkmate,64,1600,1600,0.0,maia2-book__vs__maia3-balanced-no-book.pgn
maia2-book__vs__maia3-balanced-no-book-068,maia2-book__vs__maia3-balanced-no-book,68,"Maia3 1600 balanced, no book",Maia2 1600 + book,1-0,checkmate,57,1600,1600,0.0,maia2-book__vs__maia3-balanced-no-book.pgn
maia2-book__vs__maia3-balanced-no-book-069,maia2-book__vs__maia3-balanced-no-book,69,Maia2 1600 + book,"Maia3 1600 balanced, no book",0-1,checkmate,74,1600,1600,0.0,maia2-book__vs__maia3-balanced-no-book.pgn
maia2-book__vs__maia3-balanced-no-book-070,maia2-book__vs__maia3-balanced-no-book,70,"Maia3 1600 balanced, no book",Maia2 1600 + book,0-1,checkmate,92,1600,1600,1.0,maia2-book__vs__maia3-balanced-no-book.pgn
maia2-book__vs__maia3-balanced-no-book-071,maia2-book__vs__maia3-balanced-no-book,71,Maia2 1600 + book,"Maia3 1600 balanced, no book",1/2-1/2,threefold repetition,109,1600,1600,0.5,maia2-book__vs__maia3-balanced-no-book.pgn
maia2-book__vs__maia3-balanced-no-book-072,maia2-book__vs__maia3-balanced-no-book,72,"Maia3 1600 balanced, no book",Maia2 1600 + book,1/2-1/2,threefold repetition,59,1600,1600,0.5,maia2-book__vs__maia3-balanced-no-book.pgn
maia2-book__vs__maia3-balanced-no-book-073,maia2-book__vs__maia3-balanced-no-book,73,Maia2 1600 + book,"Maia3 1600 balanced, no book",0-1,checkmate,170,1600,1600,0.0,maia2-book__vs__maia3-balanced-no-book.pgn
maia2-book__vs__maia3-balanced-no-book-074,maia2-book__vs__maia3-balanced-no-book,74,"Maia3 1600 balanced, no book",Maia2 1600 + book,1-0,checkmate,121,1600,1600,0.0,maia2-book__vs__maia3-balanced-no-book.pgn
maia2-book__vs__maia3-balanced-no-book-075,maia2-book__vs__maia3-balanced-no-book,75,Maia2 1600 + book,"Maia3 1600 balanced, no book",1/2-1/2,threefold repetition,64,1600,1600,0.5,maia2-book__vs__maia3-balanced-no-book.pgn
maia2-book__vs__maia3-balanced-no-book-076,maia2-book__vs__maia3-balanced-no-book,76,"Maia3 1600 balanced, no book",Maia2 1600 + book,1-0,checkmate,87,1600,1600,0.0,maia2-book__vs__maia3-balanced-no-book.pgn
maia2-book__vs__maia3-balanced-no-book-077,maia2-book__vs__maia3-balanced-no-book,77,Maia2 1600 + book,"Maia3 1600 balanced, no book",1-0,checkmate,105,1600,1600,1.0,maia2-book__vs__maia3-balanced-no-book.pgn
maia2-book__vs__maia3-balanced-no-book-078,maia2-book__vs__maia3-balanced-no-book,78,"Maia3 1600 balanced, no book",Maia2 1600 + book,1-0,checkmate,125,1600,1600,0.0,maia2-book__vs__maia3-balanced-no-book.pgn
maia2-book__vs__maia3-balanced-no-book-079,maia2-book__vs__maia3-balanced-no-book,79,Maia2 1600 + book,"Maia3 1600 balanced, no book",0-1,checkmate,148,1600,1600,0.0,maia2-book__vs__maia3-balanced-no-book.pgn
maia2-book__vs__maia3-balanced-no-book-080,maia2-book__vs__maia3-balanced-no-book,80,"Maia3 1600 balanced, no book",Maia2 1600 + book,1-0,checkmate,59,1600,1600,0.0,maia2-book__vs__maia3-balanced-no-book.pgn
maia2-book__vs__maia3-balanced-no-book-081,maia2-book__vs__maia3-balanced-no-book,81,Maia2 1600 + book,"Maia3 1600 balanced, no book",1-0,checkmate,51,1600,1600,1.0,maia2-book__vs__maia3-balanced-no-book.pgn
maia2-book__vs__maia3-balanced-no-book-082,maia2-book__vs__maia3-balanced-no-book,82,"Maia3 1600 balanced, no book",Maia2 1600 + book,0-1,checkmate,110,1600,1600,1.0,maia2-book__vs__maia3-balanced-no-book.pgn
maia2-book__vs__maia3-balanced-no-book-083,maia2-book__vs__maia3-balanced-no-book,83,Maia2 1600 + book,"Maia3 1600 balanced, no book",1-0,checkmate,45,1600,1600,1.0,maia2-book__vs__maia3-balanced-no-book.pgn
maia2-book__vs__maia3-balanced-no-book-084,maia2-book__vs__maia3-balanced-no-book,84,"Maia3 1600 balanced, no book",Maia2 1600 + book,1/2-1/2,threefold repetition,52,1600,1600,0.5,maia2-book__vs__maia3-balanced-no-book.pgn
maia2-book__vs__maia3-balanced-no-book-085,maia2-book__vs__maia3-balanced-no-book,85,Maia2 1600 + book,"Maia3 1600 balanced, no book",1/2-1/2,threefold repetition,103,1600,1600,0.5,maia2-book__vs__maia3-balanced-no-book.pgn
maia2-book__vs__maia3-balanced-no-book-086,maia2-book__vs__maia3-balanced-no-book,86,"Maia3 1600 balanced, no book",Maia2 1600 + book,0-1,checkmate,88,1600,1600,1.0,maia2-book__vs__maia3-balanced-no-book.pgn
maia2-book__vs__maia3-balanced-no-book-087,maia2-book__vs__maia3-balanced-no-book,87,Maia2 1600 + book,"Maia3 1600 balanced, no book",0-1,checkmate,92,1600,1600,0.0,maia2-book__vs__maia3-balanced-no-book.pgn
maia2-book__vs__maia3-balanced-no-book-088,maia2-book__vs__maia3-balanced-no-book,88,"Maia3 1600 balanced, no book",Maia2 1600 + book,1/2-1/2,stalemate,127,1600,1600,0.5,maia2-book__vs__maia3-balanced-no-book.pgn
maia2-book__vs__maia3-balanced-no-book-089,maia2-book__vs__maia3-balanced-no-book,89,Maia2 1600 + book,"Maia3 1600 balanced, no book",1/2-1/2,threefold repetition,78,1600,1600,0.5,maia2-book__vs__maia3-balanced-no-book.pgn
maia2-book__vs__maia3-balanced-no-book-090,maia2-book__vs__maia3-balanced-no-book,90,"Maia3 1600 balanced, no book",Maia2 1600 + book,1-0,checkmate,49,1600,1600,0.0,maia2-book__vs__maia3-balanced-no-book.pgn
maia2-book__vs__maia3-balanced-no-book-091,maia2-book__vs__maia3-balanced-no-book,91,Maia2 1600 + book,"Maia3 1600 balanced, no book",1/2-1/2,threefold repetition,101,1600,1600,0.5,maia2-book__vs__maia3-balanced-no-book.pgn
maia2-book__vs__maia3-balanced-no-book-092,maia2-book__vs__maia3-balanced-no-book,92,"Maia3 1600 balanced, no book",Maia2 1600 + book,0-1,checkmate,64,1600,1600,1.0,maia2-book__vs__maia3-balanced-no-book.pgn
maia2-book__vs__maia3-balanced-no-book-093,maia2-book__vs__maia3-balanced-no-book,93,Maia2 1600 + book,"Maia3 1600 balanced, no book",1-0,checkmate,69,1600,1600,1.0,maia2-book__vs__maia3-balanced-no-book.pgn
maia2-book__vs__maia3-balanced-no-book-094,maia2-book__vs__maia3-balanced-no-book,94,"Maia3 1600 balanced, no book",Maia2 1600 + book,1-0,checkmate,117,1600,1600,0.0,maia2-book__vs__maia3-balanced-no-book.pgn
maia2-book__vs__maia3-balanced-no-book-095,maia2-book__vs__maia3-balanced-no-book,95,Maia2 1600 + book,"Maia3 1600 balanced, no book",1/2-1/2,threefold repetition,140,1600,1600,0.5,maia2-book__vs__maia3-balanced-no-book.pgn
maia2-book__vs__maia3-balanced-no-book-096,maia2-book__vs__maia3-balanced-no-book,96,"Maia3 1600 balanced, no book",Maia2 1600 + book,1-0,checkmate,109,1600,1600,0.0,maia2-book__vs__maia3-balanced-no-book.pgn
maia2-book__vs__maia3-balanced-no-book-097,maia2-book__vs__maia3-balanced-no-book,97,Maia2 1600 + book,"Maia3 1600 balanced, no book",1-0,checkmate,43,1600,1600,1.0,maia2-book__vs__maia3-balanced-no-book.pgn
maia2-book__vs__maia3-balanced-no-book-098,maia2-book__vs__maia3-balanced-no-book,98,"Maia3 1600 balanced, no book",Maia2 1600 + book,1-0,checkmate,135,1600,1600,0.0,maia2-book__vs__maia3-balanced-no-book.pgn
maia2-book__vs__maia3-balanced-no-book-099,maia2-book__vs__maia3-balanced-no-book,99,Maia2 1600 + book,"Maia3 1600 balanced, no book",1/2-1/2,threefold repetition,68,1600,1600,0.5,maia2-book__vs__maia3-balanced-no-book.pgn
maia2-book__vs__maia3-balanced-no-book-100,maia2-book__vs__maia3-balanced-no-book,100,"Maia3 1600 balanced, no book",Maia2 1600 + book,0-1,checkmate,100,1600,1600,1.0,maia2-book__vs__maia3-balanced-no-book.pgn
maia3-argmax-book__vs__maia3-argmax-no-book-001,maia3-argmax-book__vs__maia3-argmax-no-book,1,Maia3 1600 argmax + book,"Maia3 1600 argmax, no book",0-1,checkmate,34,1600,1600,0.0,maia3-argmax-book__vs__maia3-argmax-no-book.pgn
maia3-argmax-book__vs__maia3-argmax-no-book-002,maia3-argmax-book__vs__maia3-argmax-no-book,2,"Maia3 1600 argmax, no book",Maia3 1600 argmax + book,1-0,checkmate,101,1600,1600,0.0,maia3-argmax-book__vs__maia3-argmax-no-book.pgn
maia3-argmax-book__vs__maia3-argmax-no-book-003,maia3-argmax-book__vs__maia3-argmax-no-book,3,Maia3 1600 argmax + book,"Maia3 1600 argmax, no book",0-1,checkmate,136,1600,1600,0.0,maia3-argmax-book__vs__maia3-argmax-no-book.pgn
maia3-argmax-book__vs__maia3-argmax-no-book-004,maia3-argmax-book__vs__maia3-argmax-no-book,4,"Maia3 1600 argmax, no book",Maia3 1600 argmax + book,0-1,checkmate,54,1600,1600,1.0,maia3-argmax-book__vs__maia3-argmax-no-book.pgn
maia3-argmax-book__vs__maia3-argmax-no-book-005,maia3-argmax-book__vs__maia3-argmax-no-book,5,Maia3 1600 argmax + book,"Maia3 1600 argmax, no book",1/2-1/2,threefold repetition,118,1600,1600,0.5,maia3-argmax-book__vs__maia3-argmax-no-book.pgn
maia3-argmax-book__vs__maia3-argmax-no-book-006,maia3-argmax-book__vs__maia3-argmax-no-book,6,"Maia3 1600 argmax, no book",Maia3 1600 argmax + book,0-1,checkmate,34,1600,1600,1.0,maia3-argmax-book__vs__maia3-argmax-no-book.pgn
maia3-argmax-book__vs__maia3-argmax-no-book-007,maia3-argmax-book__vs__maia3-argmax-no-book,7,Maia3 1600 argmax + book,"Maia3 1600 argmax, no book",1/2-1/2,insufficient material,136,1600,1600,0.5,maia3-argmax-book__vs__maia3-argmax-no-book.pgn
maia3-argmax-book__vs__maia3-argmax-no-book-008,maia3-argmax-book__vs__maia3-argmax-no-book,8,"Maia3 1600 argmax, no book",Maia3 1600 argmax + book,0-1,checkmate,64,1600,1600,1.0,maia3-argmax-book__vs__maia3-argmax-no-book.pgn
maia3-argmax-book__vs__maia3-argmax-no-book-009,maia3-argmax-book__vs__maia3-argmax-no-book,9,Maia3 1600 argmax + book,"Maia3 1600 argmax, no book",1/2-1/2,threefold repetition,84,1600,1600,0.5,maia3-argmax-book__vs__maia3-argmax-no-book.pgn
maia3-argmax-book__vs__maia3-argmax-no-book-010,maia3-argmax-book__vs__maia3-argmax-no-book,10,"Maia3 1600 argmax, no book",Maia3 1600 argmax + book,1-0,checkmate,103,1600,1600,0.0,maia3-argmax-book__vs__maia3-argmax-no-book.pgn
maia3-argmax-book__vs__maia3-argmax-no-book-011,maia3-argmax-book__vs__maia3-argmax-no-book,11,Maia3 1600 argmax + book,"Maia3 1600 argmax, no book",1-0,checkmate,35,1600,1600,1.0,maia3-argmax-book__vs__maia3-argmax-no-book.pgn
maia3-argmax-book__vs__maia3-argmax-no-book-012,maia3-argmax-book__vs__maia3-argmax-no-book,12,"Maia3 1600 argmax, no book",Maia3 1600 argmax + book,1/2-1/2,threefold repetition,60,1600,1600,0.5,maia3-argmax-book__vs__maia3-argmax-no-book.pgn
maia3-argmax-book__vs__maia3-argmax-no-book-013,maia3-argmax-book__vs__maia3-argmax-no-book,13,Maia3 1600 argmax + book,"Maia3 1600 argmax, no book",1/2-1/2,threefold repetition,21,1600,1600,0.5,maia3-argmax-book__vs__maia3-argmax-no-book.pgn
maia3-argmax-book__vs__maia3-argmax-no-book-014,maia3-argmax-book__vs__maia3-argmax-no-book,14,"Maia3 1600 argmax, no book",Maia3 1600 argmax + book,1-0,checkmate,71,1600,1600,0.0,maia3-argmax-book__vs__maia3-argmax-no-book.pgn
maia3-argmax-book__vs__maia3-argmax-no-book-015,maia3-argmax-book__vs__maia3-argmax-no-book,15,Maia3 1600 argmax + book,"Maia3 1600 argmax, no book",1-0,checkmate,51,1600,1600,1.0,maia3-argmax-book__vs__maia3-argmax-no-book.pgn
maia3-argmax-book__vs__maia3-argmax-no-book-016,maia3-argmax-book__vs__maia3-argmax-no-book,16,"Maia3 1600 argmax, no book",Maia3 1600 argmax + book,1/2-1/2,threefold repetition,101,1600,1600,0.5,maia3-argmax-book__vs__maia3-argmax-no-book.pgn
maia3-argmax-book__vs__maia3-argmax-no-book-017,maia3-argmax-book__vs__maia3-argmax-no-book,17,Maia3 1600 argmax + book,"Maia3 1600 argmax, no book",1/2-1/2,threefold repetition,95,1600,1600,0.5,maia3-argmax-book__vs__maia3-argmax-no-book.pgn
maia3-argmax-book__vs__maia3-argmax-no-book-018,maia3-argmax-book__vs__maia3-argmax-no-book,18,"Maia3 1600 argmax, no book",Maia3 1600 argmax + book,1-0,checkmate,127,1600,1600,0.0,maia3-argmax-book__vs__maia3-argmax-no-book.pgn
maia3-argmax-book__vs__maia3-argmax-no-book-019,maia3-argmax-book__vs__maia3-argmax-no-book,19,Maia3 1600 argmax + book,"Maia3 1600 argmax, no book",0-1,checkmate,106,1600,1600,0.0,maia3-argmax-book__vs__maia3-argmax-no-book.pgn
maia3-argmax-book__vs__maia3-argmax-no-book-020,maia3-argmax-book__vs__maia3-argmax-no-book,20,"Maia3 1600 argmax, no book",Maia3 1600 argmax + book,1/2-1/2,stalemate,134,1600,1600,0.5,maia3-argmax-book__vs__maia3-argmax-no-book.pgn
maia3-argmax-book__vs__maia3-argmax-no-book-021,maia3-argmax-book__vs__maia3-argmax-no-book,21,Maia3 1600 argmax + book,"Maia3 1600 argmax, no book",1/2-1/2,threefold repetition,105,1600,1600,0.5,maia3-argmax-book__vs__maia3-argmax-no-book.pgn
maia3-argmax-book__vs__maia3-argmax-no-book-022,maia3-argmax-book__vs__maia3-argmax-no-book,22,"Maia3 1600 argmax, no book",Maia3 1600 argmax + book,0-1,checkmate,102,1600,1600,1.0,maia3-argmax-book__vs__maia3-argmax-no-book.pgn
maia3-argmax-book__vs__maia3-argmax-no-book-023,maia3-argmax-book__vs__maia3-argmax-no-book,23,Maia3 1600 argmax + book,"Maia3 1600 argmax, no book",1-0,checkmate,45,1600,1600,1.0,maia3-argmax-book__vs__maia3-argmax-no-book.pgn
maia3-argmax-book__vs__maia3-argmax-no-book-024,maia3-argmax-book__vs__maia3-argmax-no-book,24,"Maia3 1600 argmax, no book",Maia3 1600 argmax + book,1-0,checkmate,89,1600,1600,0.0,maia3-argmax-book__vs__maia3-argmax-no-book.pgn
maia3-argmax-book__vs__maia3-argmax-no-book-025,maia3-argmax-book__vs__maia3-argmax-no-book,25,Maia3 1600 argmax + book,"Maia3 1600 argmax, no book",0-1,checkmate,58,1600,1600,0.0,maia3-argmax-book__vs__maia3-argmax-no-book.pgn
maia3-argmax-book__vs__maia3-argmax-no-book-026,maia3-argmax-book__vs__maia3-argmax-no-book,26,"Maia3 1600 argmax, no book",Maia3 1600 argmax + book,1-0,checkmate,143,1600,1600,0.0,maia3-argmax-book__vs__maia3-argmax-no-book.pgn
maia3-argmax-book__vs__maia3-argmax-no-book-027,maia3-argmax-book__vs__maia3-argmax-no-book,27,Maia3 1600 argmax + book,"Maia3 1600 argmax, no book",1-0,checkmate,91,1600,1600,1.0,maia3-argmax-book__vs__maia3-argmax-no-book.pgn
maia3-argmax-book__vs__maia3-argmax-no-book-028,maia3-argmax-book__vs__maia3-argmax-no-book,28,"Maia3 1600 argmax, no book",Maia3 1600 argmax + book,0-1,checkmate,86,1600,1600,1.0,maia3-argmax-book__vs__maia3-argmax-no-book.pgn
maia3-argmax-book__vs__maia3-argmax-no-book-029,maia3-argmax-book__vs__maia3-argmax-no-book,29,Maia3 1600 argmax + book,"Maia3 1600 argmax, no book",1-0,checkmate,133,1600,1600,1.0,maia3-argmax-book__vs__maia3-argmax-no-book.pgn
maia3-argmax-book__vs__maia3-argmax-no-book-030,maia3-argmax-book__vs__maia3-argmax-no-book,30,"Maia3 1600 argmax, no book",Maia3 1600 argmax + book,1-0,checkmate,51,1600,1600,0.0,maia3-argmax-book__vs__maia3-argmax-no-book.pgn
maia3-argmax-book__vs__maia3-argmax-no-book-031,maia3-argmax-book__vs__maia3-argmax-no-book,31,Maia3 1600 argmax + book,"Maia3 1600 argmax, no book",0-1,checkmate,176,1600,1600,0.0,maia3-argmax-book__vs__maia3-argmax-no-book.pgn
maia3-argmax-book__vs__maia3-argmax-no-book-032,maia3-argmax-book__vs__maia3-argmax-no-book,32,"Maia3 1600 argmax, no book",Maia3 1600 argmax + book,0-1,checkmate,148,1600,1600,1.0,maia3-argmax-book__vs__maia3-argmax-no-book.pgn
maia3-argmax-book__vs__maia3-argmax-no-book-033,maia3-argmax-book__vs__maia3-argmax-no-book,33,Maia3 1600 argmax + book,"Maia3 1600 argmax, no book",1/2-1/2,threefold repetition,160,1600,1600,0.5,maia3-argmax-book__vs__maia3-argmax-no-book.pgn
maia3-argmax-book__vs__maia3-argmax-no-book-034,maia3-argmax-book__vs__maia3-argmax-no-book,34,"Maia3 1600 argmax, no book",Maia3 1600 argmax + book,1-0,checkmate,107,1600,1600,0.0,maia3-argmax-book__vs__maia3-argmax-no-book.pgn
maia3-argmax-book__vs__maia3-argmax-no-book-035,maia3-argmax-book__vs__maia3-argmax-no-book,35,Maia3 1600 argmax + book,"Maia3 1600 argmax, no book",1-0,checkmate,125,1600,1600,1.0,maia3-argmax-book__vs__maia3-argmax-no-book.pgn
maia3-argmax-book__vs__maia3-argmax-no-book-036,maia3-argmax-book__vs__maia3-argmax-no-book,36,"Maia3 1600 argmax, no book",Maia3 1600 argmax + book,1-0,checkmate,15,1600,1600,0.0,maia3-argmax-book__vs__maia3-argmax-no-book.pgn
maia3-argmax-book__vs__maia3-argmax-no-book-037,maia3-argmax-book__vs__maia3-argmax-no-book,37,Maia3 1600 argmax + book,"Maia3 1600 argmax, no book",1-0,checkmate,153,1600,1600,1.0,maia3-argmax-book__vs__maia3-argmax-no-book.pgn
maia3-argmax-book__vs__maia3-argmax-no-book-038,maia3-argmax-book__vs__maia3-argmax-no-book,38,"Maia3 1600 argmax, no book",Maia3 1600 argmax + book,0-1,checkmate,146,1600,1600,1.0,maia3-argmax-book__vs__maia3-argmax-no-book.pgn
maia3-argmax-book__vs__maia3-argmax-no-book-039,maia3-argmax-book__vs__maia3-argmax-no-book,39,Maia3 1600 argmax + book,"Maia3 1600 argmax, no book",0-1,checkmate,136,1600,1600,0.0,maia3-argmax-book__vs__maia3-argmax-no-book.pgn
maia3-argmax-book__vs__maia3-argmax-no-book-040,maia3-argmax-book__vs__maia3-argmax-no-book,40,"Maia3 1600 argmax, no book",Maia3 1600 argmax + book,1/2-1/2,threefold repetition,82,1600,1600,0.5,maia3-argmax-book__vs__maia3-argmax-no-book.pgn
maia3-argmax-book__vs__maia3-argmax-no-book-041,maia3-argmax-book__vs__maia3-argmax-no-book,41,Maia3 1600 argmax + book,"Maia3 1600 argmax, no book",1-0,checkmate,115,1600,1600,1.0,maia3-argmax-book__vs__maia3-argmax-no-book.pgn
maia3-argmax-book__vs__maia3-argmax-no-book-042,maia3-argmax-book__vs__maia3-argmax-no-book,42,"Maia3 1600 argmax, no book",Maia3 1600 argmax + book,1-0,checkmate,125,1600,1600,0.0,maia3-argmax-book__vs__maia3-argmax-no-book.pgn
maia3-argmax-book__vs__maia3-argmax-no-book-043,maia3-argmax-book__vs__maia3-argmax-no-book,43,Maia3 1600 argmax + book,"Maia3 1600 argmax, no book",1-0,checkmate,87,1600,1600,1.0,maia3-argmax-book__vs__maia3-argmax-no-book.pgn
maia3-argmax-book__vs__maia3-argmax-no-book-044,maia3-argmax-book__vs__maia3-argmax-no-book,44,"Maia3 1600 argmax, no book",Maia3 1600 argmax + book,1-0,checkmate,103,1600,1600,0.0,maia3-argmax-book__vs__maia3-argmax-no-book.pgn
maia3-argmax-book__vs__maia3-argmax-no-book-045,maia3-argmax-book__vs__maia3-argmax-no-book,45,Maia3 1600 argmax + book,"Maia3 1600 argmax, no book",1/2-1/2,threefold repetition,76,1600,1600,0.5,maia3-argmax-book__vs__maia3-argmax-no-book.pgn
maia3-argmax-book__vs__maia3-argmax-no-book-046,maia3-argmax-book__vs__maia3-argmax-no-book,46,"Maia3 1600 argmax, no book",Maia3 1600 argmax + book,1/2-1/2,threefold repetition,79,1600,1600,0.5,maia3-argmax-book__vs__maia3-argmax-no-book.pgn
maia3-argmax-book__vs__maia3-argmax-no-book-047,maia3-argmax-book__vs__maia3-argmax-no-book,47,Maia3 1600 argmax + book,"Maia3 1600 argmax, no book",1-0,checkmate,21,1600,1600,1.0,maia3-argmax-book__vs__maia3-argmax-no-book.pgn
maia3-argmax-book__vs__maia3-argmax-no-book-048,maia3-argmax-book__vs__maia3-argmax-no-book,48,"Maia3 1600 argmax, no book",Maia3 1600 argmax + book,1-0,checkmate,93,1600,1600,0.0,maia3-argmax-book__vs__maia3-argmax-no-book.pgn
maia3-argmax-book__vs__maia3-argmax-no-book-049,maia3-argmax-book__vs__maia3-argmax-no-book,49,Maia3 1600 argmax + book,"Maia3 1600 argmax, no book",1-0,checkmate,53,1600,1600,1.0,maia3-argmax-book__vs__maia3-argmax-no-book.pgn
maia3-argmax-book__vs__maia3-argmax-no-book-050,maia3-argmax-book__vs__maia3-argmax-no-book,50,"Maia3 1600 argmax, no book",Maia3 1600 argmax + book,1/2-1/2,threefold repetition,97,1600,1600,0.5,maia3-argmax-book__vs__maia3-argmax-no-book.pgn
maia3-argmax-book__vs__maia3-argmax-no-book-051,maia3-argmax-book__vs__maia3-argmax-no-book,51,Maia3 1600 argmax + book,"Maia3 1600 argmax, no book",1-0,checkmate,119,1600,1600,1.0,maia3-argmax-book__vs__maia3-argmax-no-book.pgn
maia3-argmax-book__vs__maia3-argmax-no-book-052,maia3-argmax-book__vs__maia3-argmax-no-book,52,"Maia3 1600 argmax, no book",Maia3 1600 argmax + book,0-1,checkmate,94,1600,1600,1.0,maia3-argmax-book__vs__maia3-argmax-no-book.pgn
maia3-argmax-book__vs__maia3-argmax-no-book-053,maia3-argmax-book__vs__maia3-argmax-no-book,53,Maia3 1600 argmax + book,"Maia3 1600 argmax, no book",0-1,checkmate,56,1600,1600,0.0,maia3-argmax-book__vs__maia3-argmax-no-book.pgn
maia3-argmax-book__vs__maia3-argmax-no-book-054,maia3-argmax-book__vs__maia3-argmax-no-book,54,"Maia3 1600 argmax, no book",Maia3 1600 argmax + book,1/2-1/2,threefold repetition,85,1600,1600,0.5,maia3-argmax-book__vs__maia3-argmax-no-book.pgn
maia3-argmax-book__vs__maia3-argmax-no-book-055,maia3-argmax-book__vs__maia3-argmax-no-book,55,Maia3 1600 argmax + book,"Maia3 1600 argmax, no book",0-1,checkmate,56,1600,1600,0.0,maia3-argmax-book__vs__maia3-argmax-no-book.pgn
maia3-argmax-book__vs__maia3-argmax-no-book-056,maia3-argmax-book__vs__maia3-argmax-no-book,56,"Maia3 1600 argmax, no book",Maia3 1600 argmax + book,0-1,checkmate,66,1600,1600,1.0,maia3-argmax-book__vs__maia3-argmax-no-book.pgn
maia3-argmax-book__vs__maia3-argmax-no-book-057,maia3-argmax-book__vs__maia3-argmax-no-book,57,Maia3 1600 argmax + book,"Maia3 1600 argmax, no book",0-1,checkmate,120,1600,1600,0.0,maia3-argmax-book__vs__maia3-argmax-no-book.pgn
maia3-argmax-book__vs__maia3-argmax-no-book-058,maia3-argmax-book__vs__maia3-argmax-no-book,58,"Maia3 1600 argmax, no book",Maia3 1600 argmax + book,0-1,checkmate,104,1600,1600,1.0,maia3-argmax-book__vs__maia3-argmax-no-book.pgn
maia3-argmax-book__vs__maia3-argmax-no-book-059,maia3-argmax-book__vs__maia3-argmax-no-book,59,Maia3 1600 argmax + book,"Maia3 1600 argmax, no book",1-0,checkmate,49,1600,1600,1.0,maia3-argmax-book__vs__maia3-argmax-no-book.pgn
maia3-argmax-book__vs__maia3-argmax-no-book-060,maia3-argmax-book__vs__maia3-argmax-no-book,60,"Maia3 1600 argmax, no book",Maia3 1600 argmax + book,1/2-1/2,threefold repetition,67,1600,1600,0.5,maia3-argmax-book__vs__maia3-argmax-no-book.pgn
maia3-argmax-book__vs__maia3-argmax-no-book-061,maia3-argmax-book__vs__maia3-argmax-no-book,61,Maia3 1600 argmax + book,"Maia3 1600 argmax, no book",0-1,checkmate,38,1600,1600,0.0,maia3-argmax-book__vs__maia3-argmax-no-book.pgn
maia3-argmax-book__vs__maia3-argmax-no-book-062,maia3-argmax-book__vs__maia3-argmax-no-book,62,"Maia3 1600 argmax, no book",Maia3 1600 argmax + book,0-1,checkmate,144,1600,1600,1.0,maia3-argmax-book__vs__maia3-argmax-no-book.pgn
maia3-argmax-book__vs__maia3-argmax-no-book-063,maia3-argmax-book__vs__maia3-argmax-no-book,63,Maia3 1600 argmax + book,"Maia3 1600 argmax, no book",1-0,checkmate,67,1600,1600,1.0,maia3-argmax-book__vs__maia3-argmax-no-book.pgn
maia3-argmax-book__vs__maia3-argmax-no-book-064,maia3-argmax-book__vs__maia3-argmax-no-book,64,"Maia3 1600 argmax, no book",Maia3 1600 argmax + book,1/2-1/2,threefold repetition,76,1600,1600,0.5,maia3-argmax-book__vs__maia3-argmax-no-book.pgn
maia3-argmax-book__vs__maia3-argmax-no-book-065,maia3-argmax-book__vs__maia3-argmax-no-book,65,Maia3 1600 argmax + book,"Maia3 1600 argmax, no book",0-1,checkmate,50,1600,1600,0.0,maia3-argmax-book__vs__maia3-argmax-no-book.pgn
maia3-argmax-book__vs__maia3-argmax-no-book-066,maia3-argmax-book__vs__maia3-argmax-no-book,66,"Maia3 1600 argmax, no book",Maia3 1600 argmax + book,1-0,checkmate,89,1600,1600,0.0,maia3-argmax-book__vs__maia3-argmax-no-book.pgn
maia3-argmax-book__vs__maia3-argmax-no-book-067,maia3-argmax-book__vs__maia3-argmax-no-book,67,Maia3 1600 argmax + book,"Maia3 1600 argmax, no book",0-1,checkmate,132,1600,1600,0.0,maia3-argmax-book__vs__maia3-argmax-no-book.pgn
maia3-argmax-book__vs__maia3-argmax-no-book-068,maia3-argmax-book__vs__maia3-argmax-no-book,68,"Maia3 1600 argmax, no book",Maia3 1600 argmax + book,0-1,checkmate,58,1600,1600,1.0,maia3-argmax-book__vs__maia3-argmax-no-book.pgn
maia3-argmax-book__vs__maia3-argmax-no-book-069,maia3-argmax-book__vs__maia3-argmax-no-book,69,Maia3 1600 argmax + book,"Maia3 1600 argmax, no book",1-0,checkmate,127,1600,1600,1.0,maia3-argmax-book__vs__maia3-argmax-no-book.pgn
maia3-argmax-book__vs__maia3-argmax-no-book-070,maia3-argmax-book__vs__maia3-argmax-no-book,70,"Maia3 1600 argmax, no book",Maia3 1600 argmax + book,0-1,checkmate,130,1600,1600,1.0,maia3-argmax-book__vs__maia3-argmax-no-book.pgn
maia3-argmax-book__vs__maia3-argmax-no-book-071,maia3-argmax-book__vs__maia3-argmax-no-book,71,Maia3 1600 argmax + book,"Maia3 1600 argmax, no book",1-0,checkmate,95,1600,1600,1.0,maia3-argmax-book__vs__maia3-argmax-no-book.pgn
maia3-argmax-book__vs__maia3-argmax-no-book-072,maia3-argmax-book__vs__maia3-argmax-no-book,72,"Maia3 1600 argmax, no book",Maia3 1600 argmax + book,1-0,checkmate,125,1600,1600,0.0,maia3-argmax-book__vs__maia3-argmax-no-book.pgn
maia3-argmax-book__vs__maia3-argmax-no-book-073,maia3-argmax-book__vs__maia3-argmax-no-book,73,Maia3 1600 argmax + book,"Maia3 1600 argmax, no book",1-0,checkmate,63,1600,1600,1.0,maia3-argmax-book__vs__maia3-argmax-no-book.pgn
maia3-argmax-book__vs__maia3-argmax-no-book-074,maia3-argmax-book__vs__maia3-argmax-no-book,74,"Maia3 1600 argmax, no book",Maia3 1600 argmax + book,0-1,checkmate,32,1600,1600,1.0,maia3-argmax-book__vs__maia3-argmax-no-book.pgn
maia3-argmax-book__vs__maia3-argmax-no-book-075,maia3-argmax-book__vs__maia3-argmax-no-book,75,Maia3 1600 argmax + book,"Maia3 1600 argmax, no book",1-0,checkmate,93,1600,1600,1.0,maia3-argmax-book__vs__maia3-argmax-no-book.pgn
maia3-argmax-book__vs__maia3-argmax-no-book-076,maia3-argmax-book__vs__maia3-argmax-no-book,76,"Maia3 1600 argmax, no book",Maia3 1600 argmax + book,0-1,checkmate,94,1600,1600,1.0,maia3-argmax-book__vs__maia3-argmax-no-book.pgn
maia3-argmax-book__vs__maia3-argmax-no-book-077,maia3-argmax-book__vs__maia3-argmax-no-book,77,Maia3 1600 argmax + book,"Maia3 1600 argmax, no book",0-1,checkmate,118,1600,1600,0.0,maia3-argmax-book__vs__maia3-argmax-no-book.pgn
maia3-argmax-book__vs__maia3-argmax-no-book-078,maia3-argmax-book__vs__maia3-argmax-no-book,78,"Maia3 1600 argmax, no book",Maia3 1600 argmax + book,1/2-1/2,stalemate,130,1600,1600,0.5,maia3-argmax-book__vs__maia3-argmax-no-book.pgn
maia3-argmax-book__vs__maia3-argmax-no-book-079,maia3-argmax-book__vs__maia3-argmax-no-book,79,Maia3 1600 argmax + book,"Maia3 1600 argmax, no book",1-0,checkmate,39,1600,1600,1.0,maia3-argmax-book__vs__maia3-argmax-no-book.pgn
maia3-argmax-book__vs__maia3-argmax-no-book-080,maia3-argmax-book__vs__maia3-argmax-no-book,80,"Maia3 1600 argmax, no book",Maia3 1600 argmax + book,1-0,checkmate,55,1600,1600,0.0,maia3-argmax-book__vs__maia3-argmax-no-book.pgn
maia3-argmax-book__vs__maia3-argmax-no-book-081,maia3-argmax-book__vs__maia3-argmax-no-book,81,Maia3 1600 argmax + book,"Maia3 1600 argmax, no book",1-0,checkmate,125,1600,1600,1.0,maia3-argmax-book__vs__maia3-argmax-no-book.pgn
maia3-argmax-book__vs__maia3-argmax-no-book-082,maia3-argmax-book__vs__maia3-argmax-no-book,82,"Maia3 1600 argmax, no book",Maia3 1600 argmax + book,0-1,checkmate,130,1600,1600,1.0,maia3-argmax-book__vs__maia3-argmax-no-book.pgn
maia3-argmax-book__vs__maia3-argmax-no-book-083,maia3-argmax-book__vs__maia3-argmax-no-book,83,Maia3 1600 argmax + book,"Maia3 1600 argmax, no book",1-0,checkmate,87,1600,1600,1.0,maia3-argmax-book__vs__maia3-argmax-no-book.pgn
maia3-argmax-book__vs__maia3-argmax-no-book-084,maia3-argmax-book__vs__maia3-argmax-no-book,84,"Maia3 1600 argmax, no book",Maia3 1600 argmax + book,1-0,checkmate,45,1600,1600,0.0,maia3-argmax-book__vs__maia3-argmax-no-book.pgn
maia3-argmax-book__vs__maia3-argmax-no-book-085,maia3-argmax-book__vs__maia3-argmax-no-book,85,Maia3 1600 argmax + book,"Maia3 1600 argmax, no book",1-0,checkmate,147,1600,1600,1.0,maia3-argmax-book__vs__maia3-argmax-no-book.pgn
maia3-argmax-book__vs__maia3-argmax-no-book-086,maia3-argmax-book__vs__maia3-argmax-no-book,86,"Maia3 1600 argmax, no book",Maia3 1600 argmax + book,0-1,checkmate,84,1600,1600,1.0,maia3-argmax-book__vs__maia3-argmax-no-book.pgn
maia3-argmax-book__vs__maia3-argmax-no-book-087,maia3-argmax-book__vs__maia3-argmax-no-book,87,Maia3 1600 argmax + book,"Maia3 1600 argmax, no book",1-0,checkmate,55,1600,1600,1.0,maia3-argmax-book__vs__maia3-argmax-no-book.pgn
maia3-argmax-book__vs__maia3-argmax-no-book-088,maia3-argmax-book__vs__maia3-argmax-no-book,88,"Maia3 1600 argmax, no book",Maia3 1600 argmax + book,1-0,checkmate,79,1600,1600,0.0,maia3-argmax-book__vs__maia3-argmax-no-book.pgn
maia3-argmax-book__vs__maia3-argmax-no-book-089,maia3-argmax-book__vs__maia3-argmax-no-book,89,Maia3 1600 argmax + book,"Maia3 1600 argmax, no book",1-0,checkmate,157,1600,1600,1.0,maia3-argmax-book__vs__maia3-argmax-no-book.pgn
maia3-argmax-book__vs__maia3-argmax-no-book-090,maia3-argmax-book__vs__maia3-argmax-no-book,90,"Maia3 1600 argmax, no book",Maia3 1600 argmax + book,1-0,checkmate,43,1600,1600,0.0,maia3-argmax-book__vs__maia3-argmax-no-book.pgn
maia3-argmax-book__vs__maia3-argmax-no-book-091,maia3-argmax-book__vs__maia3-argmax-no-book,91,Maia3 1600 argmax + book,"Maia3 1600 argmax, no book",1-0,checkmate,37,1600,1600,1.0,maia3-argmax-book__vs__maia3-argmax-no-book.pgn
maia3-argmax-book__vs__maia3-argmax-no-book-092,maia3-argmax-book__vs__maia3-argmax-no-book,92,"Maia3 1600 argmax, no book",Maia3 1600 argmax + book,1/2-1/2,stalemate,105,1600,1600,0.5,maia3-argmax-book__vs__maia3-argmax-no-book.pgn
maia3-argmax-book__vs__maia3-argmax-no-book-093,maia3-argmax-book__vs__maia3-argmax-no-book,93,Maia3 1600 argmax + book,"Maia3 1600 argmax, no book",0-1,checkmate,60,1600,1600,0.0,maia3-argmax-book__vs__maia3-argmax-no-book.pgn
maia3-argmax-book__vs__maia3-argmax-no-book-094,maia3-argmax-book__vs__maia3-argmax-no-book,94,"Maia3 1600 argmax, no book",Maia3 1600 argmax + book,0-1,checkmate,32,1600,1600,1.0,maia3-argmax-book__vs__maia3-argmax-no-book.pgn
maia3-argmax-book__vs__maia3-argmax-no-book-095,maia3-argmax-book__vs__maia3-argmax-no-book,95,Maia3 1600 argmax + book,"Maia3 1600 argmax, no book",0-1,checkmate,62,1600,1600,0.0,maia3-argmax-book__vs__maia3-argmax-no-book.pgn
maia3-argmax-book__vs__maia3-argmax-no-book-096,maia3-argmax-book__vs__maia3-argmax-no-book,96,"Maia3 1600 argmax, no book",Maia3 1600 argmax + book,1/2-1/2,insufficient material,126,1600,1600,0.5,maia3-argmax-book__vs__maia3-argmax-no-book.pgn
maia3-argmax-book__vs__maia3-argmax-no-book-097,maia3-argmax-book__vs__maia3-argmax-no-book,97,Maia3 1600 argmax + book,"Maia3 1600 argmax, no book",1-0,checkmate,21,1600,1600,1.0,maia3-argmax-book__vs__maia3-argmax-no-book.pgn
maia3-argmax-book__vs__maia3-argmax-no-book-098,maia3-argmax-book__vs__maia3-argmax-no-book,98,"Maia3 1600 argmax, no book",Maia3 1600 argmax + book,1/2-1/2,threefold repetition,72,1600,1600,0.5,maia3-argmax-book__vs__maia3-argmax-no-book.pgn
maia3-argmax-book__vs__maia3-argmax-no-book-099,maia3-argmax-book__vs__maia3-argmax-no-book,99,Maia3 1600 argmax + book,"Maia3 1600 argmax, no book",1-0,checkmate,131,1600,1600,1.0,maia3-argmax-book__vs__maia3-argmax-no-book.pgn
maia3-argmax-book__vs__maia3-argmax-no-book-100,maia3-argmax-book__vs__maia3-argmax-no-book,100,"Maia3 1600 argmax, no book",Maia3 1600 argmax + book,1-0,checkmate,41,1600,1600,0.0,maia3-argmax-book__vs__maia3-argmax-no-book.pgn
maia3-balanced-book__vs__maia3-argmax-book-001,maia3-balanced-book__vs__maia3-argmax-book,1,Maia3 1600 balanced + book,Maia3 1600 argmax + book,1/2-1/2,threefold repetition,74,1600,1600,0.5,maia3-balanced-book__vs__maia3-argmax-book.pgn
maia3-balanced-book__vs__maia3-argmax-book-002,maia3-balanced-book__vs__maia3-argmax-book,2,Maia3 1600 argmax + book,Maia3 1600 balanced + book,0-1,checkmate,86,1600,1600,1.0,maia3-balanced-book__vs__maia3-argmax-book.pgn
maia3-balanced-book__vs__maia3-argmax-book-003,maia3-balanced-book__vs__maia3-argmax-book,3,Maia3 1600 balanced + book,Maia3 1600 argmax + book,0-1,checkmate,78,1600,1600,0.0,maia3-balanced-book__vs__maia3-argmax-book.pgn
maia3-balanced-book__vs__maia3-argmax-book-004,maia3-balanced-book__vs__maia3-argmax-book,4,Maia3 1600 argmax + book,Maia3 1600 balanced + book,1/2-1/2,threefold repetition,101,1600,1600,0.5,maia3-balanced-book__vs__maia3-argmax-book.pgn
maia3-balanced-book__vs__maia3-argmax-book-005,maia3-balanced-book__vs__maia3-argmax-book,5,Maia3 1600 balanced + book,Maia3 1600 argmax + book,1-0,checkmate,113,1600,1600,1.0,maia3-balanced-book__vs__maia3-argmax-book.pgn
maia3-balanced-book__vs__maia3-argmax-book-006,maia3-balanced-book__vs__maia3-argmax-book,6,Maia3 1600 argmax + book,Maia3 1600 balanced + book,1-0,checkmate,115,1600,1600,0.0,maia3-balanced-book__vs__maia3-argmax-book.pgn
maia3-balanced-book__vs__maia3-argmax-book-007,maia3-balanced-book__vs__maia3-argmax-book,7,Maia3 1600 balanced + book,Maia3 1600 argmax + book,1/2-1/2,threefold repetition,95,1600,1600,0.5,maia3-balanced-book__vs__maia3-argmax-book.pgn
maia3-balanced-book__vs__maia3-argmax-book-008,maia3-balanced-book__vs__maia3-argmax-book,8,Maia3 1600 argmax + book,Maia3 1600 balanced + book,1-0,checkmate,49,1600,1600,0.0,maia3-balanced-book__vs__maia3-argmax-book.pgn
maia3-balanced-book__vs__maia3-argmax-book-009,maia3-balanced-book__vs__maia3-argmax-book,9,Maia3 1600 balanced + book,Maia3 1600 argmax + book,1/2-1/2,stalemate,112,1600,1600,0.5,maia3-balanced-book__vs__maia3-argmax-book.pgn
maia3-balanced-book__vs__maia3-argmax-book-010,maia3-balanced-book__vs__maia3-argmax-book,10,Maia3 1600 argmax + book,Maia3 1600 balanced + book,1/2-1/2,threefold repetition,92,1600,1600,0.5,maia3-balanced-book__vs__maia3-argmax-book.pgn
maia3-balanced-book__vs__maia3-argmax-book-011,maia3-balanced-book__vs__maia3-argmax-book,11,Maia3 1600 balanced + book,Maia3 1600 argmax + book,0-1,checkmate,156,1600,1600,0.0,maia3-balanced-book__vs__maia3-argmax-book.pgn
maia3-balanced-book__vs__maia3-argmax-book-012,maia3-balanced-book__vs__maia3-argmax-book,12,Maia3 1600 argmax + book,Maia3 1600 balanced + book,0-1,checkmate,116,1600,1600,1.0,maia3-balanced-book__vs__maia3-argmax-book.pgn
maia3-balanced-book__vs__maia3-argmax-book-013,maia3-balanced-book__vs__maia3-argmax-book,13,Maia3 1600 balanced + book,Maia3 1600 argmax + book,0-1,checkmate,74,1600,1600,0.0,maia3-balanced-book__vs__maia3-argmax-book.pgn
maia3-balanced-book__vs__maia3-argmax-book-014,maia3-balanced-book__vs__maia3-argmax-book,14,Maia3 1600 argmax + book,Maia3 1600 balanced + book,0-1,checkmate,48,1600,1600,1.0,maia3-balanced-book__vs__maia3-argmax-book.pgn
maia3-balanced-book__vs__maia3-argmax-book-015,maia3-balanced-book__vs__maia3-argmax-book,15,Maia3 1600 balanced + book,Maia3 1600 argmax + book,0-1,checkmate,54,1600,1600,0.0,maia3-balanced-book__vs__maia3-argmax-book.pgn
maia3-balanced-book__vs__maia3-argmax-book-016,maia3-balanced-book__vs__maia3-argmax-book,16,Maia3 1600 argmax + book,Maia3 1600 balanced + book,0-1,checkmate,132,1600,1600,1.0,maia3-balanced-book__vs__maia3-argmax-book.pgn
maia3-balanced-book__vs__maia3-argmax-book-017,maia3-balanced-book__vs__maia3-argmax-book,17,Maia3 1600 balanced + book,Maia3 1600 argmax + book,0-1,checkmate,52,1600,1600,0.0,maia3-balanced-book__vs__maia3-argmax-book.pgn
maia3-balanced-book__vs__maia3-argmax-book-018,maia3-balanced-book__vs__maia3-argmax-book,18,Maia3 1600 argmax + book,Maia3 1600 balanced + book,1/2-1/2,threefold repetition,54,1600,1600,0.5,maia3-balanced-book__vs__maia3-argmax-book.pgn
maia3-balanced-book__vs__maia3-argmax-book-019,maia3-balanced-book__vs__maia3-argmax-book,19,Maia3 1600 balanced + book,Maia3 1600 argmax + book,1/2-1/2,threefold repetition,101,1600,1600,0.5,maia3-balanced-book__vs__maia3-argmax-book.pgn
maia3-balanced-book__vs__maia3-argmax-book-020,maia3-balanced-book__vs__maia3-argmax-book,20,Maia3 1600 argmax + book,Maia3 1600 balanced + book,1/2-1/2,threefold repetition,106,1600,1600,0.5,maia3-balanced-book__vs__maia3-argmax-book.pgn
maia3-balanced-book__vs__maia3-argmax-book-021,maia3-balanced-book__vs__maia3-argmax-book,21,Maia3 1600 balanced + book,Maia3 1600 argmax + book,1/2-1/2,threefold repetition,103,1600,1600,0.5,maia3-balanced-book__vs__maia3-argmax-book.pgn
maia3-balanced-book__vs__maia3-argmax-book-022,maia3-balanced-book__vs__maia3-argmax-book,22,Maia3 1600 argmax + book,Maia3 1600 balanced + book,0-1,checkmate,134,1600,1600,1.0,maia3-balanced-book__vs__maia3-argmax-book.pgn
maia3-balanced-book__vs__maia3-argmax-book-023,maia3-balanced-book__vs__maia3-argmax-book,23,Maia3 1600 balanced + book,Maia3 1600 argmax + book,1/2-1/2,threefold repetition,38,1600,1600,0.5,maia3-balanced-book__vs__maia3-argmax-book.pgn
maia3-balanced-book__vs__maia3-argmax-book-024,maia3-balanced-book__vs__maia3-argmax-book,24,Maia3 1600 argmax + book,Maia3 1600 balanced + book,1-0,checkmate,53,1600,1600,0.0,maia3-balanced-book__vs__maia3-argmax-book.pgn
maia3-balanced-book__vs__maia3-argmax-book-025,maia3-balanced-book__vs__maia3-argmax-book,25,Maia3 1600 balanced + book,Maia3 1600 argmax + book,0-1,checkmate,58,1600,1600,0.0,maia3-balanced-book__vs__maia3-argmax-book.pgn
maia3-balanced-book__vs__maia3-argmax-book-026,maia3-balanced-book__vs__maia3-argmax-book,26,Maia3 1600 argmax + book,Maia3 1600 balanced + book,1-0,checkmate,89,1600,1600,0.0,maia3-balanced-book__vs__maia3-argmax-book.pgn
maia3-balanced-book__vs__maia3-argmax-book-027,maia3-balanced-book__vs__maia3-argmax-book,27,Maia3 1600 balanced + book,Maia3 1600 argmax + book,1-0,checkmate,101,1600,1600,1.0,maia3-balanced-book__vs__maia3-argmax-book.pgn
maia3-balanced-book__vs__maia3-argmax-book-028,maia3-balanced-book__vs__maia3-argmax-book,28,Maia3 1600 argmax + book,Maia3 1600 balanced + book,1-0,checkmate,43,1600,1600,0.0,maia3-balanced-book__vs__maia3-argmax-book.pgn
maia3-balanced-book__vs__maia3-argmax-book-029,maia3-balanced-book__vs__maia3-argmax-book,29,Maia3 1600 balanced + book,Maia3 1600 argmax + book,1-0,checkmate,43,1600,1600,1.0,maia3-balanced-book__vs__maia3-argmax-book.pgn
maia3-balanced-book__vs__maia3-argmax-book-030,maia3-balanced-book__vs__maia3-argmax-book,30,Maia3 1600 argmax + book,Maia3 1600 balanced + book,1-0,checkmate,165,1600,1600,0.0,maia3-balanced-book__vs__maia3-argmax-book.pgn
maia3-balanced-book__vs__maia3-argmax-book-031,maia3-balanced-book__vs__maia3-argmax-book,31,Maia3 1600 balanced + book,Maia3 1600 argmax + book,1/2-1/2,threefold repetition,75,1600,1600,0.5,maia3-balanced-book__vs__maia3-argmax-book.pgn
maia3-balanced-book__vs__maia3-argmax-book-032,maia3-balanced-book__vs__maia3-argmax-book,32,Maia3 1600 argmax + book,Maia3 1600 balanced + book,1-0,checkmate,147,1600,1600,0.0,maia3-balanced-book__vs__maia3-argmax-book.pgn
maia3-balanced-book__vs__maia3-argmax-book-033,maia3-balanced-book__vs__maia3-argmax-book,33,Maia3 1600 balanced + book,Maia3 1600 argmax + book,0-1,checkmate,72,1600,1600,0.0,maia3-balanced-book__vs__maia3-argmax-book.pgn
maia3-balanced-book__vs__maia3-argmax-book-034,maia3-balanced-book__vs__maia3-argmax-book,34,Maia3 1600 argmax + book,Maia3 1600 balanced + book,1-0,checkmate,33,1600,1600,0.0,maia3-balanced-book__vs__maia3-argmax-book.pgn
maia3-balanced-book__vs__maia3-argmax-book-035,maia3-balanced-book__vs__maia3-argmax-book,35,Maia3 1600 balanced + book,Maia3 1600 argmax + book,1/2-1/2,threefold repetition,34,1600,1600,0.5,maia3-balanced-book__vs__maia3-argmax-book.pgn
maia3-balanced-book__vs__maia3-argmax-book-036,maia3-balanced-book__vs__maia3-argmax-book,36,Maia3 1600 argmax + book,Maia3 1600 balanced + book,0-1,checkmate,76,1600,1600,1.0,maia3-balanced-book__vs__maia3-argmax-book.pgn
maia3-balanced-book__vs__maia3-argmax-book-037,maia3-balanced-book__vs__maia3-argmax-book,37,Maia3 1600 balanced + book,Maia3 1600 argmax + book,0-1,checkmate,144,1600,1600,0.0,maia3-balanced-book__vs__maia3-argmax-book.pgn
maia3-balanced-book__vs__maia3-argmax-book-038,maia3-balanced-book__vs__maia3-argmax-book,38,Maia3 1600 argmax + book,Maia3 1600 balanced + book,1-0,checkmate,49,1600,1600,0.0,maia3-balanced-book__vs__maia3-argmax-book.pgn
maia3-balanced-book__vs__maia3-argmax-book-039,maia3-balanced-book__vs__maia3-argmax-book,39,Maia3 1600 balanced + book,Maia3 1600 argmax + book,0-1,checkmate,80,1600,1600,0.0,maia3-balanced-book__vs__maia3-argmax-book.pgn
maia3-balanced-book__vs__maia3-argmax-book-040,maia3-balanced-book__vs__maia3-argmax-book,40,Maia3 1600 argmax + book,Maia3 1600 balanced + book,0-1,checkmate,64,1600,1600,1.0,maia3-balanced-book__vs__maia3-argmax-book.pgn
maia3-balanced-book__vs__maia3-argmax-book-041,maia3-balanced-book__vs__maia3-argmax-book,41,Maia3 1600 balanced + book,Maia3 1600 argmax + book,0-1,checkmate,36,1600,1600,0.0,maia3-balanced-book__vs__maia3-argmax-book.pgn
maia3-balanced-book__vs__maia3-argmax-book-042,maia3-balanced-book__vs__maia3-argmax-book,42,Maia3 1600 argmax + book,Maia3 1600 balanced + book,1/2-1/2,threefold repetition,99,1600,1600,0.5,maia3-balanced-book__vs__maia3-argmax-book.pgn
maia3-balanced-book__vs__maia3-argmax-book-043,maia3-balanced-book__vs__maia3-argmax-book,43,Maia3 1600 balanced + book,Maia3 1600 argmax + book,1-0,checkmate,67,1600,1600,1.0,maia3-balanced-book__vs__maia3-argmax-book.pgn
maia3-balanced-book__vs__maia3-argmax-book-044,maia3-balanced-book__vs__maia3-argmax-book,44,Maia3 1600 argmax + book,Maia3 1600 balanced + book,0-1,checkmate,120,1600,1600,1.0,maia3-balanced-book__vs__maia3-argmax-book.pgn
maia3-balanced-book__vs__maia3-argmax-book-045,maia3-balanced-book__vs__maia3-argmax-book,45,Maia3 1600 balanced + book,Maia3 1600 argmax + book,1-0,checkmate,161,1600,1600,1.0,maia3-balanced-book__vs__maia3-argmax-book.pgn
maia3-balanced-book__vs__maia3-argmax-book-046,maia3-balanced-book__vs__maia3-argmax-book,46,Maia3 1600 argmax + book,Maia3 1600 balanced + book,1-0,checkmate,91,1600,1600,0.0,maia3-balanced-book__vs__maia3-argmax-book.pgn
maia3-balanced-book__vs__maia3-argmax-book-047,maia3-balanced-book__vs__maia3-argmax-book,47,Maia3 1600 balanced + book,Maia3 1600 argmax + book,1-0,checkmate,87,1600,1600,1.0,maia3-balanced-book__vs__maia3-argmax-book.pgn
maia3-balanced-book__vs__maia3-argmax-book-048,maia3-balanced-book__vs__maia3-argmax-book,48,Maia3 1600 argmax + book,Maia3 1600 balanced + book,1-0,checkmate,61,1600,1600,0.0,maia3-balanced-book__vs__maia3-argmax-book.pgn
maia3-balanced-book__vs__maia3-argmax-book-049,maia3-balanced-book__vs__maia3-argmax-book,49,Maia3 1600 balanced + book,Maia3 1600 argmax + book,1-0,checkmate,35,1600,1600,1.0,maia3-balanced-book__vs__maia3-argmax-book.pgn
maia3-balanced-book__vs__maia3-argmax-book-050,maia3-balanced-book__vs__maia3-argmax-book,50,Maia3 1600 argmax + book,Maia3 1600 balanced + book,1-0,checkmate,105,1600,1600,0.0,maia3-balanced-book__vs__maia3-argmax-book.pgn
maia3-balanced-book__vs__maia3-argmax-book-051,maia3-balanced-book__vs__maia3-argmax-book,51,Maia3 1600 balanced + book,Maia3 1600 argmax + book,0-1,checkmate,124,1600,1600,0.0,maia3-balanced-book__vs__maia3-argmax-book.pgn
maia3-balanced-book__vs__maia3-argmax-book-052,maia3-balanced-book__vs__maia3-argmax-book,52,Maia3 1600 argmax + book,Maia3 1600 balanced + book,0-1,checkmate,62,1600,1600,1.0,maia3-balanced-book__vs__maia3-argmax-book.pgn
maia3-balanced-book__vs__maia3-argmax-book-053,maia3-balanced-book__vs__maia3-argmax-book,53,Maia3 1600 balanced + book,Maia3 1600 argmax + book,1-0,checkmate,111,1600,1600,1.0,maia3-balanced-book__vs__maia3-argmax-book.pgn
maia3-balanced-book__vs__maia3-argmax-book-054,maia3-balanced-book__vs__maia3-argmax-book,54,Maia3 1600 argmax + book,Maia3 1600 balanced + book,1-0,checkmate,149,1600,1600,0.0,maia3-balanced-book__vs__maia3-argmax-book.pgn
maia3-balanced-book__vs__maia3-argmax-book-055,maia3-balanced-book__vs__maia3-argmax-book,55,Maia3 1600 balanced + book,Maia3 1600 argmax + book,1-0,checkmate,65,1600,1600,1.0,maia3-balanced-book__vs__maia3-argmax-book.pgn
maia3-balanced-book__vs__maia3-argmax-book-056,maia3-balanced-book__vs__maia3-argmax-book,56,Maia3 1600 argmax + book,Maia3 1600 balanced + book,1-0,checkmate,35,1600,1600,0.0,maia3-balanced-book__vs__maia3-argmax-book.pgn
maia3-balanced-book__vs__maia3-argmax-book-057,maia3-balanced-book__vs__maia3-argmax-book,57,Maia3 1600 balanced + book,Maia3 1600 argmax + book,1-0,checkmate,125,1600,1600,1.0,maia3-balanced-book__vs__maia3-argmax-book.pgn
maia3-balanced-book__vs__maia3-argmax-book-058,maia3-balanced-book__vs__maia3-argmax-book,58,Maia3 1600 argmax + book,Maia3 1600 balanced + book,1-0,checkmate,35,1600,1600,0.0,maia3-balanced-book__vs__maia3-argmax-book.pgn
maia3-balanced-book__vs__maia3-argmax-book-059,maia3-balanced-book__vs__maia3-argmax-book,59,Maia3 1600 balanced + book,Maia3 1600 argmax + book,1-0,checkmate,135,1600,1600,1.0,maia3-balanced-book__vs__maia3-argmax-book.pgn
maia3-balanced-book__vs__maia3-argmax-book-060,maia3-balanced-book__vs__maia3-argmax-book,60,Maia3 1600 argmax + book,Maia3 1600 balanced + book,1-0,checkmate,107,1600,1600,0.0,maia3-balanced-book__vs__maia3-argmax-book.pgn
maia3-balanced-book__vs__maia3-argmax-book-061,maia3-balanced-book__vs__maia3-argmax-book,61,Maia3 1600 balanced + book,Maia3 1600 argmax + book,0-1,checkmate,128,1600,1600,0.0,maia3-balanced-book__vs__maia3-argmax-book.pgn
maia3-balanced-book__vs__maia3-argmax-book-062,maia3-balanced-book__vs__maia3-argmax-book,62,Maia3 1600 argmax + book,Maia3 1600 balanced + book,1/2-1/2,threefold repetition,71,1600,1600,0.5,maia3-balanced-book__vs__maia3-argmax-book.pgn
maia3-balanced-book__vs__maia3-argmax-book-063,maia3-balanced-book__vs__maia3-argmax-book,63,Maia3 1600 balanced + book,Maia3 1600 argmax + book,0-1,checkmate,122,1600,1600,0.0,maia3-balanced-book__vs__maia3-argmax-book.pgn
maia3-balanced-book__vs__maia3-argmax-book-064,maia3-balanced-book__vs__maia3-argmax-book,64,Maia3 1600 argmax + book,Maia3 1600 balanced + book,1/2-1/2,threefold repetition,124,1600,1600,0.5,maia3-balanced-book__vs__maia3-argmax-book.pgn
maia3-balanced-book__vs__maia3-argmax-book-065,maia3-balanced-book__vs__maia3-argmax-book,65,Maia3 1600 balanced + book,Maia3 1600 argmax + book,1-0,checkmate,81,1600,1600,1.0,maia3-balanced-book__vs__maia3-argmax-book.pgn
maia3-balanced-book__vs__maia3-argmax-book-066,maia3-balanced-book__vs__maia3-argmax-book,66,Maia3 1600 argmax + book,Maia3 1600 balanced + book,1/2-1/2,threefold repetition,135,1600,1600,0.5,maia3-balanced-book__vs__maia3-argmax-book.pgn
maia3-balanced-book__vs__maia3-argmax-book-067,maia3-balanced-book__vs__maia3-argmax-book,67,Maia3 1600 balanced + book,Maia3 1600 argmax + book,1-0,checkmate,157,1600,1600,1.0,maia3-balanced-book__vs__maia3-argmax-book.pgn
maia3-balanced-book__vs__maia3-argmax-book-068,maia3-balanced-book__vs__maia3-argmax-book,68,Maia3 1600 argmax + book,Maia3 1600 balanced + book,0-1,checkmate,84,1600,1600,1.0,maia3-balanced-book__vs__maia3-argmax-book.pgn
maia3-balanced-book__vs__maia3-argmax-book-069,maia3-balanced-book__vs__maia3-argmax-book,69,Maia3 1600 balanced + book,Maia3 1600 argmax + book,0-1,checkmate,62,1600,1600,0.0,maia3-balanced-book__vs__maia3-argmax-book.pgn
maia3-balanced-book__vs__maia3-argmax-book-070,maia3-balanced-book__vs__maia3-argmax-book,70,Maia3 1600 argmax + book,Maia3 1600 balanced + book,1/2-1/2,threefold repetition,54,1600,1600,0.5,maia3-balanced-book__vs__maia3-argmax-book.pgn
maia3-balanced-book__vs__maia3-argmax-book-071,maia3-balanced-book__vs__maia3-argmax-book,71,Maia3 1600 balanced + book,Maia3 1600 argmax + book,1-0,checkmate,169,1600,1600,1.0,maia3-balanced-book__vs__maia3-argmax-book.pgn
maia3-balanced-book__vs__maia3-argmax-book-072,maia3-balanced-book__vs__maia3-argmax-book,72,Maia3 1600 argmax + book,Maia3 1600 balanced + book,1-0,checkmate,11,1600,1600,0.0,maia3-balanced-book__vs__maia3-argmax-book.pgn
maia3-balanced-book__vs__maia3-argmax-book-073,maia3-balanced-book__vs__maia3-argmax-book,73,Maia3 1600 balanced + book,Maia3 1600 argmax + book,1-0,checkmate,151,1600,1600,1.0,maia3-balanced-book__vs__maia3-argmax-book.pgn
maia3-balanced-book__vs__maia3-argmax-book-074,maia3-balanced-book__vs__maia3-argmax-book,74,Maia3 1600 argmax + book,Maia3 1600 balanced + book,1/2-1/2,threefold repetition,40,1600,1600,0.5,maia3-balanced-book__vs__maia3-argmax-book.pgn
maia3-balanced-book__vs__maia3-argmax-book-075,maia3-balanced-book__vs__maia3-argmax-book,75,Maia3 1600 balanced + book,Maia3 1600 argmax + book,0-1,checkmate,132,1600,1600,0.0,maia3-balanced-book__vs__maia3-argmax-book.pgn
maia3-balanced-book__vs__maia3-argmax-book-076,maia3-balanced-book__vs__maia3-argmax-book,76,Maia3 1600 argmax + book,Maia3 1600 balanced + book,1-0,checkmate,95,1600,1600,0.0,maia3-balanced-book__vs__maia3-argmax-book.pgn
maia3-balanced-book__vs__maia3-argmax-book-077,maia3-balanced-book__vs__maia3-argmax-book,77,Maia3 1600 balanced + book,Maia3 1600 argmax + book,1-0,checkmate,145,1600,1600,1.0,maia3-balanced-book__vs__maia3-argmax-book.pgn
maia3-balanced-book__vs__maia3-argmax-book-078,maia3-balanced-book__vs__maia3-argmax-book,78,Maia3 1600 argmax + book,Maia3 1600 balanced + book,1/2-1/2,threefold repetition,71,1600,1600,0.5,maia3-balanced-book__vs__maia3-argmax-book.pgn
maia3-balanced-book__vs__maia3-argmax-book-079,maia3-balanced-book__vs__maia3-argmax-book,79,Maia3 1600 balanced + book,Maia3 1600 argmax + book,0-1,checkmate,98,1600,1600,0.0,maia3-balanced-book__vs__maia3-argmax-book.pgn
maia3-balanced-book__vs__maia3-argmax-book-080,maia3-balanced-book__vs__maia3-argmax-book,80,Maia3 1600 argmax + book,Maia3 1600 balanced + book,1-0,checkmate,115,1600,1600,0.0,maia3-balanced-book__vs__maia3-argmax-book.pgn
maia3-balanced-book__vs__maia3-argmax-book-081,maia3-balanced-book__vs__maia3-argmax-book,81,Maia3 1600 balanced + book,Maia3 1600 argmax + book,0-1,checkmate,110,1600,1600,0.0,maia3-balanced-book__vs__maia3-argmax-book.pgn
maia3-balanced-book__vs__maia3-argmax-book-082,maia3-balanced-book__vs__maia3-argmax-book,82,Maia3 1600 argmax + book,Maia3 1600 balanced + book,1-0,checkmate,113,1600,1600,0.0,maia3-balanced-book__vs__maia3-argmax-book.pgn
maia3-balanced-book__vs__maia3-argmax-book-083,maia3-balanced-book__vs__maia3-argmax-book,83,Maia3 1600 balanced + book,Maia3 1600 argmax + book,0-1,checkmate,104,1600,1600,0.0,maia3-balanced-book__vs__maia3-argmax-book.pgn
maia3-balanced-book__vs__maia3-argmax-book-084,maia3-balanced-book__vs__maia3-argmax-book,84,Maia3 1600 argmax + book,Maia3 1600 balanced + book,1/2-1/2,insufficient material,117,1600,1600,0.5,maia3-balanced-book__vs__maia3-argmax-book.pgn
maia3-balanced-book__vs__maia3-argmax-book-085,maia3-balanced-book__vs__maia3-argmax-book,85,Maia3 1600 balanced + book,Maia3 1600 argmax + book,1-0,checkmate,59,1600,1600,1.0,maia3-balanced-book__vs__maia3-argmax-book.pgn
maia3-balanced-book__vs__maia3-argmax-book-086,maia3-balanced-book__vs__maia3-argmax-book,86,Maia3 1600 argmax + book,Maia3 1600 balanced + book,0-1,checkmate,42,1600,1600,1.0,maia3-balanced-book__vs__maia3-argmax-book.pgn
maia3-balanced-book__vs__maia3-argmax-book-087,maia3-balanced-book__vs__maia3-argmax-book,87,Maia3 1600 balanced + book,Maia3 1600 argmax + book,1-0,checkmate,73,1600,1600,1.0,maia3-balanced-book__vs__maia3-argmax-book.pgn
maia3-balanced-book__vs__maia3-argmax-book-088,maia3-balanced-book__vs__maia3-argmax-book,88,Maia3 1600 argmax + book,Maia3 1600 balanced + book,1-0,checkmate,81,1600,1600,0.0,maia3-balanced-book__vs__maia3-argmax-book.pgn
maia3-balanced-book__vs__maia3-argmax-book-089,maia3-balanced-book__vs__maia3-argmax-book,89,Maia3 1600 balanced + book,Maia3 1600 argmax + book,1/2-1/2,threefold repetition,80,1600,1600,0.5,maia3-balanced-book__vs__maia3-argmax-book.pgn
maia3-balanced-book__vs__maia3-argmax-book-090,maia3-balanced-book__vs__maia3-argmax-book,90,Maia3 1600 argmax + book,Maia3 1600 balanced + book,1-0,checkmate,35,1600,1600,0.0,maia3-balanced-book__vs__maia3-argmax-book.pgn
maia3-balanced-book__vs__maia3-argmax-book-091,maia3-balanced-book__vs__maia3-argmax-book,91,Maia3 1600 balanced + book,Maia3 1600 argmax + book,1-0,checkmate,111,1600,1600,1.0,maia3-balanced-book__vs__maia3-argmax-book.pgn
maia3-balanced-book__vs__maia3-argmax-book-092,maia3-balanced-book__vs__maia3-argmax-book,92,Maia3 1600 argmax + book,Maia3 1600 balanced + book,0-1,checkmate,130,1600,1600,1.0,maia3-balanced-book__vs__maia3-argmax-book.pgn
maia3-balanced-book__vs__maia3-argmax-book-093,maia3-balanced-book__vs__maia3-argmax-book,93,Maia3 1600 balanced + book,Maia3 1600 argmax + book,0-1,checkmate,46,1600,1600,0.0,maia3-balanced-book__vs__maia3-argmax-book.pgn
maia3-balanced-book__vs__maia3-argmax-book-094,maia3-balanced-book__vs__maia3-argmax-book,94,Maia3 1600 argmax + book,Maia3 1600 balanced + book,0-1,checkmate,130,1600,1600,1.0,maia3-balanced-book__vs__maia3-argmax-book.pgn
maia3-balanced-book__vs__maia3-argmax-book-095,maia3-balanced-book__vs__maia3-argmax-book,95,Maia3 1600 balanced + book,Maia3 1600 argmax + book,0-1,checkmate,156,1600,1600,0.0,maia3-balanced-book__vs__maia3-argmax-book.pgn
maia3-balanced-book__vs__maia3-argmax-book-096,maia3-balanced-book__vs__maia3-argmax-book,96,Maia3 1600 argmax + book,Maia3 1600 balanced + book,1-0,checkmate,75,1600,1600,0.0,maia3-balanced-book__vs__maia3-argmax-book.pgn
maia3-balanced-book__vs__maia3-argmax-book-097,maia3-balanced-book__vs__maia3-argmax-book,97,Maia3 1600 balanced + book,Maia3 1600 argmax + book,1-0,checkmate,109,1600,1600,1.0,maia3-balanced-book__vs__maia3-argmax-book.pgn
maia3-balanced-book__vs__maia3-argmax-book-098,maia3-balanced-book__vs__maia3-argmax-book,98,Maia3 1600 argmax + book,Maia3 1600 balanced + book,0-1,checkmate,86,1600,1600,1.0,maia3-balanced-book__vs__maia3-argmax-book.pgn
maia3-balanced-book__vs__maia3-argmax-book-099,maia3-balanced-book__vs__maia3-argmax-book,99,Maia3 1600 balanced + book,Maia3 1600 argmax + book,1-0,checkmate,67,1600,1600,1.0,maia3-balanced-book__vs__maia3-argmax-book.pgn
maia3-balanced-book__vs__maia3-argmax-book-100,maia3-balanced-book__vs__maia3-argmax-book,100,Maia3 1600 argmax + book,Maia3 1600 balanced + book,1-0,checkmate,59,1600,1600,0.0,maia3-balanced-book__vs__maia3-argmax-book.pgn
maia3-balanced-book__vs__maia3-argmax-no-book-001,maia3-balanced-book__vs__maia3-argmax-no-book,1,Maia3 1600 balanced + book,"Maia3 1600 argmax, no book",1-0,checkmate,127,1600,1600,1.0,maia3-balanced-book__vs__maia3-argmax-no-book.pgn
maia3-balanced-book__vs__maia3-argmax-no-book-002,maia3-balanced-book__vs__maia3-argmax-no-book,2,"Maia3 1600 argmax, no book",Maia3 1600 balanced + book,1-0,checkmate,79,1600,1600,0.0,maia3-balanced-book__vs__maia3-argmax-no-book.pgn
maia3-balanced-book__vs__maia3-argmax-no-book-003,maia3-balanced-book__vs__maia3-argmax-no-book,3,Maia3 1600 balanced + book,"Maia3 1600 argmax, no book",0-1,checkmate,72,1600,1600,0.0,maia3-balanced-book__vs__maia3-argmax-no-book.pgn
maia3-balanced-book__vs__maia3-argmax-no-book-004,maia3-balanced-book__vs__maia3-argmax-no-book,4,"Maia3 1600 argmax, no book",Maia3 1600 balanced + book,1-0,checkmate,63,1600,1600,0.0,maia3-balanced-book__vs__maia3-argmax-no-book.pgn
maia3-balanced-book__vs__maia3-argmax-no-book-005,maia3-balanced-book__vs__maia3-argmax-no-book,5,Maia3 1600 balanced + book,"Maia3 1600 argmax, no book",1-0,checkmate,97,1600,1600,1.0,maia3-balanced-book__vs__maia3-argmax-no-book.pgn
maia3-balanced-book__vs__maia3-argmax-no-book-006,maia3-balanced-book__vs__maia3-argmax-no-book,6,"Maia3 1600 argmax, no book",Maia3 1600 balanced + book,0-1,checkmate,34,1600,1600,1.0,maia3-balanced-book__vs__maia3-argmax-no-book.pgn
maia3-balanced-book__vs__maia3-argmax-no-book-007,maia3-balanced-book__vs__maia3-argmax-no-book,7,Maia3 1600 balanced + book,"Maia3 1600 argmax, no book",1-0,checkmate,125,1600,1600,1.0,maia3-balanced-book__vs__maia3-argmax-no-book.pgn
maia3-balanced-book__vs__maia3-argmax-no-book-008,maia3-balanced-book__vs__maia3-argmax-no-book,8,"Maia3 1600 argmax, no book",Maia3 1600 balanced + book,1-0,checkmate,79,1600,1600,0.0,maia3-balanced-book__vs__maia3-argmax-no-book.pgn
maia3-balanced-book__vs__maia3-argmax-no-book-009,maia3-balanced-book__vs__maia3-argmax-no-book,9,Maia3 1600 balanced + book,"Maia3 1600 argmax, no book",0-1,checkmate,170,1600,1600,0.0,maia3-balanced-book__vs__maia3-argmax-no-book.pgn
maia3-balanced-book__vs__maia3-argmax-no-book-010,maia3-balanced-book__vs__maia3-argmax-no-book,10,"Maia3 1600 argmax, no book",Maia3 1600 balanced + book,1/2-1/2,threefold repetition,79,1600,1600,0.5,maia3-balanced-book__vs__maia3-argmax-no-book.pgn
maia3-balanced-book__vs__maia3-argmax-no-book-011,maia3-balanced-book__vs__maia3-argmax-no-book,11,Maia3 1600 balanced + book,"Maia3 1600 argmax, no book",1/2-1/2,threefold repetition,98,1600,1600,0.5,maia3-balanced-book__vs__maia3-argmax-no-book.pgn
maia3-balanced-book__vs__maia3-argmax-no-book-012,maia3-balanced-book__vs__maia3-argmax-no-book,12,"Maia3 1600 argmax, no book",Maia3 1600 balanced + book,1-0,checkmate,41,1600,1600,0.0,maia3-balanced-book__vs__maia3-argmax-no-book.pgn
maia3-balanced-book__vs__maia3-argmax-no-book-013,maia3-balanced-book__vs__maia3-argmax-no-book,13,Maia3 1600 balanced + book,"Maia3 1600 argmax, no book",1/2-1/2,threefold repetition,21,1600,1600,0.5,maia3-balanced-book__vs__maia3-argmax-no-book.pgn
maia3-balanced-book__vs__maia3-argmax-no-book-014,maia3-balanced-book__vs__maia3-argmax-no-book,14,"Maia3 1600 argmax, no book",Maia3 1600 balanced + book,1/2-1/2,threefold repetition,104,1600,1600,0.5,maia3-balanced-book__vs__maia3-argmax-no-book.pgn
maia3-balanced-book__vs__maia3-argmax-no-book-015,maia3-balanced-book__vs__maia3-argmax-no-book,15,Maia3 1600 balanced + book,"Maia3 1600 argmax, no book",1/2-1/2,stalemate,143,1600,1600,0.5,maia3-balanced-book__vs__maia3-argmax-no-book.pgn
maia3-balanced-book__vs__maia3-argmax-no-book-016,maia3-balanced-book__vs__maia3-argmax-no-book,16,"Maia3 1600 argmax, no book",Maia3 1600 balanced + book,1/2-1/2,threefold repetition,102,1600,1600,0.5,maia3-balanced-book__vs__maia3-argmax-no-book.pgn
maia3-balanced-book__vs__maia3-argmax-no-book-017,maia3-balanced-book__vs__maia3-argmax-no-book,17,Maia3 1600 balanced + book,"Maia3 1600 argmax, no book",1/2-1/2,threefold repetition,93,1600,1600,0.5,maia3-balanced-book__vs__maia3-argmax-no-book.pgn
maia3-balanced-book__vs__maia3-argmax-no-book-018,maia3-balanced-book__vs__maia3-argmax-no-book,18,"Maia3 1600 argmax, no book",Maia3 1600 balanced + book,1-0,checkmate,63,1600,1600,0.0,maia3-balanced-book__vs__maia3-argmax-no-book.pgn
maia3-balanced-book__vs__maia3-argmax-no-book-019,maia3-balanced-book__vs__maia3-argmax-no-book,19,Maia3 1600 balanced + book,"Maia3 1600 argmax, no book",1-0,checkmate,143,1600,1600,1.0,maia3-balanced-book__vs__maia3-argmax-no-book.pgn
maia3-balanced-book__vs__maia3-argmax-no-book-020,maia3-balanced-book__vs__maia3-argmax-no-book,20,"Maia3 1600 argmax, no book",Maia3 1600 balanced + book,1/2-1/2,threefold repetition,101,1600,1600,0.5,maia3-balanced-book__vs__maia3-argmax-no-book.pgn
maia3-balanced-book__vs__maia3-argmax-no-book-021,maia3-balanced-book__vs__maia3-argmax-no-book,21,Maia3 1600 balanced + book,"Maia3 1600 argmax, no book",0-1,checkmate,72,1600,1600,0.0,maia3-balanced-book__vs__maia3-argmax-no-book.pgn
maia3-balanced-book__vs__maia3-argmax-no-book-022,maia3-balanced-book__vs__maia3-argmax-no-book,22,"Maia3 1600 argmax, no book",Maia3 1600 balanced + book,1/2-1/2,threefold repetition,77,1600,1600,0.5,maia3-balanced-book__vs__maia3-argmax-no-book.pgn
maia3-balanced-book__vs__maia3-argmax-no-book-023,maia3-balanced-book__vs__maia3-argmax-no-book,23,Maia3 1600 balanced + book,"Maia3 1600 argmax, no book",1-0,checkmate,149,1600,1600,1.0,maia3-balanced-book__vs__maia3-argmax-no-book.pgn
maia3-balanced-book__vs__maia3-argmax-no-book-024,maia3-balanced-book__vs__maia3-argmax-no-book,24,"Maia3 1600 argmax, no book",Maia3 1600 balanced + book,1-0,checkmate,111,1600,1600,0.0,maia3-balanced-book__vs__maia3-argmax-no-book.pgn
maia3-balanced-book__vs__maia3-argmax-no-book-025,maia3-balanced-book__vs__maia3-argmax-no-book,25,Maia3 1600 balanced + book,"Maia3 1600 argmax, no book",1-0,checkmate,77,1600,1600,1.0,maia3-balanced-book__vs__maia3-argmax-no-book.pgn
maia3-balanced-book__vs__maia3-argmax-no-book-026,maia3-balanced-book__vs__maia3-argmax-no-book,26,"Maia3 1600 argmax, no book",Maia3 1600 balanced + book,1-0,checkmate,71,1600,1600,0.0,maia3-balanced-book__vs__maia3-argmax-no-book.pgn
maia3-balanced-book__vs__maia3-argmax-no-book-027,maia3-balanced-book__vs__maia3-argmax-no-book,27,Maia3 1600 balanced + book,"Maia3 1600 argmax, no book",1-0,checkmate,73,1600,1600,1.0,maia3-balanced-book__vs__maia3-argmax-no-book.pgn
maia3-balanced-book__vs__maia3-argmax-no-book-028,maia3-balanced-book__vs__maia3-argmax-no-book,28,"Maia3 1600 argmax, no book",Maia3 1600 balanced + book,0-1,checkmate,48,1600,1600,1.0,maia3-balanced-book__vs__maia3-argmax-no-book.pgn
maia3-balanced-book__vs__maia3-argmax-no-book-029,maia3-balanced-book__vs__maia3-argmax-no-book,29,Maia3 1600 balanced + book,"Maia3 1600 argmax, no book",1-0,checkmate,35,1600,1600,1.0,maia3-balanced-book__vs__maia3-argmax-no-book.pgn
maia3-balanced-book__vs__maia3-argmax-no-book-030,maia3-balanced-book__vs__maia3-argmax-no-book,30,"Maia3 1600 argmax, no book",Maia3 1600 balanced + book,1/2-1/2,threefold repetition,43,1600,1600,0.5,maia3-balanced-book__vs__maia3-argmax-no-book.pgn
maia3-balanced-book__vs__maia3-argmax-no-book-031,maia3-balanced-book__vs__maia3-argmax-no-book,31,Maia3 1600 balanced + book,"Maia3 1600 argmax, no book",1-0,checkmate,113,1600,1600,1.0,maia3-balanced-book__vs__maia3-argmax-no-book.pgn
maia3-balanced-book__vs__maia3-argmax-no-book-032,maia3-balanced-book__vs__maia3-argmax-no-book,32,"Maia3 1600 argmax, no book",Maia3 1600 balanced + book,0-1,checkmate,140,1600,1600,1.0,maia3-balanced-book__vs__maia3-argmax-no-book.pgn
maia3-balanced-book__vs__maia3-argmax-no-book-033,maia3-balanced-book__vs__maia3-argmax-no-book,33,Maia3 1600 balanced + book,"Maia3 1600 argmax, no book",0-1,checkmate,126,1600,1600,0.0,maia3-balanced-book__vs__maia3-argmax-no-book.pgn
maia3-balanced-book__vs__maia3-argmax-no-book-034,maia3-balanced-book__vs__maia3-argmax-no-book,34,"Maia3 1600 argmax, no book",Maia3 1600 balanced + book,1-0,checkmate,65,1600,1600,0.0,maia3-balanced-book__vs__maia3-argmax-no-book.pgn
maia3-balanced-book__vs__maia3-argmax-no-book-035,maia3-balanced-book__vs__maia3-argmax-no-book,35,Maia3 1600 balanced + book,"Maia3 1600 argmax, no book",1-0,checkmate,95,1600,1600,1.0,maia3-balanced-book__vs__maia3-argmax-no-book.pgn
maia3-balanced-book__vs__maia3-argmax-no-book-036,maia3-balanced-book__vs__maia3-argmax-no-book,36,"Maia3 1600 argmax, no book",Maia3 1600 balanced + book,1-0,checkmate,15,1600,1600,0.0,maia3-balanced-book__vs__maia3-argmax-no-book.pgn
maia3-balanced-book__vs__maia3-argmax-no-book-037,maia3-balanced-book__vs__maia3-argmax-no-book,37,Maia3 1600 balanced + book,"Maia3 1600 argmax, no book",1-0,checkmate,103,1600,1600,1.0,maia3-balanced-book__vs__maia3-argmax-no-book.pgn
maia3-balanced-book__vs__maia3-argmax-no-book-038,maia3-balanced-book__vs__maia3-argmax-no-book,38,"Maia3 1600 argmax, no book",Maia3 1600 balanced + book,1-0,checkmate,101,1600,1600,0.0,maia3-balanced-book__vs__maia3-argmax-no-book.pgn
maia3-balanced-book__vs__maia3-argmax-no-book-039,maia3-balanced-book__vs__maia3-argmax-no-book,39,Maia3 1600 balanced + book,"Maia3 1600 argmax, no book",1-0,checkmate,133,1600,1600,1.0,maia3-balanced-book__vs__maia3-argmax-no-book.pgn
maia3-balanced-book__vs__maia3-argmax-no-book-040,maia3-balanced-book__vs__maia3-argmax-no-book,40,"Maia3 1600 argmax, no book",Maia3 1600 balanced + book,1-0,checkmate,83,1600,1600,0.0,maia3-balanced-book__vs__maia3-argmax-no-book.pgn
maia3-balanced-book__vs__maia3-argmax-no-book-041,maia3-balanced-book__vs__maia3-argmax-no-book,41,Maia3 1600 balanced + book,"Maia3 1600 argmax, no book",1/2-1/2,threefold repetition,75,1600,1600,0.5,maia3-balanced-book__vs__maia3-argmax-no-book.pgn
maia3-balanced-book__vs__maia3-argmax-no-book-042,maia3-balanced-book__vs__maia3-argmax-no-book,42,"Maia3 1600 argmax, no book",Maia3 1600 balanced + book,0-1,checkmate,82,1600,1600,1.0,maia3-balanced-book__vs__maia3-argmax-no-book.pgn
maia3-balanced-book__vs__maia3-argmax-no-book-043,maia3-balanced-book__vs__maia3-argmax-no-book,43,Maia3 1600 balanced + book,"Maia3 1600 argmax, no book",1-0,checkmate,47,1600,1600,1.0,maia3-balanced-book__vs__maia3-argmax-no-book.pgn
maia3-balanced-book__vs__maia3-argmax-no-book-044,maia3-balanced-book__vs__maia3-argmax-no-book,44,"Maia3 1600 argmax, no book",Maia3 1600 balanced + book,1/2-1/2,threefold repetition,49,1600,1600,0.5,maia3-balanced-book__vs__maia3-argmax-no-book.pgn
maia3-balanced-book__vs__maia3-argmax-no-book-045,maia3-balanced-book__vs__maia3-argmax-no-book,45,Maia3 1600 balanced + book,"Maia3 1600 argmax, no book",1/2-1/2,threefold repetition,134,1600,1600,0.5,maia3-balanced-book__vs__maia3-argmax-no-book.pgn
maia3-balanced-book__vs__maia3-argmax-no-book-046,maia3-balanced-book__vs__maia3-argmax-no-book,46,"Maia3 1600 argmax, no book",Maia3 1600 balanced + book,0-1,checkmate,104,1600,1600,1.0,maia3-balanced-book__vs__maia3-argmax-no-book.pgn
maia3-balanced-book__vs__maia3-argmax-no-book-047,maia3-balanced-book__vs__maia3-argmax-no-book,47,Maia3 1600 balanced + book,"Maia3 1600 argmax, no book",1-0,checkmate,21,1600,1600,1.0,maia3-balanced-book__vs__maia3-argmax-no-book.pgn
maia3-balanced-book__vs__maia3-argmax-no-book-048,maia3-balanced-book__vs__maia3-argmax-no-book,48,"Maia3 1600 argmax, no book",Maia3 1600 balanced + book,1-0,checkmate,133,1600,1600,0.0,maia3-balanced-book__vs__maia3-argmax-no-book.pgn
maia3-balanced-book__vs__maia3-argmax-no-book-049,maia3-balanced-book__vs__maia3-argmax-no-book,49,Maia3 1600 balanced + book,"Maia3 1600 argmax, no book",1/2-1/2,threefold repetition,74,1600,1600,0.5,maia3-balanced-book__vs__maia3-argmax-no-book.pgn
maia3-balanced-book__vs__maia3-argmax-no-book-050,maia3-balanced-book__vs__maia3-argmax-no-book,50,"Maia3 1600 argmax, no book",Maia3 1600 balanced + book,1-0,checkmate,49,1600,1600,0.0,maia3-balanced-book__vs__maia3-argmax-no-book.pgn
maia3-balanced-book__vs__maia3-argmax-no-book-051,maia3-balanced-book__vs__maia3-argmax-no-book,51,Maia3 1600 balanced + book,"Maia3 1600 argmax, no book",0-1,checkmate,152,1600,1600,0.0,maia3-balanced-book__vs__maia3-argmax-no-book.pgn
maia3-balanced-book__vs__maia3-argmax-no-book-052,maia3-balanced-book__vs__maia3-argmax-no-book,52,"Maia3 1600 argmax, no book",Maia3 1600 balanced + book,1-0,checkmate,135,1600,1600,0.0,maia3-balanced-book__vs__maia3-argmax-no-book.pgn
maia3-balanced-book__vs__maia3-argmax-no-book-053,maia3-balanced-book__vs__maia3-argmax-no-book,53,Maia3 1600 balanced + book,"Maia3 1600 argmax, no book",1-0,checkmate,147,1600,1600,1.0,maia3-balanced-book__vs__maia3-argmax-no-book.pgn
maia3-balanced-book__vs__maia3-argmax-no-book-054,maia3-balanced-book__vs__maia3-argmax-no-book,54,"Maia3 1600 argmax, no book",Maia3 1600 balanced + book,1-0,checkmate,113,1600,1600,0.0,maia3-balanced-book__vs__maia3-argmax-no-book.pgn
maia3-balanced-book__vs__maia3-argmax-no-book-055,maia3-balanced-book__vs__maia3-argmax-no-book,55,Maia3 1600 balanced + book,"Maia3 1600 argmax, no book",0-1,checkmate,178,1600,1600,0.0,maia3-balanced-book__vs__maia3-argmax-no-book.pgn
maia3-balanced-book__vs__maia3-argmax-no-book-056,maia3-balanced-book__vs__maia3-argmax-no-book,56,"Maia3 1600 argmax, no book",Maia3 1600 balanced + book,0-1,checkmate,122,1600,1600,1.0,maia3-balanced-book__vs__maia3-argmax-no-book.pgn
maia3-balanced-book__vs__maia3-argmax-no-book-057,maia3-balanced-book__vs__maia3-argmax-no-book,57,Maia3 1600 balanced + book,"Maia3 1600 argmax, no book",1-0,checkmate,77,1600,1600,1.0,maia3-balanced-book__vs__maia3-argmax-no-book.pgn
maia3-balanced-book__vs__maia3-argmax-no-book-058,maia3-balanced-book__vs__maia3-argmax-no-book,58,"Maia3 1600 argmax, no book",Maia3 1600 balanced + book,1-0,checkmate,75,1600,1600,0.0,maia3-balanced-book__vs__maia3-argmax-no-book.pgn
maia3-balanced-book__vs__maia3-argmax-no-book-059,maia3-balanced-book__vs__maia3-argmax-no-book,59,Maia3 1600 balanced + book,"Maia3 1600 argmax, no book",1/2-1/2,threefold repetition,67,1600,1600,0.5,maia3-balanced-book__vs__maia3-argmax-no-book.pgn
maia3-balanced-book__vs__maia3-argmax-no-book-060,maia3-balanced-book__vs__maia3-argmax-no-book,60,"Maia3 1600 argmax, no book",Maia3 1600 balanced + book,1/2-1/2,threefold repetition,70,1600,1600,0.5,maia3-balanced-book__vs__maia3-argmax-no-book.pgn
maia3-balanced-book__vs__maia3-argmax-no-book-061,maia3-balanced-book__vs__maia3-argmax-no-book,61,Maia3 1600 balanced + book,"Maia3 1600 argmax, no book",1-0,checkmate,95,1600,1600,1.0,maia3-balanced-book__vs__maia3-argmax-no-book.pgn
maia3-balanced-book__vs__maia3-argmax-no-book-062,maia3-balanced-book__vs__maia3-argmax-no-book,62,"Maia3 1600 argmax, no book",Maia3 1600 balanced + book,1-0,checkmate,147,1600,1600,0.0,maia3-balanced-book__vs__maia3-argmax-no-book.pgn
maia3-balanced-book__vs__maia3-argmax-no-book-063,maia3-balanced-book__vs__maia3-argmax-no-book,63,Maia3 1600 balanced + book,"Maia3 1600 argmax, no book",1/2-1/2,insufficient material,103,1600,1600,0.5,maia3-balanced-book__vs__maia3-argmax-no-book.pgn
maia3-balanced-book__vs__maia3-argmax-no-book-064,maia3-balanced-book__vs__maia3-argmax-no-book,64,"Maia3 1600 argmax, no book",Maia3 1600 balanced + book,1-0,checkmate,155,1600,1600,0.0,maia3-balanced-book__vs__maia3-argmax-no-book.pgn
maia3-balanced-book__vs__maia3-argmax-no-book-065,maia3-balanced-book__vs__maia3-argmax-no-book,65,Maia3 1600 balanced + book,"Maia3 1600 argmax, no book",0-1,checkmate,50,1600,1600,0.0,maia3-balanced-book__vs__maia3-argmax-no-book.pgn
maia3-balanced-book__vs__maia3-argmax-no-book-066,maia3-balanced-book__vs__maia3-argmax-no-book,66,"Maia3 1600 argmax, no book",Maia3 1600 balanced + book,1-0,checkmate,99,1600,1600,0.0,maia3-balanced-book__vs__maia3-argmax-no-book.pgn
maia3-balanced-book__vs__maia3-argmax-no-book-067,maia3-balanced-book__vs__maia3-argmax-no-book,67,Maia3 1600 balanced + book,"Maia3 1600 argmax, no book",1-0,checkmate,145,1600,1600,1.0,maia3-balanced-book__vs__maia3-argmax-no-book.pgn
maia3-balanced-book__vs__maia3-argmax-no-book-068,maia3-balanced-book__vs__maia3-argmax-no-book,68,"Maia3 1600 argmax, no book",Maia3 1600 balanced + book,1-0,checkmate,143,1600,1600,0.0,maia3-balanced-book__vs__maia3-argmax-no-book.pgn
maia3-balanced-book__vs__maia3-argmax-no-book-069,maia3-balanced-book__vs__maia3-argmax-no-book,69,Maia3 1600 balanced + book,"Maia3 1600 argmax, no book",1-0,checkmate,115,1600,1600,1.0,maia3-balanced-book__vs__maia3-argmax-no-book.pgn
maia3-balanced-book__vs__maia3-argmax-no-book-070,maia3-balanced-book__vs__maia3-argmax-no-book,70,"Maia3 1600 argmax, no book",Maia3 1600 balanced + book,0-1,checkmate,110,1600,1600,1.0,maia3-balanced-book__vs__maia3-argmax-no-book.pgn
maia3-balanced-book__vs__maia3-argmax-no-book-071,maia3-balanced-book__vs__maia3-argmax-no-book,71,Maia3 1600 balanced + book,"Maia3 1600 argmax, no book",0-1,checkmate,160,1600,1600,0.0,maia3-balanced-book__vs__maia3-argmax-no-book.pgn
maia3-balanced-book__vs__maia3-argmax-no-book-072,maia3-balanced-book__vs__maia3-argmax-no-book,72,"Maia3 1600 argmax, no book",Maia3 1600 balanced + book,1/2-1/2,stalemate,71,1600,1600,0.5,maia3-balanced-book__vs__maia3-argmax-no-book.pgn
maia3-balanced-book__vs__maia3-argmax-no-book-073,maia3-balanced-book__vs__maia3-argmax-no-book,73,Maia3 1600 balanced + book,"Maia3 1600 argmax, no book",0-1,checkmate,30,1600,1600,0.0,maia3-balanced-book__vs__maia3-argmax-no-book.pgn
maia3-balanced-book__vs__maia3-argmax-no-book-074,maia3-balanced-book__vs__maia3-argmax-no-book,74,"Maia3 1600 argmax, no book",Maia3 1600 balanced + book,0-1,checkmate,38,1600,1600,1.0,maia3-balanced-book__vs__maia3-argmax-no-book.pgn
maia3-balanced-book__vs__maia3-argmax-no-book-075,maia3-balanced-book__vs__maia3-argmax-no-book,75,Maia3 1600 balanced + book,"Maia3 1600 argmax, no book",0-1,checkmate,74,1600,1600,0.0,maia3-balanced-book__vs__maia3-argmax-no-book.pgn
maia3-balanced-book__vs__maia3-argmax-no-book-076,maia3-balanced-book__vs__maia3-argmax-no-book,76,"Maia3 1600 argmax, no book",Maia3 1600 balanced + book,0-1,checkmate,90,1600,1600,1.0,maia3-balanced-book__vs__maia3-argmax-no-book.pgn
maia3-balanced-book__vs__maia3-argmax-no-book-077,maia3-balanced-book__vs__maia3-argmax-no-book,77,Maia3 1600 balanced + book,"Maia3 1600 argmax, no book",1/2-1/2,threefold repetition,42,1600,1600,0.5,maia3-balanced-book__vs__maia3-argmax-no-book.pgn
maia3-balanced-book__vs__maia3-argmax-no-book-078,maia3-balanced-book__vs__maia3-argmax-no-book,78,"Maia3 1600 argmax, no book",Maia3 1600 balanced + book,0-1,checkmate,106,1600,1600,1.0,maia3-balanced-book__vs__maia3-argmax-no-book.pgn
maia3-balanced-book__vs__maia3-argmax-no-book-079,maia3-balanced-book__vs__maia3-argmax-no-book,79,Maia3 1600 balanced + book,"Maia3 1600 argmax, no book",1/2-1/2,threefold repetition,98,1600,1600,0.5,maia3-balanced-book__vs__maia3-argmax-no-book.pgn
maia3-balanced-book__vs__maia3-argmax-no-book-080,maia3-balanced-book__vs__maia3-argmax-no-book,80,"Maia3 1600 argmax, no book",Maia3 1600 balanced + book,1-0,checkmate,45,1600,1600,0.0,maia3-balanced-book__vs__maia3-argmax-no-book.pgn
maia3-balanced-book__vs__maia3-argmax-no-book-081,maia3-balanced-book__vs__maia3-argmax-no-book,81,Maia3 1600 balanced + book,"Maia3 1600 argmax, no book",1-0,checkmate,83,1600,1600,1.0,maia3-balanced-book__vs__maia3-argmax-no-book.pgn
maia3-balanced-book__vs__maia3-argmax-no-book-082,maia3-balanced-book__vs__maia3-argmax-no-book,82,"Maia3 1600 argmax, no book",Maia3 1600 balanced + book,0-1,checkmate,140,1600,1600,1.0,maia3-balanced-book__vs__maia3-argmax-no-book.pgn
maia3-balanced-book__vs__maia3-argmax-no-book-083,maia3-balanced-book__vs__maia3-argmax-no-book,83,Maia3 1600 balanced + book,"Maia3 1600 argmax, no book",1/2-1/2,threefold repetition,143,1600,1600,0.5,maia3-balanced-book__vs__maia3-argmax-no-book.pgn
maia3-balanced-book__vs__maia3-argmax-no-book-084,maia3-balanced-book__vs__maia3-argmax-no-book,84,"Maia3 1600 argmax, no book",Maia3 1600 balanced + book,1-0,checkmate,45,1600,1600,0.0,maia3-balanced-book__vs__maia3-argmax-no-book.pgn
maia3-balanced-book__vs__maia3-argmax-no-book-085,maia3-balanced-book__vs__maia3-argmax-no-book,85,Maia3 1600 balanced + book,"Maia3 1600 argmax, no book",1/2-1/2,threefold repetition,76,1600,1600,0.5,maia3-balanced-book__vs__maia3-argmax-no-book.pgn
maia3-balanced-book__vs__maia3-argmax-no-book-086,maia3-balanced-book__vs__maia3-argmax-no-book,86,"Maia3 1600 argmax, no book",Maia3 1600 balanced + book,1/2-1/2,threefold repetition,70,1600,1600,0.5,maia3-balanced-book__vs__maia3-argmax-no-book.pgn
maia3-balanced-book__vs__maia3-argmax-no-book-087,maia3-balanced-book__vs__maia3-argmax-no-book,87,Maia3 1600 balanced + book,"Maia3 1600 argmax, no book",1-0,checkmate,65,1600,1600,1.0,maia3-balanced-book__vs__maia3-argmax-no-book.pgn
maia3-balanced-book__vs__maia3-argmax-no-book-088,maia3-balanced-book__vs__maia3-argmax-no-book,88,"Maia3 1600 argmax, no book",Maia3 1600 balanced + book,0-1,checkmate,108,1600,1600,1.0,maia3-balanced-book__vs__maia3-argmax-no-book.pgn
maia3-balanced-book__vs__maia3-argmax-no-book-089,maia3-balanced-book__vs__maia3-argmax-no-book,89,Maia3 1600 balanced + book,"Maia3 1600 argmax, no book",1/2-1/2,threefold repetition,76,1600,1600,0.5,maia3-balanced-book__vs__maia3-argmax-no-book.pgn
maia3-balanced-book__vs__maia3-argmax-no-book-090,maia3-balanced-book__vs__maia3-argmax-no-book,90,"Maia3 1600 argmax, no book",Maia3 1600 balanced + book,1-0,checkmate,43,1600,1600,0.0,maia3-balanced-book__vs__maia3-argmax-no-book.pgn
maia3-balanced-book__vs__maia3-argmax-no-book-091,maia3-balanced-book__vs__maia3-argmax-no-book,91,Maia3 1600 balanced + book,"Maia3 1600 argmax, no book",1-0,checkmate,67,1600,1600,1.0,maia3-balanced-book__vs__maia3-argmax-no-book.pgn
maia3-balanced-book__vs__maia3-argmax-no-book-092,maia3-balanced-book__vs__maia3-argmax-no-book,92,"Maia3 1600 argmax, no book",Maia3 1600 balanced + book,1-0,checkmate,49,1600,1600,0.0,maia3-balanced-book__vs__maia3-argmax-no-book.pgn
maia3-balanced-book__vs__maia3-argmax-no-book-093,maia3-balanced-book__vs__maia3-argmax-no-book,93,Maia3 1600 balanced + book,"Maia3 1600 argmax, no book",1/2-1/2,threefold repetition,40,1600,1600,0.5,maia3-balanced-book__vs__maia3-argmax-no-book.pgn
maia3-balanced-book__vs__maia3-argmax-no-book-094,maia3-balanced-book__vs__maia3-argmax-no-book,94,"Maia3 1600 argmax, no book",Maia3 1600 balanced + book,0-1,checkmate,90,1600,1600,1.0,maia3-balanced-book__vs__maia3-argmax-no-book.pgn
maia3-balanced-book__vs__maia3-argmax-no-book-095,maia3-balanced-book__vs__maia3-argmax-no-book,95,Maia3 1600 balanced + book,"Maia3 1600 argmax, no book",1-0,checkmate,95,1600,1600,1.0,maia3-balanced-book__vs__maia3-argmax-no-book.pgn
maia3-balanced-book__vs__maia3-argmax-no-book-096,maia3-balanced-book__vs__maia3-argmax-no-book,96,"Maia3 1600 argmax, no book",Maia3 1600 balanced + book,1-0,checkmate,113,1600,1600,0.0,maia3-balanced-book__vs__maia3-argmax-no-book.pgn
maia3-balanced-book__vs__maia3-argmax-no-book-097,maia3-balanced-book__vs__maia3-argmax-no-book,97,Maia3 1600 balanced + book,"Maia3 1600 argmax, no book",1-0,checkmate,21,1600,1600,1.0,maia3-balanced-book__vs__maia3-argmax-no-book.pgn
maia3-balanced-book__vs__maia3-argmax-no-book-098,maia3-balanced-book__vs__maia3-argmax-no-book,98,"Maia3 1600 argmax, no book",Maia3 1600 balanced + book,1/2-1/2,threefold repetition,72,1600,1600,0.5,maia3-balanced-book__vs__maia3-argmax-no-book.pgn
maia3-balanced-book__vs__maia3-argmax-no-book-099,maia3-balanced-book__vs__maia3-argmax-no-book,99,Maia3 1600 balanced + book,"Maia3 1600 argmax, no book",0-1,checkmate,116,1600,1600,0.0,maia3-balanced-book__vs__maia3-argmax-no-book.pgn
maia3-balanced-book__vs__maia3-argmax-no-book-100,maia3-balanced-book__vs__maia3-argmax-no-book,100,"Maia3 1600 argmax, no book",Maia3 1600 balanced + book,1-0,checkmate,69,1600,1600,0.0,maia3-balanced-book__vs__maia3-argmax-no-book.pgn
maia3-balanced-book__vs__maia3-balanced-no-book-001,maia3-balanced-book__vs__maia3-balanced-no-book,1,Maia3 1600 balanced + book,"Maia3 1600 balanced, no book",1-0,checkmate,73,1600,1600,1.0,maia3-balanced-book__vs__maia3-balanced-no-book.pgn
maia3-balanced-book__vs__maia3-balanced-no-book-002,maia3-balanced-book__vs__maia3-balanced-no-book,2,"Maia3 1600 balanced, no book",Maia3 1600 balanced + book,1-0,checkmate,119,1600,1600,0.0,maia3-balanced-book__vs__maia3-balanced-no-book.pgn
maia3-balanced-book__vs__maia3-balanced-no-book-003,maia3-balanced-book__vs__maia3-balanced-no-book,3,Maia3 1600 balanced + book,"Maia3 1600 balanced, no book",0-1,checkmate,50,1600,1600,0.0,maia3-balanced-book__vs__maia3-balanced-no-book.pgn
maia3-balanced-book__vs__maia3-balanced-no-book-004,maia3-balanced-book__vs__maia3-balanced-no-book,4,"Maia3 1600 balanced, no book",Maia3 1600 balanced + book,1/2-1/2,threefold repetition,85,1600,1600,0.5,maia3-balanced-book__vs__maia3-balanced-no-book.pgn
maia3-balanced-book__vs__maia3-balanced-no-book-005,maia3-balanced-book__vs__maia3-balanced-no-book,5,Maia3 1600 balanced + book,"Maia3 1600 balanced, no book",1-0,checkmate,101,1600,1600,1.0,maia3-balanced-book__vs__maia3-balanced-no-book.pgn
maia3-balanced-book__vs__maia3-balanced-no-book-006,maia3-balanced-book__vs__maia3-balanced-no-book,6,"Maia3 1600 balanced, no book",Maia3 1600 balanced + book,1-0,checkmate,105,1600,1600,0.0,maia3-balanced-book__vs__maia3-balanced-no-book.pgn
maia3-balanced-book__vs__maia3-balanced-no-book-007,maia3-balanced-book__vs__maia3-balanced-no-book,7,Maia3 1600 balanced + book,"Maia3 1600 balanced, no book",1/2-1/2,threefold repetition,125,1600,1600,0.5,maia3-balanced-book__vs__maia3-balanced-no-book.pgn
maia3-balanced-book__vs__maia3-balanced-no-book-008,maia3-balanced-book__vs__maia3-balanced-no-book,8,"Maia3 1600 balanced, no book",Maia3 1600 balanced + book,1-0,checkmate,37,1600,1600,0.0,maia3-balanced-book__vs__maia3-balanced-no-book.pgn
maia3-balanced-book__vs__maia3-balanced-no-book-009,maia3-balanced-book__vs__maia3-balanced-no-book,9,Maia3 1600 balanced + book,"Maia3 1600 balanced, no book",1/2-1/2,threefold repetition,90,1600,1600,0.5,maia3-balanced-book__vs__maia3-balanced-no-book.pgn
maia3-balanced-book__vs__maia3-balanced-no-book-010,maia3-balanced-book__vs__maia3-balanced-no-book,10,"Maia3 1600 balanced, no book",Maia3 1600 balanced + book,0-1,checkmate,64,1600,1600,1.0,maia3-balanced-book__vs__maia3-balanced-no-book.pgn
maia3-balanced-book__vs__maia3-balanced-no-book-011,maia3-balanced-book__vs__maia3-balanced-no-book,11,Maia3 1600 balanced + book,"Maia3 1600 balanced, no book",1-0,checkmate,119,1600,1600,1.0,maia3-balanced-book__vs__maia3-balanced-no-book.pgn
maia3-balanced-book__vs__maia3-balanced-no-book-012,maia3-balanced-book__vs__maia3-balanced-no-book,12,"Maia3 1600 balanced, no book",Maia3 1600 balanced + book,1-0,checkmate,71,1600,1600,0.0,maia3-balanced-book__vs__maia3-balanced-no-book.pgn
maia3-balanced-book__vs__maia3-balanced-no-book-013,maia3-balanced-book__vs__maia3-balanced-no-book,13,Maia3 1600 balanced + book,"Maia3 1600 balanced, no book",1-0,checkmate,73,1600,1600,1.0,maia3-balanced-book__vs__maia3-balanced-no-book.pgn
maia3-balanced-book__vs__maia3-balanced-no-book-014,maia3-balanced-book__vs__maia3-balanced-no-book,14,"Maia3 1600 balanced, no book",Maia3 1600 balanced + book,0-1,checkmate,104,1600,1600,1.0,maia3-balanced-book__vs__maia3-balanced-no-book.pgn
maia3-balanced-book__vs__maia3-balanced-no-book-015,maia3-balanced-book__vs__maia3-balanced-no-book,15,Maia3 1600 balanced + book,"Maia3 1600 balanced, no book",1-0,checkmate,133,1600,1600,1.0,maia3-balanced-book__vs__maia3-balanced-no-book.pgn
maia3-balanced-book__vs__maia3-balanced-no-book-016,maia3-balanced-book__vs__maia3-balanced-no-book,16,"Maia3 1600 balanced, no book",Maia3 1600 balanced + book,1/2-1/2,threefold repetition,36,1600,1600,0.5,maia3-balanced-book__vs__maia3-balanced-no-book.pgn
maia3-balanced-book__vs__maia3-balanced-no-book-017,maia3-balanced-book__vs__maia3-balanced-no-book,17,Maia3 1600 balanced + book,"Maia3 1600 balanced, no book",0-1,checkmate,86,1600,1600,0.0,maia3-balanced-book__vs__maia3-balanced-no-book.pgn
maia3-balanced-book__vs__maia3-balanced-no-book-018,maia3-balanced-book__vs__maia3-balanced-no-book,18,"Maia3 1600 balanced, no book",Maia3 1600 balanced + book,1-0,checkmate,133,1600,1600,0.0,maia3-balanced-book__vs__maia3-balanced-no-book.pgn
maia3-balanced-book__vs__maia3-balanced-no-book-019,maia3-balanced-book__vs__maia3-balanced-no-book,19,Maia3 1600 balanced + book,"Maia3 1600 balanced, no book",0-1,checkmate,72,1600,1600,0.0,maia3-balanced-book__vs__maia3-balanced-no-book.pgn
maia3-balanced-book__vs__maia3-balanced-no-book-020,maia3-balanced-book__vs__maia3-balanced-no-book,20,"Maia3 1600 balanced, no book",Maia3 1600 balanced + book,0-1,checkmate,80,1600,1600,1.0,maia3-balanced-book__vs__maia3-balanced-no-book.pgn
maia3-balanced-book__vs__maia3-balanced-no-book-021,maia3-balanced-book__vs__maia3-balanced-no-book,21,Maia3 1600 balanced + book,"Maia3 1600 balanced, no book",1-0,checkmate,79,1600,1600,1.0,maia3-balanced-book__vs__maia3-balanced-no-book.pgn
maia3-balanced-book__vs__maia3-balanced-no-book-022,maia3-balanced-book__vs__maia3-balanced-no-book,22,"Maia3 1600 balanced, no book",Maia3 1600 balanced + book,1/2-1/2,threefold repetition,73,1600,1600,0.5,maia3-balanced-book__vs__maia3-balanced-no-book.pgn
maia3-balanced-book__vs__maia3-balanced-no-book-023,maia3-balanced-book__vs__maia3-balanced-no-book,23,Maia3 1600 balanced + book,"Maia3 1600 balanced, no book",0-1,checkmate,38,1600,1600,0.0,maia3-balanced-book__vs__maia3-balanced-no-book.pgn
maia3-balanced-book__vs__maia3-balanced-no-book-024,maia3-balanced-book__vs__maia3-balanced-no-book,24,"Maia3 1600 balanced, no book",Maia3 1600 balanced + book,1-0,checkmate,19,1600,1600,0.0,maia3-balanced-book__vs__maia3-balanced-no-book.pgn
maia3-balanced-book__vs__maia3-balanced-no-book-025,maia3-balanced-book__vs__maia3-balanced-no-book,25,Maia3 1600 balanced + book,"Maia3 1600 balanced, no book",1-0,checkmate,31,1600,1600,1.0,maia3-balanced-book__vs__maia3-balanced-no-book.pgn
maia3-balanced-book__vs__maia3-balanced-no-book-026,maia3-balanced-book__vs__maia3-balanced-no-book,26,"Maia3 1600 balanced, no book",Maia3 1600 balanced + book,1-0,checkmate,85,1600,1600,0.0,maia3-balanced-book__vs__maia3-balanced-no-book.pgn
maia3-balanced-book__vs__maia3-balanced-no-book-027,maia3-balanced-book__vs__maia3-balanced-no-book,27,Maia3 1600 balanced + book,"Maia3 1600 balanced, no book",0-1,checkmate,126,1600,1600,0.0,maia3-balanced-book__vs__maia3-balanced-no-book.pgn
maia3-balanced-book__vs__maia3-balanced-no-book-028,maia3-balanced-book__vs__maia3-balanced-no-book,28,"Maia3 1600 balanced, no book",Maia3 1600 balanced + book,1-0,checkmate,43,1600,1600,0.0,maia3-balanced-book__vs__maia3-balanced-no-book.pgn
maia3-balanced-book__vs__maia3-balanced-no-book-029,maia3-balanced-book__vs__maia3-balanced-no-book,29,Maia3 1600 balanced + book,"Maia3 1600 balanced, no book",1-0,checkmate,115,1600,1600,1.0,maia3-balanced-book__vs__maia3-balanced-no-book.pgn
maia3-balanced-book__vs__maia3-balanced-no-book-030,maia3-balanced-book__vs__maia3-balanced-no-book,30,"Maia3 1600 balanced, no book",Maia3 1600 balanced + book,1/2-1/2,threefold repetition,91,1600,1600,0.5,maia3-balanced-book__vs__maia3-balanced-no-book.pgn
maia3-balanced-book__vs__maia3-balanced-no-book-031,maia3-balanced-book__vs__maia3-balanced-no-book,31,Maia3 1600 balanced + book,"Maia3 1600 balanced, no book",1/2-1/2,threefold repetition,72,1600,1600,0.5,maia3-balanced-book__vs__maia3-balanced-no-book.pgn
maia3-balanced-book__vs__maia3-balanced-no-book-032,maia3-balanced-book__vs__maia3-balanced-no-book,32,"Maia3 1600 balanced, no book",Maia3 1600 balanced + book,1/2-1/2,threefold repetition,86,1600,1600,0.5,maia3-balanced-book__vs__maia3-balanced-no-book.pgn
maia3-balanced-book__vs__maia3-balanced-no-book-033,maia3-balanced-book__vs__maia3-balanced-no-book,33,Maia3 1600 balanced + book,"Maia3 1600 balanced, no book",1-0,checkmate,57,1600,1600,1.0,maia3-balanced-book__vs__maia3-balanced-no-book.pgn
maia3-balanced-book__vs__maia3-balanced-no-book-034,maia3-balanced-book__vs__maia3-balanced-no-book,34,"Maia3 1600 balanced, no book",Maia3 1600 balanced + book,1-0,checkmate,127,1600,1600,0.0,maia3-balanced-book__vs__maia3-balanced-no-book.pgn
maia3-balanced-book__vs__maia3-balanced-no-book-035,maia3-balanced-book__vs__maia3-balanced-no-book,35,Maia3 1600 balanced + book,"Maia3 1600 balanced, no book",1-0,checkmate,103,1600,1600,1.0,maia3-balanced-book__vs__maia3-balanced-no-book.pgn
maia3-balanced-book__vs__maia3-balanced-no-book-036,maia3-balanced-book__vs__maia3-balanced-no-book,36,"Maia3 1600 balanced, no book",Maia3 1600 balanced + book,1/2-1/2,stalemate,128,1600,1600,0.5,maia3-balanced-book__vs__maia3-balanced-no-book.pgn
maia3-balanced-book__vs__maia3-balanced-no-book-037,maia3-balanced-book__vs__maia3-balanced-no-book,37,Maia3 1600 balanced + book,"Maia3 1600 balanced, no book",1-0,checkmate,115,1600,1600,1.0,maia3-balanced-book__vs__maia3-balanced-no-book.pgn
maia3-balanced-book__vs__maia3-balanced-no-book-038,maia3-balanced-book__vs__maia3-balanced-no-book,38,"Maia3 1600 balanced, no book",Maia3 1600 balanced + book,1-0,checkmate,11,1600,1600,0.0,maia3-balanced-book__vs__maia3-balanced-no-book.pgn
maia3-balanced-book__vs__maia3-balanced-no-book-039,maia3-balanced-book__vs__maia3-balanced-no-book,39,Maia3 1600 balanced + book,"Maia3 1600 balanced, no book",1-0,checkmate,119,1600,1600,1.0,maia3-balanced-book__vs__maia3-balanced-no-book.pgn
maia3-balanced-book__vs__maia3-balanced-no-book-040,maia3-balanced-book__vs__maia3-balanced-no-book,40,"Maia3 1600 balanced, no book",Maia3 1600 balanced + book,1/2-1/2,stalemate,169,1600,1600,0.5,maia3-balanced-book__vs__maia3-balanced-no-book.pgn
maia3-balanced-book__vs__maia3-balanced-no-book-041,maia3-balanced-book__vs__maia3-balanced-no-book,41,Maia3 1600 balanced + book,"Maia3 1600 balanced, no book",0-1,checkmate,90,1600,1600,0.0,maia3-balanced-book__vs__maia3-balanced-no-book.pgn
maia3-balanced-book__vs__maia3-balanced-no-book-042,maia3-balanced-book__vs__maia3-balanced-no-book,42,"Maia3 1600 balanced, no book",Maia3 1600 balanced + book,0-1,checkmate,76,1600,1600,1.0,maia3-balanced-book__vs__maia3-balanced-no-book.pgn
maia3-balanced-book__vs__maia3-balanced-no-book-043,maia3-balanced-book__vs__maia3-balanced-no-book,43,Maia3 1600 balanced + book,"Maia3 1600 balanced, no book",1-0,checkmate,145,1600,1600,1.0,maia3-balanced-book__vs__maia3-balanced-no-book.pgn
maia3-balanced-book__vs__maia3-balanced-no-book-044,maia3-balanced-book__vs__maia3-balanced-no-book,44,"Maia3 1600 balanced, no book",Maia3 1600 balanced + book,1-0,checkmate,39,1600,1600,0.0,maia3-balanced-book__vs__maia3-balanced-no-book.pgn
maia3-balanced-book__vs__maia3-balanced-no-book-045,maia3-balanced-book__vs__maia3-balanced-no-book,45,Maia3 1600 balanced + book,"Maia3 1600 balanced, no book",1-0,checkmate,105,1600,1600,1.0,maia3-balanced-book__vs__maia3-balanced-no-book.pgn
maia3-balanced-book__vs__maia3-balanced-no-book-046,maia3-balanced-book__vs__maia3-balanced-no-book,46,"Maia3 1600 balanced, no book",Maia3 1600 balanced + book,1/2-1/2,stalemate,132,1600,1600,0.5,maia3-balanced-book__vs__maia3-balanced-no-book.pgn
maia3-balanced-book__vs__maia3-balanced-no-book-047,maia3-balanced-book__vs__maia3-balanced-no-book,47,Maia3 1600 balanced + book,"Maia3 1600 balanced, no book",1-0,checkmate,21,1600,1600,1.0,maia3-balanced-book__vs__maia3-balanced-no-book.pgn
maia3-balanced-book__vs__maia3-balanced-no-book-048,maia3-balanced-book__vs__maia3-balanced-no-book,48,"Maia3 1600 balanced, no book",Maia3 1600 balanced + book,1-0,checkmate,51,1600,1600,0.0,maia3-balanced-book__vs__maia3-balanced-no-book.pgn
maia3-balanced-book__vs__maia3-balanced-no-book-049,maia3-balanced-book__vs__maia3-balanced-no-book,49,Maia3 1600 balanced + book,"Maia3 1600 balanced, no book",0-1,checkmate,70,1600,1600,0.0,maia3-balanced-book__vs__maia3-balanced-no-book.pgn
maia3-balanced-book__vs__maia3-balanced-no-book-050,maia3-balanced-book__vs__maia3-balanced-no-book,50,"Maia3 1600 balanced, no book",Maia3 1600 balanced + book,1/2-1/2,insufficient material,118,1600,1600,0.5,maia3-balanced-book__vs__maia3-balanced-no-book.pgn
maia3-balanced-book__vs__maia3-balanced-no-book-051,maia3-balanced-book__vs__maia3-balanced-no-book,51,Maia3 1600 balanced + book,"Maia3 1600 balanced, no book",1/2-1/2,threefold repetition,123,1600,1600,0.5,maia3-balanced-book__vs__maia3-balanced-no-book.pgn
maia3-balanced-book__vs__maia3-balanced-no-book-052,maia3-balanced-book__vs__maia3-balanced-no-book,52,"Maia3 1600 balanced, no book",Maia3 1600 balanced + book,1-0,checkmate,125,1600,1600,0.0,maia3-balanced-book__vs__maia3-balanced-no-book.pgn
maia3-balanced-book__vs__maia3-balanced-no-book-053,maia3-balanced-book__vs__maia3-balanced-no-book,53,Maia3 1600 balanced + book,"Maia3 1600 balanced, no book",1-0,checkmate,143,1600,1600,1.0,maia3-balanced-book__vs__maia3-balanced-no-book.pgn
maia3-balanced-book__vs__maia3-balanced-no-book-054,maia3-balanced-book__vs__maia3-balanced-no-book,54,"Maia3 1600 balanced, no book",Maia3 1600 balanced + book,1-0,checkmate,45,1600,1600,0.0,maia3-balanced-book__vs__maia3-balanced-no-book.pgn
maia3-balanced-book__vs__maia3-balanced-no-book-055,maia3-balanced-book__vs__maia3-balanced-no-book,55,Maia3 1600 balanced + book,"Maia3 1600 balanced, no book",0-1,checkmate,148,1600,1600,0.0,maia3-balanced-book__vs__maia3-balanced-no-book.pgn
maia3-balanced-book__vs__maia3-balanced-no-book-056,maia3-balanced-book__vs__maia3-balanced-no-book,56,"Maia3 1600 balanced, no book",Maia3 1600 balanced + book,0-1,checkmate,64,1600,1600,1.0,maia3-balanced-book__vs__maia3-balanced-no-book.pgn
maia3-balanced-book__vs__maia3-balanced-no-book-057,maia3-balanced-book__vs__maia3-balanced-no-book,57,Maia3 1600 balanced + book,"Maia3 1600 balanced, no book",1/2-1/2,threefold repetition,79,1600,1600,0.5,maia3-balanced-book__vs__maia3-balanced-no-book.pgn
maia3-balanced-book__vs__maia3-balanced-no-book-058,maia3-balanced-book__vs__maia3-balanced-no-book,58,"Maia3 1600 balanced, no book",Maia3 1600 balanced + book,1-0,checkmate,63,1600,1600,0.0,maia3-balanced-book__vs__maia3-balanced-no-book.pgn
maia3-balanced-book__vs__maia3-balanced-no-book-059,maia3-balanced-book__vs__maia3-balanced-no-book,59,Maia3 1600 balanced + book,"Maia3 1600 balanced, no book",1-0,checkmate,97,1600,1600,1.0,maia3-balanced-book__vs__maia3-balanced-no-book.pgn
maia3-balanced-book__vs__maia3-balanced-no-book-060,maia3-balanced-book__vs__maia3-balanced-no-book,60,"Maia3 1600 balanced, no book",Maia3 1600 balanced + book,1-0,checkmate,49,1600,1600,0.0,maia3-balanced-book__vs__maia3-balanced-no-book.pgn
maia3-balanced-book__vs__maia3-balanced-no-book-061,maia3-balanced-book__vs__maia3-balanced-no-book,61,Maia3 1600 balanced + book,"Maia3 1600 balanced, no book",1-0,checkmate,47,1600,1600,1.0,maia3-balanced-book__vs__maia3-balanced-no-book.pgn
maia3-balanced-book__vs__maia3-balanced-no-book-062,maia3-balanced-book__vs__maia3-balanced-no-book,62,"Maia3 1600 balanced, no book",Maia3 1600 balanced + book,1/2-1/2,threefold repetition,95,1600,1600,0.5,maia3-balanced-book__vs__maia3-balanced-no-book.pgn
maia3-balanced-book__vs__maia3-balanced-no-book-063,maia3-balanced-book__vs__maia3-balanced-no-book,63,Maia3 1600 balanced + book,"Maia3 1600 balanced, no book",1/2-1/2,insufficient material,128,1600,1600,0.5,maia3-balanced-book__vs__maia3-balanced-no-book.pgn
maia3-balanced-book__vs__maia3-balanced-no-book-064,maia3-balanced-book__vs__maia3-balanced-no-book,64,"Maia3 1600 balanced, no book",Maia3 1600 balanced + book,1-0,checkmate,61,1600,1600,0.0,maia3-balanced-book__vs__maia3-balanced-no-book.pgn
maia3-balanced-book__vs__maia3-balanced-no-book-065,maia3-balanced-book__vs__maia3-balanced-no-book,65,Maia3 1600 balanced + book,"Maia3 1600 balanced, no book",0-1,checkmate,52,1600,1600,0.0,maia3-balanced-book__vs__maia3-balanced-no-book.pgn
maia3-balanced-book__vs__maia3-balanced-no-book-066,maia3-balanced-book__vs__maia3-balanced-no-book,66,"Maia3 1600 balanced, no book",Maia3 1600 balanced + book,1-0,checkmate,103,1600,1600,0.0,maia3-balanced-book__vs__maia3-balanced-no-book.pgn
maia3-balanced-book__vs__maia3-balanced-no-book-067,maia3-balanced-book__vs__maia3-balanced-no-book,67,Maia3 1600 balanced + book,"Maia3 1600 balanced, no book",1/2-1/2,insufficient material,98,1600,1600,0.5,maia3-balanced-book__vs__maia3-balanced-no-book.pgn
maia3-balanced-book__vs__maia3-balanced-no-book-068,maia3-balanced-book__vs__maia3-balanced-no-book,68,"Maia3 1600 balanced, no book",Maia3 1600 balanced + book,0-1,checkmate,66,1600,1600,1.0,maia3-balanced-book__vs__maia3-balanced-no-book.pgn
maia3-balanced-book__vs__maia3-balanced-no-book-069,maia3-balanced-book__vs__maia3-balanced-no-book,69,Maia3 1600 balanced + book,"Maia3 1600 balanced, no book",0-1,checkmate,28,1600,1600,0.0,maia3-balanced-book__vs__maia3-balanced-no-book.pgn
maia3-balanced-book__vs__maia3-balanced-no-book-070,maia3-balanced-book__vs__maia3-balanced-no-book,70,"Maia3 1600 balanced, no book",Maia3 1600 balanced + book,0-1,checkmate,60,1600,1600,1.0,maia3-balanced-book__vs__maia3-balanced-no-book.pgn
maia3-balanced-book__vs__maia3-balanced-no-book-071,maia3-balanced-book__vs__maia3-balanced-no-book,71,Maia3 1600 balanced + book,"Maia3 1600 balanced, no book",1-0,checkmate,111,1600,1600,1.0,maia3-balanced-book__vs__maia3-balanced-no-book.pgn
maia3-balanced-book__vs__maia3-balanced-no-book-072,maia3-balanced-book__vs__maia3-balanced-no-book,72,"Maia3 1600 balanced, no book",Maia3 1600 balanced + book,1-0,checkmate,51,1600,1600,0.0,maia3-balanced-book__vs__maia3-balanced-no-book.pgn
maia3-balanced-book__vs__maia3-balanced-no-book-073,maia3-balanced-book__vs__maia3-balanced-no-book,73,Maia3 1600 balanced + book,"Maia3 1600 balanced, no book",0-1,checkmate,52,1600,1600,0.0,maia3-balanced-book__vs__maia3-balanced-no-book.pgn
maia3-balanced-book__vs__maia3-balanced-no-book-074,maia3-balanced-book__vs__maia3-balanced-no-book,74,"Maia3 1600 balanced, no book",Maia3 1600 balanced + book,1-0,checkmate,71,1600,1600,0.0,maia3-balanced-book__vs__maia3-balanced-no-book.pgn
maia3-balanced-book__vs__maia3-balanced-no-book-075,maia3-balanced-book__vs__maia3-balanced-no-book,75,Maia3 1600 balanced + book,"Maia3 1600 balanced, no book",0-1,checkmate,172,1600,1600,0.0,maia3-balanced-book__vs__maia3-balanced-no-book.pgn
maia3-balanced-book__vs__maia3-balanced-no-book-076,maia3-balanced-book__vs__maia3-balanced-no-book,76,"Maia3 1600 balanced, no book",Maia3 1600 balanced + book,1-0,checkmate,117,1600,1600,0.0,maia3-balanced-book__vs__maia3-balanced-no-book.pgn
maia3-balanced-book__vs__maia3-balanced-no-book-077,maia3-balanced-book__vs__maia3-balanced-no-book,77,Maia3 1600 balanced + book,"Maia3 1600 balanced, no book",0-1,checkmate,74,1600,1600,0.0,maia3-balanced-book__vs__maia3-balanced-no-book.pgn
maia3-balanced-book__vs__maia3-balanced-no-book-078,maia3-balanced-book__vs__maia3-balanced-no-book,78,"Maia3 1600 balanced, no book",Maia3 1600 balanced + book,1-0,checkmate,71,1600,1600,0.0,maia3-balanced-book__vs__maia3-balanced-no-book.pgn
maia3-balanced-book__vs__maia3-balanced-no-book-079,maia3-balanced-book__vs__maia3-balanced-no-book,79,Maia3 1600 balanced + book,"Maia3 1600 balanced, no book",1-0,checkmate,119,1600,1600,1.0,maia3-balanced-book__vs__maia3-balanced-no-book.pgn
maia3-balanced-book__vs__maia3-balanced-no-book-080,maia3-balanced-book__vs__maia3-balanced-no-book,80,"Maia3 1600 balanced, no book",Maia3 1600 balanced + book,1-0,checkmate,53,1600,1600,0.0,maia3-balanced-book__vs__maia3-balanced-no-book.pgn
maia3-balanced-book__vs__maia3-balanced-no-book-081,maia3-balanced-book__vs__maia3-balanced-no-book,81,Maia3 1600 balanced + book,"Maia3 1600 balanced, no book",1-0,checkmate,101,1600,1600,1.0,maia3-balanced-book__vs__maia3-balanced-no-book.pgn
maia3-balanced-book__vs__maia3-balanced-no-book-082,maia3-balanced-book__vs__maia3-balanced-no-book,82,"Maia3 1600 balanced, no book",Maia3 1600 balanced + book,1-0,checkmate,129,1600,1600,0.0,maia3-balanced-book__vs__maia3-balanced-no-book.pgn
maia3-balanced-book__vs__maia3-balanced-no-book-083,maia3-balanced-book__vs__maia3-balanced-no-book,83,Maia3 1600 balanced + book,"Maia3 1600 balanced, no book",0-1,checkmate,140,1600,1600,0.0,maia3-balanced-book__vs__maia3-balanced-no-book.pgn
maia3-balanced-book__vs__maia3-balanced-no-book-084,maia3-balanced-book__vs__maia3-balanced-no-book,84,"Maia3 1600 balanced, no book",Maia3 1600 balanced + book,1-0,checkmate,53,1600,1600,0.0,maia3-balanced-book__vs__maia3-balanced-no-book.pgn
maia3-balanced-book__vs__maia3-balanced-no-book-085,maia3-balanced-book__vs__maia3-balanced-no-book,85,Maia3 1600 balanced + book,"Maia3 1600 balanced, no book",0-1,checkmate,124,1600,1600,0.0,maia3-balanced-book__vs__maia3-balanced-no-book.pgn
maia3-balanced-book__vs__maia3-balanced-no-book-086,maia3-balanced-book__vs__maia3-balanced-no-book,86,"Maia3 1600 balanced, no book",Maia3 1600 balanced + book,1-0,checkmate,79,1600,1600,0.0,maia3-balanced-book__vs__maia3-balanced-no-book.pgn
maia3-balanced-book__vs__maia3-balanced-no-book-087,maia3-balanced-book__vs__maia3-balanced-no-book,87,Maia3 1600 balanced + book,"Maia3 1600 balanced, no book",0-1,checkmate,94,1600,1600,0.0,maia3-balanced-book__vs__maia3-balanced-no-book.pgn
maia3-balanced-book__vs__maia3-balanced-no-book-088,maia3-balanced-book__vs__maia3-balanced-no-book,88,"Maia3 1600 balanced, no book",Maia3 1600 balanced + book,1/2-1/2,threefold repetition,97,1600,1600,0.5,maia3-balanced-book__vs__maia3-balanced-no-book.pgn
maia3-balanced-book__vs__maia3-balanced-no-book-089,maia3-balanced-book__vs__maia3-balanced-no-book,89,Maia3 1600 balanced + book,"Maia3 1600 balanced, no book",0-1,checkmate,124,1600,1600,0.0,maia3-balanced-book__vs__maia3-balanced-no-book.pgn
maia3-balanced-book__vs__maia3-balanced-no-book-090,maia3-balanced-book__vs__maia3-balanced-no-book,90,"Maia3 1600 balanced, no book",Maia3 1600 balanced + book,0-1,checkmate,62,1600,1600,1.0,maia3-balanced-book__vs__maia3-balanced-no-book.pgn
maia3-balanced-book__vs__maia3-balanced-no-book-091,maia3-balanced-book__vs__maia3-balanced-no-book,91,Maia3 1600 balanced + book,"Maia3 1600 balanced, no book",0-1,checkmate,172,1600,1600,0.0,maia3-balanced-book__vs__maia3-balanced-no-book.pgn
maia3-balanced-book__vs__maia3-balanced-no-book-092,maia3-balanced-book__vs__maia3-balanced-no-book,92,"Maia3 1600 balanced, no book",Maia3 1600 balanced + book,0-1,checkmate,126,1600,1600,1.0,maia3-balanced-book__vs__maia3-balanced-no-book.pgn
maia3-balanced-book__vs__maia3-balanced-no-book-093,maia3-balanced-book__vs__maia3-balanced-no-book,93,Maia3 1600 balanced + book,"Maia3 1600 balanced, no book",0-1,checkmate,134,1600,1600,0.0,maia3-balanced-book__vs__maia3-balanced-no-book.pgn
maia3-balanced-book__vs__maia3-balanced-no-book-094,maia3-balanced-book__vs__maia3-balanced-no-book,94,"Maia3 1600 balanced, no book",Maia3 1600 balanced + book,1/2-1/2,threefold repetition,101,1600,1600,0.5,maia3-balanced-book__vs__maia3-balanced-no-book.pgn
maia3-balanced-book__vs__maia3-balanced-no-book-095,maia3-balanced-book__vs__maia3-balanced-no-book,95,Maia3 1600 balanced + book,"Maia3 1600 balanced, no book",0-1,checkmate,122,1600,1600,0.0,maia3-balanced-book__vs__maia3-balanced-no-book.pgn
maia3-balanced-book__vs__maia3-balanced-no-book-096,maia3-balanced-book__vs__maia3-balanced-no-book,96,"Maia3 1600 balanced, no book",Maia3 1600 balanced + book,1-0,checkmate,65,1600,1600,0.0,maia3-balanced-book__vs__maia3-balanced-no-book.pgn
maia3-balanced-book__vs__maia3-balanced-no-book-097,maia3-balanced-book__vs__maia3-balanced-no-book,97,Maia3 1600 balanced + book,"Maia3 1600 balanced, no book",0-1,checkmate,128,1600,1600,0.0,maia3-balanced-book__vs__maia3-balanced-no-book.pgn
maia3-balanced-book__vs__maia3-balanced-no-book-098,maia3-balanced-book__vs__maia3-balanced-no-book,98,"Maia3 1600 balanced, no book",Maia3 1600 balanced + book,1-0,checkmate,65,1600,1600,0.0,maia3-balanced-book__vs__maia3-balanced-no-book.pgn
maia3-balanced-book__vs__maia3-balanced-no-book-099,maia3-balanced-book__vs__maia3-balanced-no-book,99,Maia3 1600 balanced + book,"Maia3 1600 balanced, no book",1/2-1/2,stalemate,130,1600,1600,0.5,maia3-balanced-book__vs__maia3-balanced-no-book.pgn
maia3-balanced-book__vs__maia3-balanced-no-book-100,maia3-balanced-book__vs__maia3-balanced-no-book,100,"Maia3 1600 balanced, no book",Maia3 1600 balanced + book,0-1,checkmate,108,1600,1600,1.0,maia3-balanced-book__vs__maia3-balanced-no-book.pgn
maia3-balanced-no-book__vs__maia3-argmax-book-001,maia3-balanced-no-book__vs__maia3-argmax-book,1,"Maia3 1600 balanced, no book",Maia3 1600 argmax + book,1-0,checkmate,147,1600,1600,1.0,maia3-balanced-no-book__vs__maia3-argmax-book.pgn
maia3-balanced-no-book__vs__maia3-argmax-book-002,maia3-balanced-no-book__vs__maia3-argmax-book,2,Maia3 1600 argmax + book,"Maia3 1600 balanced, no book",1-0,checkmate,61,1600,1600,0.0,maia3-balanced-no-book__vs__maia3-argmax-book.pgn
maia3-balanced-no-book__vs__maia3-argmax-book-003,maia3-balanced-no-book__vs__maia3-argmax-book,3,"Maia3 1600 balanced, no book",Maia3 1600 argmax + book,1-0,checkmate,65,1600,1600,1.0,maia3-balanced-no-book__vs__maia3-argmax-book.pgn
maia3-balanced-no-book__vs__maia3-argmax-book-004,maia3-balanced-no-book__vs__maia3-argmax-book,4,Maia3 1600 argmax + book,"Maia3 1600 balanced, no book",0-1,checkmate,122,1600,1600,1.0,maia3-balanced-no-book__vs__maia3-argmax-book.pgn
maia3-balanced-no-book__vs__maia3-argmax-book-005,maia3-balanced-no-book__vs__maia3-argmax-book,5,"Maia3 1600 balanced, no book",Maia3 1600 argmax + book,1/2-1/2,threefold repetition,75,1600,1600,0.5,maia3-balanced-no-book__vs__maia3-argmax-book.pgn
maia3-balanced-no-book__vs__maia3-argmax-book-006,maia3-balanced-no-book__vs__maia3-argmax-book,6,Maia3 1600 argmax + book,"Maia3 1600 balanced, no book",1/2-1/2,threefold repetition,148,1600,1600,0.5,maia3-balanced-no-book__vs__maia3-argmax-book.pgn
maia3-balanced-no-book__vs__maia3-argmax-book-007,maia3-balanced-no-book__vs__maia3-argmax-book,7,"Maia3 1600 balanced, no book",Maia3 1600 argmax + book,0-1,checkmate,120,1600,1600,0.0,maia3-balanced-no-book__vs__maia3-argmax-book.pgn
maia3-balanced-no-book__vs__maia3-argmax-book-008,maia3-balanced-no-book__vs__maia3-argmax-book,8,Maia3 1600 argmax + book,"Maia3 1600 balanced, no book",0-1,checkmate,76,1600,1600,1.0,maia3-balanced-no-book__vs__maia3-argmax-book.pgn
maia3-balanced-no-book__vs__maia3-argmax-book-009,maia3-balanced-no-book__vs__maia3-argmax-book,9,"Maia3 1600 balanced, no book",Maia3 1600 argmax + book,1-0,checkmate,39,1600,1600,1.0,maia3-balanced-no-book__vs__maia3-argmax-book.pgn
maia3-balanced-no-book__vs__maia3-argmax-book-010,maia3-balanced-no-book__vs__maia3-argmax-book,10,Maia3 1600 argmax + book,"Maia3 1600 balanced, no book",1/2-1/2,threefold repetition,72,1600,1600,0.5,maia3-balanced-no-book__vs__maia3-argmax-book.pgn
maia3-balanced-no-book__vs__maia3-argmax-book-011,maia3-balanced-no-book__vs__maia3-argmax-book,11,"Maia3 1600 balanced, no book",Maia3 1600 argmax + book,1-0,checkmate,121,1600,1600,1.0,maia3-balanced-no-book__vs__maia3-argmax-book.pgn
maia3-balanced-no-book__vs__maia3-argmax-book-012,maia3-balanced-no-book__vs__maia3-argmax-book,12,Maia3 1600 argmax + book,"Maia3 1600 balanced, no book",0-1,checkmate,58,1600,1600,1.0,maia3-balanced-no-book__vs__maia3-argmax-book.pgn
maia3-balanced-no-book__vs__maia3-argmax-book-013,maia3-balanced-no-book__vs__maia3-argmax-book,13,"Maia3 1600 balanced, no book",Maia3 1600 argmax + book,1/2-1/2,insufficient material,105,1600,1600,0.5,maia3-balanced-no-book__vs__maia3-argmax-book.pgn
maia3-balanced-no-book__vs__maia3-argmax-book-014,maia3-balanced-no-book__vs__maia3-argmax-book,14,Maia3 1600 argmax + book,"Maia3 1600 balanced, no book",1/2-1/2,threefold repetition,83,1600,1600,0.5,maia3-balanced-no-book__vs__maia3-argmax-book.pgn
maia3-balanced-no-book__vs__maia3-argmax-book-015,maia3-balanced-no-book__vs__maia3-argmax-book,15,"Maia3 1600 balanced, no book",Maia3 1600 argmax + book,0-1,checkmate,40,1600,1600,0.0,maia3-balanced-no-book__vs__maia3-argmax-book.pgn
maia3-balanced-no-book__vs__maia3-argmax-book-016,maia3-balanced-no-book__vs__maia3-argmax-book,16,Maia3 1600 argmax + book,"Maia3 1600 balanced, no book",1-0,checkmate,39,1600,1600,0.0,maia3-balanced-no-book__vs__maia3-argmax-book.pgn
maia3-balanced-no-book__vs__maia3-argmax-book-017,maia3-balanced-no-book__vs__maia3-argmax-book,17,"Maia3 1600 balanced, no book",Maia3 1600 argmax + book,1-0,checkmate,45,1600,1600,1.0,maia3-balanced-no-book__vs__maia3-argmax-book.pgn
maia3-balanced-no-book__vs__maia3-argmax-book-018,maia3-balanced-no-book__vs__maia3-argmax-book,18,Maia3 1600 argmax + book,"Maia3 1600 balanced, no book",1-0,checkmate,89,1600,1600,0.0,maia3-balanced-no-book__vs__maia3-argmax-book.pgn
maia3-balanced-no-book__vs__maia3-argmax-book-019,maia3-balanced-no-book__vs__maia3-argmax-book,19,"Maia3 1600 balanced, no book",Maia3 1600 argmax + book,1/2-1/2,threefold repetition,45,1600,1600,0.5,maia3-balanced-no-book__vs__maia3-argmax-book.pgn
maia3-balanced-no-book__vs__maia3-argmax-book-020,maia3-balanced-no-book__vs__maia3-argmax-book,20,Maia3 1600 argmax + book,"Maia3 1600 balanced, no book",1-0,checkmate,25,1600,1600,0.0,maia3-balanced-no-book__vs__maia3-argmax-book.pgn
maia3-balanced-no-book__vs__maia3-argmax-book-021,maia3-balanced-no-book__vs__maia3-argmax-book,21,"Maia3 1600 balanced, no book",Maia3 1600 argmax + book,0-1,checkmate,34,1600,1600,0.0,maia3-balanced-no-book__vs__maia3-argmax-book.pgn
maia3-balanced-no-book__vs__maia3-argmax-book-022,maia3-balanced-no-book__vs__maia3-argmax-book,22,Maia3 1600 argmax + book,"Maia3 1600 balanced, no book",0-1,checkmate,50,1600,1600,1.0,maia3-balanced-no-book__vs__maia3-argmax-book.pgn
maia3-balanced-no-book__vs__maia3-argmax-book-023,maia3-balanced-no-book__vs__maia3-argmax-book,23,"Maia3 1600 balanced, no book",Maia3 1600 argmax + book,0-1,checkmate,64,1600,1600,0.0,maia3-balanced-no-book__vs__maia3-argmax-book.pgn
maia3-balanced-no-book__vs__maia3-argmax-book-024,maia3-balanced-no-book__vs__maia3-argmax-book,24,Maia3 1600 argmax + book,"Maia3 1600 balanced, no book",1-0,checkmate,55,1600,1600,0.0,maia3-balanced-no-book__vs__maia3-argmax-book.pgn
maia3-balanced-no-book__vs__maia3-argmax-book-025,maia3-balanced-no-book__vs__maia3-argmax-book,25,"Maia3 1600 balanced, no book",Maia3 1600 argmax + book,1-0,checkmate,85,1600,1600,1.0,maia3-balanced-no-book__vs__maia3-argmax-book.pgn
maia3-balanced-no-book__vs__maia3-argmax-book-026,maia3-balanced-no-book__vs__maia3-argmax-book,26,Maia3 1600 argmax + book,"Maia3 1600 balanced, no book",1-0,checkmate,31,1600,1600,0.0,maia3-balanced-no-book__vs__maia3-argmax-book.pgn
maia3-balanced-no-book__vs__maia3-argmax-book-027,maia3-balanced-no-book__vs__maia3-argmax-book,27,"Maia3 1600 balanced, no book",Maia3 1600 argmax + book,1-0,checkmate,57,1600,1600,1.0,maia3-balanced-no-book__vs__maia3-argmax-book.pgn
maia3-balanced-no-book__vs__maia3-argmax-book-028,maia3-balanced-no-book__vs__maia3-argmax-book,28,Maia3 1600 argmax + book,"Maia3 1600 balanced, no book",1/2-1/2,stalemate,118,1600,1600,0.5,maia3-balanced-no-book__vs__maia3-argmax-book.pgn
maia3-balanced-no-book__vs__maia3-argmax-book-029,maia3-balanced-no-book__vs__maia3-argmax-book,29,"Maia3 1600 balanced, no book",Maia3 1600 argmax + book,1-0,checkmate,119,1600,1600,1.0,maia3-balanced-no-book__vs__maia3-argmax-book.pgn
maia3-balanced-no-book__vs__maia3-argmax-book-030,maia3-balanced-no-book__vs__maia3-argmax-book,30,Maia3 1600 argmax + book,"Maia3 1600 balanced, no book",1-0,checkmate,89,1600,1600,0.0,maia3-balanced-no-book__vs__maia3-argmax-book.pgn
maia3-balanced-no-book__vs__maia3-argmax-book-031,maia3-balanced-no-book__vs__maia3-argmax-book,31,"Maia3 1600 balanced, no book",Maia3 1600 argmax + book,1-0,checkmate,65,1600,1600,1.0,maia3-balanced-no-book__vs__maia3-argmax-book.pgn
maia3-balanced-no-book__vs__maia3-argmax-book-032,maia3-balanced-no-book__vs__maia3-argmax-book,32,Maia3 1600 argmax + book,"Maia3 1600 balanced, no book",1/2-1/2,threefold repetition,82,1600,1600,0.5,maia3-balanced-no-book__vs__maia3-argmax-book.pgn
maia3-balanced-no-book__vs__maia3-argmax-book-033,maia3-balanced-no-book__vs__maia3-argmax-book,33,"Maia3 1600 balanced, no book",Maia3 1600 argmax + book,1/2-1/2,threefold repetition,65,1600,1600,0.5,maia3-balanced-no-book__vs__maia3-argmax-book.pgn
maia3-balanced-no-book__vs__maia3-argmax-book-034,maia3-balanced-no-book__vs__maia3-argmax-book,34,Maia3 1600 argmax + book,"Maia3 1600 balanced, no book",1/2-1/2,threefold repetition,56,1600,1600,0.5,maia3-balanced-no-book__vs__maia3-argmax-book.pgn
maia3-balanced-no-book__vs__maia3-argmax-book-035,maia3-balanced-no-book__vs__maia3-argmax-book,35,"Maia3 1600 balanced, no book",Maia3 1600 argmax + book,0-1,checkmate,48,1600,1600,0.0,maia3-balanced-no-book__vs__maia3-argmax-book.pgn
maia3-balanced-no-book__vs__maia3-argmax-book-036,maia3-balanced-no-book__vs__maia3-argmax-book,36,Maia3 1600 argmax + book,"Maia3 1600 balanced, no book",1-0,checkmate,51,1600,1600,0.0,maia3-balanced-no-book__vs__maia3-argmax-book.pgn
maia3-balanced-no-book__vs__maia3-argmax-book-037,maia3-balanced-no-book__vs__maia3-argmax-book,37,"Maia3 1600 balanced, no book",Maia3 1600 argmax + book,0-1,checkmate,132,1600,1600,0.0,maia3-balanced-no-book__vs__maia3-argmax-book.pgn
maia3-balanced-no-book__vs__maia3-argmax-book-038,maia3-balanced-no-book__vs__maia3-argmax-book,38,Maia3 1600 argmax + book,"Maia3 1600 balanced, no book",1-0,checkmate,45,1600,1600,0.0,maia3-balanced-no-book__vs__maia3-argmax-book.pgn
maia3-balanced-no-book__vs__maia3-argmax-book-039,maia3-balanced-no-book__vs__maia3-argmax-book,39,"Maia3 1600 balanced, no book",Maia3 1600 argmax + book,1-0,checkmate,77,1600,1600,1.0,maia3-balanced-no-book__vs__maia3-argmax-book.pgn
maia3-balanced-no-book__vs__maia3-argmax-book-040,maia3-balanced-no-book__vs__maia3-argmax-book,40,Maia3 1600 argmax + book,"Maia3 1600 balanced, no book",1/2-1/2,insufficient material,132,1600,1600,0.5,maia3-balanced-no-book__vs__maia3-argmax-book.pgn
maia3-balanced-no-book__vs__maia3-argmax-book-041,maia3-balanced-no-book__vs__maia3-argmax-book,41,"Maia3 1600 balanced, no book",Maia3 1600 argmax + book,1-0,checkmate,141,1600,1600,1.0,maia3-balanced-no-book__vs__maia3-argmax-book.pgn
maia3-balanced-no-book__vs__maia3-argmax-book-042,maia3-balanced-no-book__vs__maia3-argmax-book,42,Maia3 1600 argmax + book,"Maia3 1600 balanced, no book",0-1,checkmate,94,1600,1600,1.0,maia3-balanced-no-book__vs__maia3-argmax-book.pgn
maia3-balanced-no-book__vs__maia3-argmax-book-043,maia3-balanced-no-book__vs__maia3-argmax-book,43,"Maia3 1600 balanced, no book",Maia3 1600 argmax + book,1-0,checkmate,75,1600,1600,1.0,maia3-balanced-no-book__vs__maia3-argmax-book.pgn
maia3-balanced-no-book__vs__maia3-argmax-book-044,maia3-balanced-no-book__vs__maia3-argmax-book,44,Maia3 1600 argmax + book,"Maia3 1600 balanced, no book",1/2-1/2,threefold repetition,56,1600,1600,0.5,maia3-balanced-no-book__vs__maia3-argmax-book.pgn
maia3-balanced-no-book__vs__maia3-argmax-book-045,maia3-balanced-no-book__vs__maia3-argmax-book,45,"Maia3 1600 balanced, no book",Maia3 1600 argmax + book,0-1,checkmate,74,1600,1600,0.0,maia3-balanced-no-book__vs__maia3-argmax-book.pgn
maia3-balanced-no-book__vs__maia3-argmax-book-046,maia3-balanced-no-book__vs__maia3-argmax-book,46,Maia3 1600 argmax + book,"Maia3 1600 balanced, no book",1-0,checkmate,115,1600,1600,0.0,maia3-balanced-no-book__vs__maia3-argmax-book.pgn
maia3-balanced-no-book__vs__maia3-argmax-book-047,maia3-balanced-no-book__vs__maia3-argmax-book,47,"Maia3 1600 balanced, no book",Maia3 1600 argmax + book,0-1,checkmate,92,1600,1600,0.0,maia3-balanced-no-book__vs__maia3-argmax-book.pgn
maia3-balanced-no-book__vs__maia3-argmax-book-048,maia3-balanced-no-book__vs__maia3-argmax-book,48,Maia3 1600 argmax + book,"Maia3 1600 balanced, no book",1-0,checkmate,55,1600,1600,0.0,maia3-balanced-no-book__vs__maia3-argmax-book.pgn
maia3-balanced-no-book__vs__maia3-argmax-book-049,maia3-balanced-no-book__vs__maia3-argmax-book,49,"Maia3 1600 balanced, no book",Maia3 1600 argmax + book,1/2-1/2,threefold repetition,21,1600,1600,0.5,maia3-balanced-no-book__vs__maia3-argmax-book.pgn
maia3-balanced-no-book__vs__maia3-argmax-book-050,maia3-balanced-no-book__vs__maia3-argmax-book,50,Maia3 1600 argmax + book,"Maia3 1600 balanced, no book",0-1,checkmate,78,1600,1600,1.0,maia3-balanced-no-book__vs__maia3-argmax-book.pgn
maia3-balanced-no-book__vs__maia3-argmax-book-051,maia3-balanced-no-book__vs__maia3-argmax-book,51,"Maia3 1600 balanced, no book",Maia3 1600 argmax + book,0-1,checkmate,102,1600,1600,0.0,maia3-balanced-no-book__vs__maia3-argmax-book.pgn
maia3-balanced-no-book__vs__maia3-argmax-book-052,maia3-balanced-no-book__vs__maia3-argmax-book,52,Maia3 1600 argmax + book,"Maia3 1600 balanced, no book",1-0,checkmate,83,1600,1600,0.0,maia3-balanced-no-book__vs__maia3-argmax-book.pgn
maia3-balanced-no-book__vs__maia3-argmax-book-053,maia3-balanced-no-book__vs__maia3-argmax-book,53,"Maia3 1600 balanced, no book",Maia3 1600 argmax + book,0-1,checkmate,76,1600,1600,0.0,maia3-balanced-no-book__vs__maia3-argmax-book.pgn
maia3-balanced-no-book__vs__maia3-argmax-book-054,maia3-balanced-no-book__vs__maia3-argmax-book,54,Maia3 1600 argmax + book,"Maia3 1600 balanced, no book",1/2-1/2,threefold repetition,77,1600,1600,0.5,maia3-balanced-no-book__vs__maia3-argmax-book.pgn
maia3-balanced-no-book__vs__maia3-argmax-book-055,maia3-balanced-no-book__vs__maia3-argmax-book,55,"Maia3 1600 balanced, no book",Maia3 1600 argmax + book,0-1,checkmate,134,1600,1600,0.0,maia3-balanced-no-book__vs__maia3-argmax-book.pgn
maia3-balanced-no-book__vs__maia3-argmax-book-056,maia3-balanced-no-book__vs__maia3-argmax-book,56,Maia3 1600 argmax + book,"Maia3 1600 balanced, no book",1/2-1/2,threefold repetition,65,1600,1600,0.5,maia3-balanced-no-book__vs__maia3-argmax-book.pgn
maia3-balanced-no-book__vs__maia3-argmax-book-057,maia3-balanced-no-book__vs__maia3-argmax-book,57,"Maia3 1600 balanced, no book",Maia3 1600 argmax + book,1-0,checkmate,59,1600,1600,1.0,maia3-balanced-no-book__vs__maia3-argmax-book.pgn
maia3-balanced-no-book__vs__maia3-argmax-book-058,maia3-balanced-no-book__vs__maia3-argmax-book,58,Maia3 1600 argmax + book,"Maia3 1600 balanced, no book",1-0,checkmate,87,1600,1600,0.0,maia3-balanced-no-book__vs__maia3-argmax-book.pgn
maia3-balanced-no-book__vs__maia3-argmax-book-059,maia3-balanced-no-book__vs__maia3-argmax-book,59,"Maia3 1600 balanced, no book",Maia3 1600 argmax + book,0-1,checkmate,112,1600,1600,0.0,maia3-balanced-no-book__vs__maia3-argmax-book.pgn
maia3-balanced-no-book__vs__maia3-argmax-book-060,maia3-balanced-no-book__vs__maia3-argmax-book,60,Maia3 1600 argmax + book,"Maia3 1600 balanced, no book",1/2-1/2,stalemate,127,1600,1600,0.5,maia3-balanced-no-book__vs__maia3-argmax-book.pgn
maia3-balanced-no-book__vs__maia3-argmax-book-061,maia3-balanced-no-book__vs__maia3-argmax-book,61,"Maia3 1600 balanced, no book",Maia3 1600 argmax + book,1-0,checkmate,73,1600,1600,1.0,maia3-balanced-no-book__vs__maia3-argmax-book.pgn
maia3-balanced-no-book__vs__maia3-argmax-book-062,maia3-balanced-no-book__vs__maia3-argmax-book,62,Maia3 1600 argmax + book,"Maia3 1600 balanced, no book",1-0,checkmate,93,1600,1600,0.0,maia3-balanced-no-book__vs__maia3-argmax-book.pgn
maia3-balanced-no-book__vs__maia3-argmax-book-063,maia3-balanced-no-book__vs__maia3-argmax-book,63,"Maia3 1600 balanced, no book",Maia3 1600 argmax + book,0-1,checkmate,64,1600,1600,0.0,maia3-balanced-no-book__vs__maia3-argmax-book.pgn
maia3-balanced-no-book__vs__maia3-argmax-book-064,maia3-balanced-no-book__vs__maia3-argmax-book,64,Maia3 1600 argmax + book,"Maia3 1600 balanced, no book",1-0,checkmate,103,1600,1600,0.0,maia3-balanced-no-book__vs__maia3-argmax-book.pgn
maia3-balanced-no-book__vs__maia3-argmax-book-065,maia3-balanced-no-book__vs__maia3-argmax-book,65,"Maia3 1600 balanced, no book",Maia3 1600 argmax + book,1-0,checkmate,43,1600,1600,1.0,maia3-balanced-no-book__vs__maia3-argmax-book.pgn
maia3-balanced-no-book__vs__maia3-argmax-book-066,maia3-balanced-no-book__vs__maia3-argmax-book,66,Maia3 1600 argmax + book,"Maia3 1600 balanced, no book",0-1,checkmate,38,1600,1600,1.0,maia3-balanced-no-book__vs__maia3-argmax-book.pgn
maia3-balanced-no-book__vs__maia3-argmax-book-067,maia3-balanced-no-book__vs__maia3-argmax-book,67,"Maia3 1600 balanced, no book",Maia3 1600 argmax + book,1-0,checkmate,57,1600,1600,1.0,maia3-balanced-no-book__vs__maia3-argmax-book.pgn
maia3-balanced-no-book__vs__maia3-argmax-book-068,maia3-balanced-no-book__vs__maia3-argmax-book,68,Maia3 1600 argmax + book,"Maia3 1600 balanced, no book",0-1,checkmate,48,1600,1600,1.0,maia3-balanced-no-book__vs__maia3-argmax-book.pgn
maia3-balanced-no-book__vs__maia3-argmax-book-069,maia3-balanced-no-book__vs__maia3-argmax-book,69,"Maia3 1600 balanced, no book",Maia3 1600 argmax + book,1/2-1/2,stalemate,111,1600,1600,0.5,maia3-balanced-no-book__vs__maia3-argmax-book.pgn
maia3-balanced-no-book__vs__maia3-argmax-book-070,maia3-balanced-no-book__vs__maia3-argmax-book,70,Maia3 1600 argmax + book,"Maia3 1600 balanced, no book",1-0,checkmate,129,1600,1600,0.0,maia3-balanced-no-book__vs__maia3-argmax-book.pgn
maia3-balanced-no-book__vs__maia3-argmax-book-071,maia3-balanced-no-book__vs__maia3-argmax-book,71,"Maia3 1600 balanced, no book",Maia3 1600 argmax + book,0-1,checkmate,82,1600,1600,0.0,maia3-balanced-no-book__vs__maia3-argmax-book.pgn
maia3-balanced-no-book__vs__maia3-argmax-book-072,maia3-balanced-no-book__vs__maia3-argmax-book,72,Maia3 1600 argmax + book,"Maia3 1600 balanced, no book",0-1,checkmate,140,1600,1600,1.0,maia3-balanced-no-book__vs__maia3-argmax-book.pgn
maia3-balanced-no-book__vs__maia3-argmax-book-073,maia3-balanced-no-book__vs__maia3-argmax-book,73,"Maia3 1600 balanced, no book",Maia3 1600 argmax + book,0-1,checkmate,76,1600,1600,0.0,maia3-balanced-no-book__vs__maia3-argmax-book.pgn
maia3-balanced-no-book__vs__maia3-argmax-book-074,maia3-balanced-no-book__vs__maia3-argmax-book,74,Maia3 1600 argmax + book,"Maia3 1600 balanced, no book",1/2-1/2,threefold repetition,97,1600,1600,0.5,maia3-balanced-no-book__vs__maia3-argmax-book.pgn
maia3-balanced-no-book__vs__maia3-argmax-book-075,maia3-balanced-no-book__vs__maia3-argmax-book,75,"Maia3 1600 balanced, no book",Maia3 1600 argmax + book,0-1,checkmate,66,1600,1600,0.0,maia3-balanced-no-book__vs__maia3-argmax-book.pgn
maia3-balanced-no-book__vs__maia3-argmax-book-076,maia3-balanced-no-book__vs__maia3-argmax-book,76,Maia3 1600 argmax + book,"Maia3 1600 balanced, no book",1-0,checkmate,93,1600,1600,0.0,maia3-balanced-no-book__vs__maia3-argmax-book.pgn
maia3-balanced-no-book__vs__maia3-argmax-book-077,maia3-balanced-no-book__vs__maia3-argmax-book,77,"Maia3 1600 balanced, no book",Maia3 1600 argmax + book,0-1,checkmate,130,1600,1600,0.0,maia3-balanced-no-book__vs__maia3-argmax-book.pgn
maia3-balanced-no-book__vs__maia3-argmax-book-078,maia3-balanced-no-book__vs__maia3-argmax-book,78,Maia3 1600 argmax + book,"Maia3 1600 balanced, no book",0-1,checkmate,108,1600,1600,1.0,maia3-balanced-no-book__vs__maia3-argmax-book.pgn
maia3-balanced-no-book__vs__maia3-argmax-book-079,maia3-balanced-no-book__vs__maia3-argmax-book,79,"Maia3 1600 balanced, no book",Maia3 1600 argmax + book,0-1,checkmate,64,1600,1600,0.0,maia3-balanced-no-book__vs__maia3-argmax-book.pgn
maia3-balanced-no-book__vs__maia3-argmax-book-080,maia3-balanced-no-book__vs__maia3-argmax-book,80,Maia3 1600 argmax + book,"Maia3 1600 balanced, no book",1-0,checkmate,105,1600,1600,0.0,maia3-balanced-no-book__vs__maia3-argmax-book.pgn
maia3-balanced-no-book__vs__maia3-argmax-book-081,maia3-balanced-no-book__vs__maia3-argmax-book,81,"Maia3 1600 balanced, no book",Maia3 1600 argmax + book,1-0,checkmate,39,1600,1600,1.0,maia3-balanced-no-book__vs__maia3-argmax-book.pgn
maia3-balanced-no-book__vs__maia3-argmax-book-082,maia3-balanced-no-book__vs__maia3-argmax-book,82,Maia3 1600 argmax + book,"Maia3 1600 balanced, no book",0-1,checkmate,100,1600,1600,1.0,maia3-balanced-no-book__vs__maia3-argmax-book.pgn
maia3-balanced-no-book__vs__maia3-argmax-book-083,maia3-balanced-no-book__vs__maia3-argmax-book,83,"Maia3 1600 balanced, no book",Maia3 1600 argmax + book,1-0,checkmate,37,1600,1600,1.0,maia3-balanced-no-book__vs__maia3-argmax-book.pgn
maia3-balanced-no-book__vs__maia3-argmax-book-084,maia3-balanced-no-book__vs__maia3-argmax-book,84,Maia3 1600 argmax + book,"Maia3 1600 balanced, no book",1-0,checkmate,61,1600,1600,0.0,maia3-balanced-no-book__vs__maia3-argmax-book.pgn
maia3-balanced-no-book__vs__maia3-argmax-book-085,maia3-balanced-no-book__vs__maia3-argmax-book,85,"Maia3 1600 balanced, no book",Maia3 1600 argmax + book,1-0,checkmate,119,1600,1600,1.0,maia3-balanced-no-book__vs__maia3-argmax-book.pgn
maia3-balanced-no-book__vs__maia3-argmax-book-086,maia3-balanced-no-book__vs__maia3-argmax-book,86,Maia3 1600 argmax + book,"Maia3 1600 balanced, no book",1/2-1/2,insufficient material,128,1600,1600,0.5,maia3-balanced-no-book__vs__maia3-argmax-book.pgn
maia3-balanced-no-book__vs__maia3-argmax-book-087,maia3-balanced-no-book__vs__maia3-argmax-book,87,"Maia3 1600 balanced, no book",Maia3 1600 argmax + book,0-1,checkmate,84,1600,1600,0.0,maia3-balanced-no-book__vs__maia3-argmax-book.pgn
maia3-balanced-no-book__vs__maia3-argmax-book-088,maia3-balanced-no-book__vs__maia3-argmax-book,88,Maia3 1600 argmax + book,"Maia3 1600 balanced, no book",1-0,checkmate,45,1600,1600,0.0,maia3-balanced-no-book__vs__maia3-argmax-book.pgn
maia3-balanced-no-book__vs__maia3-argmax-book-089,maia3-balanced-no-book__vs__maia3-argmax-book,89,"Maia3 1600 balanced, no book",Maia3 1600 argmax + book,0-1,checkmate,100,1600,1600,0.0,maia3-balanced-no-book__vs__maia3-argmax-book.pgn
maia3-balanced-no-book__vs__maia3-argmax-book-090,maia3-balanced-no-book__vs__maia3-argmax-book,90,Maia3 1600 argmax + book,"Maia3 1600 balanced, no book",0-1,checkmate,72,1600,1600,1.0,maia3-balanced-no-book__vs__maia3-argmax-book.pgn
maia3-balanced-no-book__vs__maia3-argmax-book-091,maia3-balanced-no-book__vs__maia3-argmax-book,91,"Maia3 1600 balanced, no book",Maia3 1600 argmax + book,0-1,checkmate,50,1600,1600,0.0,maia3-balanced-no-book__vs__maia3-argmax-book.pgn
maia3-balanced-no-book__vs__maia3-argmax-book-092,maia3-balanced-no-book__vs__maia3-argmax-book,92,Maia3 1600 argmax + book,"Maia3 1600 balanced, no book",1-0,checkmate,123,1600,1600,0.0,maia3-balanced-no-book__vs__maia3-argmax-book.pgn
maia3-balanced-no-book__vs__maia3-argmax-book-093,maia3-balanced-no-book__vs__maia3-argmax-book,93,"Maia3 1600 balanced, no book",Maia3 1600 argmax + book,0-1,checkmate,54,1600,1600,0.0,maia3-balanced-no-book__vs__maia3-argmax-book.pgn
maia3-balanced-no-book__vs__maia3-argmax-book-094,maia3-balanced-no-book__vs__maia3-argmax-book,94,Maia3 1600 argmax + book,"Maia3 1600 balanced, no book",1/2-1/2,threefold repetition,84,1600,1600,0.5,maia3-balanced-no-book__vs__maia3-argmax-book.pgn
maia3-balanced-no-book__vs__maia3-argmax-book-095,maia3-balanced-no-book__vs__maia3-argmax-book,95,"Maia3 1600 balanced, no book",Maia3 1600 argmax + book,1-0,checkmate,89,1600,1600,1.0,maia3-balanced-no-book__vs__maia3-argmax-book.pgn
maia3-balanced-no-book__vs__maia3-argmax-book-096,maia3-balanced-no-book__vs__maia3-argmax-book,96,Maia3 1600 argmax + book,"Maia3 1600 balanced, no book",1-0,checkmate,137,1600,1600,0.0,maia3-balanced-no-book__vs__maia3-argmax-book.pgn
maia3-balanced-no-book__vs__maia3-argmax-book-097,maia3-balanced-no-book__vs__maia3-argmax-book,97,"Maia3 1600 balanced, no book",Maia3 1600 argmax + book,1/2-1/2,threefold repetition,88,1600,1600,0.5,maia3-balanced-no-book__vs__maia3-argmax-book.pgn
maia3-balanced-no-book__vs__maia3-argmax-book-098,maia3-balanced-no-book__vs__maia3-argmax-book,98,Maia3 1600 argmax + book,"Maia3 1600 balanced, no book",1/2-1/2,stalemate,114,1600,1600,0.5,maia3-balanced-no-book__vs__maia3-argmax-book.pgn
maia3-balanced-no-book__vs__maia3-argmax-book-099,maia3-balanced-no-book__vs__maia3-argmax-book,99,"Maia3 1600 balanced, no book",Maia3 1600 argmax + book,1-0,checkmate,127,1600,1600,1.0,maia3-balanced-no-book__vs__maia3-argmax-book.pgn
maia3-balanced-no-book__vs__maia3-argmax-book-100,maia3-balanced-no-book__vs__maia3-argmax-book,100,Maia3 1600 argmax + book,"Maia3 1600 balanced, no book",1-0,checkmate,109,1600,1600,0.0,maia3-balanced-no-book__vs__maia3-argmax-book.pgn
maia3-balanced-no-book__vs__maia3-argmax-no-book-001,maia3-balanced-no-book__vs__maia3-argmax-no-book,1,"Maia3 1600 balanced, no book","Maia3 1600 argmax, no book",0-1,checkmate,94,1600,1600,0.0,maia3-balanced-no-book__vs__maia3-argmax-no-book.pgn
maia3-balanced-no-book__vs__maia3-argmax-no-book-002,maia3-balanced-no-book__vs__maia3-argmax-no-book,2,"Maia3 1600 argmax, no book","Maia3 1600 balanced, no book",1/2-1/2,threefold repetition,141,1600,1600,0.5,maia3-balanced-no-book__vs__maia3-argmax-no-book.pgn
maia3-balanced-no-book__vs__maia3-argmax-no-book-003,maia3-balanced-no-book__vs__maia3-argmax-no-book,3,"Maia3 1600 balanced, no book","Maia3 1600 argmax, no book",0-1,checkmate,66,1600,1600,0.0,maia3-balanced-no-book__vs__maia3-argmax-no-book.pgn
maia3-balanced-no-book__vs__maia3-argmax-no-book-004,maia3-balanced-no-book__vs__maia3-argmax-no-book,4,"Maia3 1600 argmax, no book","Maia3 1600 balanced, no book",0-1,checkmate,74,1600,1600,1.0,maia3-balanced-no-book__vs__maia3-argmax-no-book.pgn
maia3-balanced-no-book__vs__maia3-argmax-no-book-005,maia3-balanced-no-book__vs__maia3-argmax-no-book,5,"Maia3 1600 balanced, no book","Maia3 1600 argmax, no book",0-1,checkmate,124,1600,1600,0.0,maia3-balanced-no-book__vs__maia3-argmax-no-book.pgn
maia3-balanced-no-book__vs__maia3-argmax-no-book-006,maia3-balanced-no-book__vs__maia3-argmax-no-book,6,"Maia3 1600 argmax, no book","Maia3 1600 balanced, no book",1-0,checkmate,81,1600,1600,0.0,maia3-balanced-no-book__vs__maia3-argmax-no-book.pgn
maia3-balanced-no-book__vs__maia3-argmax-no-book-007,maia3-balanced-no-book__vs__maia3-argmax-no-book,7,"Maia3 1600 balanced, no book","Maia3 1600 argmax, no book",1-0,checkmate,39,1600,1600,1.0,maia3-balanced-no-book__vs__maia3-argmax-no-book.pgn
maia3-balanced-no-book__vs__maia3-argmax-no-book-008,maia3-balanced-no-book__vs__maia3-argmax-no-book,8,"Maia3 1600 argmax, no book","Maia3 1600 balanced, no book",1/2-1/2,threefold repetition,66,1600,1600,0.5,maia3-balanced-no-book__vs__maia3-argmax-no-book.pgn
maia3-balanced-no-book__vs__maia3-argmax-no-book-009,maia3-balanced-no-book__vs__maia3-argmax-no-book,9,"Maia3 1600 balanced, no book","Maia3 1600 argmax, no book",1-0,checkmate,39,1600,1600,1.0,maia3-balanced-no-book__vs__maia3-argmax-no-book.pgn
maia3-balanced-no-book__vs__maia3-argmax-no-book-010,maia3-balanced-no-book__vs__maia3-argmax-no-book,10,"Maia3 1600 argmax, no book","Maia3 1600 balanced, no book",0-1,checkmate,84,1600,1600,1.0,maia3-balanced-no-book__vs__maia3-argmax-no-book.pgn
maia3-balanced-no-book__vs__maia3-argmax-no-book-011,maia3-balanced-no-book__vs__maia3-argmax-no-book,11,"Maia3 1600 balanced, no book","Maia3 1600 argmax, no book",1-0,checkmate,81,1600,1600,1.0,maia3-balanced-no-book__vs__maia3-argmax-no-book.pgn
maia3-balanced-no-book__vs__maia3-argmax-no-book-012,maia3-balanced-no-book__vs__maia3-argmax-no-book,12,"Maia3 1600 argmax, no book","Maia3 1600 balanced, no book",1/2-1/2,threefold repetition,97,1600,1600,0.5,maia3-balanced-no-book__vs__maia3-argmax-no-book.pgn
maia3-balanced-no-book__vs__maia3-argmax-no-book-013,maia3-balanced-no-book__vs__maia3-argmax-no-book,13,"Maia3 1600 balanced, no book","Maia3 1600 argmax, no book",1/2-1/2,threefold repetition,54,1600,1600,0.5,maia3-balanced-no-book__vs__maia3-argmax-no-book.pgn
maia3-balanced-no-book__vs__maia3-argmax-no-book-014,maia3-balanced-no-book__vs__maia3-argmax-no-book,14,"Maia3 1600 argmax, no book","Maia3 1600 balanced, no book",1/2-1/2,threefold repetition,140,1600,1600,0.5,maia3-balanced-no-book__vs__maia3-argmax-no-book.pgn
maia3-balanced-no-book__vs__maia3-argmax-no-book-015,maia3-balanced-no-book__vs__maia3-argmax-no-book,15,"Maia3 1600 balanced, no book","Maia3 1600 argmax, no book",0-1,checkmate,112,1600,1600,0.0,maia3-balanced-no-book__vs__maia3-argmax-no-book.pgn
maia3-balanced-no-book__vs__maia3-argmax-no-book-016,maia3-balanced-no-book__vs__maia3-argmax-no-book,16,"Maia3 1600 argmax, no book","Maia3 1600 balanced, no book",1-0,checkmate,125,1600,1600,0.0,maia3-balanced-no-book__vs__maia3-argmax-no-book.pgn
maia3-balanced-no-book__vs__maia3-argmax-no-book-017,maia3-balanced-no-book__vs__maia3-argmax-no-book,17,"Maia3 1600 balanced, no book","Maia3 1600 argmax, no book",0-1,checkmate,72,1600,1600,0.0,maia3-balanced-no-book__vs__maia3-argmax-no-book.pgn
maia3-balanced-no-book__vs__maia3-argmax-no-book-018,maia3-balanced-no-book__vs__maia3-argmax-no-book,18,"Maia3 1600 argmax, no book","Maia3 1600 balanced, no book",1/2-1/2,threefold repetition,66,1600,1600,0.5,maia3-balanced-no-book__vs__maia3-argmax-no-book.pgn
maia3-balanced-no-book__vs__maia3-argmax-no-book-019,maia3-balanced-no-book__vs__maia3-argmax-no-book,19,"Maia3 1600 balanced, no book","Maia3 1600 argmax, no book",1-0,checkmate,41,1600,1600,1.0,maia3-balanced-no-book__vs__maia3-argmax-no-book.pgn
maia3-balanced-no-book__vs__maia3-argmax-no-book-020,maia3-balanced-no-book__vs__maia3-argmax-no-book,20,"Maia3 1600 argmax, no book","Maia3 1600 balanced, no book",1-0,checkmate,75,1600,1600,0.0,maia3-balanced-no-book__vs__maia3-argmax-no-book.pgn
maia3-balanced-no-book__vs__maia3-argmax-no-book-021,maia3-balanced-no-book__vs__maia3-argmax-no-book,21,"Maia3 1600 balanced, no book","Maia3 1600 argmax, no book",1-0,checkmate,93,1600,1600,1.0,maia3-balanced-no-book__vs__maia3-argmax-no-book.pgn
maia3-balanced-no-book__vs__maia3-argmax-no-book-022,maia3-balanced-no-book__vs__maia3-argmax-no-book,22,"Maia3 1600 argmax, no book","Maia3 1600 balanced, no book",0-1,checkmate,76,1600,1600,1.0,maia3-balanced-no-book__vs__maia3-argmax-no-book.pgn
maia3-balanced-no-book__vs__maia3-argmax-no-book-023,maia3-balanced-no-book__vs__maia3-argmax-no-book,23,"Maia3 1600 balanced, no book","Maia3 1600 argmax, no book",1-0,checkmate,85,1600,1600,1.0,maia3-balanced-no-book__vs__maia3-argmax-no-book.pgn
maia3-balanced-no-book__vs__maia3-argmax-no-book-024,maia3-balanced-no-book__vs__maia3-argmax-no-book,24,"Maia3 1600 argmax, no book","Maia3 1600 balanced, no book",0-1,checkmate,64,1600,1600,1.0,maia3-balanced-no-book__vs__maia3-argmax-no-book.pgn
maia3-balanced-no-book__vs__maia3-argmax-no-book-025,maia3-balanced-no-book__vs__maia3-argmax-no-book,25,"Maia3 1600 balanced, no book","Maia3 1600 argmax, no book",1-0,checkmate,97,1600,1600,1.0,maia3-balanced-no-book__vs__maia3-argmax-no-book.pgn
maia3-balanced-no-book__vs__maia3-argmax-no-book-026,maia3-balanced-no-book__vs__maia3-argmax-no-book,26,"Maia3 1600 argmax, no book","Maia3 1600 balanced, no book",1-0,checkmate,133,1600,1600,0.0,maia3-balanced-no-book__vs__maia3-argmax-no-book.pgn
maia3-balanced-no-book__vs__maia3-argmax-no-book-027,maia3-balanced-no-book__vs__maia3-argmax-no-book,27,"Maia3 1600 balanced, no book","Maia3 1600 argmax, no book",0-1,checkmate,110,1600,1600,0.0,maia3-balanced-no-book__vs__maia3-argmax-no-book.pgn
maia3-balanced-no-book__vs__maia3-argmax-no-book-028,maia3-balanced-no-book__vs__maia3-argmax-no-book,28,"Maia3 1600 argmax, no book","Maia3 1600 balanced, no book",0-1,checkmate,80,1600,1600,1.0,maia3-balanced-no-book__vs__maia3-argmax-no-book.pgn
maia3-balanced-no-book__vs__maia3-argmax-no-book-029,maia3-balanced-no-book__vs__maia3-argmax-no-book,29,"Maia3 1600 balanced, no book","Maia3 1600 argmax, no book",1-0,checkmate,117,1600,1600,1.0,maia3-balanced-no-book__vs__maia3-argmax-no-book.pgn
maia3-balanced-no-book__vs__maia3-argmax-no-book-030,maia3-balanced-no-book__vs__maia3-argmax-no-book,30,"Maia3 1600 argmax, no book","Maia3 1600 balanced, no book",1-0,checkmate,61,1600,1600,0.0,maia3-balanced-no-book__vs__maia3-argmax-no-book.pgn
maia3-balanced-no-book__vs__maia3-argmax-no-book-031,maia3-balanced-no-book__vs__maia3-argmax-no-book,31,"Maia3 1600 balanced, no book","Maia3 1600 argmax, no book",0-1,checkmate,82,1600,1600,0.0,maia3-balanced-no-book__vs__maia3-argmax-no-book.pgn
maia3-balanced-no-book__vs__maia3-argmax-no-book-032,maia3-balanced-no-book__vs__maia3-argmax-no-book,32,"Maia3 1600 argmax, no book","Maia3 1600 balanced, no book",1-0,checkmate,43,1600,1600,0.0,maia3-balanced-no-book__vs__maia3-argmax-no-book.pgn
maia3-balanced-no-book__vs__maia3-argmax-no-book-033,maia3-balanced-no-book__vs__maia3-argmax-no-book,33,"Maia3 1600 balanced, no book","Maia3 1600 argmax, no book",1-0,checkmate,101,1600,1600,1.0,maia3-balanced-no-book__vs__maia3-argmax-no-book.pgn
maia3-balanced-no-book__vs__maia3-argmax-no-book-034,maia3-balanced-no-book__vs__maia3-argmax-no-book,34,"Maia3 1600 argmax, no book","Maia3 1600 balanced, no book",0-1,checkmate,136,1600,1600,1.0,maia3-balanced-no-book__vs__maia3-argmax-no-book.pgn
maia3-balanced-no-book__vs__maia3-argmax-no-book-035,maia3-balanced-no-book__vs__maia3-argmax-no-book,35,"Maia3 1600 balanced, no book","Maia3 1600 argmax, no book",0-1,checkmate,118,1600,1600,0.0,maia3-balanced-no-book__vs__maia3-argmax-no-book.pgn
maia3-balanced-no-book__vs__maia3-argmax-no-book-036,maia3-balanced-no-book__vs__maia3-argmax-no-book,36,"Maia3 1600 argmax, no book","Maia3 1600 balanced, no book",1-0,checkmate,121,1600,1600,0.0,maia3-balanced-no-book__vs__maia3-argmax-no-book.pgn
maia3-balanced-no-book__vs__maia3-argmax-no-book-037,maia3-balanced-no-book__vs__maia3-argmax-no-book,37,"Maia3 1600 balanced, no book","Maia3 1600 argmax, no book",0-1,checkmate,114,1600,1600,0.0,maia3-balanced-no-book__vs__maia3-argmax-no-book.pgn
maia3-balanced-no-book__vs__maia3-argmax-no-book-038,maia3-balanced-no-book__vs__maia3-argmax-no-book,38,"Maia3 1600 argmax, no book","Maia3 1600 balanced, no book",1/2-1/2,threefold repetition,90,1600,1600,0.5,maia3-balanced-no-book__vs__maia3-argmax-no-book.pgn
maia3-balanced-no-book__vs__maia3-argmax-no-book-039,maia3-balanced-no-book__vs__maia3-argmax-no-book,39,"Maia3 1600 balanced, no book","Maia3 1600 argmax, no book",1-0,checkmate,85,1600,1600,1.0,maia3-balanced-no-book__vs__maia3-argmax-no-book.pgn
maia3-balanced-no-book__vs__maia3-argmax-no-book-040,maia3-balanced-no-book__vs__maia3-argmax-no-book,40,"Maia3 1600 argmax, no book","Maia3 1600 balanced, no book",1/2-1/2,threefold repetition,99,1600,1600,0.5,maia3-balanced-no-book__vs__maia3-argmax-no-book.pgn
maia3-balanced-no-book__vs__maia3-argmax-no-book-041,maia3-balanced-no-book__vs__maia3-argmax-no-book,41,"Maia3 1600 balanced, no book","Maia3 1600 argmax, no book",1-0,checkmate,45,1600,1600,1.0,maia3-balanced-no-book__vs__maia3-argmax-no-book.pgn
maia3-balanced-no-book__vs__maia3-argmax-no-book-042,maia3-balanced-no-book__vs__maia3-argmax-no-book,42,"Maia3 1600 argmax, no book","Maia3 1600 balanced, no book",0-1,checkmate,68,1600,1600,1.0,maia3-balanced-no-book__vs__maia3-argmax-no-book.pgn
maia3-balanced-no-book__vs__maia3-argmax-no-book-043,maia3-balanced-no-book__vs__maia3-argmax-no-book,43,"Maia3 1600 balanced, no book","Maia3 1600 argmax, no book",0-1,checkmate,70,1600,1600,0.0,maia3-balanced-no-book__vs__maia3-argmax-no-book.pgn
maia3-balanced-no-book__vs__maia3-argmax-no-book-044,maia3-balanced-no-book__vs__maia3-argmax-no-book,44,"Maia3 1600 argmax, no book","Maia3 1600 balanced, no book",1/2-1/2,threefold repetition,172,1600,1600,0.5,maia3-balanced-no-book__vs__maia3-argmax-no-book.pgn
maia3-balanced-no-book__vs__maia3-argmax-no-book-045,maia3-balanced-no-book__vs__maia3-argmax-no-book,45,"Maia3 1600 balanced, no book","Maia3 1600 argmax, no book",1-0,checkmate,49,1600,1600,1.0,maia3-balanced-no-book__vs__maia3-argmax-no-book.pgn
maia3-balanced-no-book__vs__maia3-argmax-no-book-046,maia3-balanced-no-book__vs__maia3-argmax-no-book,46,"Maia3 1600 argmax, no book","Maia3 1600 balanced, no book",1-0,checkmate,47,1600,1600,0.0,maia3-balanced-no-book__vs__maia3-argmax-no-book.pgn
maia3-balanced-no-book__vs__maia3-argmax-no-book-047,maia3-balanced-no-book__vs__maia3-argmax-no-book,47,"Maia3 1600 balanced, no book","Maia3 1600 argmax, no book",1-0,checkmate,81,1600,1600,1.0,maia3-balanced-no-book__vs__maia3-argmax-no-book.pgn
maia3-balanced-no-book__vs__maia3-argmax-no-book-048,maia3-balanced-no-book__vs__maia3-argmax-no-book,48,"Maia3 1600 argmax, no book","Maia3 1600 balanced, no book",1-0,checkmate,47,1600,1600,0.0,maia3-balanced-no-book__vs__maia3-argmax-no-book.pgn
maia3-balanced-no-book__vs__maia3-argmax-no-book-049,maia3-balanced-no-book__vs__maia3-argmax-no-book,49,"Maia3 1600 balanced, no book","Maia3 1600 argmax, no book",1/2-1/2,threefold repetition,116,1600,1600,0.5,maia3-balanced-no-book__vs__maia3-argmax-no-book.pgn
maia3-balanced-no-book__vs__maia3-argmax-no-book-050,maia3-balanced-no-book__vs__maia3-argmax-no-book,50,"Maia3 1600 argmax, no book","Maia3 1600 balanced, no book",1-0,checkmate,87,1600,1600,0.0,maia3-balanced-no-book__vs__maia3-argmax-no-book.pgn
maia3-balanced-no-book__vs__maia3-argmax-no-book-051,maia3-balanced-no-book__vs__maia3-argmax-no-book,51,"Maia3 1600 balanced, no book","Maia3 1600 argmax, no book",1-0,checkmate,65,1600,1600,1.0,maia3-balanced-no-book__vs__maia3-argmax-no-book.pgn
maia3-balanced-no-book__vs__maia3-argmax-no-book-052,maia3-balanced-no-book__vs__maia3-argmax-no-book,52,"Maia3 1600 argmax, no book","Maia3 1600 balanced, no book",1-0,checkmate,117,1600,1600,0.0,maia3-balanced-no-book__vs__maia3-argmax-no-book.pgn
maia3-balanced-no-book__vs__maia3-argmax-no-book-053,maia3-balanced-no-book__vs__maia3-argmax-no-book,53,"Maia3 1600 balanced, no book","Maia3 1600 argmax, no book",1-0,checkmate,43,1600,1600,1.0,maia3-balanced-no-book__vs__maia3-argmax-no-book.pgn
maia3-balanced-no-book__vs__maia3-argmax-no-book-054,maia3-balanced-no-book__vs__maia3-argmax-no-book,54,"Maia3 1600 argmax, no book","Maia3 1600 balanced, no book",0-1,checkmate,58,1600,1600,1.0,maia3-balanced-no-book__vs__maia3-argmax-no-book.pgn
maia3-balanced-no-book__vs__maia3-argmax-no-book-055,maia3-balanced-no-book__vs__maia3-argmax-no-book,55,"Maia3 1600 balanced, no book","Maia3 1600 argmax, no book",0-1,checkmate,138,1600,1600,0.0,maia3-balanced-no-book__vs__maia3-argmax-no-book.pgn
maia3-balanced-no-book__vs__maia3-argmax-no-book-056,maia3-balanced-no-book__vs__maia3-argmax-no-book,56,"Maia3 1600 argmax, no book","Maia3 1600 balanced, no book",0-1,checkmate,68,1600,1600,1.0,maia3-balanced-no-book__vs__maia3-argmax-no-book.pgn
maia3-balanced-no-book__vs__maia3-argmax-no-book-057,maia3-balanced-no-book__vs__maia3-argmax-no-book,57,"Maia3 1600 balanced, no book","Maia3 1600 argmax, no book",1-0,checkmate,87,1600,1600,1.0,maia3-balanced-no-book__vs__maia3-argmax-no-book.pgn
maia3-balanced-no-book__vs__maia3-argmax-no-book-058,maia3-balanced-no-book__vs__maia3-argmax-no-book,58,"Maia3 1600 argmax, no book","Maia3 1600 balanced, no book",0-1,checkmate,112,1600,1600,1.0,maia3-balanced-no-book__vs__maia3-argmax-no-book.pgn
maia3-balanced-no-book__vs__maia3-argmax-no-book-059,maia3-balanced-no-book__vs__maia3-argmax-no-book,59,"Maia3 1600 balanced, no book","Maia3 1600 argmax, no book",1/2-1/2,threefold repetition,85,1600,1600,0.5,maia3-balanced-no-book__vs__maia3-argmax-no-book.pgn
maia3-balanced-no-book__vs__maia3-argmax-no-book-060,maia3-balanced-no-book__vs__maia3-argmax-no-book,60,"Maia3 1600 argmax, no book","Maia3 1600 balanced, no book",1/2-1/2,threefold repetition,51,1600,1600,0.5,maia3-balanced-no-book__vs__maia3-argmax-no-book.pgn
maia3-balanced-no-book__vs__maia3-argmax-no-book-061,maia3-balanced-no-book__vs__maia3-argmax-no-book,61,"Maia3 1600 balanced, no book","Maia3 1600 argmax, no book",1-0,checkmate,121,1600,1600,1.0,maia3-balanced-no-book__vs__maia3-argmax-no-book.pgn
maia3-balanced-no-book__vs__maia3-argmax-no-book-062,maia3-balanced-no-book__vs__maia3-argmax-no-book,62,"Maia3 1600 argmax, no book","Maia3 1600 balanced, no book",1-0,checkmate,165,1600,1600,0.0,maia3-balanced-no-book__vs__maia3-argmax-no-book.pgn
maia3-balanced-no-book__vs__maia3-argmax-no-book-063,maia3-balanced-no-book__vs__maia3-argmax-no-book,63,"Maia3 1600 balanced, no book","Maia3 1600 argmax, no book",1-0,checkmate,101,1600,1600,1.0,maia3-balanced-no-book__vs__maia3-argmax-no-book.pgn
maia3-balanced-no-book__vs__maia3-argmax-no-book-064,maia3-balanced-no-book__vs__maia3-argmax-no-book,64,"Maia3 1600 argmax, no book","Maia3 1600 balanced, no book",0-1,checkmate,88,1600,1600,1.0,maia3-balanced-no-book__vs__maia3-argmax-no-book.pgn
maia3-balanced-no-book__vs__maia3-argmax-no-book-065,maia3-balanced-no-book__vs__maia3-argmax-no-book,65,"Maia3 1600 balanced, no book","Maia3 1600 argmax, no book",1-0,checkmate,47,1600,1600,1.0,maia3-balanced-no-book__vs__maia3-argmax-no-book.pgn
maia3-balanced-no-book__vs__maia3-argmax-no-book-066,maia3-balanced-no-book__vs__maia3-argmax-no-book,66,"Maia3 1600 argmax, no book","Maia3 1600 balanced, no book",1/2-1/2,threefold repetition,58,1600,1600,0.5,maia3-balanced-no-book__vs__maia3-argmax-no-book.pgn
maia3-balanced-no-book__vs__maia3-argmax-no-book-067,maia3-balanced-no-book__vs__maia3-argmax-no-book,67,"Maia3 1600 balanced, no book","Maia3 1600 argmax, no book",0-1,checkmate,76,1600,1600,0.0,maia3-balanced-no-book__vs__maia3-argmax-no-book.pgn
maia3-balanced-no-book__vs__maia3-argmax-no-book-068,maia3-balanced-no-book__vs__maia3-argmax-no-book,68,"Maia3 1600 argmax, no book","Maia3 1600 balanced, no book",1-0,checkmate,107,1600,1600,0.0,maia3-balanced-no-book__vs__maia3-argmax-no-book.pgn
maia3-balanced-no-book__vs__maia3-argmax-no-book-069,maia3-balanced-no-book__vs__maia3-argmax-no-book,69,"Maia3 1600 balanced, no book","Maia3 1600 argmax, no book",1-0,checkmate,85,1600,1600,1.0,maia3-balanced-no-book__vs__maia3-argmax-no-book.pgn
maia3-balanced-no-book__vs__maia3-argmax-no-book-070,maia3-balanced-no-book__vs__maia3-argmax-no-book,70,"Maia3 1600 argmax, no book","Maia3 1600 balanced, no book",0-1,checkmate,70,1600,1600,1.0,maia3-balanced-no-book__vs__maia3-argmax-no-book.pgn
maia3-balanced-no-book__vs__maia3-argmax-no-book-071,maia3-balanced-no-book__vs__maia3-argmax-no-book,71,"Maia3 1600 balanced, no book","Maia3 1600 argmax, no book",1-0,checkmate,41,1600,1600,1.0,maia3-balanced-no-book__vs__maia3-argmax-no-book.pgn
maia3-balanced-no-book__vs__maia3-argmax-no-book-072,maia3-balanced-no-book__vs__maia3-argmax-no-book,72,"Maia3 1600 argmax, no book","Maia3 1600 balanced, no book",1-0,checkmate,127,1600,1600,0.0,maia3-balanced-no-book__vs__maia3-argmax-no-book.pgn
maia3-balanced-no-book__vs__maia3-argmax-no-book-073,maia3-balanced-no-book__vs__maia3-argmax-no-book,73,"Maia3 1600 balanced, no book","Maia3 1600 argmax, no book",0-1,checkmate,112,1600,1600,0.0,maia3-balanced-no-book__vs__maia3-argmax-no-book.pgn
maia3-balanced-no-book__vs__maia3-argmax-no-book-074,maia3-balanced-no-book__vs__maia3-argmax-no-book,74,"Maia3 1600 argmax, no book","Maia3 1600 balanced, no book",0-1,checkmate,78,1600,1600,1.0,maia3-balanced-no-book__vs__maia3-argmax-no-book.pgn
maia3-balanced-no-book__vs__maia3-argmax-no-book-075,maia3-balanced-no-book__vs__maia3-argmax-no-book,75,"Maia3 1600 balanced, no book","Maia3 1600 argmax, no book",0-1,checkmate,54,1600,1600,0.0,maia3-balanced-no-book__vs__maia3-argmax-no-book.pgn
maia3-balanced-no-book__vs__maia3-argmax-no-book-076,maia3-balanced-no-book__vs__maia3-argmax-no-book,76,"Maia3 1600 argmax, no book","Maia3 1600 balanced, no book",1-0,checkmate,61,1600,1600,0.0,maia3-balanced-no-book__vs__maia3-argmax-no-book.pgn
maia3-balanced-no-book__vs__maia3-argmax-no-book-077,maia3-balanced-no-book__vs__maia3-argmax-no-book,77,"Maia3 1600 balanced, no book","Maia3 1600 argmax, no book",1-0,checkmate,43,1600,1600,1.0,maia3-balanced-no-book__vs__maia3-argmax-no-book.pgn
maia3-balanced-no-book__vs__maia3-argmax-no-book-078,maia3-balanced-no-book__vs__maia3-argmax-no-book,78,"Maia3 1600 argmax, no book","Maia3 1600 balanced, no book",1-0,checkmate,143,1600,1600,0.0,maia3-balanced-no-book__vs__maia3-argmax-no-book.pgn
maia3-balanced-no-book__vs__maia3-argmax-no-book-079,maia3-balanced-no-book__vs__maia3-argmax-no-book,79,"Maia3 1600 balanced, no book","Maia3 1600 argmax, no book",1-0,checkmate,77,1600,1600,1.0,maia3-balanced-no-book__vs__maia3-argmax-no-book.pgn
maia3-balanced-no-book__vs__maia3-argmax-no-book-080,maia3-balanced-no-book__vs__maia3-argmax-no-book,80,"Maia3 1600 argmax, no book","Maia3 1600 balanced, no book",0-1,checkmate,82,1600,1600,1.0,maia3-balanced-no-book__vs__maia3-argmax-no-book.pgn
maia3-balanced-no-book__vs__maia3-argmax-no-book-081,maia3-balanced-no-book__vs__maia3-argmax-no-book,81,"Maia3 1600 balanced, no book","Maia3 1600 argmax, no book",1-0,checkmate,87,1600,1600,1.0,maia3-balanced-no-book__vs__maia3-argmax-no-book.pgn
maia3-balanced-no-book__vs__maia3-argmax-no-book-082,maia3-balanced-no-book__vs__maia3-argmax-no-book,82,"Maia3 1600 argmax, no book","Maia3 1600 balanced, no book",1-0,checkmate,69,1600,1600,0.0,maia3-balanced-no-book__vs__maia3-argmax-no-book.pgn
maia3-balanced-no-book__vs__maia3-argmax-no-book-083,maia3-balanced-no-book__vs__maia3-argmax-no-book,83,"Maia3 1600 balanced, no book","Maia3 1600 argmax, no book",1-0,checkmate,81,1600,1600,1.0,maia3-balanced-no-book__vs__maia3-argmax-no-book.pgn
maia3-balanced-no-book__vs__maia3-argmax-no-book-084,maia3-balanced-no-book__vs__maia3-argmax-no-book,84,"Maia3 1600 argmax, no book","Maia3 1600 balanced, no book",1-0,checkmate,139,1600,1600,0.0,maia3-balanced-no-book__vs__maia3-argmax-no-book.pgn
maia3-balanced-no-book__vs__maia3-argmax-no-book-085,maia3-balanced-no-book__vs__maia3-argmax-no-book,85,"Maia3 1600 balanced, no book","Maia3 1600 argmax, no book",1-0,checkmate,41,1600,1600,1.0,maia3-balanced-no-book__vs__maia3-argmax-no-book.pgn
maia3-balanced-no-book__vs__maia3-argmax-no-book-086,maia3-balanced-no-book__vs__maia3-argmax-no-book,86,"Maia3 1600 argmax, no book","Maia3 1600 balanced, no book",1-0,checkmate,87,1600,1600,0.0,maia3-balanced-no-book__vs__maia3-argmax-no-book.pgn
maia3-balanced-no-book__vs__maia3-argmax-no-book-087,maia3-balanced-no-book__vs__maia3-argmax-no-book,87,"Maia3 1600 balanced, no book","Maia3 1600 argmax, no book",1-0,checkmate,81,1600,1600,1.0,maia3-balanced-no-book__vs__maia3-argmax-no-book.pgn
maia3-balanced-no-book__vs__maia3-argmax-no-book-088,maia3-balanced-no-book__vs__maia3-argmax-no-book,88,"Maia3 1600 argmax, no book","Maia3 1600 balanced, no book",1/2-1/2,threefold repetition,82,1600,1600,0.5,maia3-balanced-no-book__vs__maia3-argmax-no-book.pgn
maia3-balanced-no-book__vs__maia3-argmax-no-book-089,maia3-balanced-no-book__vs__maia3-argmax-no-book,89,"Maia3 1600 balanced, no book","Maia3 1600 argmax, no book",1/2-1/2,stalemate,84,1600,1600,0.5,maia3-balanced-no-book__vs__maia3-argmax-no-book.pgn
maia3-balanced-no-book__vs__maia3-argmax-no-book-090,maia3-balanced-no-book__vs__maia3-argmax-no-book,90,"Maia3 1600 argmax, no book","Maia3 1600 balanced, no book",1/2-1/2,insufficient material,132,1600,1600,0.5,maia3-balanced-no-book__vs__maia3-argmax-no-book.pgn
maia3-balanced-no-book__vs__maia3-argmax-no-book-091,maia3-balanced-no-book__vs__maia3-argmax-no-book,91,"Maia3 1600 balanced, no book","Maia3 1600 argmax, no book",0-1,checkmate,64,1600,1600,0.0,maia3-balanced-no-book__vs__maia3-argmax-no-book.pgn
maia3-balanced-no-book__vs__maia3-argmax-no-book-092,maia3-balanced-no-book__vs__maia3-argmax-no-book,92,"Maia3 1600 argmax, no book","Maia3 1600 balanced, no book",0-1,checkmate,102,1600,1600,1.0,maia3-balanced-no-book__vs__maia3-argmax-no-book.pgn
maia3-balanced-no-book__vs__maia3-argmax-no-book-093,maia3-balanced-no-book__vs__maia3-argmax-no-book,93,"Maia3 1600 balanced, no book","Maia3 1600 argmax, no book",0-1,checkmate,52,1600,1600,0.0,maia3-balanced-no-book__vs__maia3-argmax-no-book.pgn
maia3-balanced-no-book__vs__maia3-argmax-no-book-094,maia3-balanced-no-book__vs__maia3-argmax-no-book,94,"Maia3 1600 argmax, no book","Maia3 1600 balanced, no book",1-0,checkmate,77,1600,1600,0.0,maia3-balanced-no-book__vs__maia3-argmax-no-book.pgn
maia3-balanced-no-book__vs__maia3-argmax-no-book-095,maia3-balanced-no-book__vs__maia3-argmax-no-book,95,"Maia3 1600 balanced, no book","Maia3 1600 argmax, no book",1-0,checkmate,43,1600,1600,1.0,maia3-balanced-no-book__vs__maia3-argmax-no-book.pgn
maia3-balanced-no-book__vs__maia3-argmax-no-book-096,maia3-balanced-no-book__vs__maia3-argmax-no-book,96,"Maia3 1600 argmax, no book","Maia3 1600 balanced, no book",0-1,checkmate,70,1600,1600,1.0,maia3-balanced-no-book__vs__maia3-argmax-no-book.pgn
maia3-balanced-no-book__vs__maia3-argmax-no-book-097,maia3-balanced-no-book__vs__maia3-argmax-no-book,97,"Maia3 1600 balanced, no book","Maia3 1600 argmax, no book",0-1,checkmate,130,1600,1600,0.0,maia3-balanced-no-book__vs__maia3-argmax-no-book.pgn
maia3-balanced-no-book__vs__maia3-argmax-no-book-098,maia3-balanced-no-book__vs__maia3-argmax-no-book,98,"Maia3 1600 argmax, no book","Maia3 1600 balanced, no book",1/2-1/2,threefold repetition,102,1600,1600,0.5,maia3-balanced-no-book__vs__maia3-argmax-no-book.pgn
maia3-balanced-no-book__vs__maia3-argmax-no-book-099,maia3-balanced-no-book__vs__maia3-argmax-no-book,99,"Maia3 1600 balanced, no book","Maia3 1600 argmax, no book",1-0,checkmate,143,1600,1600,1.0,maia3-balanced-no-book__vs__maia3-argmax-no-book.pgn
maia3-balanced-no-book__vs__maia3-argmax-no-book-100,maia3-balanced-no-book__vs__maia3-argmax-no-book,100,"Maia3 1600 argmax, no book","Maia3 1600 balanced, no book",1-0,checkmate,133,1600,1600,0.0,maia3-balanced-no-book__vs__maia3-argmax-no-book.pgn
