matchup,round,opening_index,low_player,high_player,low_rating,high_rating,low_color,white,black,white_elo,black_elo,result,low_score,termination,plies,full_moves,config_hash,opening_suite,source_pgn
maia3-1600__vs__maia3-2100,1,1,MAIA3 1600,MAIA3 2100,1600,2100,White,MAIA3 1600,MAIA3 2100,1600,2100,0-1,0.0,checkmate,74,37,1e291f3bf1c4180d559b85da91adb80d50b072d9681173eb1b49984378831a62,maia-relative-strength-100.pgn,maia3-1600__vs__maia3-2100.pgn
maia3-1600__vs__maia3-2100,2,1,MAIA3 1600,MAIA3 2100,1600,2100,Black,MAIA3 2100,MAIA3 1600,2100,1600,1-0,0.0,checkmate,51,26,1e291f3bf1c4180d559b85da91adb80d50b072d9681173eb1b49984378831a62,maia-relative-strength-100.pgn,maia3-1600__vs__maia3-2100.pgn
maia3-1600__vs__maia3-2100,3,2,MAIA3 1600,MAIA3 2100,1600,2100,White,MAIA3 1600,MAIA3 2100,1600,2100,0-1,0.0,checkmate,92,46,1e291f3bf1c4180d559b85da91adb80d50b072d9681173eb1b49984378831a62,maia-relative-strength-100.pgn,maia3-1600__vs__maia3-2100.pgn
maia3-1600__vs__maia3-2100,4,2,MAIA3 1600,MAIA3 2100,1600,2100,Black,MAIA3 2100,MAIA3 1600,2100,1600,1-0,0.0,checkmate,67,34,1e291f3bf1c4180d559b85da91adb80d50b072d9681173eb1b49984378831a62,maia-relative-strength-100.pgn,maia3-1600__vs__maia3-2100.pgn
maia3-1600__vs__maia3-2100,5,3,MAIA3 1600,MAIA3 2100,1600,2100,White,MAIA3 1600,MAIA3 2100,1600,2100,1/2-1/2,0.5,threefold repetition,77,39,1e291f3bf1c4180d559b85da91adb80d50b072d9681173eb1b49984378831a62,maia-relative-strength-100.pgn,maia3-1600__vs__maia3-2100.pgn
maia3-1600__vs__maia3-2100,6,3,MAIA3 1600,MAIA3 2100,1600,2100,Black,MAIA3 2100,MAIA3 1600,2100,1600,1-0,0.0,checkmate,43,22,1e291f3bf1c4180d559b85da91adb80d50b072d9681173eb1b49984378831a62,maia-relative-strength-100.pgn,maia3-1600__vs__maia3-2100.pgn
maia3-1600__vs__maia3-2100,7,4,MAIA3 1600,MAIA3 2100,1600,2100,White,MAIA3 1600,MAIA3 2100,1600,2100,0-1,0.0,checkmate,84,42,1e291f3bf1c4180d559b85da91adb80d50b072d9681173eb1b49984378831a62,maia-relative-strength-100.pgn,maia3-1600__vs__maia3-2100.pgn
maia3-1600__vs__maia3-2100,8,4,MAIA3 1600,MAIA3 2100,1600,2100,Black,MAIA3 2100,MAIA3 1600,2100,1600,1-0,0.0,checkmate,55,28,1e291f3bf1c4180d559b85da91adb80d50b072d9681173eb1b49984378831a62,maia-relative-strength-100.pgn,maia3-1600__vs__maia3-2100.pgn
maia3-1600__vs__maia3-2100,9,5,MAIA3 1600,MAIA3 2100,1600,2100,White,MAIA3 1600,MAIA3 2100,1600,2100,0-1,0.0,checkmate,26,13,1e291f3bf1c4180d559b85da91adb80d50b072d9681173eb1b49984378831a62,maia-relative-strength-100.pgn,maia3-1600__vs__maia3-2100.pgn
maia3-1600__vs__maia3-2100,10,5,MAIA3 1600,MAIA3 2100,1600,2100,Black,MAIA3 2100,MAIA3 1600,2100,1600,1/2-1/2,0.5,threefold repetition,98,49,1e291f3bf1c4180d559b85da91adb80d50b072d9681173eb1b49984378831a62,maia-relative-strength-100.pgn,maia3-1600__vs__maia3-2100.pgn
maia3-1600__vs__maia3-2100,11,6,MAIA3 1600,MAIA3 2100,1600,2100,White,MAIA3 1600,MAIA3 2100,1600,2100,0-1,0.0,checkmate,76,38,1e291f3bf1c4180d559b85da91adb80d50b072d9681173eb1b49984378831a62,maia-relative-strength-100.pgn,maia3-1600__vs__maia3-2100.pgn
maia3-1600__vs__maia3-2100,12,6,MAIA3 1600,MAIA3 2100,1600,2100,Black,MAIA3 2100,MAIA3 1600,2100,1600,1-0,0.0,checkmate,31,16,1e291f3bf1c4180d559b85da91adb80d50b072d9681173eb1b49984378831a62,maia-relative-strength-100.pgn,maia3-1600__vs__maia3-2100.pgn
maia3-1600__vs__maia3-2100,13,7,MAIA3 1600,MAIA3 2100,1600,2100,White,MAIA3 1600,MAIA3 2100,1600,2100,0-1,0.0,checkmate,64,32,1e291f3bf1c4180d559b85da91adb80d50b072d9681173eb1b49984378831a62,maia-relative-strength-100.pgn,maia3-1600__vs__maia3-2100.pgn
maia3-1600__vs__maia3-2100,14,7,MAIA3 1600,MAIA3 2100,1600,2100,Black,MAIA3 2100,MAIA3 1600,2100,1600,1-0,0.0,checkmate,45,23,1e291f3bf1c4180d559b85da91adb80d50b072d9681173eb1b49984378831a62,maia-relative-strength-100.pgn,maia3-1600__vs__maia3-2100.pgn
maia3-1600__vs__maia3-2100,15,8,MAIA3 1600,MAIA3 2100,1600,2100,White,MAIA3 1600,MAIA3 2100,1600,2100,0-1,0.0,checkmate,112,56,1e291f3bf1c4180d559b85da91adb80d50b072d9681173eb1b49984378831a62,maia-relative-strength-100.pgn,maia3-1600__vs__maia3-2100.pgn
maia3-1600__vs__maia3-2100,16,8,MAIA3 1600,MAIA3 2100,1600,2100,Black,MAIA3 2100,MAIA3 1600,2100,1600,1-0,0.0,checkmate,51,26,1e291f3bf1c4180d559b85da91adb80d50b072d9681173eb1b49984378831a62,maia-relative-strength-100.pgn,maia3-1600__vs__maia3-2100.pgn
maia3-1600__vs__maia3-2100,17,9,MAIA3 1600,MAIA3 2100,1600,2100,White,MAIA3 1600,MAIA3 2100,1600,2100,0-1,0.0,checkmate,90,45,1e291f3bf1c4180d559b85da91adb80d50b072d9681173eb1b49984378831a62,maia-relative-strength-100.pgn,maia3-1600__vs__maia3-2100.pgn
maia3-1600__vs__maia3-2100,18,9,MAIA3 1600,MAIA3 2100,1600,2100,Black,MAIA3 2100,MAIA3 1600,2100,1600,1-0,0.0,checkmate,137,69,1e291f3bf1c4180d559b85da91adb80d50b072d9681173eb1b49984378831a62,maia-relative-strength-100.pgn,maia3-1600__vs__maia3-2100.pgn
maia3-1600__vs__maia3-2100,19,10,MAIA3 1600,MAIA3 2100,1600,2100,White,MAIA3 1600,MAIA3 2100,1600,2100,1/2-1/2,0.5,threefold repetition,139,70,1e291f3bf1c4180d559b85da91adb80d50b072d9681173eb1b49984378831a62,maia-relative-strength-100.pgn,maia3-1600__vs__maia3-2100.pgn
maia3-1600__vs__maia3-2100,20,10,MAIA3 1600,MAIA3 2100,1600,2100,Black,MAIA3 2100,MAIA3 1600,2100,1600,1-0,0.0,checkmate,97,49,1e291f3bf1c4180d559b85da91adb80d50b072d9681173eb1b49984378831a62,maia-relative-strength-100.pgn,maia3-1600__vs__maia3-2100.pgn
maia3-1600__vs__maia3-2100,21,11,MAIA3 1600,MAIA3 2100,1600,2100,White,MAIA3 1600,MAIA3 2100,1600,2100,0-1,0.0,checkmate,104,52,1e291f3bf1c4180d559b85da91adb80d50b072d9681173eb1b49984378831a62,maia-relative-strength-100.pgn,maia3-1600__vs__maia3-2100.pgn
maia3-1600__vs__maia3-2100,22,11,MAIA3 1600,MAIA3 2100,1600,2100,Black,MAIA3 2100,MAIA3 1600,2100,1600,1-0,0.0,checkmate,71,36,1e291f3bf1c4180d559b85da91adb80d50b072d9681173eb1b49984378831a62,maia-relative-strength-100.pgn,maia3-1600__vs__maia3-2100.pgn
maia3-1600__vs__maia3-2100,23,12,MAIA3 1600,MAIA3 2100,1600,2100,White,MAIA3 1600,MAIA3 2100,1600,2100,0-1,0.0,checkmate,116,58,1e291f3bf1c4180d559b85da91adb80d50b072d9681173eb1b49984378831a62,maia-relative-strength-100.pgn,maia3-1600__vs__maia3-2100.pgn
maia3-1600__vs__maia3-2100,24,12,MAIA3 1600,MAIA3 2100,1600,2100,Black,MAIA3 2100,MAIA3 1600,2100,1600,1-0,0.0,checkmate,33,17,1e291f3bf1c4180d559b85da91adb80d50b072d9681173eb1b49984378831a62,maia-relative-strength-100.pgn,maia3-1600__vs__maia3-2100.pgn
maia3-1600__vs__maia3-2100,25,13,MAIA3 1600,MAIA3 2100,1600,2100,White,MAIA3 1600,MAIA3 2100,1600,2100,0-1,0.0,checkmate,114,57,1e291f3bf1c4180d559b85da91adb80d50b072d9681173eb1b49984378831a62,maia-relative-strength-100.pgn,maia3-1600__vs__maia3-2100.pgn
maia3-1600__vs__maia3-2100,26,13,MAIA3 1600,MAIA3 2100,1600,2100,Black,MAIA3 2100,MAIA3 1600,2100,1600,1-0,0.0,checkmate,113,57,1e291f3bf1c4180d559b85da91adb80d50b072d9681173eb1b49984378831a62,maia-relative-strength-100.pgn,maia3-1600__vs__maia3-2100.pgn
maia3-1600__vs__maia3-2100,27,14,MAIA3 1600,MAIA3 2100,1600,2100,White,MAIA3 1600,MAIA3 2100,1600,2100,0-1,0.0,checkmate,24,12,1e291f3bf1c4180d559b85da91adb80d50b072d9681173eb1b49984378831a62,maia-relative-strength-100.pgn,maia3-1600__vs__maia3-2100.pgn
maia3-1600__vs__maia3-2100,28,14,MAIA3 1600,MAIA3 2100,1600,2100,Black,MAIA3 2100,MAIA3 1600,2100,1600,0-1,1.0,checkmate,52,26,1e291f3bf1c4180d559b85da91adb80d50b072d9681173eb1b49984378831a62,maia-relative-strength-100.pgn,maia3-1600__vs__maia3-2100.pgn
maia3-1600__vs__maia3-2100,29,15,MAIA3 1600,MAIA3 2100,1600,2100,White,MAIA3 1600,MAIA3 2100,1600,2100,0-1,0.0,checkmate,126,63,1e291f3bf1c4180d559b85da91adb80d50b072d9681173eb1b49984378831a62,maia-relative-strength-100.pgn,maia3-1600__vs__maia3-2100.pgn
maia3-1600__vs__maia3-2100,30,15,MAIA3 1600,MAIA3 2100,1600,2100,Black,MAIA3 2100,MAIA3 1600,2100,1600,1-0,0.0,checkmate,101,51,1e291f3bf1c4180d559b85da91adb80d50b072d9681173eb1b49984378831a62,maia-relative-strength-100.pgn,maia3-1600__vs__maia3-2100.pgn
maia3-1600__vs__maia3-2100,31,16,MAIA3 1600,MAIA3 2100,1600,2100,White,MAIA3 1600,MAIA3 2100,1600,2100,0-1,0.0,checkmate,116,58,1e291f3bf1c4180d559b85da91adb80d50b072d9681173eb1b49984378831a62,maia-relative-strength-100.pgn,maia3-1600__vs__maia3-2100.pgn
maia3-1600__vs__maia3-2100,32,16,MAIA3 1600,MAIA3 2100,1600,2100,Black,MAIA3 2100,MAIA3 1600,2100,1600,1-0,0.0,checkmate,47,24,1e291f3bf1c4180d559b85da91adb80d50b072d9681173eb1b49984378831a62,maia-relative-strength-100.pgn,maia3-1600__vs__maia3-2100.pgn
maia3-1600__vs__maia3-2100,33,17,MAIA3 1600,MAIA3 2100,1600,2100,White,MAIA3 1600,MAIA3 2100,1600,2100,0-1,0.0,checkmate,88,44,1e291f3bf1c4180d559b85da91adb80d50b072d9681173eb1b49984378831a62,maia-relative-strength-100.pgn,maia3-1600__vs__maia3-2100.pgn
maia3-1600__vs__maia3-2100,34,17,MAIA3 1600,MAIA3 2100,1600,2100,Black,MAIA3 2100,MAIA3 1600,2100,1600,1-0,0.0,checkmate,155,78,1e291f3bf1c4180d559b85da91adb80d50b072d9681173eb1b49984378831a62,maia-relative-strength-100.pgn,maia3-1600__vs__maia3-2100.pgn
maia3-1600__vs__maia3-2100,35,18,MAIA3 1600,MAIA3 2100,1600,2100,White,MAIA3 1600,MAIA3 2100,1600,2100,0-1,0.0,checkmate,100,50,1e291f3bf1c4180d559b85da91adb80d50b072d9681173eb1b49984378831a62,maia-relative-strength-100.pgn,maia3-1600__vs__maia3-2100.pgn
maia3-1600__vs__maia3-2100,36,18,MAIA3 1600,MAIA3 2100,1600,2100,Black,MAIA3 2100,MAIA3 1600,2100,1600,1-0,0.0,checkmate,77,39,1e291f3bf1c4180d559b85da91adb80d50b072d9681173eb1b49984378831a62,maia-relative-strength-100.pgn,maia3-1600__vs__maia3-2100.pgn
maia3-1600__vs__maia3-2100,37,19,MAIA3 1600,MAIA3 2100,1600,2100,White,MAIA3 1600,MAIA3 2100,1600,2100,1/2-1/2,0.5,stalemate,116,58,1e291f3bf1c4180d559b85da91adb80d50b072d9681173eb1b49984378831a62,maia-relative-strength-100.pgn,maia3-1600__vs__maia3-2100.pgn
maia3-1600__vs__maia3-2100,38,19,MAIA3 1600,MAIA3 2100,1600,2100,Black,MAIA3 2100,MAIA3 1600,2100,1600,1/2-1/2,0.5,insufficient material,129,65,1e291f3bf1c4180d559b85da91adb80d50b072d9681173eb1b49984378831a62,maia-relative-strength-100.pgn,maia3-1600__vs__maia3-2100.pgn
maia3-1600__vs__maia3-2100,39,20,MAIA3 1600,MAIA3 2100,1600,2100,White,MAIA3 1600,MAIA3 2100,1600,2100,0-1,0.0,checkmate,108,54,1e291f3bf1c4180d559b85da91adb80d50b072d9681173eb1b49984378831a62,maia-relative-strength-100.pgn,maia3-1600__vs__maia3-2100.pgn
maia3-1600__vs__maia3-2100,40,20,MAIA3 1600,MAIA3 2100,1600,2100,Black,MAIA3 2100,MAIA3 1600,2100,1600,1-0,0.0,checkmate,101,51,1e291f3bf1c4180d559b85da91adb80d50b072d9681173eb1b49984378831a62,maia-relative-strength-100.pgn,maia3-1600__vs__maia3-2100.pgn
maia3-1600__vs__maia3-2100,41,21,MAIA3 1600,MAIA3 2100,1600,2100,White,MAIA3 1600,MAIA3 2100,1600,2100,0-1,0.0,checkmate,100,50,1e291f3bf1c4180d559b85da91adb80d50b072d9681173eb1b49984378831a62,maia-relative-strength-100.pgn,maia3-1600__vs__maia3-2100.pgn
maia3-1600__vs__maia3-2100,42,21,MAIA3 1600,MAIA3 2100,1600,2100,Black,MAIA3 2100,MAIA3 1600,2100,1600,1-0,0.0,checkmate,89,45,1e291f3bf1c4180d559b85da91adb80d50b072d9681173eb1b49984378831a62,maia-relative-strength-100.pgn,maia3-1600__vs__maia3-2100.pgn
maia3-1600__vs__maia3-2100,43,22,MAIA3 1600,MAIA3 2100,1600,2100,White,MAIA3 1600,MAIA3 2100,1600,2100,1/2-1/2,0.5,threefold repetition,130,65,1e291f3bf1c4180d559b85da91adb80d50b072d9681173eb1b49984378831a62,maia-relative-strength-100.pgn,maia3-1600__vs__maia3-2100.pgn
maia3-1600__vs__maia3-2100,44,22,MAIA3 1600,MAIA3 2100,1600,2100,Black,MAIA3 2100,MAIA3 1600,2100,1600,1-0,0.0,checkmate,97,49,1e291f3bf1c4180d559b85da91adb80d50b072d9681173eb1b49984378831a62,maia-relative-strength-100.pgn,maia3-1600__vs__maia3-2100.pgn
maia3-1600__vs__maia3-2100,45,23,MAIA3 1600,MAIA3 2100,1600,2100,White,MAIA3 1600,MAIA3 2100,1600,2100,1-0,1.0,checkmate,123,62,1e291f3bf1c4180d559b85da91adb80d50b072d9681173eb1b49984378831a62,maia-relative-strength-100.pgn,maia3-1600__vs__maia3-2100.pgn
maia3-1600__vs__maia3-2100,46,23,MAIA3 1600,MAIA3 2100,1600,2100,Black,MAIA3 2100,MAIA3 1600,2100,1600,1-0,0.0,checkmate,49,25,1e291f3bf1c4180d559b85da91adb80d50b072d9681173eb1b49984378831a62,maia-relative-strength-100.pgn,maia3-1600__vs__maia3-2100.pgn
maia3-1600__vs__maia3-2100,47,24,MAIA3 1600,MAIA3 2100,1600,2100,White,MAIA3 1600,MAIA3 2100,1600,2100,0-1,0.0,checkmate,132,66,1e291f3bf1c4180d559b85da91adb80d50b072d9681173eb1b49984378831a62,maia-relative-strength-100.pgn,maia3-1600__vs__maia3-2100.pgn
maia3-1600__vs__maia3-2100,48,24,MAIA3 1600,MAIA3 2100,1600,2100,Black,MAIA3 2100,MAIA3 1600,2100,1600,1-0,0.0,checkmate,103,52,1e291f3bf1c4180d559b85da91adb80d50b072d9681173eb1b49984378831a62,maia-relative-strength-100.pgn,maia3-1600__vs__maia3-2100.pgn
maia3-1600__vs__maia3-2100,49,25,MAIA3 1600,MAIA3 2100,1600,2100,White,MAIA3 1600,MAIA3 2100,1600,2100,0-1,0.0,checkmate,112,56,1e291f3bf1c4180d559b85da91adb80d50b072d9681173eb1b49984378831a62,maia-relative-strength-100.pgn,maia3-1600__vs__maia3-2100.pgn
maia3-1600__vs__maia3-2100,50,25,MAIA3 1600,MAIA3 2100,1600,2100,Black,MAIA3 2100,MAIA3 1600,2100,1600,1-0,0.0,checkmate,39,20,1e291f3bf1c4180d559b85da91adb80d50b072d9681173eb1b49984378831a62,maia-relative-strength-100.pgn,maia3-1600__vs__maia3-2100.pgn
maia3-1600__vs__maia3-2100,51,26,MAIA3 1600,MAIA3 2100,1600,2100,White,MAIA3 1600,MAIA3 2100,1600,2100,0-1,0.0,checkmate,164,82,1e291f3bf1c4180d559b85da91adb80d50b072d9681173eb1b49984378831a62,maia-relative-strength-100.pgn,maia3-1600__vs__maia3-2100.pgn
maia3-1600__vs__maia3-2100,52,26,MAIA3 1600,MAIA3 2100,1600,2100,Black,MAIA3 2100,MAIA3 1600,2100,1600,1-0,0.0,checkmate,125,63,1e291f3bf1c4180d559b85da91adb80d50b072d9681173eb1b49984378831a62,maia-relative-strength-100.pgn,maia3-1600__vs__maia3-2100.pgn
maia3-1600__vs__maia3-2100,53,27,MAIA3 1600,MAIA3 2100,1600,2100,White,MAIA3 1600,MAIA3 2100,1600,2100,0-1,0.0,checkmate,100,50,1e291f3bf1c4180d559b85da91adb80d50b072d9681173eb1b49984378831a62,maia-relative-strength-100.pgn,maia3-1600__vs__maia3-2100.pgn
maia3-1600__vs__maia3-2100,54,27,MAIA3 1600,MAIA3 2100,1600,2100,Black,MAIA3 2100,MAIA3 1600,2100,1600,1/2-1/2,0.5,threefold repetition,106,53,1e291f3bf1c4180d559b85da91adb80d50b072d9681173eb1b49984378831a62,maia-relative-strength-100.pgn,maia3-1600__vs__maia3-2100.pgn
maia3-1600__vs__maia3-2100,55,28,MAIA3 1600,MAIA3 2100,1600,2100,White,MAIA3 1600,MAIA3 2100,1600,2100,0-1,0.0,checkmate,66,33,1e291f3bf1c4180d559b85da91adb80d50b072d9681173eb1b49984378831a62,maia-relative-strength-100.pgn,maia3-1600__vs__maia3-2100.pgn
maia3-1600__vs__maia3-2100,56,28,MAIA3 1600,MAIA3 2100,1600,2100,Black,MAIA3 2100,MAIA3 1600,2100,1600,1-0,0.0,checkmate,105,53,1e291f3bf1c4180d559b85da91adb80d50b072d9681173eb1b49984378831a62,maia-relative-strength-100.pgn,maia3-1600__vs__maia3-2100.pgn
maia3-1600__vs__maia3-2100,57,29,MAIA3 1600,MAIA3 2100,1600,2100,White,MAIA3 1600,MAIA3 2100,1600,2100,0-1,0.0,checkmate,56,28,1e291f3bf1c4180d559b85da91adb80d50b072d9681173eb1b49984378831a62,maia-relative-strength-100.pgn,maia3-1600__vs__maia3-2100.pgn
maia3-1600__vs__maia3-2100,58,29,MAIA3 1600,MAIA3 2100,1600,2100,Black,MAIA3 2100,MAIA3 1600,2100,1600,1-0,0.0,checkmate,117,59,1e291f3bf1c4180d559b85da91adb80d50b072d9681173eb1b49984378831a62,maia-relative-strength-100.pgn,maia3-1600__vs__maia3-2100.pgn
maia3-1600__vs__maia3-2100,59,30,MAIA3 1600,MAIA3 2100,1600,2100,White,MAIA3 1600,MAIA3 2100,1600,2100,1-0,1.0,checkmate,159,80,1e291f3bf1c4180d559b85da91adb80d50b072d9681173eb1b49984378831a62,maia-relative-strength-100.pgn,maia3-1600__vs__maia3-2100.pgn
maia3-1600__vs__maia3-2100,60,30,MAIA3 1600,MAIA3 2100,1600,2100,Black,MAIA3 2100,MAIA3 1600,2100,1600,1-0,0.0,checkmate,81,41,1e291f3bf1c4180d559b85da91adb80d50b072d9681173eb1b49984378831a62,maia-relative-strength-100.pgn,maia3-1600__vs__maia3-2100.pgn
maia3-1600__vs__maia3-2100,61,31,MAIA3 1600,MAIA3 2100,1600,2100,White,MAIA3 1600,MAIA3 2100,1600,2100,0-1,0.0,checkmate,54,27,1e291f3bf1c4180d559b85da91adb80d50b072d9681173eb1b49984378831a62,maia-relative-strength-100.pgn,maia3-1600__vs__maia3-2100.pgn
maia3-1600__vs__maia3-2100,62,31,MAIA3 1600,MAIA3 2100,1600,2100,Black,MAIA3 2100,MAIA3 1600,2100,1600,1-0,0.0,checkmate,107,54,1e291f3bf1c4180d559b85da91adb80d50b072d9681173eb1b49984378831a62,maia-relative-strength-100.pgn,maia3-1600__vs__maia3-2100.pgn
maia3-1600__vs__maia3-2100,63,32,MAIA3 1600,MAIA3 2100,1600,2100,White,MAIA3 1600,MAIA3 2100,1600,2100,0-1,0.0,checkmate,88,44,1e291f3bf1c4180d559b85da91adb80d50b072d9681173eb1b49984378831a62,maia-relative-strength-100.pgn,maia3-1600__vs__maia3-2100.pgn
maia3-1600__vs__maia3-2100,64,32,MAIA3 1600,MAIA3 2100,1600,2100,Black,MAIA3 2100,MAIA3 1600,2100,1600,0-1,1.0,checkmate,78,39,1e291f3bf1c4180d559b85da91adb80d50b072d9681173eb1b49984378831a62,maia-relative-strength-100.pgn,maia3-1600__vs__maia3-2100.pgn
maia3-1600__vs__maia3-2100,65,33,MAIA3 1600,MAIA3 2100,1600,2100,White,MAIA3 1600,MAIA3 2100,1600,2100,0-1,0.0,checkmate,88,44,1e291f3bf1c4180d559b85da91adb80d50b072d9681173eb1b49984378831a62,maia-relative-strength-100.pgn,maia3-1600__vs__maia3-2100.pgn
maia3-1600__vs__maia3-2100,66,33,MAIA3 1600,MAIA3 2100,1600,2100,Black,MAIA3 2100,MAIA3 1600,2100,1600,1-0,0.0,checkmate,117,59,1e291f3bf1c4180d559b85da91adb80d50b072d9681173eb1b49984378831a62,maia-relative-strength-100.pgn,maia3-1600__vs__maia3-2100.pgn
maia3-1600__vs__maia3-2100,67,34,MAIA3 1600,MAIA3 2100,1600,2100,White,MAIA3 1600,MAIA3 2100,1600,2100,1-0,1.0,checkmate,27,14,1e291f3bf1c4180d559b85da91adb80d50b072d9681173eb1b49984378831a62,maia-relative-strength-100.pgn,maia3-1600__vs__maia3-2100.pgn
maia3-1600__vs__maia3-2100,68,34,MAIA3 1600,MAIA3 2100,1600,2100,Black,MAIA3 2100,MAIA3 1600,2100,1600,1-0,0.0,checkmate,113,57,1e291f3bf1c4180d559b85da91adb80d50b072d9681173eb1b49984378831a62,maia-relative-strength-100.pgn,maia3-1600__vs__maia3-2100.pgn
maia3-1600__vs__maia3-2100,69,35,MAIA3 1600,MAIA3 2100,1600,2100,White,MAIA3 1600,MAIA3 2100,1600,2100,0-1,0.0,checkmate,116,58,1e291f3bf1c4180d559b85da91adb80d50b072d9681173eb1b49984378831a62,maia-relative-strength-100.pgn,maia3-1600__vs__maia3-2100.pgn
maia3-1600__vs__maia3-2100,70,35,MAIA3 1600,MAIA3 2100,1600,2100,Black,MAIA3 2100,MAIA3 1600,2100,1600,1-0,0.0,checkmate,111,56,1e291f3bf1c4180d559b85da91adb80d50b072d9681173eb1b49984378831a62,maia-relative-strength-100.pgn,maia3-1600__vs__maia3-2100.pgn
maia3-1600__vs__maia3-2100,71,36,MAIA3 1600,MAIA3 2100,1600,2100,White,MAIA3 1600,MAIA3 2100,1600,2100,0-1,0.0,checkmate,80,40,1e291f3bf1c4180d559b85da91adb80d50b072d9681173eb1b49984378831a62,maia-relative-strength-100.pgn,maia3-1600__vs__maia3-2100.pgn
maia3-1600__vs__maia3-2100,72,36,MAIA3 1600,MAIA3 2100,1600,2100,Black,MAIA3 2100,MAIA3 1600,2100,1600,0-1,1.0,checkmate,48,24,1e291f3bf1c4180d559b85da91adb80d50b072d9681173eb1b49984378831a62,maia-relative-strength-100.pgn,maia3-1600__vs__maia3-2100.pgn
maia3-1600__vs__maia3-2100,73,37,MAIA3 1600,MAIA3 2100,1600,2100,White,MAIA3 1600,MAIA3 2100,1600,2100,0-1,0.0,checkmate,66,33,1e291f3bf1c4180d559b85da91adb80d50b072d9681173eb1b49984378831a62,maia-relative-strength-100.pgn,maia3-1600__vs__maia3-2100.pgn
maia3-1600__vs__maia3-2100,74,37,MAIA3 1600,MAIA3 2100,1600,2100,Black,MAIA3 2100,MAIA3 1600,2100,1600,0-1,1.0,checkmate,118,59,1e291f3bf1c4180d559b85da91adb80d50b072d9681173eb1b49984378831a62,maia-relative-strength-100.pgn,maia3-1600__vs__maia3-2100.pgn
maia3-1600__vs__maia3-2100,75,38,MAIA3 1600,MAIA3 2100,1600,2100,White,MAIA3 1600,MAIA3 2100,1600,2100,1-0,1.0,checkmate,57,29,1e291f3bf1c4180d559b85da91adb80d50b072d9681173eb1b49984378831a62,maia-relative-strength-100.pgn,maia3-1600__vs__maia3-2100.pgn
maia3-1600__vs__maia3-2100,76,38,MAIA3 1600,MAIA3 2100,1600,2100,Black,MAIA3 2100,MAIA3 1600,2100,1600,1-0,0.0,checkmate,121,61,1e291f3bf1c4180d559b85da91adb80d50b072d9681173eb1b49984378831a62,maia-relative-strength-100.pgn,maia3-1600__vs__maia3-2100.pgn
maia3-1600__vs__maia3-2100,77,39,MAIA3 1600,MAIA3 2100,1600,2100,White,MAIA3 1600,MAIA3 2100,1600,2100,0-1,0.0,checkmate,74,37,1e291f3bf1c4180d559b85da91adb80d50b072d9681173eb1b49984378831a62,maia-relative-strength-100.pgn,maia3-1600__vs__maia3-2100.pgn
maia3-1600__vs__maia3-2100,78,39,MAIA3 1600,MAIA3 2100,1600,2100,Black,MAIA3 2100,MAIA3 1600,2100,1600,1-0,0.0,checkmate,129,65,1e291f3bf1c4180d559b85da91adb80d50b072d9681173eb1b49984378831a62,maia-relative-strength-100.pgn,maia3-1600__vs__maia3-2100.pgn
maia3-1600__vs__maia3-2100,79,40,MAIA3 1600,MAIA3 2100,1600,2100,White,MAIA3 1600,MAIA3 2100,1600,2100,0-1,0.0,checkmate,122,61,1e291f3bf1c4180d559b85da91adb80d50b072d9681173eb1b49984378831a62,maia-relative-strength-100.pgn,maia3-1600__vs__maia3-2100.pgn
maia3-1600__vs__maia3-2100,80,40,MAIA3 1600,MAIA3 2100,1600,2100,Black,MAIA3 2100,MAIA3 1600,2100,1600,1-0,0.0,checkmate,43,22,1e291f3bf1c4180d559b85da91adb80d50b072d9681173eb1b49984378831a62,maia-relative-strength-100.pgn,maia3-1600__vs__maia3-2100.pgn
maia3-1600__vs__maia3-2100,81,41,MAIA3 1600,MAIA3 2100,1600,2100,White,MAIA3 1600,MAIA3 2100,1600,2100,0-1,0.0,checkmate,56,28,1e291f3bf1c4180d559b85da91adb80d50b072d9681173eb1b49984378831a62,maia-relative-strength-100.pgn,maia3-1600__vs__maia3-2100.pgn
maia3-1600__vs__maia3-2100,82,41,MAIA3 1600,MAIA3 2100,1600,2100,Black,MAIA3 2100,MAIA3 1600,2100,1600,1-0,0.0,checkmate,141,71,1e291f3bf1c4180d559b85da91adb80d50b072d9681173eb1b49984378831a62,maia-relative-strength-100.pgn,maia3-1600__vs__maia3-2100.pgn
maia3-1600__vs__maia3-2100,83,42,MAIA3 1600,MAIA3 2100,1600,2100,White,MAIA3 1600,MAIA3 2100,1600,2100,0-1,0.0,checkmate,92,46,1e291f3bf1c4180d559b85da91adb80d50b072d9681173eb1b49984378831a62,maia-relative-strength-100.pgn,maia3-1600__vs__maia3-2100.pgn
maia3-1600__vs__maia3-2100,84,42,MAIA3 1600,MAIA3 2100,1600,2100,Black,MAIA3 2100,MAIA3 1600,2100,1600,1/2-1/2,0.5,threefold repetition,98,49,1e291f3bf1c4180d559b85da91adb80d50b072d9681173eb1b49984378831a62,maia-relative-strength-100.pgn,maia3-1600__vs__maia3-2100.pgn
maia3-1600__vs__maia3-2100,85,43,MAIA3 1600,MAIA3 2100,1600,2100,White,MAIA3 1600,MAIA3 2100,1600,2100,0-1,0.0,checkmate,104,52,1e291f3bf1c4180d559b85da91adb80d50b072d9681173eb1b49984378831a62,maia-relative-strength-100.pgn,maia3-1600__vs__maia3-2100.pgn
maia3-1600__vs__maia3-2100,86,43,MAIA3 1600,MAIA3 2100,1600,2100,Black,MAIA3 2100,MAIA3 1600,2100,1600,1/2-1/2,0.5,stalemate,119,60,1e291f3bf1c4180d559b85da91adb80d50b072d9681173eb1b49984378831a62,maia-relative-strength-100.pgn,maia3-1600__vs__maia3-2100.pgn
maia3-1600__vs__maia3-2100,87,44,MAIA3 1600,MAIA3 2100,1600,2100,White,MAIA3 1600,MAIA3 2100,1600,2100,0-1,0.0,checkmate,38,19,1e291f3bf1c4180d559b85da91adb80d50b072d9681173eb1b49984378831a62,maia-relative-strength-100.pgn,maia3-1600__vs__maia3-2100.pgn
maia3-1600__vs__maia3-2100,88,44,MAIA3 1600,MAIA3 2100,1600,2100,Black,MAIA3 2100,MAIA3 1600,2100,1600,1/2-1/2,0.5,threefold repetition,87,44,1e291f3bf1c4180d559b85da91adb80d50b072d9681173eb1b49984378831a62,maia-relative-strength-100.pgn,maia3-1600__vs__maia3-2100.pgn
maia3-1600__vs__maia3-2100,89,45,MAIA3 1600,MAIA3 2100,1600,2100,White,MAIA3 1600,MAIA3 2100,1600,2100,0-1,0.0,checkmate,138,69,1e291f3bf1c4180d559b85da91adb80d50b072d9681173eb1b49984378831a62,maia-relative-strength-100.pgn,maia3-1600__vs__maia3-2100.pgn
maia3-1600__vs__maia3-2100,90,45,MAIA3 1600,MAIA3 2100,1600,2100,Black,MAIA3 2100,MAIA3 1600,2100,1600,1/2-1/2,0.5,threefold repetition,92,46,1e291f3bf1c4180d559b85da91adb80d50b072d9681173eb1b49984378831a62,maia-relative-strength-100.pgn,maia3-1600__vs__maia3-2100.pgn
maia3-1600__vs__maia3-2100,91,46,MAIA3 1600,MAIA3 2100,1600,2100,White,MAIA3 1600,MAIA3 2100,1600,2100,0-1,0.0,checkmate,158,79,1e291f3bf1c4180d559b85da91adb80d50b072d9681173eb1b49984378831a62,maia-relative-strength-100.pgn,maia3-1600__vs__maia3-2100.pgn
maia3-1600__vs__maia3-2100,92,46,MAIA3 1600,MAIA3 2100,1600,2100,Black,MAIA3 2100,MAIA3 1600,2100,1600,1-0,0.0,checkmate,41,21,1e291f3bf1c4180d559b85da91adb80d50b072d9681173eb1b49984378831a62,maia-relative-strength-100.pgn,maia3-1600__vs__maia3-2100.pgn
maia3-1600__vs__maia3-2100,93,47,MAIA3 1600,MAIA3 2100,1600,2100,White,MAIA3 1600,MAIA3 2100,1600,2100,0-1,0.0,checkmate,98,49,1e291f3bf1c4180d559b85da91adb80d50b072d9681173eb1b49984378831a62,maia-relative-strength-100.pgn,maia3-1600__vs__maia3-2100.pgn
maia3-1600__vs__maia3-2100,94,47,MAIA3 1600,MAIA3 2100,1600,2100,Black,MAIA3 2100,MAIA3 1600,2100,1600,1/2-1/2,0.5,insufficient material,154,77,1e291f3bf1c4180d559b85da91adb80d50b072d9681173eb1b49984378831a62,maia-relative-strength-100.pgn,maia3-1600__vs__maia3-2100.pgn
maia3-1600__vs__maia3-2100,95,48,MAIA3 1600,MAIA3 2100,1600,2100,White,MAIA3 1600,MAIA3 2100,1600,2100,0-1,0.0,checkmate,66,33,1e291f3bf1c4180d559b85da91adb80d50b072d9681173eb1b49984378831a62,maia-relative-strength-100.pgn,maia3-1600__vs__maia3-2100.pgn
maia3-1600__vs__maia3-2100,96,48,MAIA3 1600,MAIA3 2100,1600,2100,Black,MAIA3 2100,MAIA3 1600,2100,1600,1-0,0.0,checkmate,51,26,1e291f3bf1c4180d559b85da91adb80d50b072d9681173eb1b49984378831a62,maia-relative-strength-100.pgn,maia3-1600__vs__maia3-2100.pgn
maia3-1600__vs__maia3-2100,97,49,MAIA3 1600,MAIA3 2100,1600,2100,White,MAIA3 1600,MAIA3 2100,1600,2100,0-1,0.0,checkmate,146,73,1e291f3bf1c4180d559b85da91adb80d50b072d9681173eb1b49984378831a62,maia-relative-strength-100.pgn,maia3-1600__vs__maia3-2100.pgn
maia3-1600__vs__maia3-2100,98,49,MAIA3 1600,MAIA3 2100,1600,2100,Black,MAIA3 2100,MAIA3 1600,2100,1600,1-0,0.0,checkmate,111,56,1e291f3bf1c4180d559b85da91adb80d50b072d9681173eb1b49984378831a62,maia-relative-strength-100.pgn,maia3-1600__vs__maia3-2100.pgn
maia3-1600__vs__maia3-2100,99,50,MAIA3 1600,MAIA3 2100,1600,2100,White,MAIA3 1600,MAIA3 2100,1600,2100,1-0,1.0,checkmate,93,47,1e291f3bf1c4180d559b85da91adb80d50b072d9681173eb1b49984378831a62,maia-relative-strength-100.pgn,maia3-1600__vs__maia3-2100.pgn
maia3-1600__vs__maia3-2100,100,50,MAIA3 1600,MAIA3 2100,1600,2100,Black,MAIA3 2100,MAIA3 1600,2100,1600,1-0,0.0,checkmate,73,37,1e291f3bf1c4180d559b85da91adb80d50b072d9681173eb1b49984378831a62,maia-relative-strength-100.pgn,maia3-1600__vs__maia3-2100.pgn
maia3-1600__vs__maia3-2100,101,51,MAIA3 1600,MAIA3 2100,1600,2100,White,MAIA3 1600,MAIA3 2100,1600,2100,1/2-1/2,0.5,insufficient material,112,56,1e291f3bf1c4180d559b85da91adb80d50b072d9681173eb1b49984378831a62,maia-relative-strength-100.pgn,maia3-1600__vs__maia3-2100.pgn
maia3-1600__vs__maia3-2100,102,51,MAIA3 1600,MAIA3 2100,1600,2100,Black,MAIA3 2100,MAIA3 1600,2100,1600,1-0,0.0,checkmate,75,38,1e291f3bf1c4180d559b85da91adb80d50b072d9681173eb1b49984378831a62,maia-relative-strength-100.pgn,maia3-1600__vs__maia3-2100.pgn
maia3-1600__vs__maia3-2100,103,52,MAIA3 1600,MAIA3 2100,1600,2100,White,MAIA3 1600,MAIA3 2100,1600,2100,0-1,0.0,checkmate,116,58,1e291f3bf1c4180d559b85da91adb80d50b072d9681173eb1b49984378831a62,maia-relative-strength-100.pgn,maia3-1600__vs__maia3-2100.pgn
maia3-1600__vs__maia3-2100,104,52,MAIA3 1600,MAIA3 2100,1600,2100,Black,MAIA3 2100,MAIA3 1600,2100,1600,1/2-1/2,0.5,stalemate,85,43,1e291f3bf1c4180d559b85da91adb80d50b072d9681173eb1b49984378831a62,maia-relative-strength-100.pgn,maia3-1600__vs__maia3-2100.pgn
maia3-1600__vs__maia3-2100,105,53,MAIA3 1600,MAIA3 2100,1600,2100,White,MAIA3 1600,MAIA3 2100,1600,2100,0-1,0.0,checkmate,122,61,1e291f3bf1c4180d559b85da91adb80d50b072d9681173eb1b49984378831a62,maia-relative-strength-100.pgn,maia3-1600__vs__maia3-2100.pgn
maia3-1600__vs__maia3-2100,106,53,MAIA3 1600,MAIA3 2100,1600,2100,Black,MAIA3 2100,MAIA3 1600,2100,1600,1/2-1/2,0.5,threefold repetition,93,47,1e291f3bf1c4180d559b85da91adb80d50b072d9681173eb1b49984378831a62,maia-relative-strength-100.pgn,maia3-1600__vs__maia3-2100.pgn
maia3-1600__vs__maia3-2100,107,54,MAIA3 1600,MAIA3 2100,1600,2100,White,MAIA3 1600,MAIA3 2100,1600,2100,0-1,0.0,checkmate,74,37,1e291f3bf1c4180d559b85da91adb80d50b072d9681173eb1b49984378831a62,maia-relative-strength-100.pgn,maia3-1600__vs__maia3-2100.pgn
maia3-1600__vs__maia3-2100,108,54,MAIA3 1600,MAIA3 2100,1600,2100,Black,MAIA3 2100,MAIA3 1600,2100,1600,1-0,0.0,checkmate,183,92,1e291f3bf1c4180d559b85da91adb80d50b072d9681173eb1b49984378831a62,maia-relative-strength-100.pgn,maia3-1600__vs__maia3-2100.pgn
maia3-1600__vs__maia3-2100,109,55,MAIA3 1600,MAIA3 2100,1600,2100,White,MAIA3 1600,MAIA3 2100,1600,2100,0-1,0.0,checkmate,82,41,1e291f3bf1c4180d559b85da91adb80d50b072d9681173eb1b49984378831a62,maia-relative-strength-100.pgn,maia3-1600__vs__maia3-2100.pgn
maia3-1600__vs__maia3-2100,110,55,MAIA3 1600,MAIA3 2100,1600,2100,Black,MAIA3 2100,MAIA3 1600,2100,1600,1-0,0.0,checkmate,61,31,1e291f3bf1c4180d559b85da91adb80d50b072d9681173eb1b49984378831a62,maia-relative-strength-100.pgn,maia3-1600__vs__maia3-2100.pgn
maia3-1600__vs__maia3-2100,111,56,MAIA3 1600,MAIA3 2100,1600,2100,White,MAIA3 1600,MAIA3 2100,1600,2100,0-1,0.0,checkmate,78,39,1e291f3bf1c4180d559b85da91adb80d50b072d9681173eb1b49984378831a62,maia-relative-strength-100.pgn,maia3-1600__vs__maia3-2100.pgn
maia3-1600__vs__maia3-2100,112,56,MAIA3 1600,MAIA3 2100,1600,2100,Black,MAIA3 2100,MAIA3 1600,2100,1600,0-1,1.0,checkmate,36,18,1e291f3bf1c4180d559b85da91adb80d50b072d9681173eb1b49984378831a62,maia-relative-strength-100.pgn,maia3-1600__vs__maia3-2100.pgn
maia3-1600__vs__maia3-2100,113,57,MAIA3 1600,MAIA3 2100,1600,2100,White,MAIA3 1600,MAIA3 2100,1600,2100,0-1,0.0,checkmate,110,55,1e291f3bf1c4180d559b85da91adb80d50b072d9681173eb1b49984378831a62,maia-relative-strength-100.pgn,maia3-1600__vs__maia3-2100.pgn
maia3-1600__vs__maia3-2100,114,57,MAIA3 1600,MAIA3 2100,1600,2100,Black,MAIA3 2100,MAIA3 1600,2100,1600,1-0,0.0,checkmate,73,37,1e291f3bf1c4180d559b85da91adb80d50b072d9681173eb1b49984378831a62,maia-relative-strength-100.pgn,maia3-1600__vs__maia3-2100.pgn
maia3-1600__vs__maia3-2100,115,58,MAIA3 1600,MAIA3 2100,1600,2100,White,MAIA3 1600,MAIA3 2100,1600,2100,1/2-1/2,0.5,threefold repetition,88,44,1e291f3bf1c4180d559b85da91adb80d50b072d9681173eb1b49984378831a62,maia-relative-strength-100.pgn,maia3-1600__vs__maia3-2100.pgn
maia3-1600__vs__maia3-2100,116,58,MAIA3 1600,MAIA3 2100,1600,2100,Black,MAIA3 2100,MAIA3 1600,2100,1600,1-0,0.0,checkmate,95,48,1e291f3bf1c4180d559b85da91adb80d50b072d9681173eb1b49984378831a62,maia-relative-strength-100.pgn,maia3-1600__vs__maia3-2100.pgn
maia3-1600__vs__maia3-2100,117,59,MAIA3 1600,MAIA3 2100,1600,2100,White,MAIA3 1600,MAIA3 2100,1600,2100,0-1,0.0,checkmate,94,47,1e291f3bf1c4180d559b85da91adb80d50b072d9681173eb1b49984378831a62,maia-relative-strength-100.pgn,maia3-1600__vs__maia3-2100.pgn
maia3-1600__vs__maia3-2100,118,59,MAIA3 1600,MAIA3 2100,1600,2100,Black,MAIA3 2100,MAIA3 1600,2100,1600,1-0,0.0,checkmate,117,59,1e291f3bf1c4180d559b85da91adb80d50b072d9681173eb1b49984378831a62,maia-relative-strength-100.pgn,maia3-1600__vs__maia3-2100.pgn
maia3-1600__vs__maia3-2100,119,60,MAIA3 1600,MAIA3 2100,1600,2100,White,MAIA3 1600,MAIA3 2100,1600,2100,0-1,0.0,checkmate,100,50,1e291f3bf1c4180d559b85da91adb80d50b072d9681173eb1b49984378831a62,maia-relative-strength-100.pgn,maia3-1600__vs__maia3-2100.pgn
maia3-1600__vs__maia3-2100,120,60,MAIA3 1600,MAIA3 2100,1600,2100,Black,MAIA3 2100,MAIA3 1600,2100,1600,1-0,0.0,checkmate,55,28,1e291f3bf1c4180d559b85da91adb80d50b072d9681173eb1b49984378831a62,maia-relative-strength-100.pgn,maia3-1600__vs__maia3-2100.pgn
maia3-1600__vs__maia3-2100,121,61,MAIA3 1600,MAIA3 2100,1600,2100,White,MAIA3 1600,MAIA3 2100,1600,2100,0-1,0.0,checkmate,124,62,1e291f3bf1c4180d559b85da91adb80d50b072d9681173eb1b49984378831a62,maia-relative-strength-100.pgn,maia3-1600__vs__maia3-2100.pgn
maia3-1600__vs__maia3-2100,122,61,MAIA3 1600,MAIA3 2100,1600,2100,Black,MAIA3 2100,MAIA3 1600,2100,1600,1-0,0.0,checkmate,153,77,1e291f3bf1c4180d559b85da91adb80d50b072d9681173eb1b49984378831a62,maia-relative-strength-100.pgn,maia3-1600__vs__maia3-2100.pgn
maia3-1600__vs__maia3-2100,123,62,MAIA3 1600,MAIA3 2100,1600,2100,White,MAIA3 1600,MAIA3 2100,1600,2100,0-1,0.0,checkmate,24,12,1e291f3bf1c4180d559b85da91adb80d50b072d9681173eb1b49984378831a62,maia-relative-strength-100.pgn,maia3-1600__vs__maia3-2100.pgn
maia3-1600__vs__maia3-2100,124,62,MAIA3 1600,MAIA3 2100,1600,2100,Black,MAIA3 2100,MAIA3 1600,2100,1600,0-1,1.0,checkmate,52,26,1e291f3bf1c4180d559b85da91adb80d50b072d9681173eb1b49984378831a62,maia-relative-strength-100.pgn,maia3-1600__vs__maia3-2100.pgn
maia3-1600__vs__maia3-2100,125,63,MAIA3 1600,MAIA3 2100,1600,2100,White,MAIA3 1600,MAIA3 2100,1600,2100,1-0,1.0,checkmate,83,42,1e291f3bf1c4180d559b85da91adb80d50b072d9681173eb1b49984378831a62,maia-relative-strength-100.pgn,maia3-1600__vs__maia3-2100.pgn
maia3-1600__vs__maia3-2100,126,63,MAIA3 1600,MAIA3 2100,1600,2100,Black,MAIA3 2100,MAIA3 1600,2100,1600,1-0,0.0,checkmate,93,47,1e291f3bf1c4180d559b85da91adb80d50b072d9681173eb1b49984378831a62,maia-relative-strength-100.pgn,maia3-1600__vs__maia3-2100.pgn
maia3-1600__vs__maia3-2100,127,64,MAIA3 1600,MAIA3 2100,1600,2100,White,MAIA3 1600,MAIA3 2100,1600,2100,0-1,0.0,checkmate,122,61,1e291f3bf1c4180d559b85da91adb80d50b072d9681173eb1b49984378831a62,maia-relative-strength-100.pgn,maia3-1600__vs__maia3-2100.pgn
maia3-1600__vs__maia3-2100,128,64,MAIA3 1600,MAIA3 2100,1600,2100,Black,MAIA3 2100,MAIA3 1600,2100,1600,1-0,0.0,checkmate,107,54,1e291f3bf1c4180d559b85da91adb80d50b072d9681173eb1b49984378831a62,maia-relative-strength-100.pgn,maia3-1600__vs__maia3-2100.pgn
maia3-1600__vs__maia3-2100,129,65,MAIA3 1600,MAIA3 2100,1600,2100,White,MAIA3 1600,MAIA3 2100,1600,2100,0-1,0.0,checkmate,64,32,1e291f3bf1c4180d559b85da91adb80d50b072d9681173eb1b49984378831a62,maia-relative-strength-100.pgn,maia3-1600__vs__maia3-2100.pgn
maia3-1600__vs__maia3-2100,130,65,MAIA3 1600,MAIA3 2100,1600,2100,Black,MAIA3 2100,MAIA3 1600,2100,1600,1/2-1/2,0.5,threefold repetition,150,75,1e291f3bf1c4180d559b85da91adb80d50b072d9681173eb1b49984378831a62,maia-relative-strength-100.pgn,maia3-1600__vs__maia3-2100.pgn
maia3-1600__vs__maia3-2100,131,66,MAIA3 1600,MAIA3 2100,1600,2100,White,MAIA3 1600,MAIA3 2100,1600,2100,0-1,0.0,checkmate,98,49,1e291f3bf1c4180d559b85da91adb80d50b072d9681173eb1b49984378831a62,maia-relative-strength-100.pgn,maia3-1600__vs__maia3-2100.pgn
maia3-1600__vs__maia3-2100,132,66,MAIA3 1600,MAIA3 2100,1600,2100,Black,MAIA3 2100,MAIA3 1600,2100,1600,1-0,0.0,checkmate,57,29,1e291f3bf1c4180d559b85da91adb80d50b072d9681173eb1b49984378831a62,maia-relative-strength-100.pgn,maia3-1600__vs__maia3-2100.pgn
maia3-1600__vs__maia3-2100,133,67,MAIA3 1600,MAIA3 2100,1600,2100,White,MAIA3 1600,MAIA3 2100,1600,2100,0-1,0.0,checkmate,128,64,1e291f3bf1c4180d559b85da91adb80d50b072d9681173eb1b49984378831a62,maia-relative-strength-100.pgn,maia3-1600__vs__maia3-2100.pgn
maia3-1600__vs__maia3-2100,134,67,MAIA3 1600,MAIA3 2100,1600,2100,Black,MAIA3 2100,MAIA3 1600,2100,1600,1-0,0.0,checkmate,117,59,1e291f3bf1c4180d559b85da91adb80d50b072d9681173eb1b49984378831a62,maia-relative-strength-100.pgn,maia3-1600__vs__maia3-2100.pgn
maia3-1600__vs__maia3-2100,135,68,MAIA3 1600,MAIA3 2100,1600,2100,White,MAIA3 1600,MAIA3 2100,1600,2100,1/2-1/2,0.5,threefold repetition,87,44,1e291f3bf1c4180d559b85da91adb80d50b072d9681173eb1b49984378831a62,maia-relative-strength-100.pgn,maia3-1600__vs__maia3-2100.pgn
maia3-1600__vs__maia3-2100,136,68,MAIA3 1600,MAIA3 2100,1600,2100,Black,MAIA3 2100,MAIA3 1600,2100,1600,1-0,0.0,checkmate,131,66,1e291f3bf1c4180d559b85da91adb80d50b072d9681173eb1b49984378831a62,maia-relative-strength-100.pgn,maia3-1600__vs__maia3-2100.pgn
maia3-1600__vs__maia3-2100,137,69,MAIA3 1600,MAIA3 2100,1600,2100,White,MAIA3 1600,MAIA3 2100,1600,2100,0-1,0.0,checkmate,66,33,1e291f3bf1c4180d559b85da91adb80d50b072d9681173eb1b49984378831a62,maia-relative-strength-100.pgn,maia3-1600__vs__maia3-2100.pgn
maia3-1600__vs__maia3-2100,138,69,MAIA3 1600,MAIA3 2100,1600,2100,Black,MAIA3 2100,MAIA3 1600,2100,1600,1-0,0.0,checkmate,93,47,1e291f3bf1c4180d559b85da91adb80d50b072d9681173eb1b49984378831a62,maia-relative-strength-100.pgn,maia3-1600__vs__maia3-2100.pgn
maia3-1600__vs__maia3-2100,139,70,MAIA3 1600,MAIA3 2100,1600,2100,White,MAIA3 1600,MAIA3 2100,1600,2100,0-1,0.0,checkmate,70,35,1e291f3bf1c4180d559b85da91adb80d50b072d9681173eb1b49984378831a62,maia-relative-strength-100.pgn,maia3-1600__vs__maia3-2100.pgn
maia3-1600__vs__maia3-2100,140,70,MAIA3 1600,MAIA3 2100,1600,2100,Black,MAIA3 2100,MAIA3 1600,2100,1600,1-0,0.0,checkmate,133,67,1e291f3bf1c4180d559b85da91adb80d50b072d9681173eb1b49984378831a62,maia-relative-strength-100.pgn,maia3-1600__vs__maia3-2100.pgn
maia3-1600__vs__maia3-2100,141,71,MAIA3 1600,MAIA3 2100,1600,2100,White,MAIA3 1600,MAIA3 2100,1600,2100,1-0,1.0,checkmate,95,48,1e291f3bf1c4180d559b85da91adb80d50b072d9681173eb1b49984378831a62,maia-relative-strength-100.pgn,maia3-1600__vs__maia3-2100.pgn
maia3-1600__vs__maia3-2100,142,71,MAIA3 1600,MAIA3 2100,1600,2100,Black,MAIA3 2100,MAIA3 1600,2100,1600,1-0,0.0,checkmate,159,80,1e291f3bf1c4180d559b85da91adb80d50b072d9681173eb1b49984378831a62,maia-relative-strength-100.pgn,maia3-1600__vs__maia3-2100.pgn
maia3-1600__vs__maia3-2100,143,72,MAIA3 1600,MAIA3 2100,1600,2100,White,MAIA3 1600,MAIA3 2100,1600,2100,1-0,1.0,checkmate,105,53,1e291f3bf1c4180d559b85da91adb80d50b072d9681173eb1b49984378831a62,maia-relative-strength-100.pgn,maia3-1600__vs__maia3-2100.pgn
maia3-1600__vs__maia3-2100,144,72,MAIA3 1600,MAIA3 2100,1600,2100,Black,MAIA3 2100,MAIA3 1600,2100,1600,1-0,0.0,checkmate,123,62,1e291f3bf1c4180d559b85da91adb80d50b072d9681173eb1b49984378831a62,maia-relative-strength-100.pgn,maia3-1600__vs__maia3-2100.pgn
maia3-1600__vs__maia3-2100,145,73,MAIA3 1600,MAIA3 2100,1600,2100,White,MAIA3 1600,MAIA3 2100,1600,2100,1-0,1.0,checkmate,119,60,1e291f3bf1c4180d559b85da91adb80d50b072d9681173eb1b49984378831a62,maia-relative-strength-100.pgn,maia3-1600__vs__maia3-2100.pgn
maia3-1600__vs__maia3-2100,146,73,MAIA3 1600,MAIA3 2100,1600,2100,Black,MAIA3 2100,MAIA3 1600,2100,1600,0-1,1.0,checkmate,84,42,1e291f3bf1c4180d559b85da91adb80d50b072d9681173eb1b49984378831a62,maia-relative-strength-100.pgn,maia3-1600__vs__maia3-2100.pgn
maia3-1600__vs__maia3-2100,147,74,MAIA3 1600,MAIA3 2100,1600,2100,White,MAIA3 1600,MAIA3 2100,1600,2100,0-1,0.0,checkmate,86,43,1e291f3bf1c4180d559b85da91adb80d50b072d9681173eb1b49984378831a62,maia-relative-strength-100.pgn,maia3-1600__vs__maia3-2100.pgn
maia3-1600__vs__maia3-2100,148,74,MAIA3 1600,MAIA3 2100,1600,2100,Black,MAIA3 2100,MAIA3 1600,2100,1600,1-0,0.0,checkmate,123,62,1e291f3bf1c4180d559b85da91adb80d50b072d9681173eb1b49984378831a62,maia-relative-strength-100.pgn,maia3-1600__vs__maia3-2100.pgn
maia3-1600__vs__maia3-2100,149,75,MAIA3 1600,MAIA3 2100,1600,2100,White,MAIA3 1600,MAIA3 2100,1600,2100,0-1,0.0,checkmate,54,27,1e291f3bf1c4180d559b85da91adb80d50b072d9681173eb1b49984378831a62,maia-relative-strength-100.pgn,maia3-1600__vs__maia3-2100.pgn
maia3-1600__vs__maia3-2100,150,75,MAIA3 1600,MAIA3 2100,1600,2100,Black,MAIA3 2100,MAIA3 1600,2100,1600,1-0,0.0,checkmate,107,54,1e291f3bf1c4180d559b85da91adb80d50b072d9681173eb1b49984378831a62,maia-relative-strength-100.pgn,maia3-1600__vs__maia3-2100.pgn
maia3-1600__vs__maia3-2100,151,76,MAIA3 1600,MAIA3 2100,1600,2100,White,MAIA3 1600,MAIA3 2100,1600,2100,0-1,0.0,checkmate,92,46,1e291f3bf1c4180d559b85da91adb80d50b072d9681173eb1b49984378831a62,maia-relative-strength-100.pgn,maia3-1600__vs__maia3-2100.pgn
maia3-1600__vs__maia3-2100,152,76,MAIA3 1600,MAIA3 2100,1600,2100,Black,MAIA3 2100,MAIA3 1600,2100,1600,1-0,0.0,checkmate,113,57,1e291f3bf1c4180d559b85da91adb80d50b072d9681173eb1b49984378831a62,maia-relative-strength-100.pgn,maia3-1600__vs__maia3-2100.pgn
maia3-1600__vs__maia3-2100,153,77,MAIA3 1600,MAIA3 2100,1600,2100,White,MAIA3 1600,MAIA3 2100,1600,2100,1/2-1/2,0.5,threefold repetition,68,34,1e291f3bf1c4180d559b85da91adb80d50b072d9681173eb1b49984378831a62,maia-relative-strength-100.pgn,maia3-1600__vs__maia3-2100.pgn
maia3-1600__vs__maia3-2100,154,77,MAIA3 1600,MAIA3 2100,1600,2100,Black,MAIA3 2100,MAIA3 1600,2100,1600,1-0,0.0,checkmate,49,25,1e291f3bf1c4180d559b85da91adb80d50b072d9681173eb1b49984378831a62,maia-relative-strength-100.pgn,maia3-1600__vs__maia3-2100.pgn
maia3-1600__vs__maia3-2100,155,78,MAIA3 1600,MAIA3 2100,1600,2100,White,MAIA3 1600,MAIA3 2100,1600,2100,1/2-1/2,0.5,stalemate,142,71,1e291f3bf1c4180d559b85da91adb80d50b072d9681173eb1b49984378831a62,maia-relative-strength-100.pgn,maia3-1600__vs__maia3-2100.pgn
maia3-1600__vs__maia3-2100,156,78,MAIA3 1600,MAIA3 2100,1600,2100,Black,MAIA3 2100,MAIA3 1600,2100,1600,1-0,0.0,checkmate,99,50,1e291f3bf1c4180d559b85da91adb80d50b072d9681173eb1b49984378831a62,maia-relative-strength-100.pgn,maia3-1600__vs__maia3-2100.pgn
maia3-1600__vs__maia3-2100,157,79,MAIA3 1600,MAIA3 2100,1600,2100,White,MAIA3 1600,MAIA3 2100,1600,2100,0-1,0.0,checkmate,82,41,1e291f3bf1c4180d559b85da91adb80d50b072d9681173eb1b49984378831a62,maia-relative-strength-100.pgn,maia3-1600__vs__maia3-2100.pgn
maia3-1600__vs__maia3-2100,158,79,MAIA3 1600,MAIA3 2100,1600,2100,Black,MAIA3 2100,MAIA3 1600,2100,1600,0-1,1.0,checkmate,52,26,1e291f3bf1c4180d559b85da91adb80d50b072d9681173eb1b49984378831a62,maia-relative-strength-100.pgn,maia3-1600__vs__maia3-2100.pgn
maia3-1600__vs__maia3-2100,159,80,MAIA3 1600,MAIA3 2100,1600,2100,White,MAIA3 1600,MAIA3 2100,1600,2100,0-1,0.0,checkmate,108,54,1e291f3bf1c4180d559b85da91adb80d50b072d9681173eb1b49984378831a62,maia-relative-strength-100.pgn,maia3-1600__vs__maia3-2100.pgn
maia3-1600__vs__maia3-2100,160,80,MAIA3 1600,MAIA3 2100,1600,2100,Black,MAIA3 2100,MAIA3 1600,2100,1600,1/2-1/2,0.5,stalemate,117,59,1e291f3bf1c4180d559b85da91adb80d50b072d9681173eb1b49984378831a62,maia-relative-strength-100.pgn,maia3-1600__vs__maia3-2100.pgn
maia3-1600__vs__maia3-2100,161,81,MAIA3 1600,MAIA3 2100,1600,2100,White,MAIA3 1600,MAIA3 2100,1600,2100,1-0,1.0,checkmate,137,69,1e291f3bf1c4180d559b85da91adb80d50b072d9681173eb1b49984378831a62,maia-relative-strength-100.pgn,maia3-1600__vs__maia3-2100.pgn
maia3-1600__vs__maia3-2100,162,81,MAIA3 1600,MAIA3 2100,1600,2100,Black,MAIA3 2100,MAIA3 1600,2100,1600,0-1,1.0,checkmate,58,29,1e291f3bf1c4180d559b85da91adb80d50b072d9681173eb1b49984378831a62,maia-relative-strength-100.pgn,maia3-1600__vs__maia3-2100.pgn
maia3-1600__vs__maia3-2100,163,82,MAIA3 1600,MAIA3 2100,1600,2100,White,MAIA3 1600,MAIA3 2100,1600,2100,1/2-1/2,0.5,threefold repetition,115,58,1e291f3bf1c4180d559b85da91adb80d50b072d9681173eb1b49984378831a62,maia-relative-strength-100.pgn,maia3-1600__vs__maia3-2100.pgn
maia3-1600__vs__maia3-2100,164,82,MAIA3 1600,MAIA3 2100,1600,2100,Black,MAIA3 2100,MAIA3 1600,2100,1600,1-0,0.0,checkmate,101,51,1e291f3bf1c4180d559b85da91adb80d50b072d9681173eb1b49984378831a62,maia-relative-strength-100.pgn,maia3-1600__vs__maia3-2100.pgn
maia3-1600__vs__maia3-2100,165,83,MAIA3 1600,MAIA3 2100,1600,2100,White,MAIA3 1600,MAIA3 2100,1600,2100,0-1,0.0,checkmate,38,19,1e291f3bf1c4180d559b85da91adb80d50b072d9681173eb1b49984378831a62,maia-relative-strength-100.pgn,maia3-1600__vs__maia3-2100.pgn
maia3-1600__vs__maia3-2100,166,83,MAIA3 1600,MAIA3 2100,1600,2100,Black,MAIA3 2100,MAIA3 1600,2100,1600,1-0,0.0,checkmate,55,28,1e291f3bf1c4180d559b85da91adb80d50b072d9681173eb1b49984378831a62,maia-relative-strength-100.pgn,maia3-1600__vs__maia3-2100.pgn
maia3-1600__vs__maia3-2100,167,84,MAIA3 1600,MAIA3 2100,1600,2100,White,MAIA3 1600,MAIA3 2100,1600,2100,1/2-1/2,0.5,threefold repetition,90,45,1e291f3bf1c4180d559b85da91adb80d50b072d9681173eb1b49984378831a62,maia-relative-strength-100.pgn,maia3-1600__vs__maia3-2100.pgn
maia3-1600__vs__maia3-2100,168,84,MAIA3 1600,MAIA3 2100,1600,2100,Black,MAIA3 2100,MAIA3 1600,2100,1600,1-0,0.0,checkmate,61,31,1e291f3bf1c4180d559b85da91adb80d50b072d9681173eb1b49984378831a62,maia-relative-strength-100.pgn,maia3-1600__vs__maia3-2100.pgn
maia3-1600__vs__maia3-2100,169,85,MAIA3 1600,MAIA3 2100,1600,2100,White,MAIA3 1600,MAIA3 2100,1600,2100,0-1,0.0,checkmate,78,39,1e291f3bf1c4180d559b85da91adb80d50b072d9681173eb1b49984378831a62,maia-relative-strength-100.pgn,maia3-1600__vs__maia3-2100.pgn
maia3-1600__vs__maia3-2100,170,85,MAIA3 1600,MAIA3 2100,1600,2100,Black,MAIA3 2100,MAIA3 1600,2100,1600,1-0,0.0,checkmate,85,43,1e291f3bf1c4180d559b85da91adb80d50b072d9681173eb1b49984378831a62,maia-relative-strength-100.pgn,maia3-1600__vs__maia3-2100.pgn
maia3-1600__vs__maia3-2100,171,86,MAIA3 1600,MAIA3 2100,1600,2100,White,MAIA3 1600,MAIA3 2100,1600,2100,0-1,0.0,checkmate,48,24,1e291f3bf1c4180d559b85da91adb80d50b072d9681173eb1b49984378831a62,maia-relative-strength-100.pgn,maia3-1600__vs__maia3-2100.pgn
maia3-1600__vs__maia3-2100,172,86,MAIA3 1600,MAIA3 2100,1600,2100,Black,MAIA3 2100,MAIA3 1600,2100,1600,1-0,0.0,checkmate,61,31,1e291f3bf1c4180d559b85da91adb80d50b072d9681173eb1b49984378831a62,maia-relative-strength-100.pgn,maia3-1600__vs__maia3-2100.pgn
maia3-1600__vs__maia3-2100,173,87,MAIA3 1600,MAIA3 2100,1600,2100,White,MAIA3 1600,MAIA3 2100,1600,2100,0-1,0.0,checkmate,70,35,1e291f3bf1c4180d559b85da91adb80d50b072d9681173eb1b49984378831a62,maia-relative-strength-100.pgn,maia3-1600__vs__maia3-2100.pgn
maia3-1600__vs__maia3-2100,174,87,MAIA3 1600,MAIA3 2100,1600,2100,Black,MAIA3 2100,MAIA3 1600,2100,1600,0-1,1.0,checkmate,108,54,1e291f3bf1c4180d559b85da91adb80d50b072d9681173eb1b49984378831a62,maia-relative-strength-100.pgn,maia3-1600__vs__maia3-2100.pgn
maia3-1600__vs__maia3-2100,175,88,MAIA3 1600,MAIA3 2100,1600,2100,White,MAIA3 1600,MAIA3 2100,1600,2100,0-1,0.0,checkmate,102,51,1e291f3bf1c4180d559b85da91adb80d50b072d9681173eb1b49984378831a62,maia-relative-strength-100.pgn,maia3-1600__vs__maia3-2100.pgn
maia3-1600__vs__maia3-2100,176,88,MAIA3 1600,MAIA3 2100,1600,2100,Black,MAIA3 2100,MAIA3 1600,2100,1600,1-0,0.0,checkmate,77,39,1e291f3bf1c4180d559b85da91adb80d50b072d9681173eb1b49984378831a62,maia-relative-strength-100.pgn,maia3-1600__vs__maia3-2100.pgn
maia3-1600__vs__maia3-2100,177,89,MAIA3 1600,MAIA3 2100,1600,2100,White,MAIA3 1600,MAIA3 2100,1600,2100,0-1,0.0,checkmate,106,53,1e291f3bf1c4180d559b85da91adb80d50b072d9681173eb1b49984378831a62,maia-relative-strength-100.pgn,maia3-1600__vs__maia3-2100.pgn
maia3-1600__vs__maia3-2100,178,89,MAIA3 1600,MAIA3 2100,1600,2100,Black,MAIA3 2100,MAIA3 1600,2100,1600,0-1,1.0,checkmate,110,55,1e291f3bf1c4180d559b85da91adb80d50b072d9681173eb1b49984378831a62,maia-relative-strength-100.pgn,maia3-1600__vs__maia3-2100.pgn
maia3-1600__vs__maia3-2100,179,90,MAIA3 1600,MAIA3 2100,1600,2100,White,MAIA3 1600,MAIA3 2100,1600,2100,0-1,0.0,checkmate,80,40,1e291f3bf1c4180d559b85da91adb80d50b072d9681173eb1b49984378831a62,maia-relative-strength-100.pgn,maia3-1600__vs__maia3-2100.pgn
maia3-1600__vs__maia3-2100,180,90,MAIA3 1600,MAIA3 2100,1600,2100,Black,MAIA3 2100,MAIA3 1600,2100,1600,1-0,0.0,checkmate,39,20,1e291f3bf1c4180d559b85da91adb80d50b072d9681173eb1b49984378831a62,maia-relative-strength-100.pgn,maia3-1600__vs__maia3-2100.pgn
maia3-1600__vs__maia3-2100,181,91,MAIA3 1600,MAIA3 2100,1600,2100,White,MAIA3 1600,MAIA3 2100,1600,2100,0-1,0.0,checkmate,64,32,1e291f3bf1c4180d559b85da91adb80d50b072d9681173eb1b49984378831a62,maia-relative-strength-100.pgn,maia3-1600__vs__maia3-2100.pgn
maia3-1600__vs__maia3-2100,182,91,MAIA3 1600,MAIA3 2100,1600,2100,Black,MAIA3 2100,MAIA3 1600,2100,1600,1/2-1/2,0.5,insufficient material,130,65,1e291f3bf1c4180d559b85da91adb80d50b072d9681173eb1b49984378831a62,maia-relative-strength-100.pgn,maia3-1600__vs__maia3-2100.pgn
maia3-1600__vs__maia3-2100,183,92,MAIA3 1600,MAIA3 2100,1600,2100,White,MAIA3 1600,MAIA3 2100,1600,2100,1-0,1.0,checkmate,17,9,1e291f3bf1c4180d559b85da91adb80d50b072d9681173eb1b49984378831a62,maia-relative-strength-100.pgn,maia3-1600__vs__maia3-2100.pgn
maia3-1600__vs__maia3-2100,184,92,MAIA3 1600,MAIA3 2100,1600,2100,Black,MAIA3 2100,MAIA3 1600,2100,1600,1/2-1/2,0.5,threefold repetition,65,33,1e291f3bf1c4180d559b85da91adb80d50b072d9681173eb1b49984378831a62,maia-relative-strength-100.pgn,maia3-1600__vs__maia3-2100.pgn
maia3-1600__vs__maia3-2100,185,93,MAIA3 1600,MAIA3 2100,1600,2100,White,MAIA3 1600,MAIA3 2100,1600,2100,0-1,0.0,checkmate,68,34,1e291f3bf1c4180d559b85da91adb80d50b072d9681173eb1b49984378831a62,maia-relative-strength-100.pgn,maia3-1600__vs__maia3-2100.pgn
maia3-1600__vs__maia3-2100,186,93,MAIA3 1600,MAIA3 2100,1600,2100,Black,MAIA3 2100,MAIA3 1600,2100,1600,1-0,0.0,checkmate,57,29,1e291f3bf1c4180d559b85da91adb80d50b072d9681173eb1b49984378831a62,maia-relative-strength-100.pgn,maia3-1600__vs__maia3-2100.pgn
maia3-1600__vs__maia3-2100,187,94,MAIA3 1600,MAIA3 2100,1600,2100,White,MAIA3 1600,MAIA3 2100,1600,2100,0-1,0.0,checkmate,86,43,1e291f3bf1c4180d559b85da91adb80d50b072d9681173eb1b49984378831a62,maia-relative-strength-100.pgn,maia3-1600__vs__maia3-2100.pgn
maia3-1600__vs__maia3-2100,188,94,MAIA3 1600,MAIA3 2100,1600,2100,Black,MAIA3 2100,MAIA3 1600,2100,1600,1/2-1/2,0.5,threefold repetition,124,62,1e291f3bf1c4180d559b85da91adb80d50b072d9681173eb1b49984378831a62,maia-relative-strength-100.pgn,maia3-1600__vs__maia3-2100.pgn
maia3-1600__vs__maia3-2100,189,95,MAIA3 1600,MAIA3 2100,1600,2100,White,MAIA3 1600,MAIA3 2100,1600,2100,0-1,0.0,checkmate,68,34,1e291f3bf1c4180d559b85da91adb80d50b072d9681173eb1b49984378831a62,maia-relative-strength-100.pgn,maia3-1600__vs__maia3-2100.pgn
maia3-1600__vs__maia3-2100,190,95,MAIA3 1600,MAIA3 2100,1600,2100,Black,MAIA3 2100,MAIA3 1600,2100,1600,0-1,1.0,checkmate,28,14,1e291f3bf1c4180d559b85da91adb80d50b072d9681173eb1b49984378831a62,maia-relative-strength-100.pgn,maia3-1600__vs__maia3-2100.pgn
maia3-1600__vs__maia3-2100,191,96,MAIA3 1600,MAIA3 2100,1600,2100,White,MAIA3 1600,MAIA3 2100,1600,2100,0-1,0.0,checkmate,166,83,1e291f3bf1c4180d559b85da91adb80d50b072d9681173eb1b49984378831a62,maia-relative-strength-100.pgn,maia3-1600__vs__maia3-2100.pgn
maia3-1600__vs__maia3-2100,192,96,MAIA3 1600,MAIA3 2100,1600,2100,Black,MAIA3 2100,MAIA3 1600,2100,1600,1-0,0.0,checkmate,63,32,1e291f3bf1c4180d559b85da91adb80d50b072d9681173eb1b49984378831a62,maia-relative-strength-100.pgn,maia3-1600__vs__maia3-2100.pgn
maia3-1600__vs__maia3-2100,193,97,MAIA3 1600,MAIA3 2100,1600,2100,White,MAIA3 1600,MAIA3 2100,1600,2100,0-1,0.0,checkmate,72,36,1e291f3bf1c4180d559b85da91adb80d50b072d9681173eb1b49984378831a62,maia-relative-strength-100.pgn,maia3-1600__vs__maia3-2100.pgn
maia3-1600__vs__maia3-2100,194,97,MAIA3 1600,MAIA3 2100,1600,2100,Black,MAIA3 2100,MAIA3 1600,2100,1600,1-0,0.0,checkmate,107,54,1e291f3bf1c4180d559b85da91adb80d50b072d9681173eb1b49984378831a62,maia-relative-strength-100.pgn,maia3-1600__vs__maia3-2100.pgn
maia3-1600__vs__maia3-2100,195,98,MAIA3 1600,MAIA3 2100,1600,2100,White,MAIA3 1600,MAIA3 2100,1600,2100,0-1,0.0,checkmate,116,58,1e291f3bf1c4180d559b85da91adb80d50b072d9681173eb1b49984378831a62,maia-relative-strength-100.pgn,maia3-1600__vs__maia3-2100.pgn
maia3-1600__vs__maia3-2100,196,98,MAIA3 1600,MAIA3 2100,1600,2100,Black,MAIA3 2100,MAIA3 1600,2100,1600,1/2-1/2,0.5,insufficient material,130,65,1e291f3bf1c4180d559b85da91adb80d50b072d9681173eb1b49984378831a62,maia-relative-strength-100.pgn,maia3-1600__vs__maia3-2100.pgn
maia3-1600__vs__maia3-2100,197,99,MAIA3 1600,MAIA3 2100,1600,2100,White,MAIA3 1600,MAIA3 2100,1600,2100,0-1,0.0,checkmate,136,68,1e291f3bf1c4180d559b85da91adb80d50b072d9681173eb1b49984378831a62,maia-relative-strength-100.pgn,maia3-1600__vs__maia3-2100.pgn
maia3-1600__vs__maia3-2100,198,99,MAIA3 1600,MAIA3 2100,1600,2100,Black,MAIA3 2100,MAIA3 1600,2100,1600,1-0,0.0,checkmate,53,27,1e291f3bf1c4180d559b85da91adb80d50b072d9681173eb1b49984378831a62,maia-relative-strength-100.pgn,maia3-1600__vs__maia3-2100.pgn
maia3-1600__vs__maia3-2100,199,100,MAIA3 1600,MAIA3 2100,1600,2100,White,MAIA3 1600,MAIA3 2100,1600,2100,0-1,0.0,checkmate,110,55,1e291f3bf1c4180d559b85da91adb80d50b072d9681173eb1b49984378831a62,maia-relative-strength-100.pgn,maia3-1600__vs__maia3-2100.pgn
maia3-1600__vs__maia3-2100,200,100,MAIA3 1600,MAIA3 2100,1600,2100,Black,MAIA3 2100,MAIA3 1600,2100,1600,1-0,0.0,checkmate,77,39,1e291f3bf1c4180d559b85da91adb80d50b072d9681173eb1b49984378831a62,maia-relative-strength-100.pgn,maia3-1600__vs__maia3-2100.pgn
maia3-1600__vs__maia3-2300,1,1,MAIA3 1600,MAIA3 2300,1600,2300,White,MAIA3 1600,MAIA3 2300,1600,2300,0-1,0.0,checkmate,40,20,031487cefeac31201a68b7d346a4615552c82bd293c4ff9c7ccf97a18a93789f,maia-relative-strength-100.pgn,maia3-1600__vs__maia3-2300.pgn
maia3-1600__vs__maia3-2300,2,1,MAIA3 1600,MAIA3 2300,1600,2300,Black,MAIA3 2300,MAIA3 1600,2300,1600,1/2-1/2,0.5,insufficient material,94,47,031487cefeac31201a68b7d346a4615552c82bd293c4ff9c7ccf97a18a93789f,maia-relative-strength-100.pgn,maia3-1600__vs__maia3-2300.pgn
maia3-1600__vs__maia3-2300,3,2,MAIA3 1600,MAIA3 2300,1600,2300,White,MAIA3 1600,MAIA3 2300,1600,2300,0-1,0.0,checkmate,128,64,031487cefeac31201a68b7d346a4615552c82bd293c4ff9c7ccf97a18a93789f,maia-relative-strength-100.pgn,maia3-1600__vs__maia3-2300.pgn
maia3-1600__vs__maia3-2300,4,2,MAIA3 1600,MAIA3 2300,1600,2300,Black,MAIA3 2300,MAIA3 1600,2300,1600,1-0,0.0,checkmate,57,29,031487cefeac31201a68b7d346a4615552c82bd293c4ff9c7ccf97a18a93789f,maia-relative-strength-100.pgn,maia3-1600__vs__maia3-2300.pgn
maia3-1600__vs__maia3-2300,5,3,MAIA3 1600,MAIA3 2300,1600,2300,White,MAIA3 1600,MAIA3 2300,1600,2300,0-1,0.0,checkmate,96,48,031487cefeac31201a68b7d346a4615552c82bd293c4ff9c7ccf97a18a93789f,maia-relative-strength-100.pgn,maia3-1600__vs__maia3-2300.pgn
maia3-1600__vs__maia3-2300,6,3,MAIA3 1600,MAIA3 2300,1600,2300,Black,MAIA3 2300,MAIA3 1600,2300,1600,1-0,0.0,checkmate,171,86,031487cefeac31201a68b7d346a4615552c82bd293c4ff9c7ccf97a18a93789f,maia-relative-strength-100.pgn,maia3-1600__vs__maia3-2300.pgn
maia3-1600__vs__maia3-2300,7,4,MAIA3 1600,MAIA3 2300,1600,2300,White,MAIA3 1600,MAIA3 2300,1600,2300,0-1,0.0,checkmate,118,59,031487cefeac31201a68b7d346a4615552c82bd293c4ff9c7ccf97a18a93789f,maia-relative-strength-100.pgn,maia3-1600__vs__maia3-2300.pgn
maia3-1600__vs__maia3-2300,8,4,MAIA3 1600,MAIA3 2300,1600,2300,Black,MAIA3 2300,MAIA3 1600,2300,1600,1-0,0.0,checkmate,135,68,031487cefeac31201a68b7d346a4615552c82bd293c4ff9c7ccf97a18a93789f,maia-relative-strength-100.pgn,maia3-1600__vs__maia3-2300.pgn
maia3-1600__vs__maia3-2300,9,5,MAIA3 1600,MAIA3 2300,1600,2300,White,MAIA3 1600,MAIA3 2300,1600,2300,0-1,0.0,checkmate,26,13,031487cefeac31201a68b7d346a4615552c82bd293c4ff9c7ccf97a18a93789f,maia-relative-strength-100.pgn,maia3-1600__vs__maia3-2300.pgn
maia3-1600__vs__maia3-2300,10,5,MAIA3 1600,MAIA3 2300,1600,2300,Black,MAIA3 2300,MAIA3 1600,2300,1600,0-1,1.0,checkmate,142,71,031487cefeac31201a68b7d346a4615552c82bd293c4ff9c7ccf97a18a93789f,maia-relative-strength-100.pgn,maia3-1600__vs__maia3-2300.pgn
maia3-1600__vs__maia3-2300,11,6,MAIA3 1600,MAIA3 2300,1600,2300,White,MAIA3 1600,MAIA3 2300,1600,2300,0-1,0.0,checkmate,92,46,031487cefeac31201a68b7d346a4615552c82bd293c4ff9c7ccf97a18a93789f,maia-relative-strength-100.pgn,maia3-1600__vs__maia3-2300.pgn
maia3-1600__vs__maia3-2300,12,6,MAIA3 1600,MAIA3 2300,1600,2300,Black,MAIA3 2300,MAIA3 1600,2300,1600,1-0,0.0,checkmate,31,16,031487cefeac31201a68b7d346a4615552c82bd293c4ff9c7ccf97a18a93789f,maia-relative-strength-100.pgn,maia3-1600__vs__maia3-2300.pgn
maia3-1600__vs__maia3-2300,13,7,MAIA3 1600,MAIA3 2300,1600,2300,White,MAIA3 1600,MAIA3 2300,1600,2300,0-1,0.0,checkmate,64,32,031487cefeac31201a68b7d346a4615552c82bd293c4ff9c7ccf97a18a93789f,maia-relative-strength-100.pgn,maia3-1600__vs__maia3-2300.pgn
maia3-1600__vs__maia3-2300,14,7,MAIA3 1600,MAIA3 2300,1600,2300,Black,MAIA3 2300,MAIA3 1600,2300,1600,1-0,0.0,checkmate,45,23,031487cefeac31201a68b7d346a4615552c82bd293c4ff9c7ccf97a18a93789f,maia-relative-strength-100.pgn,maia3-1600__vs__maia3-2300.pgn
maia3-1600__vs__maia3-2300,15,8,MAIA3 1600,MAIA3 2300,1600,2300,White,MAIA3 1600,MAIA3 2300,1600,2300,1-0,1.0,checkmate,183,92,031487cefeac31201a68b7d346a4615552c82bd293c4ff9c7ccf97a18a93789f,maia-relative-strength-100.pgn,maia3-1600__vs__maia3-2300.pgn
maia3-1600__vs__maia3-2300,16,8,MAIA3 1600,MAIA3 2300,1600,2300,Black,MAIA3 2300,MAIA3 1600,2300,1600,1-0,0.0,checkmate,151,76,031487cefeac31201a68b7d346a4615552c82bd293c4ff9c7ccf97a18a93789f,maia-relative-strength-100.pgn,maia3-1600__vs__maia3-2300.pgn
maia3-1600__vs__maia3-2300,17,9,MAIA3 1600,MAIA3 2300,1600,2300,White,MAIA3 1600,MAIA3 2300,1600,2300,1-0,1.0,checkmate,131,66,031487cefeac31201a68b7d346a4615552c82bd293c4ff9c7ccf97a18a93789f,maia-relative-strength-100.pgn,maia3-1600__vs__maia3-2300.pgn
maia3-1600__vs__maia3-2300,18,9,MAIA3 1600,MAIA3 2300,1600,2300,Black,MAIA3 2300,MAIA3 1600,2300,1600,1-0,0.0,checkmate,53,27,031487cefeac31201a68b7d346a4615552c82bd293c4ff9c7ccf97a18a93789f,maia-relative-strength-100.pgn,maia3-1600__vs__maia3-2300.pgn
maia3-1600__vs__maia3-2300,19,10,MAIA3 1600,MAIA3 2300,1600,2300,White,MAIA3 1600,MAIA3 2300,1600,2300,0-1,0.0,checkmate,120,60,031487cefeac31201a68b7d346a4615552c82bd293c4ff9c7ccf97a18a93789f,maia-relative-strength-100.pgn,maia3-1600__vs__maia3-2300.pgn
maia3-1600__vs__maia3-2300,20,10,MAIA3 1600,MAIA3 2300,1600,2300,Black,MAIA3 2300,MAIA3 1600,2300,1600,1-0,0.0,checkmate,103,52,031487cefeac31201a68b7d346a4615552c82bd293c4ff9c7ccf97a18a93789f,maia-relative-strength-100.pgn,maia3-1600__vs__maia3-2300.pgn
maia3-1600__vs__maia3-2300,21,11,MAIA3 1600,MAIA3 2300,1600,2300,White,MAIA3 1600,MAIA3 2300,1600,2300,1/2-1/2,0.5,threefold repetition,95,48,031487cefeac31201a68b7d346a4615552c82bd293c4ff9c7ccf97a18a93789f,maia-relative-strength-100.pgn,maia3-1600__vs__maia3-2300.pgn
maia3-1600__vs__maia3-2300,22,11,MAIA3 1600,MAIA3 2300,1600,2300,Black,MAIA3 2300,MAIA3 1600,2300,1600,1-0,0.0,checkmate,101,51,031487cefeac31201a68b7d346a4615552c82bd293c4ff9c7ccf97a18a93789f,maia-relative-strength-100.pgn,maia3-1600__vs__maia3-2300.pgn
maia3-1600__vs__maia3-2300,23,12,MAIA3 1600,MAIA3 2300,1600,2300,White,MAIA3 1600,MAIA3 2300,1600,2300,1/2-1/2,0.5,threefold repetition,97,49,031487cefeac31201a68b7d346a4615552c82bd293c4ff9c7ccf97a18a93789f,maia-relative-strength-100.pgn,maia3-1600__vs__maia3-2300.pgn
maia3-1600__vs__maia3-2300,24,12,MAIA3 1600,MAIA3 2300,1600,2300,Black,MAIA3 2300,MAIA3 1600,2300,1600,1-0,0.0,checkmate,33,17,031487cefeac31201a68b7d346a4615552c82bd293c4ff9c7ccf97a18a93789f,maia-relative-strength-100.pgn,maia3-1600__vs__maia3-2300.pgn
maia3-1600__vs__maia3-2300,25,13,MAIA3 1600,MAIA3 2300,1600,2300,White,MAIA3 1600,MAIA3 2300,1600,2300,1-0,1.0,checkmate,107,54,031487cefeac31201a68b7d346a4615552c82bd293c4ff9c7ccf97a18a93789f,maia-relative-strength-100.pgn,maia3-1600__vs__maia3-2300.pgn
maia3-1600__vs__maia3-2300,26,13,MAIA3 1600,MAIA3 2300,1600,2300,Black,MAIA3 2300,MAIA3 1600,2300,1600,1-0,0.0,checkmate,89,45,031487cefeac31201a68b7d346a4615552c82bd293c4ff9c7ccf97a18a93789f,maia-relative-strength-100.pgn,maia3-1600__vs__maia3-2300.pgn
maia3-1600__vs__maia3-2300,27,14,MAIA3 1600,MAIA3 2300,1600,2300,White,MAIA3 1600,MAIA3 2300,1600,2300,0-1,0.0,checkmate,62,31,031487cefeac31201a68b7d346a4615552c82bd293c4ff9c7ccf97a18a93789f,maia-relative-strength-100.pgn,maia3-1600__vs__maia3-2300.pgn
maia3-1600__vs__maia3-2300,28,14,MAIA3 1600,MAIA3 2300,1600,2300,Black,MAIA3 2300,MAIA3 1600,2300,1600,1/2-1/2,0.5,threefold repetition,71,36,031487cefeac31201a68b7d346a4615552c82bd293c4ff9c7ccf97a18a93789f,maia-relative-strength-100.pgn,maia3-1600__vs__maia3-2300.pgn
maia3-1600__vs__maia3-2300,29,15,MAIA3 1600,MAIA3 2300,1600,2300,White,MAIA3 1600,MAIA3 2300,1600,2300,1-0,1.0,checkmate,89,45,031487cefeac31201a68b7d346a4615552c82bd293c4ff9c7ccf97a18a93789f,maia-relative-strength-100.pgn,maia3-1600__vs__maia3-2300.pgn
maia3-1600__vs__maia3-2300,30,15,MAIA3 1600,MAIA3 2300,1600,2300,Black,MAIA3 2300,MAIA3 1600,2300,1600,1-0,0.0,checkmate,53,27,031487cefeac31201a68b7d346a4615552c82bd293c4ff9c7ccf97a18a93789f,maia-relative-strength-100.pgn,maia3-1600__vs__maia3-2300.pgn
maia3-1600__vs__maia3-2300,31,16,MAIA3 1600,MAIA3 2300,1600,2300,White,MAIA3 1600,MAIA3 2300,1600,2300,0-1,0.0,checkmate,144,72,031487cefeac31201a68b7d346a4615552c82bd293c4ff9c7ccf97a18a93789f,maia-relative-strength-100.pgn,maia3-1600__vs__maia3-2300.pgn
maia3-1600__vs__maia3-2300,32,16,MAIA3 1600,MAIA3 2300,1600,2300,Black,MAIA3 2300,MAIA3 1600,2300,1600,1-0,0.0,checkmate,47,24,031487cefeac31201a68b7d346a4615552c82bd293c4ff9c7ccf97a18a93789f,maia-relative-strength-100.pgn,maia3-1600__vs__maia3-2300.pgn
maia3-1600__vs__maia3-2300,33,17,MAIA3 1600,MAIA3 2300,1600,2300,White,MAIA3 1600,MAIA3 2300,1600,2300,0-1,0.0,checkmate,54,27,031487cefeac31201a68b7d346a4615552c82bd293c4ff9c7ccf97a18a93789f,maia-relative-strength-100.pgn,maia3-1600__vs__maia3-2300.pgn
maia3-1600__vs__maia3-2300,34,17,MAIA3 1600,MAIA3 2300,1600,2300,Black,MAIA3 2300,MAIA3 1600,2300,1600,1-0,0.0,checkmate,139,70,031487cefeac31201a68b7d346a4615552c82bd293c4ff9c7ccf97a18a93789f,maia-relative-strength-100.pgn,maia3-1600__vs__maia3-2300.pgn
maia3-1600__vs__maia3-2300,35,18,MAIA3 1600,MAIA3 2300,1600,2300,White,MAIA3 1600,MAIA3 2300,1600,2300,0-1,0.0,checkmate,70,35,031487cefeac31201a68b7d346a4615552c82bd293c4ff9c7ccf97a18a93789f,maia-relative-strength-100.pgn,maia3-1600__vs__maia3-2300.pgn
maia3-1600__vs__maia3-2300,36,18,MAIA3 1600,MAIA3 2300,1600,2300,Black,MAIA3 2300,MAIA3 1600,2300,1600,0-1,1.0,checkmate,132,66,031487cefeac31201a68b7d346a4615552c82bd293c4ff9c7ccf97a18a93789f,maia-relative-strength-100.pgn,maia3-1600__vs__maia3-2300.pgn
maia3-1600__vs__maia3-2300,37,19,MAIA3 1600,MAIA3 2300,1600,2300,White,MAIA3 1600,MAIA3 2300,1600,2300,0-1,0.0,checkmate,90,45,031487cefeac31201a68b7d346a4615552c82bd293c4ff9c7ccf97a18a93789f,maia-relative-strength-100.pgn,maia3-1600__vs__maia3-2300.pgn
maia3-1600__vs__maia3-2300,38,19,MAIA3 1600,MAIA3 2300,1600,2300,Black,MAIA3 2300,MAIA3 1600,2300,1600,1/2-1/2,0.5,insufficient material,127,64,031487cefeac31201a68b7d346a4615552c82bd293c4ff9c7ccf97a18a93789f,maia-relative-strength-100.pgn,maia3-1600__vs__maia3-2300.pgn
maia3-1600__vs__maia3-2300,39,20,MAIA3 1600,MAIA3 2300,1600,2300,White,MAIA3 1600,MAIA3 2300,1600,2300,1-0,1.0,checkmate,127,64,031487cefeac31201a68b7d346a4615552c82bd293c4ff9c7ccf97a18a93789f,maia-relative-strength-100.pgn,maia3-1600__vs__maia3-2300.pgn
maia3-1600__vs__maia3-2300,40,20,MAIA3 1600,MAIA3 2300,1600,2300,Black,MAIA3 2300,MAIA3 1600,2300,1600,1-0,0.0,checkmate,101,51,031487cefeac31201a68b7d346a4615552c82bd293c4ff9c7ccf97a18a93789f,maia-relative-strength-100.pgn,maia3-1600__vs__maia3-2300.pgn
maia3-1600__vs__maia3-2300,41,21,MAIA3 1600,MAIA3 2300,1600,2300,White,MAIA3 1600,MAIA3 2300,1600,2300,0-1,0.0,checkmate,132,66,031487cefeac31201a68b7d346a4615552c82bd293c4ff9c7ccf97a18a93789f,maia-relative-strength-100.pgn,maia3-1600__vs__maia3-2300.pgn
maia3-1600__vs__maia3-2300,42,21,MAIA3 1600,MAIA3 2300,1600,2300,Black,MAIA3 2300,MAIA3 1600,2300,1600,1-0,0.0,checkmate,109,55,031487cefeac31201a68b7d346a4615552c82bd293c4ff9c7ccf97a18a93789f,maia-relative-strength-100.pgn,maia3-1600__vs__maia3-2300.pgn
maia3-1600__vs__maia3-2300,43,22,MAIA3 1600,MAIA3 2300,1600,2300,White,MAIA3 1600,MAIA3 2300,1600,2300,1/2-1/2,0.5,stalemate,131,66,031487cefeac31201a68b7d346a4615552c82bd293c4ff9c7ccf97a18a93789f,maia-relative-strength-100.pgn,maia3-1600__vs__maia3-2300.pgn
maia3-1600__vs__maia3-2300,44,22,MAIA3 1600,MAIA3 2300,1600,2300,Black,MAIA3 2300,MAIA3 1600,2300,1600,0-1,1.0,checkmate,42,21,031487cefeac31201a68b7d346a4615552c82bd293c4ff9c7ccf97a18a93789f,maia-relative-strength-100.pgn,maia3-1600__vs__maia3-2300.pgn
maia3-1600__vs__maia3-2300,45,23,MAIA3 1600,MAIA3 2300,1600,2300,White,MAIA3 1600,MAIA3 2300,1600,2300,1/2-1/2,0.5,insufficient material,107,54,031487cefeac31201a68b7d346a4615552c82bd293c4ff9c7ccf97a18a93789f,maia-relative-strength-100.pgn,maia3-1600__vs__maia3-2300.pgn
maia3-1600__vs__maia3-2300,46,23,MAIA3 1600,MAIA3 2300,1600,2300,Black,MAIA3 2300,MAIA3 1600,2300,1600,1-0,0.0,checkmate,45,23,031487cefeac31201a68b7d346a4615552c82bd293c4ff9c7ccf97a18a93789f,maia-relative-strength-100.pgn,maia3-1600__vs__maia3-2300.pgn
maia3-1600__vs__maia3-2300,47,24,MAIA3 1600,MAIA3 2300,1600,2300,White,MAIA3 1600,MAIA3 2300,1600,2300,1/2-1/2,0.5,threefold repetition,127,64,031487cefeac31201a68b7d346a4615552c82bd293c4ff9c7ccf97a18a93789f,maia-relative-strength-100.pgn,maia3-1600__vs__maia3-2300.pgn
maia3-1600__vs__maia3-2300,48,24,MAIA3 1600,MAIA3 2300,1600,2300,Black,MAIA3 2300,MAIA3 1600,2300,1600,1-0,0.0,checkmate,103,52,031487cefeac31201a68b7d346a4615552c82bd293c4ff9c7ccf97a18a93789f,maia-relative-strength-100.pgn,maia3-1600__vs__maia3-2300.pgn
maia3-1600__vs__maia3-2300,49,25,MAIA3 1600,MAIA3 2300,1600,2300,White,MAIA3 1600,MAIA3 2300,1600,2300,0-1,0.0,checkmate,30,15,031487cefeac31201a68b7d346a4615552c82bd293c4ff9c7ccf97a18a93789f,maia-relative-strength-100.pgn,maia3-1600__vs__maia3-2300.pgn
maia3-1600__vs__maia3-2300,50,25,MAIA3 1600,MAIA3 2300,1600,2300,Black,MAIA3 2300,MAIA3 1600,2300,1600,1-0,0.0,checkmate,85,43,031487cefeac31201a68b7d346a4615552c82bd293c4ff9c7ccf97a18a93789f,maia-relative-strength-100.pgn,maia3-1600__vs__maia3-2300.pgn
maia3-1600__vs__maia3-2300,51,26,MAIA3 1600,MAIA3 2300,1600,2300,White,MAIA3 1600,MAIA3 2300,1600,2300,1-0,1.0,checkmate,121,61,031487cefeac31201a68b7d346a4615552c82bd293c4ff9c7ccf97a18a93789f,maia-relative-strength-100.pgn,maia3-1600__vs__maia3-2300.pgn
maia3-1600__vs__maia3-2300,52,26,MAIA3 1600,MAIA3 2300,1600,2300,Black,MAIA3 2300,MAIA3 1600,2300,1600,1-0,0.0,checkmate,99,50,031487cefeac31201a68b7d346a4615552c82bd293c4ff9c7ccf97a18a93789f,maia-relative-strength-100.pgn,maia3-1600__vs__maia3-2300.pgn
maia3-1600__vs__maia3-2300,53,27,MAIA3 1600,MAIA3 2300,1600,2300,White,MAIA3 1600,MAIA3 2300,1600,2300,0-1,0.0,checkmate,64,32,031487cefeac31201a68b7d346a4615552c82bd293c4ff9c7ccf97a18a93789f,maia-relative-strength-100.pgn,maia3-1600__vs__maia3-2300.pgn
maia3-1600__vs__maia3-2300,54,27,MAIA3 1600,MAIA3 2300,1600,2300,Black,MAIA3 2300,MAIA3 1600,2300,1600,1-0,0.0,checkmate,131,66,031487cefeac31201a68b7d346a4615552c82bd293c4ff9c7ccf97a18a93789f,maia-relative-strength-100.pgn,maia3-1600__vs__maia3-2300.pgn
maia3-1600__vs__maia3-2300,55,28,MAIA3 1600,MAIA3 2300,1600,2300,White,MAIA3 1600,MAIA3 2300,1600,2300,1/2-1/2,0.5,threefold repetition,118,59,031487cefeac31201a68b7d346a4615552c82bd293c4ff9c7ccf97a18a93789f,maia-relative-strength-100.pgn,maia3-1600__vs__maia3-2300.pgn
maia3-1600__vs__maia3-2300,56,28,MAIA3 1600,MAIA3 2300,1600,2300,Black,MAIA3 2300,MAIA3 1600,2300,1600,1-0,0.0,checkmate,109,55,031487cefeac31201a68b7d346a4615552c82bd293c4ff9c7ccf97a18a93789f,maia-relative-strength-100.pgn,maia3-1600__vs__maia3-2300.pgn
maia3-1600__vs__maia3-2300,57,29,MAIA3 1600,MAIA3 2300,1600,2300,White,MAIA3 1600,MAIA3 2300,1600,2300,1/2-1/2,0.5,threefold repetition,103,52,031487cefeac31201a68b7d346a4615552c82bd293c4ff9c7ccf97a18a93789f,maia-relative-strength-100.pgn,maia3-1600__vs__maia3-2300.pgn
maia3-1600__vs__maia3-2300,58,29,MAIA3 1600,MAIA3 2300,1600,2300,Black,MAIA3 2300,MAIA3 1600,2300,1600,1/2-1/2,0.5,threefold repetition,121,61,031487cefeac31201a68b7d346a4615552c82bd293c4ff9c7ccf97a18a93789f,maia-relative-strength-100.pgn,maia3-1600__vs__maia3-2300.pgn
maia3-1600__vs__maia3-2300,59,30,MAIA3 1600,MAIA3 2300,1600,2300,White,MAIA3 1600,MAIA3 2300,1600,2300,1/2-1/2,0.5,stalemate,131,66,031487cefeac31201a68b7d346a4615552c82bd293c4ff9c7ccf97a18a93789f,maia-relative-strength-100.pgn,maia3-1600__vs__maia3-2300.pgn
maia3-1600__vs__maia3-2300,60,30,MAIA3 1600,MAIA3 2300,1600,2300,Black,MAIA3 2300,MAIA3 1600,2300,1600,1-0,0.0,checkmate,73,37,031487cefeac31201a68b7d346a4615552c82bd293c4ff9c7ccf97a18a93789f,maia-relative-strength-100.pgn,maia3-1600__vs__maia3-2300.pgn
maia3-1600__vs__maia3-2300,61,31,MAIA3 1600,MAIA3 2300,1600,2300,White,MAIA3 1600,MAIA3 2300,1600,2300,0-1,0.0,checkmate,158,79,031487cefeac31201a68b7d346a4615552c82bd293c4ff9c7ccf97a18a93789f,maia-relative-strength-100.pgn,maia3-1600__vs__maia3-2300.pgn
maia3-1600__vs__maia3-2300,62,31,MAIA3 1600,MAIA3 2300,1600,2300,Black,MAIA3 2300,MAIA3 1600,2300,1600,1-0,0.0,checkmate,93,47,031487cefeac31201a68b7d346a4615552c82bd293c4ff9c7ccf97a18a93789f,maia-relative-strength-100.pgn,maia3-1600__vs__maia3-2300.pgn
maia3-1600__vs__maia3-2300,63,32,MAIA3 1600,MAIA3 2300,1600,2300,White,MAIA3 1600,MAIA3 2300,1600,2300,0-1,0.0,checkmate,56,28,031487cefeac31201a68b7d346a4615552c82bd293c4ff9c7ccf97a18a93789f,maia-relative-strength-100.pgn,maia3-1600__vs__maia3-2300.pgn
maia3-1600__vs__maia3-2300,64,32,MAIA3 1600,MAIA3 2300,1600,2300,Black,MAIA3 2300,MAIA3 1600,2300,1600,1-0,0.0,checkmate,59,30,031487cefeac31201a68b7d346a4615552c82bd293c4ff9c7ccf97a18a93789f,maia-relative-strength-100.pgn,maia3-1600__vs__maia3-2300.pgn
maia3-1600__vs__maia3-2300,65,33,MAIA3 1600,MAIA3 2300,1600,2300,White,MAIA3 1600,MAIA3 2300,1600,2300,0-1,0.0,checkmate,46,23,031487cefeac31201a68b7d346a4615552c82bd293c4ff9c7ccf97a18a93789f,maia-relative-strength-100.pgn,maia3-1600__vs__maia3-2300.pgn
maia3-1600__vs__maia3-2300,66,33,MAIA3 1600,MAIA3 2300,1600,2300,Black,MAIA3 2300,MAIA3 1600,2300,1600,0-1,1.0,checkmate,80,40,031487cefeac31201a68b7d346a4615552c82bd293c4ff9c7ccf97a18a93789f,maia-relative-strength-100.pgn,maia3-1600__vs__maia3-2300.pgn
maia3-1600__vs__maia3-2300,67,34,MAIA3 1600,MAIA3 2300,1600,2300,White,MAIA3 1600,MAIA3 2300,1600,2300,1-0,1.0,checkmate,27,14,031487cefeac31201a68b7d346a4615552c82bd293c4ff9c7ccf97a18a93789f,maia-relative-strength-100.pgn,maia3-1600__vs__maia3-2300.pgn
maia3-1600__vs__maia3-2300,68,34,MAIA3 1600,MAIA3 2300,1600,2300,Black,MAIA3 2300,MAIA3 1600,2300,1600,1-0,0.0,checkmate,135,68,031487cefeac31201a68b7d346a4615552c82bd293c4ff9c7ccf97a18a93789f,maia-relative-strength-100.pgn,maia3-1600__vs__maia3-2300.pgn
maia3-1600__vs__maia3-2300,69,35,MAIA3 1600,MAIA3 2300,1600,2300,White,MAIA3 1600,MAIA3 2300,1600,2300,1/2-1/2,0.5,insufficient material,120,60,031487cefeac31201a68b7d346a4615552c82bd293c4ff9c7ccf97a18a93789f,maia-relative-strength-100.pgn,maia3-1600__vs__maia3-2300.pgn
maia3-1600__vs__maia3-2300,70,35,MAIA3 1600,MAIA3 2300,1600,2300,Black,MAIA3 2300,MAIA3 1600,2300,1600,1-0,0.0,checkmate,95,48,031487cefeac31201a68b7d346a4615552c82bd293c4ff9c7ccf97a18a93789f,maia-relative-strength-100.pgn,maia3-1600__vs__maia3-2300.pgn
maia3-1600__vs__maia3-2300,71,36,MAIA3 1600,MAIA3 2300,1600,2300,White,MAIA3 1600,MAIA3 2300,1600,2300,0-1,0.0,checkmate,46,23,031487cefeac31201a68b7d346a4615552c82bd293c4ff9c7ccf97a18a93789f,maia-relative-strength-100.pgn,maia3-1600__vs__maia3-2300.pgn
maia3-1600__vs__maia3-2300,72,36,MAIA3 1600,MAIA3 2300,1600,2300,Black,MAIA3 2300,MAIA3 1600,2300,1600,1-0,0.0,checkmate,147,74,031487cefeac31201a68b7d346a4615552c82bd293c4ff9c7ccf97a18a93789f,maia-relative-strength-100.pgn,maia3-1600__vs__maia3-2300.pgn
maia3-1600__vs__maia3-2300,73,37,MAIA3 1600,MAIA3 2300,1600,2300,White,MAIA3 1600,MAIA3 2300,1600,2300,0-1,0.0,checkmate,66,33,031487cefeac31201a68b7d346a4615552c82bd293c4ff9c7ccf97a18a93789f,maia-relative-strength-100.pgn,maia3-1600__vs__maia3-2300.pgn
maia3-1600__vs__maia3-2300,74,37,MAIA3 1600,MAIA3 2300,1600,2300,Black,MAIA3 2300,MAIA3 1600,2300,1600,0-1,1.0,checkmate,110,55,031487cefeac31201a68b7d346a4615552c82bd293c4ff9c7ccf97a18a93789f,maia-relative-strength-100.pgn,maia3-1600__vs__maia3-2300.pgn
maia3-1600__vs__maia3-2300,75,38,MAIA3 1600,MAIA3 2300,1600,2300,White,MAIA3 1600,MAIA3 2300,1600,2300,0-1,0.0,checkmate,126,63,031487cefeac31201a68b7d346a4615552c82bd293c4ff9c7ccf97a18a93789f,maia-relative-strength-100.pgn,maia3-1600__vs__maia3-2300.pgn
maia3-1600__vs__maia3-2300,76,38,MAIA3 1600,MAIA3 2300,1600,2300,Black,MAIA3 2300,MAIA3 1600,2300,1600,1-0,0.0,checkmate,63,32,031487cefeac31201a68b7d346a4615552c82bd293c4ff9c7ccf97a18a93789f,maia-relative-strength-100.pgn,maia3-1600__vs__maia3-2300.pgn
maia3-1600__vs__maia3-2300,77,39,MAIA3 1600,MAIA3 2300,1600,2300,White,MAIA3 1600,MAIA3 2300,1600,2300,0-1,0.0,checkmate,58,29,031487cefeac31201a68b7d346a4615552c82bd293c4ff9c7ccf97a18a93789f,maia-relative-strength-100.pgn,maia3-1600__vs__maia3-2300.pgn
maia3-1600__vs__maia3-2300,78,39,MAIA3 1600,MAIA3 2300,1600,2300,Black,MAIA3 2300,MAIA3 1600,2300,1600,1-0,0.0,checkmate,53,27,031487cefeac31201a68b7d346a4615552c82bd293c4ff9c7ccf97a18a93789f,maia-relative-strength-100.pgn,maia3-1600__vs__maia3-2300.pgn
maia3-1600__vs__maia3-2300,79,40,MAIA3 1600,MAIA3 2300,1600,2300,White,MAIA3 1600,MAIA3 2300,1600,2300,0-1,0.0,checkmate,156,78,031487cefeac31201a68b7d346a4615552c82bd293c4ff9c7ccf97a18a93789f,maia-relative-strength-100.pgn,maia3-1600__vs__maia3-2300.pgn
maia3-1600__vs__maia3-2300,80,40,MAIA3 1600,MAIA3 2300,1600,2300,Black,MAIA3 2300,MAIA3 1600,2300,1600,1-0,0.0,checkmate,47,24,031487cefeac31201a68b7d346a4615552c82bd293c4ff9c7ccf97a18a93789f,maia-relative-strength-100.pgn,maia3-1600__vs__maia3-2300.pgn
maia3-1600__vs__maia3-2300,81,41,MAIA3 1600,MAIA3 2300,1600,2300,White,MAIA3 1600,MAIA3 2300,1600,2300,0-1,0.0,checkmate,36,18,031487cefeac31201a68b7d346a4615552c82bd293c4ff9c7ccf97a18a93789f,maia-relative-strength-100.pgn,maia3-1600__vs__maia3-2300.pgn
maia3-1600__vs__maia3-2300,82,41,MAIA3 1600,MAIA3 2300,1600,2300,Black,MAIA3 2300,MAIA3 1600,2300,1600,1/2-1/2,0.5,threefold repetition,36,18,031487cefeac31201a68b7d346a4615552c82bd293c4ff9c7ccf97a18a93789f,maia-relative-strength-100.pgn,maia3-1600__vs__maia3-2300.pgn
maia3-1600__vs__maia3-2300,83,42,MAIA3 1600,MAIA3 2300,1600,2300,White,MAIA3 1600,MAIA3 2300,1600,2300,1/2-1/2,0.5,threefold repetition,138,69,031487cefeac31201a68b7d346a4615552c82bd293c4ff9c7ccf97a18a93789f,maia-relative-strength-100.pgn,maia3-1600__vs__maia3-2300.pgn
maia3-1600__vs__maia3-2300,84,42,MAIA3 1600,MAIA3 2300,1600,2300,Black,MAIA3 2300,MAIA3 1600,2300,1600,1-0,0.0,checkmate,73,37,031487cefeac31201a68b7d346a4615552c82bd293c4ff9c7ccf97a18a93789f,maia-relative-strength-100.pgn,maia3-1600__vs__maia3-2300.pgn
maia3-1600__vs__maia3-2300,85,43,MAIA3 1600,MAIA3 2300,1600,2300,White,MAIA3 1600,MAIA3 2300,1600,2300,0-1,0.0,checkmate,108,54,031487cefeac31201a68b7d346a4615552c82bd293c4ff9c7ccf97a18a93789f,maia-relative-strength-100.pgn,maia3-1600__vs__maia3-2300.pgn
maia3-1600__vs__maia3-2300,86,43,MAIA3 1600,MAIA3 2300,1600,2300,Black,MAIA3 2300,MAIA3 1600,2300,1600,1-0,0.0,checkmate,101,51,031487cefeac31201a68b7d346a4615552c82bd293c4ff9c7ccf97a18a93789f,maia-relative-strength-100.pgn,maia3-1600__vs__maia3-2300.pgn
maia3-1600__vs__maia3-2300,87,44,MAIA3 1600,MAIA3 2300,1600,2300,White,MAIA3 1600,MAIA3 2300,1600,2300,0-1,0.0,checkmate,36,18,031487cefeac31201a68b7d346a4615552c82bd293c4ff9c7ccf97a18a93789f,maia-relative-strength-100.pgn,maia3-1600__vs__maia3-2300.pgn
maia3-1600__vs__maia3-2300,88,44,MAIA3 1600,MAIA3 2300,1600,2300,Black,MAIA3 2300,MAIA3 1600,2300,1600,0-1,1.0,checkmate,126,63,031487cefeac31201a68b7d346a4615552c82bd293c4ff9c7ccf97a18a93789f,maia-relative-strength-100.pgn,maia3-1600__vs__maia3-2300.pgn
maia3-1600__vs__maia3-2300,89,45,MAIA3 1600,MAIA3 2300,1600,2300,White,MAIA3 1600,MAIA3 2300,1600,2300,0-1,0.0,checkmate,156,78,031487cefeac31201a68b7d346a4615552c82bd293c4ff9c7ccf97a18a93789f,maia-relative-strength-100.pgn,maia3-1600__vs__maia3-2300.pgn
maia3-1600__vs__maia3-2300,90,45,MAIA3 1600,MAIA3 2300,1600,2300,Black,MAIA3 2300,MAIA3 1600,2300,1600,1-0,0.0,checkmate,75,38,031487cefeac31201a68b7d346a4615552c82bd293c4ff9c7ccf97a18a93789f,maia-relative-strength-100.pgn,maia3-1600__vs__maia3-2300.pgn
maia3-1600__vs__maia3-2300,91,46,MAIA3 1600,MAIA3 2300,1600,2300,White,MAIA3 1600,MAIA3 2300,1600,2300,0-1,0.0,checkmate,106,53,031487cefeac31201a68b7d346a4615552c82bd293c4ff9c7ccf97a18a93789f,maia-relative-strength-100.pgn,maia3-1600__vs__maia3-2300.pgn
maia3-1600__vs__maia3-2300,92,46,MAIA3 1600,MAIA3 2300,1600,2300,Black,MAIA3 2300,MAIA3 1600,2300,1600,0-1,1.0,checkmate,84,42,031487cefeac31201a68b7d346a4615552c82bd293c4ff9c7ccf97a18a93789f,maia-relative-strength-100.pgn,maia3-1600__vs__maia3-2300.pgn
maia3-1600__vs__maia3-2300,93,47,MAIA3 1600,MAIA3 2300,1600,2300,White,MAIA3 1600,MAIA3 2300,1600,2300,0-1,0.0,checkmate,74,37,031487cefeac31201a68b7d346a4615552c82bd293c4ff9c7ccf97a18a93789f,maia-relative-strength-100.pgn,maia3-1600__vs__maia3-2300.pgn
maia3-1600__vs__maia3-2300,94,47,MAIA3 1600,MAIA3 2300,1600,2300,Black,MAIA3 2300,MAIA3 1600,2300,1600,1-0,0.0,checkmate,183,92,031487cefeac31201a68b7d346a4615552c82bd293c4ff9c7ccf97a18a93789f,maia-relative-strength-100.pgn,maia3-1600__vs__maia3-2300.pgn
maia3-1600__vs__maia3-2300,95,48,MAIA3 1600,MAIA3 2300,1600,2300,White,MAIA3 1600,MAIA3 2300,1600,2300,0-1,0.0,checkmate,78,39,031487cefeac31201a68b7d346a4615552c82bd293c4ff9c7ccf97a18a93789f,maia-relative-strength-100.pgn,maia3-1600__vs__maia3-2300.pgn
maia3-1600__vs__maia3-2300,96,48,MAIA3 1600,MAIA3 2300,1600,2300,Black,MAIA3 2300,MAIA3 1600,2300,1600,1-0,0.0,checkmate,125,63,031487cefeac31201a68b7d346a4615552c82bd293c4ff9c7ccf97a18a93789f,maia-relative-strength-100.pgn,maia3-1600__vs__maia3-2300.pgn
maia3-1600__vs__maia3-2300,97,49,MAIA3 1600,MAIA3 2300,1600,2300,White,MAIA3 1600,MAIA3 2300,1600,2300,0-1,0.0,checkmate,114,57,031487cefeac31201a68b7d346a4615552c82bd293c4ff9c7ccf97a18a93789f,maia-relative-strength-100.pgn,maia3-1600__vs__maia3-2300.pgn
maia3-1600__vs__maia3-2300,98,49,MAIA3 1600,MAIA3 2300,1600,2300,Black,MAIA3 2300,MAIA3 1600,2300,1600,1-0,0.0,checkmate,83,42,031487cefeac31201a68b7d346a4615552c82bd293c4ff9c7ccf97a18a93789f,maia-relative-strength-100.pgn,maia3-1600__vs__maia3-2300.pgn
maia3-1600__vs__maia3-2300,99,50,MAIA3 1600,MAIA3 2300,1600,2300,White,MAIA3 1600,MAIA3 2300,1600,2300,0-1,0.0,checkmate,96,48,031487cefeac31201a68b7d346a4615552c82bd293c4ff9c7ccf97a18a93789f,maia-relative-strength-100.pgn,maia3-1600__vs__maia3-2300.pgn
maia3-1600__vs__maia3-2300,100,50,MAIA3 1600,MAIA3 2300,1600,2300,Black,MAIA3 2300,MAIA3 1600,2300,1600,1-0,0.0,checkmate,73,37,031487cefeac31201a68b7d346a4615552c82bd293c4ff9c7ccf97a18a93789f,maia-relative-strength-100.pgn,maia3-1600__vs__maia3-2300.pgn
maia3-1600__vs__maia3-2300,101,51,MAIA3 1600,MAIA3 2300,1600,2300,White,MAIA3 1600,MAIA3 2300,1600,2300,1-0,1.0,checkmate,175,88,031487cefeac31201a68b7d346a4615552c82bd293c4ff9c7ccf97a18a93789f,maia-relative-strength-100.pgn,maia3-1600__vs__maia3-2300.pgn
maia3-1600__vs__maia3-2300,102,51,MAIA3 1600,MAIA3 2300,1600,2300,Black,MAIA3 2300,MAIA3 1600,2300,1600,1-0,0.0,checkmate,117,59,031487cefeac31201a68b7d346a4615552c82bd293c4ff9c7ccf97a18a93789f,maia-relative-strength-100.pgn,maia3-1600__vs__maia3-2300.pgn
maia3-1600__vs__maia3-2300,103,52,MAIA3 1600,MAIA3 2300,1600,2300,White,MAIA3 1600,MAIA3 2300,1600,2300,0-1,0.0,checkmate,90,45,031487cefeac31201a68b7d346a4615552c82bd293c4ff9c7ccf97a18a93789f,maia-relative-strength-100.pgn,maia3-1600__vs__maia3-2300.pgn
maia3-1600__vs__maia3-2300,104,52,MAIA3 1600,MAIA3 2300,1600,2300,Black,MAIA3 2300,MAIA3 1600,2300,1600,1/2-1/2,0.5,insufficient material,110,55,031487cefeac31201a68b7d346a4615552c82bd293c4ff9c7ccf97a18a93789f,maia-relative-strength-100.pgn,maia3-1600__vs__maia3-2300.pgn
maia3-1600__vs__maia3-2300,105,53,MAIA3 1600,MAIA3 2300,1600,2300,White,MAIA3 1600,MAIA3 2300,1600,2300,1-0,1.0,checkmate,119,60,031487cefeac31201a68b7d346a4615552c82bd293c4ff9c7ccf97a18a93789f,maia-relative-strength-100.pgn,maia3-1600__vs__maia3-2300.pgn
maia3-1600__vs__maia3-2300,106,53,MAIA3 1600,MAIA3 2300,1600,2300,Black,MAIA3 2300,MAIA3 1600,2300,1600,1-0,0.0,checkmate,89,45,031487cefeac31201a68b7d346a4615552c82bd293c4ff9c7ccf97a18a93789f,maia-relative-strength-100.pgn,maia3-1600__vs__maia3-2300.pgn
maia3-1600__vs__maia3-2300,107,54,MAIA3 1600,MAIA3 2300,1600,2300,White,MAIA3 1600,MAIA3 2300,1600,2300,0-1,0.0,checkmate,96,48,031487cefeac31201a68b7d346a4615552c82bd293c4ff9c7ccf97a18a93789f,maia-relative-strength-100.pgn,maia3-1600__vs__maia3-2300.pgn
maia3-1600__vs__maia3-2300,108,54,MAIA3 1600,MAIA3 2300,1600,2300,Black,MAIA3 2300,MAIA3 1600,2300,1600,1-0,0.0,checkmate,87,44,031487cefeac31201a68b7d346a4615552c82bd293c4ff9c7ccf97a18a93789f,maia-relative-strength-100.pgn,maia3-1600__vs__maia3-2300.pgn
maia3-1600__vs__maia3-2300,109,55,MAIA3 1600,MAIA3 2300,1600,2300,White,MAIA3 1600,MAIA3 2300,1600,2300,0-1,0.0,checkmate,120,60,031487cefeac31201a68b7d346a4615552c82bd293c4ff9c7ccf97a18a93789f,maia-relative-strength-100.pgn,maia3-1600__vs__maia3-2300.pgn
maia3-1600__vs__maia3-2300,110,55,MAIA3 1600,MAIA3 2300,1600,2300,Black,MAIA3 2300,MAIA3 1600,2300,1600,1-0,0.0,checkmate,61,31,031487cefeac31201a68b7d346a4615552c82bd293c4ff9c7ccf97a18a93789f,maia-relative-strength-100.pgn,maia3-1600__vs__maia3-2300.pgn
maia3-1600__vs__maia3-2300,111,56,MAIA3 1600,MAIA3 2300,1600,2300,White,MAIA3 1600,MAIA3 2300,1600,2300,0-1,0.0,checkmate,50,25,031487cefeac31201a68b7d346a4615552c82bd293c4ff9c7ccf97a18a93789f,maia-relative-strength-100.pgn,maia3-1600__vs__maia3-2300.pgn
maia3-1600__vs__maia3-2300,112,56,MAIA3 1600,MAIA3 2300,1600,2300,Black,MAIA3 2300,MAIA3 1600,2300,1600,1-0,0.0,checkmate,107,54,031487cefeac31201a68b7d346a4615552c82bd293c4ff9c7ccf97a18a93789f,maia-relative-strength-100.pgn,maia3-1600__vs__maia3-2300.pgn
maia3-1600__vs__maia3-2300,113,57,MAIA3 1600,MAIA3 2300,1600,2300,White,MAIA3 1600,MAIA3 2300,1600,2300,0-1,0.0,checkmate,104,52,031487cefeac31201a68b7d346a4615552c82bd293c4ff9c7ccf97a18a93789f,maia-relative-strength-100.pgn,maia3-1600__vs__maia3-2300.pgn
maia3-1600__vs__maia3-2300,114,57,MAIA3 1600,MAIA3 2300,1600,2300,Black,MAIA3 2300,MAIA3 1600,2300,1600,1/2-1/2,0.5,threefold repetition,147,74,031487cefeac31201a68b7d346a4615552c82bd293c4ff9c7ccf97a18a93789f,maia-relative-strength-100.pgn,maia3-1600__vs__maia3-2300.pgn
maia3-1600__vs__maia3-2300,115,58,MAIA3 1600,MAIA3 2300,1600,2300,White,MAIA3 1600,MAIA3 2300,1600,2300,0-1,0.0,checkmate,90,45,031487cefeac31201a68b7d346a4615552c82bd293c4ff9c7ccf97a18a93789f,maia-relative-strength-100.pgn,maia3-1600__vs__maia3-2300.pgn
maia3-1600__vs__maia3-2300,116,58,MAIA3 1600,MAIA3 2300,1600,2300,Black,MAIA3 2300,MAIA3 1600,2300,1600,1-0,0.0,checkmate,81,41,031487cefeac31201a68b7d346a4615552c82bd293c4ff9c7ccf97a18a93789f,maia-relative-strength-100.pgn,maia3-1600__vs__maia3-2300.pgn
maia3-1600__vs__maia3-2300,117,59,MAIA3 1600,MAIA3 2300,1600,2300,White,MAIA3 1600,MAIA3 2300,1600,2300,0-1,0.0,checkmate,90,45,031487cefeac31201a68b7d346a4615552c82bd293c4ff9c7ccf97a18a93789f,maia-relative-strength-100.pgn,maia3-1600__vs__maia3-2300.pgn
maia3-1600__vs__maia3-2300,118,59,MAIA3 1600,MAIA3 2300,1600,2300,Black,MAIA3 2300,MAIA3 1600,2300,1600,1-0,0.0,checkmate,41,21,031487cefeac31201a68b7d346a4615552c82bd293c4ff9c7ccf97a18a93789f,maia-relative-strength-100.pgn,maia3-1600__vs__maia3-2300.pgn
maia3-1600__vs__maia3-2300,119,60,MAIA3 1600,MAIA3 2300,1600,2300,White,MAIA3 1600,MAIA3 2300,1600,2300,0-1,0.0,checkmate,114,57,031487cefeac31201a68b7d346a4615552c82bd293c4ff9c7ccf97a18a93789f,maia-relative-strength-100.pgn,maia3-1600__vs__maia3-2300.pgn
maia3-1600__vs__maia3-2300,120,60,MAIA3 1600,MAIA3 2300,1600,2300,Black,MAIA3 2300,MAIA3 1600,2300,1600,0-1,1.0,checkmate,174,87,031487cefeac31201a68b7d346a4615552c82bd293c4ff9c7ccf97a18a93789f,maia-relative-strength-100.pgn,maia3-1600__vs__maia3-2300.pgn
maia3-1600__vs__maia3-2300,121,61,MAIA3 1600,MAIA3 2300,1600,2300,White,MAIA3 1600,MAIA3 2300,1600,2300,1-0,1.0,checkmate,115,58,031487cefeac31201a68b7d346a4615552c82bd293c4ff9c7ccf97a18a93789f,maia-relative-strength-100.pgn,maia3-1600__vs__maia3-2300.pgn
maia3-1600__vs__maia3-2300,122,61,MAIA3 1600,MAIA3 2300,1600,2300,Black,MAIA3 2300,MAIA3 1600,2300,1600,1-0,0.0,checkmate,135,68,031487cefeac31201a68b7d346a4615552c82bd293c4ff9c7ccf97a18a93789f,maia-relative-strength-100.pgn,maia3-1600__vs__maia3-2300.pgn
maia3-1600__vs__maia3-2300,123,62,MAIA3 1600,MAIA3 2300,1600,2300,White,MAIA3 1600,MAIA3 2300,1600,2300,0-1,0.0,checkmate,62,31,031487cefeac31201a68b7d346a4615552c82bd293c4ff9c7ccf97a18a93789f,maia-relative-strength-100.pgn,maia3-1600__vs__maia3-2300.pgn
maia3-1600__vs__maia3-2300,124,62,MAIA3 1600,MAIA3 2300,1600,2300,Black,MAIA3 2300,MAIA3 1600,2300,1600,1/2-1/2,0.5,threefold repetition,71,36,031487cefeac31201a68b7d346a4615552c82bd293c4ff9c7ccf97a18a93789f,maia-relative-strength-100.pgn,maia3-1600__vs__maia3-2300.pgn
maia3-1600__vs__maia3-2300,125,63,MAIA3 1600,MAIA3 2300,1600,2300,White,MAIA3 1600,MAIA3 2300,1600,2300,1/2-1/2,0.5,threefold repetition,56,28,031487cefeac31201a68b7d346a4615552c82bd293c4ff9c7ccf97a18a93789f,maia-relative-strength-100.pgn,maia3-1600__vs__maia3-2300.pgn
maia3-1600__vs__maia3-2300,126,63,MAIA3 1600,MAIA3 2300,1600,2300,Black,MAIA3 2300,MAIA3 1600,2300,1600,1-0,0.0,checkmate,81,41,031487cefeac31201a68b7d346a4615552c82bd293c4ff9c7ccf97a18a93789f,maia-relative-strength-100.pgn,maia3-1600__vs__maia3-2300.pgn
maia3-1600__vs__maia3-2300,127,64,MAIA3 1600,MAIA3 2300,1600,2300,White,MAIA3 1600,MAIA3 2300,1600,2300,0-1,0.0,checkmate,94,47,031487cefeac31201a68b7d346a4615552c82bd293c4ff9c7ccf97a18a93789f,maia-relative-strength-100.pgn,maia3-1600__vs__maia3-2300.pgn
maia3-1600__vs__maia3-2300,128,64,MAIA3 1600,MAIA3 2300,1600,2300,Black,MAIA3 2300,MAIA3 1600,2300,1600,1-0,0.0,checkmate,105,53,031487cefeac31201a68b7d346a4615552c82bd293c4ff9c7ccf97a18a93789f,maia-relative-strength-100.pgn,maia3-1600__vs__maia3-2300.pgn
maia3-1600__vs__maia3-2300,129,65,MAIA3 1600,MAIA3 2300,1600,2300,White,MAIA3 1600,MAIA3 2300,1600,2300,0-1,0.0,checkmate,128,64,031487cefeac31201a68b7d346a4615552c82bd293c4ff9c7ccf97a18a93789f,maia-relative-strength-100.pgn,maia3-1600__vs__maia3-2300.pgn
maia3-1600__vs__maia3-2300,130,65,MAIA3 1600,MAIA3 2300,1600,2300,Black,MAIA3 2300,MAIA3 1600,2300,1600,1-0,0.0,checkmate,95,48,031487cefeac31201a68b7d346a4615552c82bd293c4ff9c7ccf97a18a93789f,maia-relative-strength-100.pgn,maia3-1600__vs__maia3-2300.pgn
maia3-1600__vs__maia3-2300,131,66,MAIA3 1600,MAIA3 2300,1600,2300,White,MAIA3 1600,MAIA3 2300,1600,2300,0-1,0.0,checkmate,82,41,031487cefeac31201a68b7d346a4615552c82bd293c4ff9c7ccf97a18a93789f,maia-relative-strength-100.pgn,maia3-1600__vs__maia3-2300.pgn
maia3-1600__vs__maia3-2300,132,66,MAIA3 1600,MAIA3 2300,1600,2300,Black,MAIA3 2300,MAIA3 1600,2300,1600,1-0,0.0,checkmate,55,28,031487cefeac31201a68b7d346a4615552c82bd293c4ff9c7ccf97a18a93789f,maia-relative-strength-100.pgn,maia3-1600__vs__maia3-2300.pgn
maia3-1600__vs__maia3-2300,133,67,MAIA3 1600,MAIA3 2300,1600,2300,White,MAIA3 1600,MAIA3 2300,1600,2300,1/2-1/2,0.5,threefold repetition,70,35,031487cefeac31201a68b7d346a4615552c82bd293c4ff9c7ccf97a18a93789f,maia-relative-strength-100.pgn,maia3-1600__vs__maia3-2300.pgn
maia3-1600__vs__maia3-2300,134,67,MAIA3 1600,MAIA3 2300,1600,2300,Black,MAIA3 2300,MAIA3 1600,2300,1600,1-0,0.0,checkmate,57,29,031487cefeac31201a68b7d346a4615552c82bd293c4ff9c7ccf97a18a93789f,maia-relative-strength-100.pgn,maia3-1600__vs__maia3-2300.pgn
maia3-1600__vs__maia3-2300,135,68,MAIA3 1600,MAIA3 2300,1600,2300,White,MAIA3 1600,MAIA3 2300,1600,2300,1-0,1.0,checkmate,185,93,031487cefeac31201a68b7d346a4615552c82bd293c4ff9c7ccf97a18a93789f,maia-relative-strength-100.pgn,maia3-1600__vs__maia3-2300.pgn
maia3-1600__vs__maia3-2300,136,68,MAIA3 1600,MAIA3 2300,1600,2300,Black,MAIA3 2300,MAIA3 1600,2300,1600,0-1,1.0,checkmate,114,57,031487cefeac31201a68b7d346a4615552c82bd293c4ff9c7ccf97a18a93789f,maia-relative-strength-100.pgn,maia3-1600__vs__maia3-2300.pgn
maia3-1600__vs__maia3-2300,137,69,MAIA3 1600,MAIA3 2300,1600,2300,White,MAIA3 1600,MAIA3 2300,1600,2300,0-1,0.0,checkmate,102,51,031487cefeac31201a68b7d346a4615552c82bd293c4ff9c7ccf97a18a93789f,maia-relative-strength-100.pgn,maia3-1600__vs__maia3-2300.pgn
maia3-1600__vs__maia3-2300,138,69,MAIA3 1600,MAIA3 2300,1600,2300,Black,MAIA3 2300,MAIA3 1600,2300,1600,1-0,0.0,checkmate,111,56,031487cefeac31201a68b7d346a4615552c82bd293c4ff9c7ccf97a18a93789f,maia-relative-strength-100.pgn,maia3-1600__vs__maia3-2300.pgn
maia3-1600__vs__maia3-2300,139,70,MAIA3 1600,MAIA3 2300,1600,2300,White,MAIA3 1600,MAIA3 2300,1600,2300,0-1,0.0,checkmate,58,29,031487cefeac31201a68b7d346a4615552c82bd293c4ff9c7ccf97a18a93789f,maia-relative-strength-100.pgn,maia3-1600__vs__maia3-2300.pgn
maia3-1600__vs__maia3-2300,140,70,MAIA3 1600,MAIA3 2300,1600,2300,Black,MAIA3 2300,MAIA3 1600,2300,1600,1-0,0.0,checkmate,73,37,031487cefeac31201a68b7d346a4615552c82bd293c4ff9c7ccf97a18a93789f,maia-relative-strength-100.pgn,maia3-1600__vs__maia3-2300.pgn
maia3-1600__vs__maia3-2300,141,71,MAIA3 1600,MAIA3 2300,1600,2300,White,MAIA3 1600,MAIA3 2300,1600,2300,0-1,0.0,checkmate,148,74,031487cefeac31201a68b7d346a4615552c82bd293c4ff9c7ccf97a18a93789f,maia-relative-strength-100.pgn,maia3-1600__vs__maia3-2300.pgn
maia3-1600__vs__maia3-2300,142,71,MAIA3 1600,MAIA3 2300,1600,2300,Black,MAIA3 2300,MAIA3 1600,2300,1600,1-0,0.0,checkmate,107,54,031487cefeac31201a68b7d346a4615552c82bd293c4ff9c7ccf97a18a93789f,maia-relative-strength-100.pgn,maia3-1600__vs__maia3-2300.pgn
maia3-1600__vs__maia3-2300,143,72,MAIA3 1600,MAIA3 2300,1600,2300,White,MAIA3 1600,MAIA3 2300,1600,2300,0-1,0.0,checkmate,70,35,031487cefeac31201a68b7d346a4615552c82bd293c4ff9c7ccf97a18a93789f,maia-relative-strength-100.pgn,maia3-1600__vs__maia3-2300.pgn
maia3-1600__vs__maia3-2300,144,72,MAIA3 1600,MAIA3 2300,1600,2300,Black,MAIA3 2300,MAIA3 1600,2300,1600,1-0,0.0,checkmate,59,30,031487cefeac31201a68b7d346a4615552c82bd293c4ff9c7ccf97a18a93789f,maia-relative-strength-100.pgn,maia3-1600__vs__maia3-2300.pgn
maia3-1600__vs__maia3-2300,145,73,MAIA3 1600,MAIA3 2300,1600,2300,White,MAIA3 1600,MAIA3 2300,1600,2300,0-1,0.0,checkmate,136,68,031487cefeac31201a68b7d346a4615552c82bd293c4ff9c7ccf97a18a93789f,maia-relative-strength-100.pgn,maia3-1600__vs__maia3-2300.pgn
maia3-1600__vs__maia3-2300,146,73,MAIA3 1600,MAIA3 2300,1600,2300,Black,MAIA3 2300,MAIA3 1600,2300,1600,1/2-1/2,0.5,threefold repetition,99,50,031487cefeac31201a68b7d346a4615552c82bd293c4ff9c7ccf97a18a93789f,maia-relative-strength-100.pgn,maia3-1600__vs__maia3-2300.pgn
maia3-1600__vs__maia3-2300,147,74,MAIA3 1600,MAIA3 2300,1600,2300,White,MAIA3 1600,MAIA3 2300,1600,2300,0-1,0.0,checkmate,60,30,031487cefeac31201a68b7d346a4615552c82bd293c4ff9c7ccf97a18a93789f,maia-relative-strength-100.pgn,maia3-1600__vs__maia3-2300.pgn
maia3-1600__vs__maia3-2300,148,74,MAIA3 1600,MAIA3 2300,1600,2300,Black,MAIA3 2300,MAIA3 1600,2300,1600,1-0,0.0,checkmate,55,28,031487cefeac31201a68b7d346a4615552c82bd293c4ff9c7ccf97a18a93789f,maia-relative-strength-100.pgn,maia3-1600__vs__maia3-2300.pgn
maia3-1600__vs__maia3-2300,149,75,MAIA3 1600,MAIA3 2300,1600,2300,White,MAIA3 1600,MAIA3 2300,1600,2300,0-1,0.0,checkmate,102,51,031487cefeac31201a68b7d346a4615552c82bd293c4ff9c7ccf97a18a93789f,maia-relative-strength-100.pgn,maia3-1600__vs__maia3-2300.pgn
maia3-1600__vs__maia3-2300,150,75,MAIA3 1600,MAIA3 2300,1600,2300,Black,MAIA3 2300,MAIA3 1600,2300,1600,1-0,0.0,checkmate,95,48,031487cefeac31201a68b7d346a4615552c82bd293c4ff9c7ccf97a18a93789f,maia-relative-strength-100.pgn,maia3-1600__vs__maia3-2300.pgn
maia3-1600__vs__maia3-2300,151,76,MAIA3 1600,MAIA3 2300,1600,2300,White,MAIA3 1600,MAIA3 2300,1600,2300,0-1,0.0,checkmate,110,55,031487cefeac31201a68b7d346a4615552c82bd293c4ff9c7ccf97a18a93789f,maia-relative-strength-100.pgn,maia3-1600__vs__maia3-2300.pgn
maia3-1600__vs__maia3-2300,152,76,MAIA3 1600,MAIA3 2300,1600,2300,Black,MAIA3 2300,MAIA3 1600,2300,1600,1-0,0.0,checkmate,107,54,031487cefeac31201a68b7d346a4615552c82bd293c4ff9c7ccf97a18a93789f,maia-relative-strength-100.pgn,maia3-1600__vs__maia3-2300.pgn
maia3-1600__vs__maia3-2300,153,77,MAIA3 1600,MAIA3 2300,1600,2300,White,MAIA3 1600,MAIA3 2300,1600,2300,0-1,0.0,checkmate,76,38,031487cefeac31201a68b7d346a4615552c82bd293c4ff9c7ccf97a18a93789f,maia-relative-strength-100.pgn,maia3-1600__vs__maia3-2300.pgn
maia3-1600__vs__maia3-2300,154,77,MAIA3 1600,MAIA3 2300,1600,2300,Black,MAIA3 2300,MAIA3 1600,2300,1600,1-0,0.0,checkmate,153,77,031487cefeac31201a68b7d346a4615552c82bd293c4ff9c7ccf97a18a93789f,maia-relative-strength-100.pgn,maia3-1600__vs__maia3-2300.pgn
maia3-1600__vs__maia3-2300,155,78,MAIA3 1600,MAIA3 2300,1600,2300,White,MAIA3 1600,MAIA3 2300,1600,2300,1/2-1/2,0.5,threefold repetition,58,29,031487cefeac31201a68b7d346a4615552c82bd293c4ff9c7ccf97a18a93789f,maia-relative-strength-100.pgn,maia3-1600__vs__maia3-2300.pgn
maia3-1600__vs__maia3-2300,156,78,MAIA3 1600,MAIA3 2300,1600,2300,Black,MAIA3 2300,MAIA3 1600,2300,1600,1/2-1/2,0.5,threefold repetition,60,30,031487cefeac31201a68b7d346a4615552c82bd293c4ff9c7ccf97a18a93789f,maia-relative-strength-100.pgn,maia3-1600__vs__maia3-2300.pgn
maia3-1600__vs__maia3-2300,157,79,MAIA3 1600,MAIA3 2300,1600,2300,White,MAIA3 1600,MAIA3 2300,1600,2300,1-0,1.0,checkmate,149,75,031487cefeac31201a68b7d346a4615552c82bd293c4ff9c7ccf97a18a93789f,maia-relative-strength-100.pgn,maia3-1600__vs__maia3-2300.pgn
maia3-1600__vs__maia3-2300,158,79,MAIA3 1600,MAIA3 2300,1600,2300,Black,MAIA3 2300,MAIA3 1600,2300,1600,1-0,0.0,checkmate,115,58,031487cefeac31201a68b7d346a4615552c82bd293c4ff9c7ccf97a18a93789f,maia-relative-strength-100.pgn,maia3-1600__vs__maia3-2300.pgn
maia3-1600__vs__maia3-2300,159,80,MAIA3 1600,MAIA3 2300,1600,2300,White,MAIA3 1600,MAIA3 2300,1600,2300,0-1,0.0,checkmate,58,29,031487cefeac31201a68b7d346a4615552c82bd293c4ff9c7ccf97a18a93789f,maia-relative-strength-100.pgn,maia3-1600__vs__maia3-2300.pgn
maia3-1600__vs__maia3-2300,160,80,MAIA3 1600,MAIA3 2300,1600,2300,Black,MAIA3 2300,MAIA3 1600,2300,1600,1-0,0.0,checkmate,129,65,031487cefeac31201a68b7d346a4615552c82bd293c4ff9c7ccf97a18a93789f,maia-relative-strength-100.pgn,maia3-1600__vs__maia3-2300.pgn
maia3-1600__vs__maia3-2300,161,81,MAIA3 1600,MAIA3 2300,1600,2300,White,MAIA3 1600,MAIA3 2300,1600,2300,0-1,0.0,checkmate,150,75,031487cefeac31201a68b7d346a4615552c82bd293c4ff9c7ccf97a18a93789f,maia-relative-strength-100.pgn,maia3-1600__vs__maia3-2300.pgn
maia3-1600__vs__maia3-2300,162,81,MAIA3 1600,MAIA3 2300,1600,2300,Black,MAIA3 2300,MAIA3 1600,2300,1600,1/2-1/2,0.5,threefold repetition,75,38,031487cefeac31201a68b7d346a4615552c82bd293c4ff9c7ccf97a18a93789f,maia-relative-strength-100.pgn,maia3-1600__vs__maia3-2300.pgn
maia3-1600__vs__maia3-2300,163,82,MAIA3 1600,MAIA3 2300,1600,2300,White,MAIA3 1600,MAIA3 2300,1600,2300,0-1,0.0,checkmate,90,45,031487cefeac31201a68b7d346a4615552c82bd293c4ff9c7ccf97a18a93789f,maia-relative-strength-100.pgn,maia3-1600__vs__maia3-2300.pgn
maia3-1600__vs__maia3-2300,164,82,MAIA3 1600,MAIA3 2300,1600,2300,Black,MAIA3 2300,MAIA3 1600,2300,1600,1-0,0.0,checkmate,129,65,031487cefeac31201a68b7d346a4615552c82bd293c4ff9c7ccf97a18a93789f,maia-relative-strength-100.pgn,maia3-1600__vs__maia3-2300.pgn
maia3-1600__vs__maia3-2300,165,83,MAIA3 1600,MAIA3 2300,1600,2300,White,MAIA3 1600,MAIA3 2300,1600,2300,0-1,0.0,checkmate,148,74,031487cefeac31201a68b7d346a4615552c82bd293c4ff9c7ccf97a18a93789f,maia-relative-strength-100.pgn,maia3-1600__vs__maia3-2300.pgn
maia3-1600__vs__maia3-2300,166,83,MAIA3 1600,MAIA3 2300,1600,2300,Black,MAIA3 2300,MAIA3 1600,2300,1600,1-0,0.0,checkmate,55,28,031487cefeac31201a68b7d346a4615552c82bd293c4ff9c7ccf97a18a93789f,maia-relative-strength-100.pgn,maia3-1600__vs__maia3-2300.pgn
maia3-1600__vs__maia3-2300,167,84,MAIA3 1600,MAIA3 2300,1600,2300,White,MAIA3 1600,MAIA3 2300,1600,2300,0-1,0.0,checkmate,88,44,031487cefeac31201a68b7d346a4615552c82bd293c4ff9c7ccf97a18a93789f,maia-relative-strength-100.pgn,maia3-1600__vs__maia3-2300.pgn
maia3-1600__vs__maia3-2300,168,84,MAIA3 1600,MAIA3 2300,1600,2300,Black,MAIA3 2300,MAIA3 1600,2300,1600,1-0,0.0,checkmate,59,30,031487cefeac31201a68b7d346a4615552c82bd293c4ff9c7ccf97a18a93789f,maia-relative-strength-100.pgn,maia3-1600__vs__maia3-2300.pgn
maia3-1600__vs__maia3-2300,169,85,MAIA3 1600,MAIA3 2300,1600,2300,White,MAIA3 1600,MAIA3 2300,1600,2300,0-1,0.0,checkmate,78,39,031487cefeac31201a68b7d346a4615552c82bd293c4ff9c7ccf97a18a93789f,maia-relative-strength-100.pgn,maia3-1600__vs__maia3-2300.pgn
maia3-1600__vs__maia3-2300,170,85,MAIA3 1600,MAIA3 2300,1600,2300,Black,MAIA3 2300,MAIA3 1600,2300,1600,1-0,0.0,checkmate,57,29,031487cefeac31201a68b7d346a4615552c82bd293c4ff9c7ccf97a18a93789f,maia-relative-strength-100.pgn,maia3-1600__vs__maia3-2300.pgn
maia3-1600__vs__maia3-2300,171,86,MAIA3 1600,MAIA3 2300,1600,2300,White,MAIA3 1600,MAIA3 2300,1600,2300,1-0,1.0,checkmate,71,36,031487cefeac31201a68b7d346a4615552c82bd293c4ff9c7ccf97a18a93789f,maia-relative-strength-100.pgn,maia3-1600__vs__maia3-2300.pgn
maia3-1600__vs__maia3-2300,172,86,MAIA3 1600,MAIA3 2300,1600,2300,Black,MAIA3 2300,MAIA3 1600,2300,1600,1-0,0.0,checkmate,33,17,031487cefeac31201a68b7d346a4615552c82bd293c4ff9c7ccf97a18a93789f,maia-relative-strength-100.pgn,maia3-1600__vs__maia3-2300.pgn
maia3-1600__vs__maia3-2300,173,87,MAIA3 1600,MAIA3 2300,1600,2300,White,MAIA3 1600,MAIA3 2300,1600,2300,0-1,0.0,checkmate,66,33,031487cefeac31201a68b7d346a4615552c82bd293c4ff9c7ccf97a18a93789f,maia-relative-strength-100.pgn,maia3-1600__vs__maia3-2300.pgn
maia3-1600__vs__maia3-2300,174,87,MAIA3 1600,MAIA3 2300,1600,2300,Black,MAIA3 2300,MAIA3 1600,2300,1600,1/2-1/2,0.5,stalemate,148,74,031487cefeac31201a68b7d346a4615552c82bd293c4ff9c7ccf97a18a93789f,maia-relative-strength-100.pgn,maia3-1600__vs__maia3-2300.pgn
maia3-1600__vs__maia3-2300,175,88,MAIA3 1600,MAIA3 2300,1600,2300,White,MAIA3 1600,MAIA3 2300,1600,2300,0-1,0.0,checkmate,68,34,031487cefeac31201a68b7d346a4615552c82bd293c4ff9c7ccf97a18a93789f,maia-relative-strength-100.pgn,maia3-1600__vs__maia3-2300.pgn
maia3-1600__vs__maia3-2300,176,88,MAIA3 1600,MAIA3 2300,1600,2300,Black,MAIA3 2300,MAIA3 1600,2300,1600,1-0,0.0,checkmate,77,39,031487cefeac31201a68b7d346a4615552c82bd293c4ff9c7ccf97a18a93789f,maia-relative-strength-100.pgn,maia3-1600__vs__maia3-2300.pgn
maia3-1600__vs__maia3-2300,177,89,MAIA3 1600,MAIA3 2300,1600,2300,White,MAIA3 1600,MAIA3 2300,1600,2300,0-1,0.0,checkmate,92,46,031487cefeac31201a68b7d346a4615552c82bd293c4ff9c7ccf97a18a93789f,maia-relative-strength-100.pgn,maia3-1600__vs__maia3-2300.pgn
maia3-1600__vs__maia3-2300,178,89,MAIA3 1600,MAIA3 2300,1600,2300,Black,MAIA3 2300,MAIA3 1600,2300,1600,1-0,0.0,checkmate,109,55,031487cefeac31201a68b7d346a4615552c82bd293c4ff9c7ccf97a18a93789f,maia-relative-strength-100.pgn,maia3-1600__vs__maia3-2300.pgn
maia3-1600__vs__maia3-2300,179,90,MAIA3 1600,MAIA3 2300,1600,2300,White,MAIA3 1600,MAIA3 2300,1600,2300,0-1,0.0,checkmate,82,41,031487cefeac31201a68b7d346a4615552c82bd293c4ff9c7ccf97a18a93789f,maia-relative-strength-100.pgn,maia3-1600__vs__maia3-2300.pgn
maia3-1600__vs__maia3-2300,180,90,MAIA3 1600,MAIA3 2300,1600,2300,Black,MAIA3 2300,MAIA3 1600,2300,1600,1-0,0.0,checkmate,75,38,031487cefeac31201a68b7d346a4615552c82bd293c4ff9c7ccf97a18a93789f,maia-relative-strength-100.pgn,maia3-1600__vs__maia3-2300.pgn
maia3-1600__vs__maia3-2300,181,91,MAIA3 1600,MAIA3 2300,1600,2300,White,MAIA3 1600,MAIA3 2300,1600,2300,0-1,0.0,checkmate,124,62,031487cefeac31201a68b7d346a4615552c82bd293c4ff9c7ccf97a18a93789f,maia-relative-strength-100.pgn,maia3-1600__vs__maia3-2300.pgn
maia3-1600__vs__maia3-2300,182,91,MAIA3 1600,MAIA3 2300,1600,2300,Black,MAIA3 2300,MAIA3 1600,2300,1600,1-0,0.0,checkmate,63,32,031487cefeac31201a68b7d346a4615552c82bd293c4ff9c7ccf97a18a93789f,maia-relative-strength-100.pgn,maia3-1600__vs__maia3-2300.pgn
maia3-1600__vs__maia3-2300,183,92,MAIA3 1600,MAIA3 2300,1600,2300,White,MAIA3 1600,MAIA3 2300,1600,2300,1-0,1.0,checkmate,17,9,031487cefeac31201a68b7d346a4615552c82bd293c4ff9c7ccf97a18a93789f,maia-relative-strength-100.pgn,maia3-1600__vs__maia3-2300.pgn
maia3-1600__vs__maia3-2300,184,92,MAIA3 1600,MAIA3 2300,1600,2300,Black,MAIA3 2300,MAIA3 1600,2300,1600,1-0,0.0,checkmate,179,90,031487cefeac31201a68b7d346a4615552c82bd293c4ff9c7ccf97a18a93789f,maia-relative-strength-100.pgn,maia3-1600__vs__maia3-2300.pgn
maia3-1600__vs__maia3-2300,185,93,MAIA3 1600,MAIA3 2300,1600,2300,White,MAIA3 1600,MAIA3 2300,1600,2300,0-1,0.0,checkmate,84,42,031487cefeac31201a68b7d346a4615552c82bd293c4ff9c7ccf97a18a93789f,maia-relative-strength-100.pgn,maia3-1600__vs__maia3-2300.pgn
maia3-1600__vs__maia3-2300,186,93,MAIA3 1600,MAIA3 2300,1600,2300,Black,MAIA3 2300,MAIA3 1600,2300,1600,1-0,0.0,checkmate,67,34,031487cefeac31201a68b7d346a4615552c82bd293c4ff9c7ccf97a18a93789f,maia-relative-strength-100.pgn,maia3-1600__vs__maia3-2300.pgn
maia3-1600__vs__maia3-2300,187,94,MAIA3 1600,MAIA3 2300,1600,2300,White,MAIA3 1600,MAIA3 2300,1600,2300,0-1,0.0,checkmate,72,36,031487cefeac31201a68b7d346a4615552c82bd293c4ff9c7ccf97a18a93789f,maia-relative-strength-100.pgn,maia3-1600__vs__maia3-2300.pgn
maia3-1600__vs__maia3-2300,188,94,MAIA3 1600,MAIA3 2300,1600,2300,Black,MAIA3 2300,MAIA3 1600,2300,1600,1/2-1/2,0.5,stalemate,123,62,031487cefeac31201a68b7d346a4615552c82bd293c4ff9c7ccf97a18a93789f,maia-relative-strength-100.pgn,maia3-1600__vs__maia3-2300.pgn
maia3-1600__vs__maia3-2300,189,95,MAIA3 1600,MAIA3 2300,1600,2300,White,MAIA3 1600,MAIA3 2300,1600,2300,0-1,0.0,checkmate,32,16,031487cefeac31201a68b7d346a4615552c82bd293c4ff9c7ccf97a18a93789f,maia-relative-strength-100.pgn,maia3-1600__vs__maia3-2300.pgn
maia3-1600__vs__maia3-2300,190,95,MAIA3 1600,MAIA3 2300,1600,2300,Black,MAIA3 2300,MAIA3 1600,2300,1600,0-1,1.0,checkmate,28,14,031487cefeac31201a68b7d346a4615552c82bd293c4ff9c7ccf97a18a93789f,maia-relative-strength-100.pgn,maia3-1600__vs__maia3-2300.pgn
maia3-1600__vs__maia3-2300,191,96,MAIA3 1600,MAIA3 2300,1600,2300,White,MAIA3 1600,MAIA3 2300,1600,2300,0-1,0.0,checkmate,116,58,031487cefeac31201a68b7d346a4615552c82bd293c4ff9c7ccf97a18a93789f,maia-relative-strength-100.pgn,maia3-1600__vs__maia3-2300.pgn
maia3-1600__vs__maia3-2300,192,96,MAIA3 1600,MAIA3 2300,1600,2300,Black,MAIA3 2300,MAIA3 1600,2300,1600,1-0,0.0,checkmate,41,21,031487cefeac31201a68b7d346a4615552c82bd293c4ff9c7ccf97a18a93789f,maia-relative-strength-100.pgn,maia3-1600__vs__maia3-2300.pgn
maia3-1600__vs__maia3-2300,193,97,MAIA3 1600,MAIA3 2300,1600,2300,White,MAIA3 1600,MAIA3 2300,1600,2300,0-1,0.0,checkmate,84,42,031487cefeac31201a68b7d346a4615552c82bd293c4ff9c7ccf97a18a93789f,maia-relative-strength-100.pgn,maia3-1600__vs__maia3-2300.pgn
maia3-1600__vs__maia3-2300,194,97,MAIA3 1600,MAIA3 2300,1600,2300,Black,MAIA3 2300,MAIA3 1600,2300,1600,1-0,0.0,checkmate,71,36,031487cefeac31201a68b7d346a4615552c82bd293c4ff9c7ccf97a18a93789f,maia-relative-strength-100.pgn,maia3-1600__vs__maia3-2300.pgn
maia3-1600__vs__maia3-2300,195,98,MAIA3 1600,MAIA3 2300,1600,2300,White,MAIA3 1600,MAIA3 2300,1600,2300,0-1,0.0,checkmate,86,43,031487cefeac31201a68b7d346a4615552c82bd293c4ff9c7ccf97a18a93789f,maia-relative-strength-100.pgn,maia3-1600__vs__maia3-2300.pgn
maia3-1600__vs__maia3-2300,196,98,MAIA3 1600,MAIA3 2300,1600,2300,Black,MAIA3 2300,MAIA3 1600,2300,1600,0-1,1.0,checkmate,150,75,031487cefeac31201a68b7d346a4615552c82bd293c4ff9c7ccf97a18a93789f,maia-relative-strength-100.pgn,maia3-1600__vs__maia3-2300.pgn
maia3-1600__vs__maia3-2300,197,99,MAIA3 1600,MAIA3 2300,1600,2300,White,MAIA3 1600,MAIA3 2300,1600,2300,0-1,0.0,checkmate,98,49,031487cefeac31201a68b7d346a4615552c82bd293c4ff9c7ccf97a18a93789f,maia-relative-strength-100.pgn,maia3-1600__vs__maia3-2300.pgn
maia3-1600__vs__maia3-2300,198,99,MAIA3 1600,MAIA3 2300,1600,2300,Black,MAIA3 2300,MAIA3 1600,2300,1600,1-0,0.0,checkmate,133,67,031487cefeac31201a68b7d346a4615552c82bd293c4ff9c7ccf97a18a93789f,maia-relative-strength-100.pgn,maia3-1600__vs__maia3-2300.pgn
maia3-1600__vs__maia3-2300,199,100,MAIA3 1600,MAIA3 2300,1600,2300,White,MAIA3 1600,MAIA3 2300,1600,2300,1-0,1.0,checkmate,123,62,031487cefeac31201a68b7d346a4615552c82bd293c4ff9c7ccf97a18a93789f,maia-relative-strength-100.pgn,maia3-1600__vs__maia3-2300.pgn
maia3-1600__vs__maia3-2300,200,100,MAIA3 1600,MAIA3 2300,1600,2300,Black,MAIA3 2300,MAIA3 1600,2300,1600,1-0,0.0,checkmate,77,39,031487cefeac31201a68b7d346a4615552c82bd293c4ff9c7ccf97a18a93789f,maia-relative-strength-100.pgn,maia3-1600__vs__maia3-2300.pgn
